id	title	description	link	image_link	availability	price	brand	gtin	identifier_exists	condition
326	Dulceplus Ananas - 1 kg	L'Ananas de chez Dulceplus est un bonbon à la saveur fruitée d'ananas et a une texture moelleuse.	https://www.mesbonbons.net/fr/shop/dulceplus-ananas---1-kg	https://fladis.azureedge.net/erp/c87814b6-ddc8-4d80-966b-bb677d0845af.jpg	in_stock	6.99 EUR	Dulceplus	8436574492361	yes	new
329	Dulceplus Banane Sucrée - 1 kg	La Banane Sucrée de chez Dulceplus est un bonbon en forme de banane avec un goût fruité imitant la saveur de la banane et a une texture moelleuse.	https://www.mesbonbons.net/fr/shop/dulceplus-banane-sucree---1-kg	https://fladis.azureedge.net/erp/6d43cfa2-d74c-4eb3-a737-ccb6af7dd3b8.jpg	in_stock	6.99 EUR	Dulceplus	8436014444547	yes	new
350	Dulceplus Cerise - 1 kg	La Cerise de chez Dulceplus est un bonbon qui a le goût de la cerise et a une texture moelleuse.	https://www.mesbonbons.net/fr/shop/dulceplus-cerise---1-kg	https://fladis.azureedge.net/erp/6f4bbe86-64a5-4a6e-8238-73cf403d67be.jpg	out_of_stock	6.99 EUR	Dulceplus	8436014445537	yes	new
398	Dulceplus Mini Bâton Multicolore - 1 kg	Le Mini Bâton Multicolore de chez Dulceplus est un bonbon qui a le goût de fruit et a une texture moelleuse.	https://www.mesbonbons.net/fr/shop/dulceplus-mini-bton-multicolore	https://fladis.azureedge.net/erp/9be4d3a0-763a-4c35-810f-774dd4b05dd7.jpg	out_of_stock	6.99 EUR	Dulceplus	8436574490916	yes	new
404	Dulceplus Mini Câble Fraise-Crème - 1 kg	Le Mini Câble Fraise-Crème de chez Dulceplus est un bonbon qui a le goût de fraise et a une texture moelleuse.	https://www.mesbonbons.net/fr/shop/dulceplus-mini-cble-fraise-crme---1-kg	https://fladis.azureedge.net/erp/854b37c1-2169-47d4-a77b-dbea627d6ada.jpg	in_stock	6.99 EUR	Dulceplus	8436014448644	yes	new
406	Dulceplus Mix Fiesta Sucré - 1 kg	Le Mix Fiesta de chez Dulceplus est un mélange de bonbons aux multiples saveurs et a la texture moelleuse. Bisou Sucré, Banane Sucrée, Anneau Fraise, Cœur Pêche, Gomme Parisienne,...sont présents dans ce mélange.	https://www.mesbonbons.net/fr/shop/dulceplus-mix-fiesta-sucr---1-kg	https://fladis.azureedge.net/erp/d75d2236-3260-4a77-a96a-a50a663d8ab9.jpg	in_stock	6.99 EUR	Dulceplus	8436014440082	yes	new
416	Dulceplus Pomme Sucrée - 1 kg	La Pomme Sucrée de chez Dulceplus est un bonbon qui a le goût de pomme avec une touche sucrée et la texture moelleuse.	https://www.mesbonbons.net/fr/shop/dulceplus-pomme-sucree---1-kg	https://fladis.azureedge.net/erp/a4083105-f0ec-474c-b965-fde6c1d8524e.jpg	in_stock	6.99 EUR	Dulceplus	8436014444578	yes	new
436	Frisia Champignon  - 1,25 kg	Le Champignon de chez Frisia est un bonbon fruité et à la texture moelleuse.	https://www.mesbonbons.net/fr/shop/frisia-champignon-fruit---1250-kg	https://fladis.azureedge.net/erp/6009cddc-b902-47cd-88ea-2a73158ea213.jpg	in_stock	9.99 EUR	Frisia	5411011561872	yes	new
438	Frisia Bouteille Cola - 1,5 kg	La Bouteille Cola de chez Frisia est un bonbon au goût de cola avec une texture moelleuse.	https://www.mesbonbons.net/fr/shop/frisia-bouteille-cola---15-kg	https://fladis.azureedge.net/erp/524a3eb7-0e1f-4ddf-94d7-7a96d2e7fe21.jpg	in_stock	10.99 EUR	Frisia	5411011512997	yes	new
441	Frisia Bouteille Bubblegum Citrique - 1,5 kg	La Bouteille Bubblegum Citrique de chez Frisia est un bonbon au goût de bubblegum avec une touche acidulée et une texture moelleuse.	https://www.mesbonbons.net/fr/shop/frisia-bouteille-bubblegum-citrique---15-kg	https://fladis.azureedge.net/erp/960cebc2-14a4-4b2b-81cc-ca120739f944.jpg	in_stock	10.99 EUR	Frisia	5411011561858	yes	new
442	Frisia Briquette Citrique - 1,25 kg	La Briquette Citrique de chez Frisia est un bonbon dur au goût fruité avec une touche acidulée.	https://www.mesbonbons.net/fr/shop/frisia-briquette-citrique---125-kg	https://fladis.azureedge.net/erp/c4d13fe3-3d55-47cd-bbb3-f6203fb38791.jpg	in_stock	9.99 EUR	Frisia	5411011563128	yes	new
444	Frisia Tétine Bleue Citrique - 1,25 kg	La Tétine Bleue Citrique de chez Frisia est un bonbon dur au goût de framboise avec une touche acidulée.	https://www.mesbonbons.net/fr/shop/frisia-ttine-bleue-citrique---125-kg	https://fladis.azureedge.net/erp/cec1ccc7-80e3-490d-b861-6301bd133f56.jpg	in_stock	9.99 EUR	Frisia	5411011563166	yes	new
445	Frisia Stick Citrique - 1,5 kg	Le Stick Citrique de chez Frisia est un bonbon au goût dur fruité avec une touche acidulée.	https://www.mesbonbons.net/fr/shop/frisia-stick-citrique---15-kg	https://fladis.azureedge.net/erp/9b9e0f17-4ae0-4ceb-8ebb-f28b74726711.jpg	in_stock	10.99 EUR	Frisia	5411011563104	yes	new
447	Frisia Mini Langue Citrique - 1,5 kg	La Mini Langue Citrique de chez Frisia est un bonbon dur au goût fruité avec une touche acidulée.	https://www.mesbonbons.net/fr/shop/frisia-mini-langue-citrique---15-kg	https://fladis.azureedge.net/erp/2494b177-1d33-46c3-b9f0-ef2273ad7533.jpg	in_stock	10.99 EUR	Frisia	5411011563111	yes	new
454	Frisia Confetti - 1,5 kg	Goûtez chaque Frisia Confetti les yeux bandés et devinez son goût ! Elles ont toutes une saveur différente ! Vous verrez c'est amusant !	https://www.mesbonbons.net/fr/shop/frisia-confetti---15-kg	https://fladis.azureedge.net/erp/4469bb72-ae81-417c-89cf-70a503aeb2c3.jpg	in_stock	10.99 EUR	Frisia	5411011562459	yes	new
458	Frisia Fraise Sucrée - 1,5 kg	Retrouvez toute la saveur de la célèbre fraise dans une version délicatement sucrée.	https://www.mesbonbons.net/fr/shop/frisia-fraise-sucree-15-kg	https://fladis.azureedge.net/erp/3dbdd8b2-2075-4ef1-9b38-06bb9e17bf47.png	in_stock	10.99 EUR	Frisia	5411011561933	yes	new
459	Frisia Fruit Sans Sucre - 1,5 kg	Par besoin ou par choix vous évitez de manger du sucre ? Ces Frisia Fruit sans sucre en forme et aux goût de fruits sont désormais disponibles en version sans sucre !	https://www.mesbonbons.net/fr/shop/frisia-fruit-sans-sucre---15-kg	https://fladis.azureedge.net/erp/b7f001b0-499e-47e2-abeb-61d71ac7701f.png	in_stock	14.99 EUR	Frisia	5411011562008	yes	new
461	Frisia Hot Lips lèvres - 1,5 kg	Envie d'un peu de tendresse ? Embrassez ce succulant bonbon et ressentez toute la chaleur de son goût fraise.	https://www.mesbonbons.net/fr/shop/frisia-hot-lips-lvres---15-kg	https://fladis.azureedge.net/erp/17b90cae-d954-4314-bbed-361293b27e36.jpg	in_stock	10.99 EUR	Frisia	5411011562978	yes	new
462	Frisia Langue Cola - 1,25 kg	Un bonbon bicolore et acidulé en forme de langue qui libère toute la puissance du cola dans votre bouche pour une sensation extraordinaire !	https://www.mesbonbons.net/fr/shop/frisia-langue-cola---125-kg	https://fladis.azureedge.net/erp/854c09f2-fbbe-4962-b860-5fbf03fccbf8.jpg	in_stock	9.99 EUR	Frisia	5411011563357	yes	new
466	Frisia Langue Fruits - 1,25 kg	Un bonbon bicolore et acidulé en forme de langue qui libère toute la puissance des fruits dans votre bouche pour une sensation extraordinaire !	https://www.mesbonbons.net/fr/shop/frisia-langue-fruits---125-kg	https://fladis.azureedge.net/erp/bd84d070-f823-48a1-9449-0c1167fb3691.jpg	in_stock	9.99 EUR	Frisia	5411011563098	yes	new
469	Frisia Monstre - 1,25 kg	Ces Monstres de chez Frisia ont un délicieux goût de fruit !	https://www.mesbonbons.net/fr/shop/frisia-monstre---1250-kg	https://fladis.azureedge.net/erp/71ce2fc6-189b-4786-823e-fbb64e2e99be.jpg	in_stock	9.99 EUR	Frisia	5411011513550	yes	new
471	Frisia Ourson Sans Sucre - 1,5 kg	Par besoin ou par choix vous évitez de manger du sucre ? Les célèbres Frisia en forme d'ourson sont désormais disponibles en version sans sucre !	https://www.mesbonbons.net/fr/shop/frisia-ourson-sans-sucre-15-kg	https://fladis.azureedge.net/erp/b234877a-d563-4676-990f-52a5ac4e9ffc.jpg	in_stock	15.49 EUR	Frisia	5411011562251	yes	new
473	Frisia Pinceaux - 1,5 kg	En mangeant ce bonbon en forme de pinceau, c'est toute votre bouche qui deviendra bleue !	https://www.mesbonbons.net/fr/shop/frisia-pinceaux---150-kg	https://fladis.azureedge.net/erp/ec67eb59-16f3-44ac-b0a2-906c0df1385c.jpg	in_stock	10.99 EUR	Frisia	5411011513284	yes	new
474	Frisia Rocket Balls Fraise - 200 pièces	Des bonbons délicieux, dur et acidulés au goût de fraise.	https://www.mesbonbons.net/fr/shop/frisia-rocket-balls-fraise---200-picess	https://fladis.azureedge.net/erp/6d0e642b-70d3-4d09-8e50-e3b60f475b0d.png	in_stock	14.49 EUR	Frisia	8714189100032	yes	new
477	Frisia Rocket Balls Mûre - 200 pièces	Des bonbons délicieux, dur et acidulés au goût de mûre.	https://www.mesbonbons.net/fr/shop/frisia-rocket-balls-mre---200-pices	https://fladis.azureedge.net/erp/29c4f744-2bb4-48ea-82ae-b3505710b0a8.png	in_stock	14.49 EUR	Frisia	8714189100025	yes	new
479	Frisia Rocket Balls Pastèque - 200 pièces	Des bonbons délicieux, dur et acidulés au goût de pastèque.	https://www.mesbonbons.net/fr/shop/frisia-rocket-balls-pastque---200-pices	https://fladis.azureedge.net/erp/e071afdf-57f8-4aab-abf4-bc0e5d57109f.png	in_stock	14.49 EUR	Frisia	8714189100049	yes	new
480	Frisia Rocket Balls Pomme - 200 pièces	Des bonbons délicieux, dur et acidulées au goût de pomme.	https://www.mesbonbons.net/fr/shop/frisia-rocket-balls-pomme---200-pices	https://fladis.azureedge.net/erp/e644b221-34b8-4db6-9b31-4a9b230d79a1.png	in_stock	14.49 EUR	Frisia	8714189100018	yes	new
482	Frisia Serpent - 1,5 kg	Laissez ces petits serpents se faufiler dans votre bouche … et surtout dégustez-les !	https://www.mesbonbons.net/fr/shop/frisia-serpent---15-kg	https://fladis.azureedge.net/erp/1aa7587d-ead2-4306-8041-ab498908fa92.jpg	in_stock	10.99 EUR	Frisia	5411011513161	yes	new
488	Frisia Souris - 1,5 kg	Des souris se sont échapées, attrapez-les vite ! Pour la dégustation c'est vous qui choisissez, par la queue ou par la tête ?	https://www.mesbonbons.net/fr/shop/frisia-souris---15-kg	https://fladis.azureedge.net/erp/28f415d3-8927-4b68-9db6-469a82c649f2.jpg	in_stock	10.99 EUR	Frisia	5411011513178	yes	new
489	Frisia Tortue - 1,5 kg	Comme une tortue, ne vous précipitez pas pour déguster votre bonbon… Profitez de son savoureux goût fruité !	https://www.mesbonbons.net/fr/shop/frisia-tortue---15-kg	https://fladis.azureedge.net/erp/9f9ab72c-31ac-4b64-81e1-93a408199d62.jpg	in_stock	10.99 EUR	Frisia	5411011513086	yes	new
491	Frisia Winegum - 1,5 kg	Les Frisia Winegum sont des bonbons d'origine anglaise gélifiés mous et colorés qui se déclinent en diverses formes. Il ne contient PAS d'alcool.	https://www.mesbonbons.net/fr/shop/frisia-winegum---15-kg	https://fladis.azureedge.net/erp/2635d323-55d0-465b-91c0-796cd3219c7b.jpg	in_stock	10.99 EUR	Frisia	5411011562916	yes	new
501	Frisia Orque - 1,5 kg	Soyez le prédateur ! Mangez vite cet orque avant qu'il ne vous croque et plongez dans un délicieux océan bleu !	https://www.mesbonbons.net/fr/shop/frisia-orque---15-kg	https://fladis.azureedge.net/erp/fbb52e39-f665-4fc9-bd9d-a9d5e89e137a.jpg	in_stock	10.99 EUR	Frisia	5411011562824	yes	new
508	Frisia Cerise Citrique - 1,5 kg	Bonbons gélifiés acidulés saveur cerise.	https://www.mesbonbons.net/fr/shop/frisia-cerise-citrique---15-kg	https://fladis.azureedge.net/erp/b2868916-c68e-49db-8acb-b66e09753488.jpg	in_stock	10.99 EUR	Frisia	5411011561964	yes	new
517	Arizona Green Tea Pomegranate - 500 ml	Enrichi en extrait de ginseng et en miel, ce thé glacé légèrement doux est non seulement sain, mais aussi incroyablement rafraîchissant.	https://www.mesbonbons.net/fr/shop/arizona-green-tea-pomegranate---500-ml	https://fladis.azureedge.net/erp/6f940eb8-4370-4cb1-93fe-39292f3c77a4.jpg	in_stock	3.00 EUR	AriZona	613008730758	yes	new
532	Haribo Ourson d'Or - 1 kg	L'Ourson d'or est un classique indémodable d'Haribo qui rappelle de bons souvenirs à beaucoup de monde ! Avec sa jolie petite forme et ses multiples couleurs, il fera plus d'un heureux !	https://www.mesbonbons.net/fr/shop/haribo-ourson-dor---1-kg	https://fladis.azureedge.net/erp/c17446c6-3f58-4159-979b-04870e5cec50.png	in_stock	8.99 EUR	Haribo	9002975301787	yes	new
536	Haribo Pico Balla - 1 kg	Les Haribo Pico Balla sont de drôles de petits bonbons colorés au bon goût fruité ! Vous verrez, c'est addictif, on en goûte un et on ne s'arrête plus !	https://www.mesbonbons.net/fr/shop/haribo-pico-balla---1-kg	https://fladis.azureedge.net/erp/8ced9d38-16cf-4025-9563-88f07ab1a397.png	in_stock	8.99 EUR	Haribo	8426617114947	yes	new
537	Haribo Happy Cola Mini - 1 kg	Faut-il encore présenter ce célèbre bonbon gélifié au délicieux goût cola de la marque Haribo ?	https://www.mesbonbons.net/fr/shop/haribo-happy-cola-mini---1-kg	https://fladis.azureedge.net/erp/c216ab95-a55c-42b9-965f-152664483811.png	in_stock	8.99 EUR	Haribo	9002975323680	yes	new
538	Haribo Happy Cola Grand - 1 kg	La célèbre bouteille cola dans une version plus grande pour encore plus de saveur !	https://www.mesbonbons.net/fr/shop/haribo-happy-cola-grand---1-kg	https://fladis.azureedge.net/erp/507df21c-a9ec-46a9-8e9f-23fec079a1eb.jpg	in_stock	8.99 EUR	Haribo	5996379315140	yes	new
554	Vidal Anacondas - 1 kg	Les serpents anacondas sont des bonbons mous au délicieux arôme fruité, originaux et terrifiants pour Halloween. Un petit plaisir sucré qui donnera des frissons aux petits démons qui viendront sonner à votre porte !	https://www.mesbonbons.net/fr/shop/vidal-anacondas---1-kg	https://fladis.azureedge.net/erp/e303f66f-cb2f-45fb-a30a-2b5848d38c54.jpg	in_stock	8.99 EUR	Vidal	8413178206822	yes	new
556	Haribo Vers Luisant - 1 kg	Mettez plein de vers luisants Haribo dans votre bouche et mâchez bien pour faire ressortir toute leur succulente saveur fruitée !	https://www.mesbonbons.net/fr/shop/haribo-vers-luisants---1-kg	https://fladis.azureedge.net/erp/377f1430-f945-4926-b0b1-4c588b1b18b9.png	in_stock	8.99 EUR	Haribo	8426617059170	yes	new
558	Haribo Balla Balla Red - 1 kg	Goûtez le célèbre Fresca Balla. Un délicieux goût de fraise, un cœur crémeux et un extérieur tout doux pour un équilibre parfait !	https://www.mesbonbons.net/fr/shop/haribo-balla-balla-red---1-kg	https://fladis.azureedge.net/erp/a6194d93-e22d-46c5-92cc-3e62935bdb84.png	in_stock	8.99 EUR	Haribo	8426617059156	yes	new
559	Haribo Croco - 1 kg	Dépassez votre peur des crocodiles en goûtant les Haribo croco ! Vous allez voir, vous allez finir par les adorer !	https://www.mesbonbons.net/fr/shop/haribo-croco	https://fladis.azureedge.net/erp/dc053336-8561-44e6-a5b9-970c4338bcc2.jpg	in_stock	8.99 EUR	Haribo	8426617159283	yes	new
560	Vidal Cerveau - 1 kg	Bonbons fourrés à la gelée aromatisée aux fruits en forme de cerveau.	https://www.mesbonbons.net/fr/shop/vidal-cerveau---1-kg	https://fladis.azureedge.net/erp/a6f9d5c5-4c52-43ce-8b9b-a961668deed8.jpg	in_stock	8.99 EUR	Vidal	8413178307567	yes	new
562	Vidal Citrouille - 1 kg	Bonbon gélifié lisse en forme de citrouille d'Halloween plate. Ce bonbon citrouille est un must pour réussir vos soirées.	https://www.mesbonbons.net/fr/shop/vidal-citrouille---1-kg	https://fladis.azureedge.net/erp/4a623974-35c6-43dd-abad-4caa64aa0408.jpg	in_stock	8.99 EUR	Vidal	8413178244343	yes	new
563	Vidal Crâne mauve - 1 kg	Une sensation mortelle pour Halloween avec les crânes Vidal ! Bonbon gélifié sans gluten fourré à la fraise.	https://www.mesbonbons.net/fr/shop/vidal-crne-mauve---1-kg	https://fladis.azureedge.net/erp/6157bc60-eb1d-4824-aef8-d04ecf9b14e4.jpg	in_stock	8.99 EUR	Vidal	8413178318457	yes	new
567	Vidal Jelly Creepy 11 x 6 pièces	Plongez-vous en pleine jungle et goûtez-les Vidal Jelly creepy, bonbons en forme d'insectes à sortir de leur moule.	https://www.mesbonbons.net/fr/shop/vidal-jelly-creepy-11-x-6-pices	https://fladis.azureedge.net/erp/a8a8fc75-ffa6-4730-b6eb-8842dfca4d47.jpg	in_stock	19.99 EUR	Vidal	8413178244312	yes	new
568	Haribo Rotella Fruit - 1 kg	Savourez chaque centimètre de ces lacets colorés aux goûts de fruits et enroulés sur eux-mêmes !	https://www.mesbonbons.net/fr/shop/haribo-rotella-fruit---1-kg	https://fladis.azureedge.net/erp/a95c1146-ce07-4da6-90f4-03df407588b0.png	in_stock	8.99 EUR	Haribo	4001686363003	yes	new
569	Vidal Jelly Dino 11 x 6 pièces	Plongez vous dans la période des dinosaures et goûtez les Vidal Jelly Dinos, bonbons gélifiés en forme de dinosaures à sortir de leur moule.	https://www.mesbonbons.net/fr/shop/vidal-jelly-dino-11-x-6-pices	https://fladis.azureedge.net/erp/bfa2be13-3c2a-4254-a897-290fba82b2ce.jpg	in_stock	19.99 EUR	Vidal	8413178321020	yes	new
571	Vidal Jelly Ocean - 11 x 6 pièces	Plongez au fond de l'océan et goûtez les Vidal Jelly Ocean, bonbons gélifiés en forme d'animaux marins à sortir de leur moule.	https://www.mesbonbons.net/fr/shop/vidal-jelly-ocean---11-x-6-pices	https://fladis.azureedge.net/erp/e00e569c-a293-48ce-8469-bb8963319619.jpg	in_stock	19.99 EUR	Vidal	8413178265188	yes	new
572	Haribo Grenouille - 1 kg	Les bonbons Haribo Grenouille sont des bonbons qui en quelques bonds se retrouveront dans votre bouche. Goûtez à sa délicieuse saveur de fruits.	https://www.mesbonbons.net/fr/shop/haribo-grenouille---1-kg	https://fladis.azureedge.net/erp/df345339-772f-4987-8474-a05a9deb1588.png	in_stock	8.99 EUR	Haribo	5996379472102	yes	new
573	Vidal Licorne - 1 kg	Faites plaisir à vos enfants et plongez-vous dans l'univers imaginaire des licornes où tous les bonbons ont une jolie forme de licorne !	https://www.mesbonbons.net/fr/shop/vidal-licorne---1-kg	https://fladis.azureedge.net/erp/ec179d45-feaf-47fe-8e64-e30403897a18.jpg	in_stock	8.99 EUR	Vidal	8413178322249	yes	new
574	Haribo Cerise Double - 1 kg	Accordez-vous une petite gourmandise et goûtez à la célèbre cerise double de Haribo !	https://www.mesbonbons.net/fr/shop/haribo-cerise-double---1-kg	https://fladis.azureedge.net/erp/bd4158ec-f906-40ee-9c23-b58e7a4d1c4f.png	in_stock	8.99 EUR	Haribo	5996379309682	yes	new
575	Vidal Os - 1 kg	Gelées en forme d'os avec une texture de gelée douce et pleine de saveur de fraise.	https://www.mesbonbons.net/fr/shop/vidal-os---1-kg	https://fladis.azureedge.net/erp/427743a6-7add-46c0-af62-450ff2e473c0.jpg	in_stock	8.99 EUR	Vidal	8413178143882	yes	new
576	Haribo Maoam Kracher Fruit - 1 kg	Les Haribo Kracher Fruit sont des délicieux bonbons dragéifiés et fruités. Leurs jolies couleurs pastel et leur cœur tendre vous feront succomber !	https://www.mesbonbons.net/fr/shop/haribo-maoam-kracher-fruit---1-kg	https://fladis.azureedge.net/erp/36aa8e4f-81c7-4c13-9c9d-56a88ca9b8d4.png	out_of_stock	8.99 EUR	Haribo	4001686575192	yes	new
577	Vidal Pirate - 250 pièces - 1,5 kg	Les crânes de pirates Vidal sont des bonbons mous au délicieux arôme fruité , originaux et terrifiants pour Halloween. Un petit plaisir sucré qui donnera des frissons aux petits démons qui viendront sonner à votre porte !	https://www.mesbonbons.net/fr/shop/vidal-pirate---250-pices---15-kg	https://fladis.azureedge.net/erp/967885f7-8203-40ec-b8a0-c33c4b0f5ee3.jpg	in_stock	12.99 EUR	Vidal	8413178283762	yes	new
584	Vidal Yeux - 1 kg	Confiseries gélifiées en forme d'œil, disponibles dans différentes couleurs vives et avec un extérieur croquant de sucre granulé. Ils renferment un gel sucré et aromatisé à l'intérieur, offrant une saveur fruitée.	https://www.mesbonbons.net/fr/shop/vidal-yeux---1-kg	https://fladis.azureedge.net/erp/5b1d2826-1a20-458a-af44-9cc00ec17c1d.jpg	in_stock	8.99 EUR	Vidal	8413178333887	yes	new
596	Verquin Souris Caramel - 2 kg	La souris de Verquin est une souris au chocolat au lait et fourrée avec du caramel.	https://www.mesbonbons.net/fr/shop/verquin-souris-caramel---2-kg	https://fladis.azureedge.net/erp/b460f92e-49ab-441e-9a70-a8de947122aa.jpg	in_stock	38.99 EUR	Verquin	3517460421162	yes	new
600	Frisia UFO Tubo - 125 g	Goûtez ces délicieuses hosties renfermant de la poudre citrique. Idéales pour les naissances, baptêmes, communions,…	https://www.mesbonbons.net/fr/shop/frisia-ufo-tubo---125-g	https://fladis.azureedge.net/erp/6713bb38-f22d-4128-a7ea-4df26ea44a7f.png	in_stock	3.99 EUR	Frisia	5411011080298	yes	new
601	Twix shake - 350 ml	Régalez-vous avec le Twix Shake, une boisson au lait aromatisée au chocolat et au caramel !	https://www.mesbonbons.net/fr/shop/twix-shake---350-ml	https://fladis.azureedge.net/erp/edbdefe9-9cc9-428f-a4ef-3a9bf034b7bf.jpg	in_stock	2.50 EUR	Twix	5060402902130	yes	new
606	Twist and Drink Framboise - 200 ml	La boisson Twist and Drink au goût framboise est une boisson rafraîchissante composée à 85% d'eau de source de montagne. Avec sa bouteille ludique et colorée, cette boisson fera le bonheur de tous les enfants.	https://www.mesbonbons.net/fr/shop/twist-and-drink-framboise---20-cl	https://fladis.azureedge.net/erp/060286bb-a035-4c99-b113-018c1b23cbfb.png	in_stock	1.49 EUR	Twist and Drink	9015340104036	yes	new
607	Twist and Drink Fruits des Bois - 200 ml	La boisson Twist and Drink au goût fruits des bois est une boisson de source naturelle avec une bouteille ludique et colorée pour le bonheur des enfants.	https://www.mesbonbons.net/fr/shop/twist-and-drink-fruits-des-bois---200-ml	https://fladis.azureedge.net/erp/a513d895-9de3-4c11-9698-3b2831354e60.png	in_stock	1.49 EUR	Twist and Drink	9015340104043	yes	new
612	Trolli Vache - 1 kg	Goûtez ces jolies vaches colorées décorées de petites tâches brunes!	https://www.mesbonbons.net/fr/shop/trolli-vache---1-kg	https://fladis.azureedge.net/erp/fd763527-3f7f-4f37-9a08-0428ededee57.jpg	in_stock	8.99 EUR	Trolli	4000512733133	yes	new
613	Trolli Twist Vers Enlacés - 1 kg	Laissez vous surprendre par ce mélange de bonbons acidulés et doux en forme de vers de terre.	https://www.mesbonbons.net/fr/shop/trolli-twist-vers-enlacs---1-kg	https://fladis.azureedge.net/erp/f2a943bd-b428-4dab-9624-8ae20ceacc71.png	in_stock	8.99 EUR	Trolli	4000512733430	yes	new
614	Trolli Souris - 1 kg	Les Trolli Souris sont des bonbons gélifiés à manger par la queue ou par la tête qui se faufileront très vite dans votre bouche au goût fruit.	https://www.mesbonbons.net/fr/shop/trolli-souris---1-kg	https://fladis.azureedge.net/erp/dca5e45e-2016-43bc-99ad-c55379a6f693.jpg	in_stock	8.99 EUR	Trolli	4000512733034	yes	new
617	Trolli Pieuvre - 1 kg	Plongez au fond de l'océan et rencontrez-y les Trolli pieuvres. Colorez-vous la langue avec ces bonbons gélifiés en forme de pieuvre !	https://www.mesbonbons.net/fr/shop/trolli-pieuvre---1-kg	https://fladis.azureedge.net/erp/a3b41c3e-2d60-449f-bd23-28a460401c73.jpg	in_stock	8.99 EUR	Trolli	4000512733348	yes	new
618	Trolli Pop Eye - 4 pièces - 75 g	Le Trolli œil est un bonbon spécial Halloween représentant un œil.	https://www.mesbonbons.net/fr/shop/trolli-pop-eye---4-pices---75-g	https://fladis.azureedge.net/erp/551fe29b-4b0c-42d0-b413-de48824a0efa.jpg	in_stock	2.49 EUR	Trolli	4000512363729	yes	new
621	Trolli Pingouin - 1 kg	Découvrez ces mignons petits pingouins au délicieux goût fruité!	https://www.mesbonbons.net/fr/shop/trolli-pingouin---1-kg	https://fladis.azureedge.net/erp/98e54467-6763-4c78-bca9-0c269459a3c0.jpg	in_stock	8.99 EUR	Trolli	4000512733355	yes	new
625	Trolli Mini Burger - 80 pièces - 800 g	Le repas ne vous a pas suffi et vous avez encore envie d'une petite douceur? Laissez-vous tenter par le petit hamburger Trolli!	https://www.mesbonbons.net/fr/shop/trolli-mini-burger---80-pices---800-g	https://fladis.azureedge.net/erp/1c40c496-40ad-4ae0-8e09-fbeb7e0e501e.png	in_stock	20.49 EUR	Trolli	4000512994688	yes	new
632	Trolli Luciole Citrique - 1 kg	Goûtez ces jolies petites lucioles colorées, une fois dans votre bouche, elles brilleront dans l'obscurité!	https://www.mesbonbons.net/fr/shop/trolli-luciole-citrique---1-kg	https://fladis.azureedge.net/erp/dd637d1e-0d8c-42d2-b04e-919da1b34e3f.jpg	in_stock	8.99 EUR	Trolli	4000512733058	yes	new
633	Trolli Big Burger - 50 g	Le repas ne vous a pas suffit et vous avez encore envie d'une douceur? Laissez vous tenter par le maxi hamburger Trolli !	https://www.mesbonbons.net/fr/shop/trolli-big-burger---50-g	https://fladis.azureedge.net/erp/9ec1df62-6a50-4e44-87e6-1c9ca5388f6c.jpg	in_stock	1.50 EUR	Trolli	4000512008903	yes	new
634	Trolli Fraise en mousse - 1 kg	Envie d'un peu de tendresse? Goûtez les délicieux Bonbons Trolli Fraise en mousse pour une dégustation succulante.	https://www.mesbonbons.net/fr/shop/trolli-fraise-en-mousse---1-kg	https://fladis.azureedge.net/erp/f29b38dc-c377-40bd-b766-4207b2b9f781.jpg	in_stock	8.99 EUR	Trolli	4000512733188	yes	new
635	Trolli Dracula - 1 kg	Transformez-vous en vampire et faites peur à vos amis en mangeant les bonbons Trolli en forme de petites Dents de Dracula !	https://www.mesbonbons.net/fr/shop/trolli-dracula---1-kg	https://fladis.azureedge.net/erp/2f67f05f-5f35-4691-a2e8-288b00e8cee3.jpg	in_stock	8.99 EUR	Trolli	4000512733027	yes	new
636	Trolli Cerise - 1 kg	Confiserie gélifiée & fruitée, en forme et au bon goût de cerise.	https://www.mesbonbons.net/fr/shop/trolli-cerise---1-kg	https://fladis.azureedge.net/erp/7de6b639-e054-412a-ab67-13d7cf7d6c7a.jpg	in_stock	8.99 EUR	Trolli	4000512733157	yes	new
638	Trolli Anneau Pomme - 1 kg	Laissez-vous tenter par une confiserie en forme d'anneau au bon goût de pomme.	https://www.mesbonbons.net/fr/shop/trolli-anneau-pomme---1-kg	https://fladis.azureedge.net/erp/63bb304d-727f-4ee9-8764-f620815b0cd4.jpg	in_stock	8.99 EUR	Trolli	4000512733096	yes	new
639	Trolli Anneau Pêche - 1 kg	Il existe mille façons de manger ce bonbon en forme d'anneau et au bon goût de pêche.	https://www.mesbonbons.net/fr/shop/trolli-anneau-pche---1-kg	https://fladis.azureedge.net/erp/99c2a0ce-e82a-4dd1-beb1-39b54f8b6630.jpg	in_stock	8.99 EUR	Trolli	4000512733089	yes	new
641	Trolli Dinorex Citrique - 150 g	Bonbons acidulés et fruités en forme de tyrannosaures et triceratops aux différentes saveurs.	https://www.mesbonbons.net/fr/shop/trolli-dinorex-citrique---150-g	https://fladis.azureedge.net/erp/264828bf-25be-4d68-b2c0-5529e7986f33.png	out_of_stock	1.50 EUR	Trolli	4000512463634	yes	new
642	Trolli Pizza - 1 kg	Bonbon gélifié en forme de pizza au goût multifruits.	https://www.mesbonbons.net/fr/shop/trolli-pizza---1-kg	https://fladis.azureedge.net/erp/8711da59-401e-463e-975d-2e810b17e648.jpg	in_stock	8.99 EUR	Trolli	8436556396830	yes	new
643	Trolli Funiverse Sour Mix - 1 kg	Gamme de bonbons fruités et acidulés avec 6 parfums dans un seul sachet : pomme, fraise, cerise, orange, citron et framboise, pour tous les goûts !	https://www.mesbonbons.net/fr/shop/trolli-funiverse-sour-mix---1-kg	https://fladis.azureedge.net/erp/33f9608b-31a4-429d-b93e-2bfbd7b81126.jpg	in_stock	8.99 EUR	Trolli	8436036181659	yes	new
647	Trinketto - 24 x 70 ml	Boisson à base d'eau aromatisée. Les enfants en raffole. Sans gluten et sans colorant.	https://www.mesbonbons.net/fr/shop/trinketto---24-x-70-ml	https://fladis.azureedge.net/erp/8f314e4c-f601-44f8-8c85-f35eace52989.jpg	in_stock	8.99 EUR	Casa del Dolce	8005533001236	yes	new
653	Trefin Hartmint - 200 g	Le Trefin Hartmint est un bonbon à la menthe idéal pour une haleine super fraîche !	https://www.mesbonbons.net/fr/shop/trefin-hartmint---200-g	https://fladis.azureedge.net/erp/33a5752b-0a11-4f45-b08b-11482746de46.webp	in_stock	2.85 EUR	Trefin	5410381001742	yes	new
654	Trefin Hartmint - 3 kg	Le Trefin Hartmint est un bonbon à la menthe idéal pour une haleine super fraîche !	https://www.mesbonbons.net/fr/shop/trefin-hartmint---3-kg	https://fladis.azureedge.net/erp/ea84169f-b31d-4743-9a71-7d8bd09eddc2.png	in_stock	32.79 EUR	Trefin	5410381001735	yes	new
655	Trefin Eucalypto - 175 g	Le Trefin Eucalypto est un bonbon super rafraichissant pour une haleine impeccable !	https://www.mesbonbons.net/fr/shop/trefin-eucalypto---175-g	https://fladis.azureedge.net/erp/9e1a1a1b-7c26-4723-9343-db4762ae8b17.jpg	in_stock	2.85 EUR	Trefin	5410381001544	yes	new
656	Trefin Eclair - 150 g	Le Trefin éclair est un caramel au chocolat à la saveur gourmande. Retrouvez le gôut authentique d'une fabrication artisanale belge!	https://www.mesbonbons.net/fr/shop/trefin-eclair---150-g	https://fladis.azureedge.net/erp/c21aa24d-8191-40e8-ba9d-e361167894ab.jpg	in_stock	2.85 EUR	Trefin	5410381001445	yes	new
658	Trefin Cafina - 175 g	Le Trefin Cafina est un bonbon fourré à l'extrait naturel de café à proposer sur une table de réunion, dans votre voiture ou votre bureau…	https://www.mesbonbons.net/fr/shop/trefin-cafina-175-g	https://fladis.azureedge.net/erp/b22d2d4b-b530-4e95-bc53-a3207fb5ebba.png	out_of_stock	2.99 EUR	Trefin	5410381000448	yes	new
660	Warheads Sour Soda Pomme Verte - 355 ml	Un délicieux soda à la pomme verte qui allie l’acidité des bonbons Warheads et une saveur fruitée.	https://www.mesbonbons.net/fr/shop/warheads-sour-soda-pomme-verte---355-ml	https://fladis.azureedge.net/erp/5fe86808-45fa-4811-b730-7651d4b0e8c4.jpg	in_stock	2.50 EUR	Warheads	850035248003	yes	new
661	Warheads Sour Soda Framboise Bleue -  355 ml	Un délicieux soda à la framboise bleue qui allie l'acidité des bonbons Warheads et une saveur fruitée.	https://www.mesbonbons.net/fr/shop/warheads-sour-soda-framboise-bleue---355-ml	https://fladis.azureedge.net/erp/18bb3f1f-dbfd-47a1-8aaf-d1c330369574.jpg	in_stock	2.50 EUR	Warheads	850035248010	yes	new
665	Tic Tac Menthe - 49 g	Pastilles au goût de menthe qui transforment n'importe quel moment de votre journée en un instant doux et frais.	https://www.mesbonbons.net/fr/shop/tic-tac-menthe---49-g	https://fladis.azureedge.net/erp/f10a4e9e-e369-4e00-a630-8a2f61089c22.jpg	in_stock	2.99 EUR	Tic Tac	5413548001180	yes	new
667	Tic Tac Orange - 49 g	Pastilles au goût d'orange qui transforment n'importe quel moment de votre journée en un instant doux et frais.	https://www.mesbonbons.net/fr/shop/tic-tac-orange---49-g	https://fladis.azureedge.net/erp/4a7981b8-b7c2-458d-884e-326d5d9de46a.jpg	in_stock	2.99 EUR	Tic Tac	5413548001197	yes	new
678	Lollywood Éléphant Bleu - 1 kg	Ce bonbon est un petit éléphant bleu gélifié au goût de fruits des bois, idéal pour les naissances, baptêmes, baby shower, ...	https://www.mesbonbons.net/fr/shop/lollywood-elphant-bleu---1-kg	https://fladis.azureedge.net/erp/049e7169-8667-4eee-8831-f6463c8cadb7.jpg	in_stock	10.99 EUR	Lollywood	5420001514897	yes	new
681	Lollywood Bâtonnets Blancs Fraise - 1 kg	Goûtez ce célèbre bonbon Lollywood, un bâtonnet blanc fraise avec un cœur crémeux à la fraise !	https://www.mesbonbons.net/fr/shop/lollywood-btonnet-blancs-fraise---1-kg	https://fladis.azureedge.net/erp/2a0c7a1a-3ee4-4a0e-8114-191007ff71b6.jpg	in_stock	8.99 EUR	Lollywood	5420001514965	yes	new
682	Lollywood Bâtonnets Fraise - 1 kg	Goûtez ce célèbre bonbon Lollywood, un bâtonnet fraise avec un cœur crêmeux !	https://www.mesbonbons.net/fr/shop/lollywood-btonnets-fraise---1-kg	https://fladis.azureedge.net/erp/9876c344-09f0-45f6-93b1-a49bce81b063.jpg	in_stock	8.99 EUR	Lollywood	5420001505369	yes	new
684	Lollywood Bâtonnets Pomme - 1 kg	Goûtez ce célèbre bonbon Lollywood, un bâtonnet pomme avec un cœur crêmeux !	https://www.mesbonbons.net/fr/shop/lollywood-btonnets-pomme---1-kg	https://fladis.azureedge.net/erp/19d90953-b11a-4c69-b42a-3252d586b47f.jpg	in_stock	8.99 EUR	Lollywood	5420001509602	yes	new
685	Haribo Balla Balla Red Fizz - 1 kg	Goûtez le célèbre Balla Red Fizz. Un délicieux goût de fraise, un cœur crémeux et un extérieur acidulé pour un équilibre parfait !	https://www.mesbonbons.net/fr/shop/haribo-balla-balla-red-fizz---1-kg	https://fladis.azureedge.net/erp/4f6b70e1-829b-4038-9194-8e23a4272446.png	in_stock	8.99 EUR	Haribo	8426617059163	yes	new
687	Lollywood Bâtonnets Pomme Citrique - 1 kg	Lollywood bâtonnet pomme citrique est un bonbon vert en forme de mini tube recouvert de sucre, au goût pomme, et au cœur délicieusement crêmeux !	https://www.mesbonbons.net/fr/shop/lollywood-btonnets-pomme-citrique---1-kg	https://fladis.azureedge.net/erp/94d9568e-5b75-40a4-a370-a88dcbc04a66.jpg	in_stock	8.99 EUR	Lollywood	5420001509633	yes	new
688	Haribo Love Fizz - 1 kg	Goûtez et savourez ces petits cœurs moelleux et acidulés aux goûts de fruits rouges ! Plusieurs couleurs, plusieurs saveurs. I love Haribo !	https://www.mesbonbons.net/fr/shop/haribo-love-fizz---1-kg	https://fladis.azureedge.net/erp/73608877-b943-48d4-b7bd-b7045001746a.png	in_stock	8.99 EUR	Haribo	4001686329955	yes	new
689	Lollywood Bâtonnets fraise citrique - 1 kg	Goûtez le célèbre bonbon Lollywood Bâtonnet fraise citrique au goût fraise citrique avec un cœur crêmeux !	https://www.mesbonbons.net/fr/shop/lollywood-btonnets-fraise-citrique---1-kg	https://fladis.azureedge.net/erp/8acb8ab1-0200-4aff-80ff-0fd93f80da50.jpg	in_stock	8.99 EUR	Lollywood	5420001509541	yes	new
691	Lollywood Bâtonnets Mix Citrique - 1 kg	Goûtez le célèbre bonbon Lollywood Batonnet mix citric au goût fruité citrique avec un cœur crémeux !	https://www.mesbonbons.net/fr/shop/lollywood-btonnets-mix-citrique---1-kg	https://fladis.azureedge.net/erp/be0559e3-261f-44be-ba77-9a25547cfaa7.jpg	in_stock	8.99 EUR	Lollywood	5420001511919	yes	new
698	Frisia Bouteille Cola Citrique - 3 kg	La Bouteille Cola Citrique de chez Frisia est un bonbon au goût de cola avec une touche acidulée et une texture moelleuse.	https://www.mesbonbons.net/fr/shop/frisia-bouteille-cola-citrique---3-kg	https://fladis.azureedge.net/erp/21ef6700-4c54-44e2-af81-eeba8e20ec1e.jpg	in_stock	19.99 EUR	Frisia	5411011562695	yes	new
702	Haribo Rainbow Pixel Fizz - 1 kg	Les Haribo Rainbow Pixels sont des bonbons gélifiés colorés en forme de carrés, similaires à des pixels. Chaque carré est d'une couleur différente et offre un mélange de saveurs fruitées.	https://www.mesbonbons.net/fr/shop/haribo-rainbow-pixel-fizz---1-kg	https://fladis.azureedge.net/erp/c69f5d1b-cbdb-467f-988b-39c319079291.png	in_stock	8.99 EUR	Haribo	4001686376720	yes	new
705	Frisia Ourson Citrique - 3 kg	L'Ourson Citrique de chez Frisia est un bonbon gélifié au goût fruité avec une touche acidulée et une texture moelleuse.	https://www.mesbonbons.net/fr/shop/frisia-ourson-citrique---3-kg	https://fladis.azureedge.net/erp/3bee5b1e-c978-4c46-8b0a-36c95d535de6.jpg	in_stock	19.99 EUR	Frisia	5411011562121	yes	new
707	Haribo Cool Bananas - 1 kg	Goûtez les Haribo banane, bonbons tendres sucrés à la forme et au délicieux goût de banane.	https://www.mesbonbons.net/fr/shop/haribo-cool-bananas---1-kg	https://fladis.azureedge.net/erp/9aff77eb-7a1f-49fb-a154-8f8d9a011146.png	in_stock	8.99 EUR	Haribo	8426617064501	yes	new
708	Lollywood Dino - 1 kg	Le retour de Jurrasic Park avec les fameux triceratops, tyrannosaure, ptéranodon, stegosaurus.. Dévorez-les avant qu'ils ne vous dévorent !	https://www.mesbonbons.net/fr/shop/lollywood-dino---1-kg	https://fladis.azureedge.net/erp/558f39c8-4af4-4bd0-af31-13f482bed2c2.jpg	in_stock	10.99 EUR	Lollywood	5420001516099	yes	new
710	Frisia Bouteille Cherry Cola Citrique - 3 kg	La Bouteille Cherry Cola Citrique de chez Frisia est un bonbon au goût de cola et de cerise avec une touche acidulée et une texture moelleuse.	https://www.mesbonbons.net/fr/shop/frisia-bouteille-cherry-cola-citrique---3-kg	https://fladis.azureedge.net/erp/45cc6f1b-eae5-4078-a240-8810d1477385.jpg	in_stock	19.99 EUR	Frisia	5411011562565	yes	new
711	Lollywood Lacet Cola Citrique - 1 kg	Savourez chaque centimètre de ces lacets bruns au goût de cola citrique.	https://www.mesbonbons.net/fr/shop/lollywood-lacet-cola-citrique---1-kg	https://fladis.azureedge.net/erp/24f3f35e-ae38-4e87-ada2-06b544707d6c.jpg	in_stock	8.99 EUR	Lollywood	5420001505222	yes	new
713	Haribo Coeur Framboise - 1 kg	Faites plaisir à votre bien-aimée et offrez-lui des petits bonbons en forme de cœur sucré	https://www.mesbonbons.net/fr/shop/haribo-coeur-framboise---1-kg	https://fladis.azureedge.net/erp/63cc3242-1778-4957-a422-c6678d1ab15c.png	in_stock	8.99 EUR	Haribo	8426617360900	yes	new
714	Frisia Bouteille Milkshake - 2 kg	Dégustez les Astra Bouteilles milkshake, des bonbons gélifiés en forme de bouteille et au goût de milkshake.	https://www.mesbonbons.net/fr/shop/frisia-bouteille-milkshake---2-kg	https://fladis.azureedge.net/erp/007bb6bc-2ac0-4a4f-a9dd-743d0d8e641f.jpg	in_stock	15.99 EUR	Frisia	5411011534289	yes	new
716	Haribo Happy Cherry Fizz - 1 kg	Accordez-vous une petite gourmandise et goûtez à la célèbre cerise double d'Haribo dans sa version citrique !	https://www.mesbonbons.net/fr/shop/haribo-happy-cherry-fizz---1-kg	https://fladis.azureedge.net/erp/dbb64bf9-b065-42d6-96fe-fa9bbc65ca18.png	in_stock	8.99 EUR	Haribo	4001686309247	yes	new
717	Lollywood Lacet Fraise Citrique - 1 kg	Savourez chaque centimètre de ces lacets rouge au goût de fraise citrique.	https://www.mesbonbons.net/fr/shop/lollywood-lacet-fraise-citrique---1-kg	https://fladis.azureedge.net/erp/6f10b57e-5f03-4fac-bd73-c7c6234d61ea.jpg	in_stock	8.99 EUR	Lollywood	5420001505208	yes	new
719	Lollywood Lacet Framboise Citrique - 1 kg	Savourez chaque centimètre de ces lacets bleus au goût de framboise citrique.	https://www.mesbonbons.net/fr/shop/lollywood-lacet-framboise-citrique---1-kg	https://fladis.azureedge.net/erp/a6edf13d-b07f-44ec-a23c-37935c86868b.jpg	in_stock	8.99 EUR	Lollywood	5420001511063	yes	new
720	Frisia Vers Multicolore Citrique - 3 kg	Le Vers Multicolore Citrique de chez Frisia est un bonbon au goût fruité avec une touche acidulée et une texture moelleuse.	https://www.mesbonbons.net/fr/shop/frisia-vers-multicolore-citrique---3-kg	https://fladis.azureedge.net/erp/15bb9353-16c2-497e-b672-249c65a86483.JPG	in_stock	19.99 EUR	Frisia	5411011514359	yes	new
722	Lollywood Lacet Pomme Citrique - 1 kg	Savourez chaque centimètre de ces lacets verts au goût de pomme citrique.	https://www.mesbonbons.net/fr/shop/lollywood-lacet-pomme-citrique---1-kg	https://fladis.azureedge.net/erp/879eacf1-0a2f-4ff3-8224-327ace6a9848.jpg	in_stock	8.99 EUR	Lollywood	5420001505215	yes	new
724	Frisia Bouteille Jumbo Bubblegum Citrique - 3 kg	Retrouvez toute la saveur du bubble gum dans une délicieuse bouteille géante citrique et joliment colorée. Format XXL pour encore plus de goût !	https://www.mesbonbons.net/fr/shop/frisia-bouteille-jumbo-bubblegum-citrique---3-kg	https://fladis.azureedge.net/erp/6ef75a7e-afa5-4c2b-9f77-c9afdd623682.jpg	in_stock	19.99 EUR	Frisia	5411011562589	yes	new
725	Lollywood Revolvers fruits - 1 kg	Goûtez ces bonbons en forme de revolvers au goût fruité, vous allez voir c'est une tuerie !	https://www.mesbonbons.net/fr/shop/lollywood-revolvers-fruits---1-kg	https://fladis.azureedge.net/erp/095d0d05-7a47-40e1-8869-ca101d607dbf.jpg	in_stock	8.99 EUR	Lollywood	5420001505239	yes	new
728	Frisia Tétine Cola Citrique - 3 kg	Les tétines Cola Frisia sont citriques et bicolores. Un bonbon sucré au bon goût de coca qui vous fera retomber en enfance !	https://www.mesbonbons.net/fr/shop/frisia-ttine-cola-citrique---3-kg	https://fladis.azureedge.net/erp/f4a89a4b-14eb-4343-822d-38fe0e4e0965.jpg	in_stock	19.99 EUR	Frisia	5411011533121	yes	new
731	Haribo Pasta Frutta - 1 kg	Petits carrés acidulés rouges, jaunes, oranges et verts au goût de fruits. Les tapis citriques Pasta Frutta de Haribo réveilleront vos papilles !	https://www.mesbonbons.net/fr/shop/haribo-pasta-frutta---1-kg	https://fladis.azureedge.net/erp/61bfdc43-1f2f-4bf1-9f76-18b6e0a82fff.png	in_stock	8.99 EUR	Haribo	4001686358009	yes	new
733	Frisia Tétine Tropicale Citrique - 3 kg	Cette Tétine Frisia est au goût Tropical. Ce sont des bonbons citriques et bicolores qui vous feront retomber dans votre douce enfance !	https://www.mesbonbons.net/fr/shop/frisia-ttine-tropicale-citrique---3-kg	https://fladis.azureedge.net/erp/802e891a-1a94-4038-bb1b-9dae17762370.jpg	in_stock	19.99 EUR	Frisia	5411011533640	yes	new
735	Frisia Langue Bleue - 3 kg	Un bonbon tout bleu et acidulé en forme de langue qui libère toute sa saveur de fruits rouges et vous colore la langue !	https://www.mesbonbons.net/fr/shop/frisia-langue-bleue---3-kg	https://fladis.azureedge.net/erp/db6f8d77-388e-457e-9301-ee1c18c46bdc.jpg	in_stock	19.99 EUR	Frisia	5411011563135	yes	new
737	Fini Coeur Tricolore - 1 kg	Les bonbons Coeur Tricolore ont un goût fruité et sucré. Leur texture est moelleuse.	https://www.mesbonbons.net/fr/shop/fini-coeur-tricolore---1-kg	https://fladis.azureedge.net/erp/7fe4c92f-f89f-495b-8702-7d9c47270806.jpg	in_stock	9.99 EUR	Fini	8410525270055	yes	new
739	Frisia Fraise Sucrée - 3 kg	Retrouvez toute la saveur de la célèbre fraise dans une version délicatement sucrée.	https://www.mesbonbons.net/fr/shop/frisia-fraise-sucre---3-kg	https://fladis.azureedge.net/erp/c5047532-711e-4eb9-a65e-3b36538270d1.png	in_stock	19.99 EUR	Frisia	5411011563067	yes	new
741	Haribo Pamplemousse - 1 kg	Vous avez du mal à manger un pamplemousse tellement c'est amère, mais vous aimez son bon goût frais ? Retrouvez dans le Haribo pamplemousse un moyen d'en manger un sans grimacer !	https://www.mesbonbons.net/fr/shop/haribo-pamplemousse---1-kg	https://fladis.azureedge.net/erp/f93e1368-51f0-43e9-a88f-7b5e1f1f4075.png	in_stock	8.99 EUR	Haribo	5996379381152	yes	new
742	Haribo Croco Pik - 2 kg	Vous connaissez les crocodiles d'Haribo, mais les avez-vous déjà goûtés dans leur version légèrement acidulée ?	https://www.mesbonbons.net/fr/shop/haribo-croco-pik---2-kg	https://fladis.azureedge.net/erp/9ece11e5-88c1-40fb-b48f-a78171ee3ded.png	in_stock	20.49 EUR	Haribo	3103220035467	yes	new
747	Haribo Dragibus - 2 kg	Les Dragibus, peut-être les bonbons les plus vendus par Haribo. Une farandole de couleurs, un arc-en-ciel de saveurs fruités. À chacun sa couleur préférée ! Quelle est la vôtre ?	https://www.mesbonbons.net/fr/shop/haribo-dragibus---2-kg	https://fladis.azureedge.net/erp/e59f57ff-bf17-4e51-b856-d28a92552868.png	in_stock	19.49 EUR	Haribo	3103220020692	yes	new
750	Lollywood Mélange Rouge - 1 kg	Mélange de confiserie de la marque Lollywood en couleur rouge et blanc.	https://www.mesbonbons.net/fr/shop/lollywood-mlange-rouge---1-kg	https://fladis.azureedge.net/erp/9961ee13-663b-4f6c-bf35-2a80548cbfad.jpg	in_stock	8.99 EUR	Lollywood	5420001519014	yes	new
751	Haribo Fraizibus - 2 kg	Le bonbon Haribo Fraizibus est un bonbon en forme de dragée vendu en 3 couleurs différentes : Rouge, vert et noir. C'est le cousin du Dragibus.	https://www.mesbonbons.net/fr/shop/haribo-fraizibus---2-kg	https://fladis.azureedge.net/erp/5c9820a3-642d-41cc-9b0b-377df606d967.png	in_stock	19.49 EUR	Haribo	3103220020708	yes	new
754	Haribo Cherry Pik - 2 kg	Accordez-vous une petite gourmandise et goûtez à la célèbre cerise double d'Haribo dans sa version sucrée!	https://www.mesbonbons.net/fr/shop/haribo-cherry-pik---2-kg	https://fladis.azureedge.net/erp/7376b27d-5230-4143-92cc-a011a292d4cd.png	in_stock	20.49 EUR	Haribo	3103220037188	yes	new
756	Lollywood Chewing-gum Pastèque Acidulé - 1 kg	Chewing-gum au goût de melon, renfermant une poudre légèrement citrique.	https://www.mesbonbons.net/fr/shop/lollywood-chewing-gum-melon-acidul---1-kg	https://fladis.azureedge.net/erp/4517a5d9-67ef-479a-b702-27c04c4f10cf.jpg	in_stock	10.99 EUR	Lollywood	5420001519199	yes	new
758	Lollywood Stick Citrique - 1 kg	Goûtez à la saveur acidulée intense des bâtons durs Lollywood. Ces bonbons sont parfaits pour les vrais amateurs d'acidité !	https://www.mesbonbons.net/fr/shop/lollywood-stick-citrique---1-kg	https://fladis.azureedge.net/erp/24b16266-db37-4225-8e29-cd8585e4c6c0.jpg	in_stock	10.99 EUR	Lollywood	5420001519908	yes	new
759	Haribo Banane Dure - 1,5 kg	Goûtez les Haribo Banane dure, bonbons sucrés à la forme et au délicieux goût de banane.	https://www.mesbonbons.net/fr/shop/haribo-banane-dure---15-kg	https://fladis.azureedge.net/erp/74cabf50-70e8-41d5-b5ed-bd3d4449450f.png	in_stock	15.99 EUR	Haribo	3103220020760	yes	new
761	Lutti Arlequin - 1 kg	Le goût de l'Arlequin est unique, indéfinissable, et source de débats: tantôt acidulé, tantôt doux, tantôt fruité. Un seul moyen de trancher : le déguster ! En revanche la seule chose dont on soit vraiment sûrs c'est qu'il est exceptionnel.	https://www.mesbonbons.net/fr/shop/lutti-arlequin---1-kg	https://fladis.azureedge.net/erp/305815a9-b14c-44bf-a922-6e31293efafe.jpg	in_stock	11.99 EUR	Lutti	3116740032694	yes	new
763	Haribo Pêche - 3 kg	La pêche dans toute sa splendeur, avec son goût, sa forme et ses couleurs reconnaissables au premier coup d'œil. Haribo en a fait un plaisir à succès.	https://www.mesbonbons.net/fr/shop/haribo-pche---3-kg	https://fladis.azureedge.net/erp/934b82eb-b1b7-4edd-b958-1324d3a50c8c.jpeg	in_stock	25.99 EUR	Haribo	9002975376914	yes	new
766	Lutti Arlequin Fizz - 2 kg	Le bonbon Arlequin Fizz de la marque Lutti est un bonbon fruité et bien acidulé ! Il est en fait le descendant du très célèbre bonbon emballé à sucer L’Arlequin. La différence se retrouvera uniquement dans sa forme en anneau et sa matière en gélifié, car ces Arlequins Fizz ont retrouvé le goût de son aïeul !	https://www.mesbonbons.net/fr/shop/lutti-arlequin-fizz---1-kg	https://fladis.azureedge.net/erp/c282ce88-1030-4531-b1b5-3962ca9b17f2.jpg	in_stock	20.99 EUR	Lutti	3116740031727	yes	new
767	Frisia Frite Citrique - 3 kg	Les Frisia Frites Citrique sont des excellent petits bâtons mous, fruités et acidulés qui vous feront frissonner de plaisir !	https://www.mesbonbons.net/fr/shop/frisia-frite-citrique---3-kg	https://fladis.azureedge.net/erp/4093a1a8-e70a-44fc-9fae-0591b7e7f935.jpg	in_stock	19.99 EUR	Frisia	5411011562671	yes	new
770	Lutti Bubblizz - 2 kg	La bouteille pétillante au surprenant goût de bubble gum.	https://www.mesbonbons.net/fr/shop/lutti-bubblizz---2-kg	https://fladis.azureedge.net/erp/2f553b00-0598-40ae-92c5-949acd391186.jpg	in_stock	20.99 EUR	Lutti	3116740018858	yes	new
773	Frisia Œuf Au Plat - 3 kg	Vous aimez les œufs sur le plat ? Goûtez la version bonbon de Frisia. Moelleux et fruité, vous serez agréablement surpris !	https://www.mesbonbons.net/fr/shop/frisia-uf-au-plat---3-kg	https://fladis.azureedge.net/erp/412bd200-5745-449f-be06-426d294043e8.jpg	in_stock	19.99 EUR	Frisia	5411011562725	yes	new
774	Lutti Dents Dracula - 3 kg	Transformez-vous en vampire et faites peur à vos amis en mangeant ces bonbons Lutti !	https://www.mesbonbons.net/fr/shop/lutti-dents-dracula---3-kg	https://fladis.azureedge.net/erp/2aad1168-a1ef-4cff-abd7-fca57ad4157e.jpg	in_stock	25.99 EUR	Lutti	5400787025978	yes	new
775	Frisia Agent Mauve Violette - 3 kg	Les Frisia Boutons Violette sont des petites gommes dures mauve à la violette. Très douces et peu sucrées, elles resteront longtemps dans votre bouche !	https://www.mesbonbons.net/fr/shop/frisia-agent-mauve-violette---3-kg	https://fladis.azureedge.net/erp/a531c843-fc10-4bc9-8e97-fd0c500dc882.jpg	in_stock	19.99 EUR	Frisia	5411011563296	yes	new
776	Lutti Fraise Sucrée - 3 kg	Lutti Fraise Sucrée est un bonbon tendre et fruité pour un petit plaisir sucré !	https://www.mesbonbons.net/fr/shop/lutti-fraise-sucre---3-kg	https://fladis.azureedge.net/erp/3c71c534-c2c9-41d9-b3d1-652f85d4e47a.jpg	in_stock	25.99 EUR	Lutti	3664346357524	yes	new
778	Frisia Pêche - 3 kg	Les Frisia Pêches sont des Bonbons bicolores et tendres au goût de pêche et enrobés d'une couche de sucre. Ces bonbons sont tellement délicieux que vous ne résisterez pas à en prendre un deuxième !	https://www.mesbonbons.net/fr/shop/frisia-pche---3-kg	https://fladis.azureedge.net/erp/b9c82a3e-a3e8-4f30-a8b0-415e44bc55fb.jpg	in_stock	19.99 EUR	Frisia	5411011562466	yes	new
779	Frisia Tétine Fruits Citrique - 3 kg	Les Frisia Tétines Fruits sont des bonbons citriques, mous et bicolores qui vous feront retomber dans votre douce enfance !	https://www.mesbonbons.net/fr/shop/frisia-ttine-fruits-citrique---3-kg	https://fladis.azureedge.net/erp/62188957-cf56-4ae3-a48d-e0eb52c69207.jpg	in_stock	19.99 EUR	Frisia	5411011562633	yes	new
782	Haribo Fraise Tagada - 1,5 kg	Fondante et délicieuse, la fraise Tagada Haribo, petite boule au goût de fraise et couverte de sucre fin rouge, séduit les petits comme les grands gourmands depuis plus de 50 ans.	https://www.mesbonbons.net/fr/shop/haribo-fraise-tagada---15-kg	https://fladis.azureedge.net/erp/f98e37df-31eb-4f18-8368-6c773a6931f1.jpg	in_stock	15.99 EUR	Haribo	4001686398708	yes	new
784	Frisia Cerise Lavée - 3 kg	Les Frisia Cerises Lavées sont des petites gommes dures au délicieux parfum de cerise qui vous colleront aux dents.	https://www.mesbonbons.net/fr/shop/frisia-cerise-lave---3-kg	https://fladis.azureedge.net/erp/2a8caf0c-93d6-459e-94f0-57d725e1392d.jpg	in_stock	19.99 EUR	Frisia	5411011561636	yes	new
787	Frisia Tétine Pastèque Citrique - 3 kg	Les Frisia Tétines Pastèque sont des tétines citriques et bicolores. Un bonbon au bon goût de pastèque qui vous fera retomber enfance !	https://www.mesbonbons.net/fr/shop/frisia-ttine-pastque-citrique---3-kg	https://fladis.azureedge.net/erp/37ac1fe2-7384-4ac2-a2b4-2924a94f64b1.jpg	in_stock	19.99 EUR	Frisia	5411011561797	yes	new
789	Lutti Poisson Tropical - 3 kg	Envie de vous évader pour un temps vers les mers du Sud? Voici un bonbon qui vous transportera vers les îles paradisiaques avec sa jolie forme de poissons tropicaux, ses couleurs appétissantes et ses goûts exquis. Un vrai petit paradis de bonheur gourmand qui se laissera facilement attraper dans vos filets.	https://www.mesbonbons.net/fr/shop/lutti-poisson-tropical---3-kg	https://fladis.azureedge.net/erp/98e7e2cf-9b42-46d6-a370-665abae150a3.jpg	in_stock	25.99 EUR	Lutti	5400787025749	yes	new
793	Frisia Grenouille - 3 kg	Les bonbons Frisia Grenouilles sont des bonbons qui en quelques bonds se retrouveront sur votre langue ! Fermez-la bouche et les yeux, et goûtez à sa délicieuse saveur de pomme.	https://www.mesbonbons.net/fr/shop/frisia-grenouille---3-kg	https://fladis.azureedge.net/erp/e73c9548-9c5a-4ac6-8893-011f729ab62c.jpg	in_stock	19.99 EUR	Frisia	5411011562831	yes	new
794	Lutti Dents Dracula Citrique - 3 kg	Transformez-vous en vampire et faites peur à vos amis en mangeant les bonbons Lutti Dents de Dracula! Goûtez-les dans leur version citrique pour une sensation d'autant plus terrifiante !	https://www.mesbonbons.net/fr/shop/lutti-dents-dracula-citrique---3-kg	https://fladis.azureedge.net/erp/f255ba7b-78fc-435a-8ca5-2f5bc7164443.jpg	in_stock	25.99 EUR	Lutti	5400787025992	yes	new
801	Haribo Schtroumpf - 3 kg	Les bonbons Schtroumpfs Haribo, c'est Schtroumpfement bon! Prêt à découvrir quel goût ont les petits bonhommes bleues les plus connus du monde? Version belge sans gélatine!	https://www.mesbonbons.net/fr/shop/haribo-schtroumpf---3-kg	https://fladis.azureedge.net/erp/2614dcfe-0533-4fae-b3fe-4a7f33f53968.png	in_stock	25.99 EUR	Haribo	4001686333082	yes	new
804	Frisia Pomme Citrique - 3 kg	Vous êtes plutôt pomme verte ou rouge ? Ce délicieux bonbon citrique en forme et au goût de pommes mettra tout le monde d'accord !	https://www.mesbonbons.net/fr/shop/frisia-pomme-citrique---3-kg	https://fladis.azureedge.net/erp/a4cdad9c-06cf-49b2-beea-56bc5201baa2.jpg	in_stock	19.99 EUR	Frisia	5411011533268	yes	new
809	Matthijs Quequette Couleur - 1 kg	Faites des petites blagues à vos amis en leur faisant goûter ces bonbons au goût fruité avec leur forme originale!	https://www.mesbonbons.net/fr/shop/matthijs-quequette-couleur---1-kg	https://fladis.azureedge.net/erp/6bbb06b0-a493-4ab1-8d95-f8430b23f8e3.jpg	in_stock	12.49 EUR	Matthijs	8711111137722	yes	new
846	Haribo Bouteille Cherry-Cola - 3 kg	Dégustez les Haribo Bouteilles Cherry Cola, bonbons gélifiés en forme de bouteille et au goût cola et cherry.	https://www.mesbonbons.net/fr/shop/haribo-bouteille-cherry-cola	https://fladis.azureedge.net/erp/c34e36c5-4500-4437-967f-43e15511517a.png	in_stock	25.99 EUR	Haribo	4001686395073	yes	new
847	Frisia Souris noire - 3 kg	Typiquement belge, la Souris Noire est un bonbon au délicieux goût de réglisse anisée. Sa texture gélifiée molle en fait un bonbon unique !	https://www.mesbonbons.net/fr/shop/frisia-souris-noire---3-kg	https://fladis.azureedge.net/erp/6347f24d-9413-445a-bf5f-ed764bf2fc3c.jpg	in_stock	19.99 EUR	Frisia	5411011562428	yes	new
849	Frisia Winegum - 3 kg	Les Frisia Winegum sont des bonbons d'origine anglaise gélifiés mous et colorés qui se déclinent en diverses formes. Il ne contient PAS d'alcool.	https://www.mesbonbons.net/fr/shop/copy-frisia-winegum---15-kg	https://fladis.azureedge.net/erp/2635d323-55d0-465b-91c0-796cd3219c7b.jpg	in_stock	19.99 EUR	Frisia	5411011561643	yes	new
852	Thijs Etoile - 1 kg	Savourez les Thijs étoiles, gommes en forme de petites étoiles fruités aux différentes couches. Ce bonbon tendre et moelleux est idéal pour décorer votre table de fêtes de fin d'année ou à offrir en cette joyeuse période !	https://www.mesbonbons.net/fr/shop/thijs-etoile---1-kg	https://fladis.azureedge.net/erp/8fd52e53-5d41-40bb-a1c8-4e1719e622cd.png	in_stock	10.79 EUR	Thijs	5412132121129	yes	new
858	Thijs Grand Cœur - 1 kg	Savourez les Thijs grand cœur, grosses gommes en forme de cœur aux différentes couches au goût cerise. Offrez ces bonbons à votre bien aimé(e), ça lui ira droit au coeur.	https://www.mesbonbons.net/fr/shop/thijs-grand-cur---1-kg	https://fladis.azureedge.net/erp/e9d8e08e-5f51-44f0-aa76-bac98b446e45.jpg	in_stock	10.79 EUR	Thijs	5412132120948	yes	new
862	Thijs Oursons - 1 kg	Savourez les Thijs Oursons, grosses gommes en forme de petits oursons aux différentes couches aux goûts fruités. Ce bonbon tendre et moelleux est idéal pour les naissances et les baptêmes !	https://www.mesbonbons.net/fr/shop/thijs-oursons---1-kg	https://fladis.azureedge.net/erp/99c887d3-bd0f-44e7-bd42-c0ca6fde8323.jpg	in_stock	10.79 EUR	Thijs	5412132120955	yes	new
863	Thijs Pyramide - 1 kg	Savourez les Thijs Pyramide, gommes en forme de petits cônes fruités aux différentes couches. Ce bonbon tendre et moelleux est une confiserie artisanale belge !	https://www.mesbonbons.net/fr/shop/thijs-pyramide---1-kg	https://fladis.azureedge.net/erp/39eccd17-364b-44af-b6ec-92dea64f6de4.jpg	in_stock	10.79 EUR	Thijs	5412132120931	yes	new
864	Frisia Tétine Bubblegum Citrique - 3 kg	Cette Tétine Frisia est au goût Bubblegum, elle vous colorera la langue en bleu ! Ce sont des bonbons citriques et bicolores qui vous feront retomber dans votre douce enfance !	https://www.mesbonbons.net/fr/shop/frisia-ttine-bubblegum-citrique---3-kg	https://fladis.azureedge.net/erp/3b8a6af8-817a-49f7-b69c-a7f331985ff9.jpg	in_stock	19.99 EUR	Frisia	5411011561810	yes	new
866	Gicopa Fleur Violette - 1 kg	Un classique belge, indispensable à votre commande ! Ce bonbon cristallin de la confiserie liégeoise a un parfum unique à la violette pour une sensation douce et fleurie en bouche !	https://www.mesbonbons.net/fr/shop/gicopa-fleur-violette---1-kg	https://fladis.azureedge.net/erp/6aa12d5b-789d-4c21-aaa0-dc2db350339a.jpg	in_stock	10.99 EUR	Gicopa	5411951000035	yes	new
874	Haribo Tétine - 3 kg	Ces bonbons Haribo lisses en forme de tétines vous feront redevenir un enfant le temps d'un délicieux et agréable moment fruité !	https://www.mesbonbons.net/fr/shop/haribo-ttine---3-kg	https://fladis.azureedge.net/erp/068ac714-44ae-47b7-a584-0c60cac2cad0.jpg	in_stock	25.99 EUR	Haribo	4001686312087	yes	new
875	Gicopa Fleurs assorties - 1 kg	Ce mix de bonbons cristallins de la confiserie liégeoise vous propose plusieurs parfums : kiwi, violette, cerise, orange et citron, pour une sensation douce et fruitée en bouche !	https://www.mesbonbons.net/fr/shop/gicopa-fleurs-assorties---1-kg	https://fladis.azureedge.net/erp/deef85c3-8be9-4a68-86bd-22833cc3fbb5.jpg	in_stock	10.99 EUR	Gicopa	5411951000097	yes	new
877	Etna Vierge Guimauve - 1,5 kg	Le Etna Vierge guimauve est une tendre guimauve au subtil goût fruité en forme de vierge. Régalez-vous! Elles sont très appréciées en période de fêtes !	https://www.mesbonbons.net/fr/shop/etna-vierge-guimauve---15-kg	https://fladis.azureedge.net/erp/282d2413-28bf-4ec8-97be-1de5eac18894.jpg	in_stock	15.99 EUR	Etna	5411446151105	yes	new
880	Frisia Space Mix - 3 kg	Ce sont des bonbons fruités en forme d'astronaute, de fusée et de planète au goût fruité.	https://www.mesbonbons.net/fr/shop/frisia-space-mix---3-kg	https://fladis.azureedge.net/erp/31abdb49-02cd-4fac-9245-a855e5b6e47d.jpg	in_stock	19.99 EUR	Frisia	5411011561674	yes	new
881	Haribo Carensac - 2 kg	Les Haribo Carensac sont des petites dragées allongées et colorées au goût de réglisse, Un incontournable de la confiserie qui vous rappellera bien des souvenirs !	https://www.mesbonbons.net/fr/shop/haribo-carensac---2-kg	https://fladis.azureedge.net/erp/0b60616b-966e-447f-ae37-4b0ac3806130.JPG	in_stock	20.49 EUR	Haribo	3103220020685	yes	new
884	Frisia Anneau Fruité Citrique - 3 kg	L'Anneau Fruit Citrique de Frisia est un bonbon en forme d'anneau, à la texture moelleuse et au goût fruité avec une touche acidulée.	https://www.mesbonbons.net/fr/shop/frisia-anneau-fruit-citrique---3-kg	https://fladis.azureedge.net/erp/0a7fe576-e333-4fe8-bb6e-8e5aa5785095.JPG	in_stock	19.99 EUR	Frisia	5411011562893	yes	new
888	Haribo Mini Cocobat - 2 kg	Le Haribo Mini cocobat est un bonbon au goût de réglisse avec un cœur crêmeux au citron ou à la fraise !	https://www.mesbonbons.net/fr/shop/haribo-mini-cocobat---2-kg	https://fladis.azureedge.net/erp/9752f345-5df0-4d56-b681-c89d2f34ca21.jpg	in_stock	20.49 EUR	Haribo	3103220020623	yes	new
893	CCI Jelly Beans - 1 kg	Ces petits bonbons gélifiés en forme de haricot vous feront découvrir une variété de saveurs incroyable !	https://www.mesbonbons.net/fr/shop/jelly-beans---1-kg	https://fladis.azureedge.net/erp/47f0baac-fa63-462c-9e42-26de957e5b4c.jpg	in_stock	11.99 EUR	CCI - Continental Candy Industries	8712469082788	yes	new
906	Haribo Marshmallow Rubino - 1 kg	Les Haribo Rubino sont des boules de marshmallow moelleuses, fondantes et tendres recouvertes d'une légère couche de sucre rouge. Idéal pour réaliser vos gâteaux de bonbons !	https://www.mesbonbons.net/fr/shop/haribo-marshmallow-rubino---1-kg	https://fladis.azureedge.net/erp/31faf4c5-d1e8-49aa-ac89-98f22ad2896f.JPG	in_stock	10.99 EUR	Haribo	5410358200161	yes	new
917	Bulgari Balle de golf Noire Marshmallow Vanille - 900 g	Les Bulgari Balles de golf noires Marshmallow vanille sont des boules de guimauve moelleuses, fondantes et tendres, recouvertes d'une légère couche de sucre noir. Idéal pour réaliser vos gâteaux de bonbons !	https://www.mesbonbons.net/fr/shop/bulgari-balle-de-golf-noire-marshmallow-vanille---900-g	https://fladis.azureedge.net/erp/52796b74-bc12-413e-9cd9-3f8f0a0bb212.jpg	in_stock	9.99 EUR	Bulgari	8006908004913	yes	new
930	Frisia Fraise Géante - 3 kg	Ce bonbon, très apprécié de tous les gourmands, a la forme et le goût d'une fraise.	https://www.mesbonbons.net/fr/shop/frisia-fraise-gante---3-kg	https://fladis.azureedge.net/erp/40639d63-0113-485e-873d-5a42a2fc61b1.jpg	in_stock	19.99 EUR	Frisia	5411011561728	yes	new
932	Frisia Tétine Colorée Citrique - 3 kg	Les Frisia Tétines Colorées Citrique sont des bonbons fruités et bicolores qui vous feront retomber dans votre douce enfance !	https://www.mesbonbons.net/fr/shop/frisia-ttine-colore-citrique---3-kg	https://fladis.azureedge.net/erp/b89e34ff-d256-4212-a122-fa029c12ec40.jpg	in_stock	19.99 EUR	Frisia	5411011561780	yes	new
936	Frisia Famous Fruit - 3 kg	Le Famous Fruit Frisia c'est comme un panier de fruits, mais avec des bonbons aux goûts délicieusement fruités !	https://www.mesbonbons.net/fr/shop/frisia-famous-fruit-3-kg	https://fladis.azureedge.net/erp/64dde185-55d6-4faf-8063-a6a7f3101833.jpg	in_stock	19.99 EUR	Frisia	5411011532124	yes	new
963	Joris Méli-Mélo - 1 kg	Les bonbons Joris Méli-Mélo sont des petites gommes tendres aux goûts d'Ananas, Citron, Poire, Orange, Fruits des bois, Cerise et Violette. Retrouvez le goût authentique d'une fabrication artisanale belge qui vous rappellera de nombreux souvenirs!	https://www.mesbonbons.net/fr/shop/joris-meli-melo---1-kg	https://fladis.azureedge.net/erp/6a0b3537-95a8-4759-9460-f3815ea35537.jpg	in_stock	9.99 EUR	Joris	5410404000431	yes	new
964	Joris Souris Noire - 1 kg	Les bonbons Joris Souris noires sont des petites souris tendres au goût d'anis. Retrouvez le goût authentique d'une fabrication artisanale belge qui vous rappellera de nombreux souvenirs!	https://www.mesbonbons.net/fr/shop/joris-souris-noire---1-kg	https://fladis.azureedge.net/erp/1c3054b0-940c-4900-a0e6-811ac223ca15.jpg	out_of_stock	9.99 EUR	Joris	5410404000509	yes	new
966	Joris Souris - 1 kg	Les bonbons Joris Souris sont des petites gommes tendres huilées au goût de fruits très prononcé. Retrouvez le goût authentique d'une fabrication artisanale belge qui vous rappellera de nombreux souvenirs!	https://www.mesbonbons.net/fr/shop/joris-souris---1kg	https://fladis.azureedge.net/erp/ffd62d93-8826-42f5-b035-9ec8a151cefe.jpg	in_stock	9.99 EUR	Joris	5410404000448	yes	new
967	Joris Citros - 1 kg	Les bonbons Joris Citros sont des petites gommes dures aux goûts de Citron, Poire, Orange, Cerise. Retrouvez la saveur authentique d'une fabrication artisanale belge qui vous rappellera de nombreux souvenirs!	https://www.mesbonbons.net/fr/shop/joris-citros---1-kg	https://fladis.azureedge.net/erp/6aa5fbd5-dc92-4f6e-a2aa-7b77cbca8afb.jpg	in_stock	18.99 EUR	Joris	5410404000035	yes	new
968	Joris Ourson- 1 kg	Les bonbons Joris Oursons sont des petites gommes tendres aux goûts d'Ananas, Citron, Poire, Orange, Fruits des bois, Cerise. Retrouvez le goût authentique d'une fabrication artisanale belge qui vous rappellera de nombreux souvenirs!	https://www.mesbonbons.net/fr/shop/joris-ourson---1-kg	https://fladis.azureedge.net/erp/a388973b-5d4d-4870-95e1-e1ba8b4bf0c2.jpg	in_stock	9.99 EUR	Joris	5410404000516	yes	new
969	Joris Belga - 1 kg	Les bonbons Joris Belgas sont des petites gommes noires au goût de réglisse. Retrouvez le goût authentique d'une fabrication artisanale belge qui vous rappellera de nombreux souvenirs!	https://www.mesbonbons.net/fr/shop/joris-belga---1-kg	https://fladis.azureedge.net/erp/7211d22e-c629-48d9-898e-c77ecf8c2ae9.jpg	in_stock	18.99 EUR	Joris	5410404000189	yes	new
970	Joris Mandarine - 1 kg	Les bonbons Joris Mandarines sont des petites gommes sucrées. Retrouvez le goût authentique d'une fabrication artisanale belge qui vous rappellera de nombreux souvenirs!	https://www.mesbonbons.net/fr/shop/joris-mandarine---1-kg	https://fladis.azureedge.net/erp/50357e5b-bd87-4f06-9d6d-87955a3025a9.jpg	in_stock	9.99 EUR	Joris	5410404000424	yes	new
971	Joris Cerise Tendre - 1 kg	Les bonbons Joris Cerises Tendres sont des petites gommes sucrées. Retrouvez le goût authentique d'une fabrication artisanale belge qui vous rappellera de nombreux souvenirs!	https://www.mesbonbons.net/fr/shop/joris-cerise-tendre---1-kg	https://fladis.azureedge.net/erp/83267f7e-29ec-4e01-9e8a-fb48d4753568.jpg	in_stock	9.99 EUR	Joris	5410404000417	yes	new
973	Joris Cerise Lavée - 1 kg	Les bonbons Joris Cerises Lavées sont des petites gommes dures au goût de cerise. Retrouvez le goût authentique d'une fabrication artisanale belge qui vous rappellera de nombreux souvenirs!	https://www.mesbonbons.net/fr/shop/joris-cerise-lavee---1-kg	https://fladis.azureedge.net/erp/6fe3d0a3-7faf-4000-ab33-5d6dcbcc8284.jpg	in_stock	18.99 EUR	Joris	5410404000110	yes	new
974	Joris Carré Menthe - 1 kg	Les bonbons Joris Carré Menthe sont des petits carrés de sucre fondant à la menthe. Retrouvez le goût authentique d'une fabrication artisanale belge qui vous rappellera de nombreux souvenirs!	https://www.mesbonbons.net/fr/shop/joris-carre-menthe---1-kg	https://fladis.azureedge.net/erp/7f67066b-a46c-4a43-af3e-62387f1b5189.jpg	in_stock	9.99 EUR	Joris	5410404000486	yes	new
975	Joris Briquette Verte - 1 kg	Les bonbons Joris Briquettes vertes sont des petites gommes dures au goût d'eucalyptus et menthol. Retrouvez le goût authentique d'une fabrication artisanale belge qui vous rappellera de nombreux souvenirs!	https://www.mesbonbons.net/fr/shop/joris-briquette-verte---1-kg	https://fladis.azureedge.net/erp/f686e668-9d90-4d10-bfb6-3527fd592d36.jpg	in_stock	18.99 EUR	Joris	5410404000073	yes	new
976	Joris Gomme Anis - 1 kg	Les bonbons Joris Gommes Anis sont des petites gommes tendres au goût d'anis. Retrouvez le goût authentique d'une fabrication artisanale belge qui vous rappellera de nombreux souvenirs!	https://www.mesbonbons.net/fr/shop/joris-gomme-anis---1-kg	https://fladis.azureedge.net/erp/a711f456-37b3-462c-8539-d3522d1205a0.jpg	in_stock	9.99 EUR	Joris	5410404000530	yes	new
977	Joris Ourson Cola - 1 kg	Les bonbons Joris Oursons Cola sont des petites gommes tendres au goût cola. Retrouvez le goût authentique d'une fabrication artisanale belge qui vous rappellera de nombreux souvenirs!	https://www.mesbonbons.net/fr/shop/joris-ourson-cola---1-kg	https://fladis.azureedge.net/erp/c761d1b3-ede2-416d-8b35-4756c0b494b2.jpg	in_stock	9.99 EUR	Joris	5410404000523	yes	new
978	Joris Fleur Violette Sucrée - 1 kg	Les bonbons Joris Fleurs Violette Sucrées sont des petites gommes tendres au goût de violette. Retrouvez le goût authentique d'une fabrication artisanale belge qui vous rappellera de nombreux souvenirs!	https://www.mesbonbons.net/fr/shop/joris-fleur-violette-sucree---1-kg	https://fladis.azureedge.net/erp/6a6fac60-2cc8-49ca-bb1a-98c84e649eaf.jpeg	in_stock	9.99 EUR	Joris	5410404000561	yes	new
979	Joris Briquette Menthol - 1 kg	Les bonbons Joris Briquettes Menthol sont des petites gommes dures au goût de menthe. Retrouvez le goût authentique d'une fabrication artisanale belge qui vous rappellera de nombreux souvenirs!	https://www.mesbonbons.net/fr/shop/joris-briquette-menthol---1-kg	https://fladis.azureedge.net/erp/715f9713-8277-49d2-998b-20135629643f.jpg	in_stock	18.99 EUR	Joris	5410404000080	yes	new
980	Joris Agent Mauve Violette - 1 kg	Les Joris Agent Mauves sont des petites gommes dures à la violette. Très douces et peu sucrées, elles resteront longtemps dans votre bouche! Retrouvez le goût authentique d'une fabrication artisanale belge qui vous rappellera de nombreux souvenirs!	https://www.mesbonbons.net/fr/shop/joris-agent-mauve-violette---1-kg	https://fladis.azureedge.net/erp/c312e945-55b8-4e98-98ed-db0a8bfdcf5d.jpg	in_stock	18.99 EUR	Joris	5410404000103	yes	new
982	Joris Gomme Verte - 1 kg	Les bonbons Joris Gommes Vertes sont des petites gommes tendres aux goûts d'eucalyptus et menthol. Retrouvez le goût authentique d'une fabrication artisanale belge qui vous rappellera de nombreux souvenirs!	https://www.mesbonbons.net/fr/shop/joris-gomme-verte---1-kg	https://fladis.azureedge.net/erp/ee6704a2-4580-41b3-97e6-1911911a652d.jpg	in_stock	18.99 EUR	Joris	5410404000059	yes	new
983	Joris Boules Assorties - 1 kg	Les bonbons Joris Boules Assorties sont des petites gommes dures aux goûts de citron, réglisse, cerise. Retrouvez le goût authentique d'une fabrication artisanale belge qui vous rappellera de nombreux souvenirs!	https://www.mesbonbons.net/fr/shop/joris-boules-assorties---1-kg	https://fladis.azureedge.net/erp/00701d35-0c15-4944-aa37-198c5676cbf2.jpg	in_stock	18.99 EUR	Joris	5410404000165	yes	new
984	Joris Bouteille Cola - 1 kg	Les bonbons Joris Bouteilles Cola sont des petites gommes dures au goût cola. Retrouvez le goût authentique d'une fabrication artisanale belge qui vous rappellera de nombreux souvenirs!	https://www.mesbonbons.net/fr/shop/joris-bouteille-cola---1-kg	https://fladis.azureedge.net/erp/fd0dc59c-4095-46ce-9897-99ec8a3e7c2b.jpg	in_stock	18.99 EUR	Joris	5410404000042	yes	new
997	Carambar Barbe à papa - 180 pièces	Les bonbons Carambar Barbe à papa, connus pour leurs célèbres blagues et devinettes amusantes, sont idéaux pour retrouver le plaisir des fêtes forraines.	https://www.mesbonbons.net/fr/shop/carambar-barbe-papa---180-pices	https://fladis.azureedge.net/erp/b30595bd-02a4-40e0-aaaf-e0d58fc58622.jpg	in_stock	24.99 EUR	Carambar	3664346313469	yes	new
1014	Carambar Cola - 180 pièces	Les bonbons Carambar Cola, connus pour leurs célèbres blagues et devinettes amusantes, sont idéaux pour retrouver le plaisir des fêtes foraines.	https://www.mesbonbons.net/fr/shop/carambar-cola---180-pices	https://fladis.azureedge.net/erp/1af75004-2649-4532-8888-256803ad5737.jpg	in_stock	24.99 EUR	Carambar	3664346313391	yes	new
1021	Carambar Caranougat - 180 pièces	Les bonbons Carambar Caranougat, connus pour leurs célèbres blagues et devinettes amusantes, sont idéaux pour retrouver le plaisir des fêtes foraines.	https://www.mesbonbons.net/fr/shop/carambar-caranougat---180-pices	https://fladis.azureedge.net/erp/d29c6568-9b0d-4b94-8cd5-5fc79238ec03.jpg	out_of_stock	26.99 EUR	Carambar	3664346313414	yes	new
1030	Malabar Fraise - 200 pièces	Faites les plus grosses bulles avec le Chewing-gum Malabar au goût fraise ! Et dans son emballage, retouvez à chaque fois un super tatoo pour un look au toujours top !	https://www.mesbonbons.net/fr/shop/malabar-fraise---200-pices	https://fladis.azureedge.net/erp/a0b22c85-ae58-4ba0-afca-3f271597b676.jpg	in_stock	29.99 EUR	Malabar	3664346305808	yes	new
1038	Malabar Tutti Frutti - 200 pièces	Faites les plus grosses bulles avec le Chewing-gum Malabar au goût tutti frutti ! Et dans son emballage, retouvez à chaque fois un super tatoo pour un look au toujours top !	https://www.mesbonbons.net/fr/shop/malabar-tutti-frutti---200-pices	https://fladis.azureedge.net/erp/5f1a2ff4-0706-493b-a3c3-d9a2d89e2d6f.jpg	in_stock	29.99 EUR	Malabar	3664346305846	yes	new
1042	Têtes Brûlées Bille Framboise - 300 pièces - 870 g	Les têtes brulées bille au goût framboise très acide sont des billes qui arrachent la tête et donnent des sensations incroyables dans la bouche.	https://www.mesbonbons.net/fr/shop/ttes-brles-bille-framboise---300-pices---870-g	https://fladis.azureedge.net/erp/a7c212e1-2b28-4e4b-b1e2-5d7373397399.jpg	in_stock	15.49 EUR	Têtes Brulées	3501271113071	yes	new
1048	Têtes Brûlées Bille Cola - 300 pièces - 870 g	Les Têtes Brûlées sont des bonbons au goût de cola très acide qui font craquer la tête et procurent des sensations incroyables en bouche.	https://www.mesbonbons.net/fr/shop/ttes-brles-bille-cola---300-pices---870-g	https://fladis.azureedge.net/erp/cb1ade67-348a-45b3-9731-6dea2bf29351.jpg	out_of_stock	15.49 EUR	Têtes Brulées	3272610002300	yes	new
1050	Têtes Brûlées Bille Fraise - 300 pièces - 870 g	Les têtes brulées bille au goût fraise très acide sont des bonbons qui arrachent la tête et donnent des sensations incroyables dans la bouche.	https://www.mesbonbons.net/fr/shop/ttes-brles-bille-fraise---300-pices---870-g	https://fladis.azureedge.net/erp/a1edffec-9265-43a2-8340-deea29b0c0a2.jpg	out_of_stock	15.49 EUR	Têtes Brulées	3272610002294	yes	new
1052	Jawbreaker Fireball - 40 pièces - 1320 g	Le Jawbreaker Fireball est un sachet de 4 bonbons durs à sucer au goût cannelle chaud et acide. Au centre, vous découvrirez un bubble-gum pour une sensation étonnante !	https://www.mesbonbons.net/fr/shop/jawbreaker-fireball---40-pices---1320-g	https://fladis.azureedge.net/erp/2b8de588-b4cb-4791-b73d-715dc5d15046.jpg	in_stock	14.99 EUR	Jawbreaker	05011061015341	yes	new
1054	Têtes Brûlées Barre Cola - 150 pièces - 1,5 kg	Les têtes brulées Barre au goût cola très acide sont des bonbons qui arrachent la tête et donnent des sensations incroyables dans la bouche.	https://www.mesbonbons.net/fr/shop/ttes-brles-barre-cola---150-pices---15-kg	https://fladis.azureedge.net/erp/d1327224-cf75-44a3-abf0-2b9019f94bea.jpg	in_stock	20.49 EUR	Têtes Brulées	3517460337302	yes	new
1057	Jawbreaker Watermelon - 33 g	Le Jawbreaker Watermelon est un sachet de 5 bonbons durs à sucer au goût pastèque acide. Au centre, vous découvrirez un bubble-gum pour une sensation étonnante !	https://www.mesbonbons.net/fr/shop/copy-jawbreaker-watermelon---40-pices---1320-g	https://fladis.azureedge.net/erp/45423c8c-31a9-4df5-9c3d-da8f5ba12eee.jpg	in_stock	0.50 EUR	Jawbreaker	5011061115386	yes	new
1058	Jawbreaker Sour Apple - 40 pièces - 1320 g	Le Jawbreaker Sour est un sachet de 4 bonbons durs à sucer au goût pomme verte acide. Au centre, vous découvrirez un bubble-gum pour une sensation arrachante !	https://www.mesbonbons.net/fr/shop/jawbreaker-sour-apple---40-pices---1320-g	https://fladis.azureedge.net/erp/6f5b2aa9-1d13-4bee-b046-afaf42f77ada.jpg	in_stock	14.99 EUR	Jawbreaker	5011061015334	yes	new
1059	Têtes Brûlées Barre Fraise - 150 pièces - 1,5 kg	Les têtes brulées Barre au goût fraise très acide sont des bonbons qui arrachent la tête et donnent des sensations incroyables dans la bouche.	https://www.mesbonbons.net/fr/shop/ttes-brles-barre-fraise---150-pices---15-kg	https://fladis.azureedge.net/erp/36bf28e9-7277-4273-b084-0b2ed191eba9.jpg	in_stock	20.49 EUR	Têtes Brulées	3517460337401	yes	new
1063	Jawbreaker Strawberry - 40 pièces - 1320 g	Le Jawbreaker Strawberry est un sachet de 4 bonbons durs à sucer à la fraise acide. Au centre, vous découvrirez un bubble-gum pour une sensation arrachante !	https://www.mesbonbons.net/fr/shop/jawbreaker-strawberry---40-pices---1320-g	https://fladis.azureedge.net/erp/ac7b81c1-d500-42dd-b953-b5bb060bf0b1.jpg	in_stock	14.99 EUR	Jawbreaker	5011061015327	yes	new
1065	Jawbreaker On a stick - 15 pièces - 750 g	La Jawbreaker On a Stick c'est la célèbre boule de mammouth mais plantée sur un bâton. Dégustez plus facilement ses nombreuses couches de différentes couleurs qui apparaissent au fur et à mesure que vous la léchez! Au centre, vous découvrirez un bubble-gum pour une sensation étonnante !	https://www.mesbonbons.net/fr/shop/jawbreaker-on-a-stick---15-pices---900-g	https://fladis.azureedge.net/erp/c44123c6-1618-41c9-82fe-1ea53cfeb67a.jpg	out_of_stock	16.99 EUR	Jawbreaker	05011061060303	yes	new
1068	Têtes Brûlées Barre de Feu - 150 pièces - 1,5 kg	Les Têtes Brûlées Barres de Feu est une variante des célèbres bonbons Têtes Brûlées. Ces barres sont aux goûts Pomme/Cerise et Fruits Rouges. Attention, ça arrache !	https://www.mesbonbons.net/fr/shop/ttes-brles-barre-de-feu---150-pices---15-kg	https://fladis.azureedge.net/erp/83230e2f-a8e3-408b-b9bc-6c0e5b7a7ab7.jpg	in_stock	20.49 EUR	Têtes Brulées	3501275115965	yes	new
1072	Têtes Brûlées Barre Pomme - 150 pièces - 1,5 kg	Les têtes brulées Barre au goût pomme très acide sont des bonbons qui arrachent la tête et donnent des sensations incroyables dans la bouche.	https://www.mesbonbons.net/fr/shop/ttes-brles-barre-pomme---150-pices---15-kg	https://fladis.azureedge.net/erp/9b3e635f-d4bc-4d59-99ac-24d17ec4b1b4.jpg	in_stock	20.49 EUR	Têtes Brulées	3501271212071	yes	new
1073	Mammouth Jawbreaker - 18 pièces - 1470 g	La Mammouth Jawbreaker est une célèbre boule connue pour ses nombreuses couches de différentes couleurs qui apparaissent au fur et à mesure que vous la dégustez ! Au centre, vous découvrirez un bubble-gum pour une sensation étonnante !	https://www.mesbonbons.net/fr/shop/mammouth-jawbreaker---18-pices---1470-g	https://fladis.azureedge.net/erp/8a8d44ca-1aae-4ded-ba18-871e0d69b149.png	in_stock	22.49 EUR	Jawbreaker	5011061081322	yes	new
1078	Jawbreaker Tropical - 40 pièces - 1320 g	Le Jawbreaker Tropical est un sachet de 4 bonbons durs à sucer au goût tropical acide. Au centre, vous découvrirez un bubble-gum pour une sensation étonnante !	https://www.mesbonbons.net/fr/shop/jawbreaker-tropical---40-pices---1320-g	https://fladis.azureedge.net/erp/8c9f695b-685e-4dba-ba30-5b06735506a9.jpg	in_stock	14.99 EUR	Jawbreaker	5011061015310	yes	new
1080	Joris Zout - 1 kg	Les bonbons Joris Zout sont des petites gommes dures en forme de losange, saveur réglisse. Retrouvez le goût authentique d'une fabrication artisanale belge qui vous rappellera de nombreux souvenirs !	https://www.mesbonbons.net/fr/shop/joris-zout---1-kg	https://fladis.azureedge.net/erp/98c9b618-399b-4401-a0ae-e19ea4be0796.jpg	in_stock	18.99 EUR	Joris	5410404000226	yes	new
1081	Joris Gomme Pectorale Assortie - 1 kg	Les bonbons Joris Gommes Pectorales Assorties sont des petits bonbons durs aux goûts fruité et anisé/mentholé. Retrouvez le goût authentique d'une fabrication artisanale belge qui vous rappellera de nombreux souvenirs!	https://www.mesbonbons.net/fr/shop/joris-gomme-pectorale-assortie---1-kg	https://fladis.azureedge.net/erp/b0c39d4b-6498-45fb-b86c-634d017c6c35.jpg	in_stock	18.99 EUR	Joris	5410404000097	yes	new
1083	Têtes Brûlées Barre de Feu x 5 pièces	Les Têtes Brûlées Barres de Feu est une variante des célèbres bonbons Têtes Brûlées. Ces barres sont aux goûts Pomme/Cerise et Fruits Rouges. Attention, ça arrache !	https://www.mesbonbons.net/fr/shop/ttes-brles-barre-de-feu-x-5-pices	https://fladis.azureedge.net/erp/1fa8ad76-bdb1-4e99-9758-0fe54f48d1f5.jpg	in_stock	1.09 EUR	Têtes Brulées	3501275111806	yes	new
1087	Têtes Brûlées Barre Framboise - 150 pièces	Les têtes brulées Barre au goût framboise très acide sont des bonbons qui arrachent la tête et donnent des sensations incroyables dans la bouche.	https://www.mesbonbons.net/fr/shop/ttes-brles-barre-framboise---150-pices	https://fladis.azureedge.net/erp/a23a2eb6-beee-4d1c-b385-1dd3eb24da6c.jpg	in_stock	20.49 EUR	Têtes Brulées	3501271146093	yes	new
1095	Jawbreaker Jumbo 4 Flavour - 1634 g	Les Jumbo Jawbreaker 4 Ball Flavour Frenzy sont des boules de gomme difficiles à casser. Dur à l'extérieur, doux à l'intérieur, avec des saveurs différentes et des couches colorées et fruitées. En raison de toutes les différentes saveurs, l’expérience gustative est vraiment unique en son genre. Les boules de bonbons fondent lentement dans les coins de la bouche et laissent un arrière-goût aigre-doux.	https://www.mesbonbons.net/fr/shop/jawbreaker-jumbo-flavour-frenzy---1634-g	https://fladis.azureedge.net/erp/3bd0be27-bd16-4885-98b0-04a6334dceb9.png	in_stock	19.99 EUR	Jawbreaker	05011061071392	yes	new
1099	Haribo Mega Roulette - 40 pièces - 1,8 kg	Les Haribo Mega Roulette sont des petites pastilles molles aux goûts fruités, le tout conditionné dans un rouleau : Orange, fraise, citron, pomme, … il y en a pour tous les goûts !	https://www.mesbonbons.net/fr/shop/haribo-mega-roulette---40-pices---18-kg	https://fladis.azureedge.net/erp/401abaef-10c6-4ef6-8ae7-0f0941445aff.png	in_stock	21.49 EUR	Haribo	4001686372579	yes	new
1100	Haribo Mega Roulette - 45 g	Les Haribo Mega Roulette sont des petites pastilles molles aux goûts fruités, le tout conditionné dans un rouleau : Orange, fraise, citron, pomme, … il y en a pour tous les goûts !	https://www.mesbonbons.net/fr/shop/haribo-mega-roulette---45-g	https://fladis.azureedge.net/erp/1699940b-7858-4ff9-9957-156e1a04b5d4.jpg	in_stock	1.00 EUR	Haribo	4001686372586	yes	new
1102	Haribo Mega Roulette Fizz - 40 pièces - 1,8 kg	Les Haribo Mega Roulette Fizz sont des petites pastilles molles acidulées aux goûts fruités, le tout conditionné dans un rouleau : Orange, fraise, citron, pomme, … il y en a pour tous les goûts !	https://www.mesbonbons.net/fr/shop/haribo-mega-roulette-sour---40-pices---18-kg	https://fladis.azureedge.net/erp/694102da-0a5f-4dff-930f-e5924d55ff87.png	in_stock	21.49 EUR	Haribo	4001686372968	yes	new
1103	Haribo Mega Roulette Fizz - 45 g	Les Haribo Mega Roulette Fizz sont des petites pastilles molles acidulées aux goûts fruités, le tout conditionné dans un rouleau : Orange, fraise, citron, pomme, … il y en a pour tous les goûts !	https://www.mesbonbons.net/fr/shop/haribo-mega-roulette-sour---45-g	https://fladis.azureedge.net/erp/69613dcc-81ca-4eb4-8f65-4e48a45ddea4.png	in_stock	1.00 EUR	Haribo	4001686372975	yes	new
1132	Haribo Cool Bananas - 100g	Goûtez les Haribo banane, bonbons tendres sucrés à la forme et au délicieux goût de banane.	https://www.mesbonbons.net/fr/shop/haribo-cool-bananas---100g	https://fladis.azureedge.net/erp/9aff77eb-7a1f-49fb-a154-8f8d9a011146.png	in_stock	1.99 EUR	Haribo	4001686423325	yes	new
1134	Crazy Dips Sucette Cola - 14 g	La sucette Crazy Dips Cola est une sucette étonnante et amusante. Léchez le bonbon, trempez-le dans sa poudre au goût cola pour une sensation d'autant plus arrachante.	https://www.mesbonbons.net/fr/shop/crazy-dips-sucette-cola---14-g	https://fladis.azureedge.net/erp/9d355316-7a79-40c3-b76f-13a26c88b373.jpg	in_stock	0.50 EUR	Chupa Chups	8410031953909	yes	new
1163	Crazy Dips Sucette Fraise - 24 pièces - 336 g	La sucette Crazy Dips Fraise est une sucette étonnante et amusante. Léchez le bonbon, trempez-le dans sa poudre au goût fraise pour une sensation d'autant plus arrachante.	https://www.mesbonbons.net/fr/shop/crazy-dips-sucette-fraise-ddm-1125-24-pieces-336-g	https://fladis.azureedge.net/erp/8b3038d0-b9d7-4f96-b4f1-42da1c86e956.jpg	in_stock	11.99 EUR	Chupa Chups	8410031953930	yes	new
1176	Crazy Dips Sucette Fraise - 14 g	La sucette Crazy Dips Fraise est une sucette étonnante et amusante. Léchez le bonbon, trempez-le dans sa poudre au goût fraise pour une sensation d'autant plus arrachante.	https://www.mesbonbons.net/fr/shop/crazy-dips-sucette-fraise---24-pieces---14-g	https://fladis.azureedge.net/erp/8b3038d0-b9d7-4f96-b4f1-42da1c86e956.jpg	in_stock	0.50 EUR	Chupa Chups	8410031953893	yes	new
1177	Frizzy Pazzy Fraise Chewing Gum - 50 pièces - 350 g	Des grains qui crépitent dès que vous les posez sur votre langue et qui se transforment en un délicieux chewing-gum à la fraise c'est explosif !!!	https://www.mesbonbons.net/fr/shop/frizzy-pazzy-fraise-chewing-gum---50-pieces---350-g	https://fladis.azureedge.net/erp/c9457da2-e707-493e-b7a9-f2789ea0368a.jpg	in_stock	21.49 EUR	Frizzy Pazzy	8410576003268	yes	new
1178	Frizzy Pazzy Fraise Chewing Gum - 7 g	Des grains qui crépitent dès que vous les posez sur votre langue et qui se transforment en un délicieux chewing-gum à la fraise c'est explosif !!!	https://www.mesbonbons.net/fr/shop/frizzy-pazzy-fraise-chewing-gum---7-g	https://fladis.azureedge.net/erp/0b97ba2e-12ef-44a2-80f3-61af9121685c.jpg	in_stock	0.50 EUR	Frizzy Pazzy	8410576003275	yes	new
1183	Joris Menthol+ - 1 kg	Les bonbons Joris Menthol+ sont des petites gommes dures aux goûts de menthe et réglisse. Retrouvez le goût authentique d'une fabrication artisanale belge qui vous rappellera de nombreux souvenirs!	https://www.mesbonbons.net/fr/shop/joris-menthol---1-kg	https://fladis.azureedge.net/erp/8b2687f4-ebd6-4cc6-aad2-e3760cd52f27.jpg	in_stock	18.99 EUR	Joris	5410404000066	yes	new
1185	Mentos Fruit - 40 pièces - 37,5 g	Craquez pour les savoureux bonbons Mentos Fruit aux goûts de fraise, orange et citron. Leur enrobage si croquant à l'extérieur révèle un coeur tendre et savoureux, aux arômes délicieusement fruités!	https://www.mesbonbons.net/fr/shop/mentos-fruit---40-pices---375-g	https://fladis.azureedge.net/erp/89f482f4-413a-415d-bbf3-0e86bc1665c5.jpg	in_stock	39.99 EUR	Mentos	8723400775645	yes	new
1189	Joris Bouteille Cola Sans Sucre - 1 kg	Les bonbons Joris Bouteille Cola Sans Sucre sont des petites gommes tendres au goût de cola. Retrouvez le goût authentique d'une fabrication artisanale belge qui vous rappellera de nombreux souvenirs!	https://www.mesbonbons.net/fr/shop/joris-bouteille-cola-sans-sucre---1-kg	https://fladis.azureedge.net/erp/6e4c27be-b4b7-4731-b4e8-fac96df6e471.jpg	in_stock	16.49 EUR	Joris	5410404040048	yes	new
1193	Lutti Tubble Gum Color Framboise - 35 g	Le Lutti Tubble Gum Framboise est un tube de chewing gum marrant et facile à emporter partout avec vous. Prenez-en une bonne dose et gagner le concours de bulles !	https://www.mesbonbons.net/fr/shop/lutti-tubble-gum-color-framboise---35-g	https://fladis.azureedge.net/erp/53fac366-f1c0-48d1-a988-62de2b0728cf.jpg	in_stock	1.00 EUR	Lutti	3116740030928	yes	new
1197	Lutti Tubble Gum Tutti Frutti - 36 pièces - 1260 g	Le Lutti Tubble Gum Tutti Frutti est un tube de chewing gum marrant et facile à emporter partout avec vous. Prenez-en une bonne dose et gagner le concours de bulles !	https://www.mesbonbons.net/fr/shop/lutti-tubble-gum-tutti-frutti---36-pieces---1260-g	https://fladis.azureedge.net/erp/2480a38c-05f8-4872-82ac-f4ae8b6f252b.jpg	in_stock	32.49 EUR	Lutti	3116740013143	yes	new
1198	Lutti Tubble Gum Tutti Frutti - 35 g	Le Lutti Tubble Gum Tutti Frutti est un tube de chewing gum marrant et facile à emporter partout avec vous. Prenez-en une bonne dose et gagner le concours de bulles !	https://www.mesbonbons.net/fr/shop/lutti-tubble-gum-tutti-frutti---35-g	https://fladis.azureedge.net/erp/2480a38c-05f8-4872-82ac-f4ae8b6f252b.jpg	in_stock	1.00 EUR	Lutti	3116740015536	yes	new
1201	Joris Ours Sans Sucre - 1 kg	Les bonbons Joris Ours Sans Sucre sont des petites gommes tendres au goût fruité. Retrouvez le goût authentique d'une fabrication artisanale belge qui vous rappellera de nombreux souvenirs!	https://www.mesbonbons.net/fr/shop/joris-ours-sans-sucre---1-kg	https://fladis.azureedge.net/erp/19eae75a-c42b-4821-86ff-fb26558bdcc6.jpg	in_stock	16.49 EUR	Joris	5410404040512	yes	new
1203	Lutti Roll Up Fraise - 29 g	Déroulez le fameux chewing-gum à la fraise puis dégustez le comme vous le souhaitez !	https://www.mesbonbons.net/fr/shop/lutti-roll-up-fraise---29-g	https://fladis.azureedge.net/erp/bcbd4564-6d18-46c8-b407-b9dd3082eeac.jpg	in_stock	1.25 EUR	Lutti	3116740016519	yes	new
1204	Joris Souris Sans Sucre - 1 kg	Les bonbons Joris Souris Sans Sucre sont des petites gommes tendres au goût fruité. Retrouvez le goût authentique d'une fabrication artisanale belge qui vous rappellera de nombreux souvenirs!	https://www.mesbonbons.net/fr/shop/joris-souris-sans-sucre---1-kg	https://fladis.azureedge.net/erp/0f648b88-0222-414b-b1f1-4f4d2507fccf.jpg	in_stock	16.49 EUR	Joris	5410404040444	yes	new
1206	Lutti Roll Up Tutti Frutti - 29 g	Déroulez le fameux chewing-gum Tutti Frutti puis dégustez le comme vous le souhaitez !	https://www.mesbonbons.net/fr/shop/lutti-roll-up-tutti-frutti---29-g	https://fladis.azureedge.net/erp/fd578d63-0cf1-4355-9e02-c7ba074106a6.jpg	out_of_stock	1.25 EUR	Lutti	3116740015642	yes	new
1208	Joris Cerise Lavée Sans Sucre - 1 kg	Les bonbons Joris Cerise Lavée Sans Sucre sont des petites gommes tendres au goût de cerise. Retrouvez le goût authentique d'une fabrication artisanale belge qui vous rappellera de nombreux souvenirs!	https://www.mesbonbons.net/fr/shop/joris-cerise-lavee-sans-sucre---1-kg	https://fladis.azureedge.net/erp/533b4b28-c627-450c-883e-1f0f062b4f33.jpg	in_stock	16.49 EUR	Joris	5410404040413	yes	new
1263	Sweet Cuberdon Ananas - 2 kg	Le cuberdon est une friandise en forme de cône avec un cœur fondant de coulis d'ananas. Ce bonbon est un succès typiquement belge depuis des décennies.	https://www.mesbonbons.net/fr/shop/cuberdon-ananas---2-kg	https://fladis.azureedge.net/erp/b6f34730-c0a5-40a0-bb81-c561b4ffda80.png	out_of_stock	27.99 EUR	Sweet Cuberdons	5425017602217	yes	new
1269	Sweet Cuberdon Cerise - 2 kg	Le cuberdon est une friandise en forme de cône avec un cœur fondant de coulis de cerise. Ce bonbon est un succès typiquement belge depuis des décennies.	https://www.mesbonbons.net/fr/shop/cuberdon-cerise---2-kg	https://fladis.azureedge.net/erp/91964e1c-6a8f-43fb-b3cd-4310bb87a43f.png	out_of_stock	27.99 EUR	Sweet Cuberdons	5425017602262	yes	new
1270	Sweet Cuberdon Citron - 2 kg	Le cuberdon est une friandise en forme de cône avec un cœur fondant de coulis de citron. Ce bonbon est un succès typiquement belge depuis des décennies.	https://www.mesbonbons.net/fr/shop/cuberdon-citron---2-kg	https://fladis.azureedge.net/erp/92d038ed-6fd3-40b9-8f85-9adbaf2f5b2b.png	out_of_stock	27.99 EUR	Sweet Cuberdons	5425017602286	yes	new
1272	Fini Booom Vampire Bubble Gum - 200 pièces	Le Fini Booom Vampire Bubble Gum est un bonbon dur avec un chewing-gum à l'intérieur extra acidulé, très apprécié des enfants.	https://www.mesbonbons.net/fr/shop/fini-booom-vampire-bubble-gum---200-pices	https://fladis.azureedge.net/erp/3af62419-801c-4139-ac71-f28c686b9c07.jpg	in_stock	16.99 EUR	Fini	8410525215094	yes	new
1274	Sweet Cuberdon Framboise - 2 kg	Le cuberdon est une friandise en forme de cône avec un cœur fondant de coulis de framboise. Ce bonbon est un succès typiquement belge depuis des décennies.	https://www.mesbonbons.net/fr/shop/cuberdon-framboise---2-kg	https://fladis.azureedge.net/erp/d43dfb68-0286-4bc8-8437-f421c029a0d6.png	in_stock	27.99 EUR	Sweet Cuberdons	5425017600008	yes	new
1284	Sweet Cuberdon Pomme - 2 kg	Le cuberdon est une friandise en forme de cône avec un cœur fondant de coulis de pomme. Ce bonbon est un succès typiquement belge depuis des décennies.	https://www.mesbonbons.net/fr/shop/cuberdon-pomme---2-kg	https://fladis.azureedge.net/erp/a0d4a9ac-f205-4114-acdb-424e3ce38b29.png	in_stock	27.99 EUR	Sweet Cuberdons	5425017602446	yes	new
1285	Sweet Cuberdon Violette - 2 kg	Le cuberdon est une friandise en forme de cône avec un cœur fondant de coulis de violette. Ce bonbon est un succès typiquement belge depuis des décennies.	https://www.mesbonbons.net/fr/shop/cuberdon-violette---2-kg	https://fladis.azureedge.net/erp/8409dc34-79ec-40d3-8e53-1e0f5ccd885e.png	in_stock	27.99 EUR	Sweet Cuberdons	5425017602477	yes	new
1295	Geldhof Grand Cuberdon Framboise - 2 kg	Le cuberdon est une friandise en forme de cône avec un cœur fondant de coulis de framboise. Ce bonbon est un succès typiquement belge depuis des décennies. La Date Limite d'Utilisation Optimale présente sur les Cuberdons Geldhof sont exceptionnellement courtes et dépassent rarement les 5 semaines. En effet, la marque Geldhof considère que son produit est optimal à la consommation quand la croûte du Cuberdon ne dépasse pas une certaine épaisseur. Malheureusement, le sucre cristallise rapidement et la croûte s’épaissit. La date inscrite sur la boîte est donc la date prévisionnelle à laquelle la croûte sera plus épaisse que la mesure définie par Geldhof. La Date Limite d'Utilisation Optimale prévient le consommateur d'une éventuelle perte de goût ou de texture du produit, c'est-à-dire qu'après cette date, le produit peut avoir perdu une partie de ses qualités gustatives ou nutritives, mais reste consommable sans danger pour la santé.	https://www.mesbonbons.net/fr/shop/geldhof-grand-cuberdon-framboise---2-kg	https://fladis.azureedge.net/erp/54440e10-abb1-474e-9753-fb067b1821b6.jpg	in_stock	36.99 EUR	Geldhof	5410391393455	yes	new
1319	Haribo Grenouille Tubo - 150 pièces - 1,05 kg	Les bonbons Haribo Grenouille sont des bonbons qui en quelques bonds se retrouveront dans votre bouche. Goûtez aux délicieux goûts pêche et fruit de la passion.	https://www.mesbonbons.net/fr/shop/haribo-grenouille-tubo---150-pieces---105-kg	https://fladis.azureedge.net/erp/6acf01e1-5823-4c9a-b391-5bc78fa42006.png	in_stock	11.99 EUR	Haribo	4001686472361	yes	new
1320	Haribo Happy Cola Tubo - 150 pièces - 1,2 kg	Savourez ces délicieux et célèbres bonbons Haribo! Ces bonbons en forme de bouteilles vous procurera un bon goût de coca en bouche.	https://www.mesbonbons.net/fr/shop/haribo-happy-cola-tubo---150-pieces---12-kg	https://fladis.azureedge.net/erp/aa8081b9-c55c-491f-9549-8579da4d680f.png	in_stock	11.99 EUR	Haribo	4001686315613	yes	new
1323	Haribo Nains Tubo - 150 pièces - 1,35 kg	Les Nains de chez Haribo sont des petits personnages tout bleus, tout joyeux et tout savoureux.	https://www.mesbonbons.net/fr/shop/haribo-nains-tubo---150-pieces---135-kg	https://fladis.azureedge.net/erp/283b14f8-a1e2-4ef6-8c29-e9b9b49c6def.png	in_stock	11.99 EUR	Haribo	4001686370605	yes	new
1324	Joris Cœur Rouge - 1 kg	Les Joris Cœur rouge sont des petites gommes rouges molles au bon goût de fruits rouges.	https://www.mesbonbons.net/fr/shop/joris-coeur-rouge---1-kg	https://fladis.azureedge.net/erp/39a1d4ef-4166-4763-845b-b5420fe25dda.jpg	in_stock	14.99 EUR	Joris	5410404027650	yes	new
1327	Haribo Rotella Fruit Tubo - 150 pièces - 1,2 kg	Savourez chaque centimètre de ces lacets colorés au goût de fruits en forme de yo-yo !	https://www.mesbonbons.net/fr/shop/haribo-rotella-fruit-tubo---150-pieces---12-kg	https://fladis.azureedge.net/erp/1bb0192b-708c-419c-bd48-795d7b145ee0.png	in_stock	11.99 EUR	Haribo	4001686365854	yes	new
1329	Haribo Happy Cherries Tubo - 150 pièces - 1,2 kg	Les bonbons Haribo Happy Cherries sont les cerises les plus connues. Toujours par deux, elles en feront craquer plus d'un avec leur délicieux goût fruité !	https://www.mesbonbons.net/fr/shop/haribo-happy-cherries-tubo---150-pieces---12-kg	https://fladis.azureedge.net/erp/36adf796-c649-4419-a0db-1bc2a125c695.png	in_stock	11.99 EUR	Haribo	4001686309025	yes	new
1335	Haribo Happy Peaches Tubo - 150 pièces - 1,35 kg	La pêche dans toute sa splendeur avec son goût, sa forme et ses couleurs reconnaissables au premier coup d'œil. Haribo en à fait un plaisir sucré à succès.	https://www.mesbonbons.net/fr/shop/haribo-happy-peaches-tubo---150-pieces---135-kg	https://fladis.azureedge.net/erp/80ddf72e-73f5-4046-8318-f28e141bd39f.png	in_stock	11.99 EUR	Haribo	4001686380031	yes	new
1336	Joris Meli-Melo Sucré Orange - 1 kg	Les Joris meli-melo orange sont des petites gommes orange sucrées au bon goût d'orange.	https://www.mesbonbons.net/fr/shop/joris-meli-melo-sucre-orange---1-kg	https://fladis.azureedge.net/erp/40016d4f-3fda-4827-bbcb-6b40ff9ac40d.jpg	in_stock	13.99 EUR	Joris	5410404024338	yes	new
1337	Haribo Cherry Cola Tubo - 150 pièces - 1,35 kg	Dégustez les Haribo Bouteilles Cola cherry, bonbons gélifiés en forme de bouteille et au goût cola et cherry.	https://www.mesbonbons.net/fr/shop/haribo-cherry-cola-tubo---150-pieces---135-kg	https://fladis.azureedge.net/erp/405b1471-404f-4ea4-949c-edb1663af648.png	in_stock	11.99 EUR	Haribo	4001686395028	yes	new
1342	Joris Meli-Melo Sucré Mauve - 1 kg	Les Joris meli-melo mauve sont des petites gommes violette sucrées au bon goût de violette.	https://www.mesbonbons.net/fr/shop/joris-meli-melo-sucre-mauve---1-kg	https://fladis.azureedge.net/erp/d25bd1ae-0176-417d-b6d6-68b419ec880f.jpg	in_stock	13.99 EUR	Joris	5410404024369	yes	new
1343	Joris Meli-Melo Sucré Vert - 1 kg	Les Joris meli-melo vert sont des petites gommes verte sucrées au bon goût de poire.	https://www.mesbonbons.net/fr/shop/joris-meli-melo-sucre-vert---1-kg	https://fladis.azureedge.net/erp/76c17662-a33d-4ca8-8bf3-83185d7eb6ac.jpg	in_stock	13.99 EUR	Joris	5410404024383	yes	new
1345	Joris Ours Acidulé - 800 g	Les bonbons Joris Ours Acidulé sont des petites gommes tendres aux goûts d'Ananas, Citron, Poire, Orange, Fruits des bois, Cerise. Retrouvez le goût authentique d'une fabrication artisanale belge qui vous rappellera de nombreux souvenirs!	https://www.mesbonbons.net/fr/shop/joris-ours-acidule---800-g	https://fladis.azureedge.net/erp/29a47eba-178a-431e-8880-6155bffeedcb.jpg	in_stock	13.99 EUR	Joris	5410404800543	yes	new
1346	Lollywood Tapis Citrique Pomme Tubo - 1,72 kg	Faites vous plaisir avec les Lollywood Tapis Pomme parsemés de sucre citrique au goût pomme !	https://www.mesbonbons.net/fr/shop/lollywood-tapis-citrique-pomme-tubo---172-kg	https://fladis.azureedge.net/erp/3f267c6e-1157-48ae-b3eb-695e04b2cd29.png	out_of_stock	17.69 EUR	Lollywood	5420001505154	yes	new
1362	Lollywood Tapis Citrique Cola Tubo - 1,72 kg	Faites vous plaisir avec Lollywood Tapis cola, tapis parsemés de sucre citrique au goût cola !	https://www.mesbonbons.net/fr/shop/lollywood-tapis-citrique-cola-tubo---172-kg	https://fladis.azureedge.net/erp/94b815af-c574-49db-9d30-2e572adac81b.png	out_of_stock	17.69 EUR	Lollywood	5420001505161	yes	new
1363	Lollywood Tapis Citrique Framboise Tubo - 1,72 kg	Faites vous plaisir avec les Lollywood Tapis framboise parsemés de sucre citrique au goût framboise !	https://www.mesbonbons.net/fr/shop/lollywood-tapis-citrique-framboise-tubo---172-kg	https://fladis.azureedge.net/erp/4be1c842-c506-4e15-b17e-7b6c2665b3f5.png	in_stock	17.69 EUR	Lollywood	5420001505772	yes	new
1365	Lollywood Tapis Citrique Fraise Tubo - 1,72 kg	Faites vous plaisir avec les Lollywood Tapis fraise parsemés de sucre citrique au goût fraise !	https://www.mesbonbons.net/fr/shop/lollywood-tapis-citrique-fraise-tubo---172-kg	https://fladis.azureedge.net/erp/d3690654-44ef-47aa-843d-53da76d90fc8.jpg	out_of_stock	17.69 EUR	Lollywood	5420001505147	yes	new
1419	Fruit-tella Summer Fruits - 3 kg	Les classiques de Fruit-tella est une explosion de saveurs estivales dans chaque bouchée. Ce mélange de fruits vous propose de la fraise, du citron et de l'orange qui vous transporte instantanément sous le soleil éclatant de l'été. Avec sa combinaison équilibrée de douceur et de fraîcheur, ce mélange est parfait pour savourer une pause estivale pleine de délices fruités.	https://www.mesbonbons.net/fr/shop/fruit-tella-summer-fruits---3-kg	https://fladis.azureedge.net/erp/91dfac9c-c6fc-4071-bd4e-d423d06167b1.jpg	in_stock	34.99 EUR	Fruit-tella	8723400797531	yes	new
1438	Sweet Party Tapis Fraise Citrique - 1,7 kg	Bonbon en forme de tapis au goût de fraise et acidulé.	https://www.mesbonbons.net/fr/shop/sweet-party-tapis-fraise-citrique---200-pices	https://fladis.azureedge.net/erp/c1bcf5f7-05ba-4283-af9d-dbdf05d7dd1e.png	in_stock	13.99 EUR	Sweet Party	5413128354811	yes	new
1453	Napoléon Citron - 1 kg	Les connaisseurs en citron s'étonneront de ce bonbon Napoléon, bousculé par l'arrivée de leur fruit préféré. A tester absolument !	https://www.mesbonbons.net/fr/shop/napoleon-citron---1-kg	https://fladis.azureedge.net/erp/c5855a27-780b-47a0-9eff-f3574bb2b616.png	in_stock	15.49 EUR	Napoléon	5410338112569	yes	new
1457	Napoléon Framboise - 1 kg	Les connaisseurs en framboise s'étonneront de ce bonbon Napoléon, bousculé par l'arrivée de leur fruit préféré. A tester absolument !	https://www.mesbonbons.net/fr/shop/napoleon-framboise---1-kg	https://fladis.azureedge.net/erp/8ff4b1a1-43bc-42b4-b6c4-1954deb08275.png	in_stock	15.49 EUR	Napoléon	8717399031479	yes	new
1458	Napoléon Mix Fruit - 1 kg	Les Napoléon Fruitmix sont de délicieux bonbons acidulés offrant une variétés offrant une variété de saveurs fruitées. Chaque bonbon offre une explosion de goûts vifs et rafraîchissants avec leur texture à la fois douce et légèrement acidulée en fait une expérience gustative irrésistible pour les amateurs de bonbons fruités.	https://www.mesbonbons.net/fr/shop/napoleon-mix-fruit---1-kg	https://fladis.azureedge.net/erp/85d60e1c-7c8a-4cc1-a441-e1e1b02cbb6b.png	in_stock	15.49 EUR	Napoléon	5410338114280	yes	new
1461	Napoléon Tropical - 1 kg	Les Napoléon Tropical sont de délicieux bonbons exotiques qui vous apporteront instantanément sous les tropiques. Leur mélange de saveurs tropicales, telles que la mangue, le litchi, la goyave, le melon et le pamplemousse vous apporteront une expérience gustative rafraîchissante et exotique. Ces bonbons sont parfaits pour ceux qui recherchent une escapade fruitée et ensoleillée à chaque bouchée.	https://www.mesbonbons.net/fr/shop/napoleon-tropical---1-kg	https://fladis.azureedge.net/erp/8c96f366-437c-41a8-9392-de7c5fe1f9d1.png	in_stock	15.49 EUR	Napoléon	8717399037518	yes	new
1471	Dr. Tom's Eucalyptus-Menthol - 1 kg	Le bonbon Dr. Tom's Eucalyptus-Menthol est un bonbon super rafraichissant pour une haleine impeccable!	https://www.mesbonbons.net/fr/shop/dr-toms-eucalytus-menthol---1-kg	https://fladis.azureedge.net/erp/84bb3b91-ff9f-48e6-8bac-db52489ca2a7.png	in_stock	14.49 EUR	Dr. Tom's	8717399031394	yes	new
1479	Damel Jumbo Stick Fraise Citrique Tubo - 30 pièces	Long et large bonbon en forme de cylindre, avec son bon goût de fraise citrique et son cœur crémeux, le Damel Jumbo stick fraise citrique vous fera craquer !	https://www.mesbonbons.net/fr/shop/damel-jumbo-stick-fraise-citrique-tubo---30-pieces	https://fladis.azureedge.net/erp/6c8f6f1c-41fb-405b-92d0-6c0540fd8335.jpg	in_stock	13.99 EUR	Damel	8411500110038	yes	new
1521	Sucette Swigle Pop Bubble Gum - 50 pièces - 600 g	Les sucettes Swigle Pop Bubble Gum sont des sucettes colorées pour un plaisir sucré !	https://www.mesbonbons.net/fr/shop/sucette-swigle-pop-bubble-gum---50-pieces---600-g	https://fladis.azureedge.net/erp/2f6ed08e-fe5c-422e-824a-30e023390534.jpg	in_stock	12.99 EUR	Swigle POP	8717371587659	yes	new
1534	Sucette Swigle Pop Fruit - 50 pièces - 600 g	Les sucettes Swigle Pop Fruit sont des sucettes colorées pour un plaisir sucré !	https://www.mesbonbons.net/fr/shop/sucette-swigle-pop-fruit---50-pieces---600-g	https://fladis.azureedge.net/erp/1e94d490-6c97-4351-8b2d-c8fd7349d8c0.jpg	in_stock	12.99 EUR	Swigle POP	8717371586959	yes	new
1543	Holland Foodz - Sucette Fruit - 200 pièces	Un paquet de 200 sucettes aux goûts fruités à partager entre copains !	https://www.mesbonbons.net/fr/shop/holland-foodz---sucette-fruit---200-pieces	https://fladis.azureedge.net/erp/31ae5621-c1a9-4118-8502-0c82a9bd4725.png	in_stock	12.99 EUR	Holland Foodz	8711601014656	yes	new
1544	Sucette Swigle Pop Pink Lemonade - 50 pièces - 600 g	Les sucettes Swigle Pop Pink Limonade sont des sucettes colorées pour un plaisir sucré !	https://www.mesbonbons.net/fr/shop/sucette-swigle-pop-pink-lemonade---50-pieces---600-g	https://fladis.azureedge.net/erp/94f565a8-bd07-4765-97d3-54b08362955f.jpg	in_stock	12.99 EUR	Swigle POP	8717371587635	yes	new
1548	Sucette Swigle Pop Watermelon - 50 pièces - 600 g	Les sucettes Swigle Pop Watermelon sont des sucettes colorées au goût pastèque !	https://www.mesbonbons.net/fr/shop/sucette-swigle-pop-watermelon---50-pieces---600-g	https://fladis.azureedge.net/erp/e644c6b1-2b93-4b29-8129-723ed8249286.jpg	in_stock	12.99 EUR	Swigle POP	8717371587628	yes	new
1550	Sucette Swigle Pop Hearts - 50 pièces - 600 g	Les sucettes Swigle Pop Hearts sont des sucettes colorées pour un plaisir sucré !	https://www.mesbonbons.net/fr/shop/sucette-swigle-pop-hearts---50-pieces---600-g	https://fladis.azureedge.net/erp/e6f540a5-5db6-409e-bb91-7474a5ad0e9d.jpg	in_stock	12.99 EUR	Swigle POP	8717371586966	yes	new
1554	Sucette Swigle Stick Watermelon - 50 pièces - 500 g	Les sticks Swigle Watermelon sont des bâtons colorés au goût pastèque !	https://www.mesbonbons.net/fr/shop/sucette-swigle-stick-watermelon---50-pieces---500-g	https://fladis.azureedge.net/erp/8d172ac5-ead1-47fb-a4e9-5d3a51d34cea.jpg	in_stock	9.99 EUR	Swigle POP	8717371582814	yes	new
1557	Sucette Swigle Stick Strawberry - 50 pièces - 500 g	Les sticks Swigle Strawberry sont des bâtons colorés au goût fraise.	https://www.mesbonbons.net/fr/shop/sucette-swigle-stick-strawberry---50-pieces---500-g	https://fladis.azureedge.net/erp/647efd9f-8d23-4a53-a05f-a964d4d119d6.jpg	in_stock	9.99 EUR	Swigle POP	8717371582791	yes	new
1563	Joris Ours Acidulé - 100 g	Les bonbons Joris Ours Acidulé sont des petites gommes tendres aux goûts d'Ananas, Citron, Poire, Orange, Fruits des bois, Cerise. Retrouvez le goût authentique d'une fabrication artisanale belge qui vous rappellera de nombreux souvenirs!	https://www.mesbonbons.net/fr/shop/joris-ours-acidule---100-g	https://fladis.azureedge.net/erp/2c27f332-1809-4bda-a3a7-67375205f02f.png	in_stock	1.79 EUR	Joris	5410404011543	yes	new
1564	Joris Méli-Mélo - 125 g	Les bonbons Joris Méli-Mélo sont des petites gommes tendres aux goûts d'Ananas, Citron, Poire, Orange, Fruits des bois, Cerise et Violette. Retrouvez le goût authentique d'une fabrication artisanale belge qui vous rappellera de nombreux souvenirs!	https://www.mesbonbons.net/fr/shop/joris-meli-melo---125-g	https://fladis.azureedge.net/erp/7aa881c8-96e4-44da-9b8d-9e713d53ce31.png	in_stock	1.79 EUR	Joris	5410404011437	yes	new
1565	Joris Ourson - 125 g	Les bonbons Joris Oursons sont des petites gommes tendres aux goûts d'Ananas, Citron, Poire, Orange, Fruits des bois, Cerise. Retrouvez le goût authentique d'une fabrication artisanale belge qui vous rappellera de nombreux souvenirs!	https://www.mesbonbons.net/fr/shop/joris-ourson---125-g	https://fladis.azureedge.net/erp/318b50d3-be3e-4be1-b2ca-5b16195ec024.png	in_stock	1.79 EUR	Joris	5410404011512	yes	new
1566	Joris Cerise Lavée - 130 g	Les bonbons Joris Cerises Lavées sont des petites gommes dures au goût de cerise. Retrouvez le goût authentique d'une fabrication artisanale belge qui vous rappellera de nombreux souvenirs!	https://www.mesbonbons.net/fr/shop/joris-cerise-lavee---130-g	https://fladis.azureedge.net/erp/4adad5a8-a336-4ed4-acf7-eff5549af0b2.png	in_stock	2.39 EUR	Joris	5410404131111	yes	new
1567	Joris Gomme Verte - 130 g	Les bonbons Joris Gommes Vertes sont des petites gommes tendres aux goûts d'eucalyptus et menthol. Retrouvez le goût authentique d'une fabrication artisanale belge qui vous rappellera de nombreux souvenirs!	https://www.mesbonbons.net/fr/shop/joris-gomme-verte---130-g	https://fladis.azureedge.net/erp/2070bfcd-51a0-494d-a655-71a2093c1be7.png	in_stock	2.39 EUR	Joris	5410404131050	yes	new
1568	Joris Belga - 130 g	Les bonbons Joris Belgas sont des petites gommes noires au goût de réglisse. Retrouvez le goût authentique d'une fabrication artisanale belge qui vous rappellera de nombreux souvenirs!	https://www.mesbonbons.net/fr/shop/joris-belga---130-g	https://fladis.azureedge.net/erp/36ed7f3b-4033-49c5-a266-31a5bbbd9917.png	in_stock	2.39 EUR	Joris	5410404131180	yes	new
1569	Joris Souris - 125 g	Les bonbons Joris Souris sont des petites gommes tendres huilées au goût de fruits très prononcé. Retrouvez le goût authentique d'une fabrication artisanale belge qui vous rappellera de nombreux souvenirs!	https://www.mesbonbons.net/fr/shop/joris-souris---125-g	https://fladis.azureedge.net/erp/1549147e-156f-418f-b691-a85eecad5605.png	in_stock	1.79 EUR	Joris	5410404011444	yes	new
1570	Joris Menthol+ - 130 g	Les bonbons Joris Menthol+ sont des petites gommes dures aux goûts de menthe et réglisse. Retrouvez le goût authentique d'une fabrication artisanale belge qui vous rappellera de nombreux souvenirs!	https://www.mesbonbons.net/fr/shop/joris-menthol---130-g	https://fladis.azureedge.net/erp/33f7a08f-e5d9-41a2-8f08-fa59c13632cf.png	in_stock	2.39 EUR	Joris	5410404131067	yes	new
1571	Joris Carré Menthe - 125 g	Les bonbons Joris Carré Menthe sont des petits carrés de sucre fondant à la menthe. Retrouvez le goût authentique d'une fabrication artisanale belge qui vous rappellera de nombreux souvenirs!	https://www.mesbonbons.net/fr/shop/joris-carre-menthe---125-g	https://fladis.azureedge.net/erp/b5f267dc-cd2c-4644-83a1-da47959c6015.png	in_stock	1.79 EUR	Joris	5410404011482	yes	new
1572	Sucette Swigle Stick Pink Lemonade - 50 pièces - 500 g	Les sticks Swigle Pink Limonade sont des bâtons colorés pour un plaisir sucré !	https://www.mesbonbons.net/fr/shop/sucette-swigle-stick-pink-lemonade---50-pieces---500-g	https://fladis.azureedge.net/erp/1e88a2a5-7116-4da0-9df7-1ae909d850e1.jpg	in_stock	9.99 EUR	Swigle POP	8717371582821	yes	new
1578	Sucette Swigle Stick Bubble Gum - 50 pièces - 500 g	Les sticks Swigle Bubble Gum sont des bâtons colorés pour un plaisir sucré !	https://www.mesbonbons.net/fr/shop/sucette-swigle-stick-bubble-gum---50-pieces---500-g	https://fladis.azureedge.net/erp/818bf5ab-c1fd-4f84-89f3-4f4eee105b8a.jpg	in_stock	9.99 EUR	Swigle POP	8717371582845	yes	new
1591	Sucette Swigle Stick Fruit - 50 pièces - 500 g	Les sticks Swigle Fruit sont des bâtons colorés pour un plaisir sucré !	https://www.mesbonbons.net/fr/shop/sucette-swigle-stick-fruit---50-pieces---500-g	https://fladis.azureedge.net/erp/4a7e8896-abe1-4a39-9831-e23858ea2987.jpg	in_stock	9.99 EUR	Swigle POP	8717371582852	yes	new
1593	Joris Souris Noire - 125 g	Les bonbons Joris Souris noires sont des petites souris tendres au goût d'anis. Retrouvez le goût authentique d'une fabrication artisanale belge qui vous rappellera de nombreux souvenirs!	https://www.mesbonbons.net/fr/shop/joris-souris-noire---125-g	https://fladis.azureedge.net/erp/d761a802-4c6c-4c4b-8192-9e57cf7192f0.png	in_stock	1.79 EUR	Joris	5410404011505	yes	new
1607	Lollywood Sucette Massue Cola - 100 pièces	La sucette Massue est un souvenir incontournable de notre enfance. Son délicieux goût cola saura vous ravir à chaque fois !	https://www.mesbonbons.net/fr/shop/lollywood-sucette-massue-cola---100-pieces	https://fladis.azureedge.net/erp/761f8790-b76f-4fad-b30e-6b60696f26fc.jpg	in_stock	18.99 EUR	Lollywood	5420001519649	yes	new
1609	Joris Pector Brun - 130 g	Les bonbons Joris Pector Brun sont des petites gommes dures aux goût de réglisse, sirop de sureaux et herbes. Retrouvez le goût authentique d'une fabrication artisanale belge qui vous rappellera de nombreux souvenirs!	https://www.mesbonbons.net/fr/shop/joris-pector-brun---130-g	https://fladis.azureedge.net/erp/12a861b1-5fe2-4b5c-9628-561c5a47ba1b.png	in_stock	2.39 EUR	Joris	5410404131029	yes	new
1648	Sucette Swigle Pop torsadée - 1 pièce - 125 g	La sucettes Swigle Pop Torsade est une sucette colorée et allongée pour un petit plaisir super fun!	https://www.mesbonbons.net/fr/shop/sucette-swigle-pop-torsade---1-piece---125-g	https://fladis.azureedge.net/erp/40b59214-71e7-45d7-858c-8b0c35d04310.jpg	in_stock	2.50 EUR	Swigle POP	8717371581169	yes	new
1663	Joris Curix - 13 g	Les Joris Curix sont des petites pastilles de réglisse et de menthol idéale pour vous rafraichir la bouche.	https://www.mesbonbons.net/fr/shop/joris-curix---13-g	https://fladis.azureedge.net/erp/1a06e02a-e9dc-422b-a491-b6866301a6de.jpg	in_stock	2.39 EUR	Joris	5410404019280	yes	new
1666	Fresquito Dip & Lick Cerise - 1 pièce - 17 g	Sucette au goût de cerise, à tremper dans de la poudre acidulée.	https://www.mesbonbons.net/fr/shop/fresquito-dip-lick-cerise-1-piece-17-g	https://fladis.azureedge.net/erp/0a5c3707-c1fb-40c4-b7d6-2f330c791d87.png	in_stock	0.50 EUR	Fiesta	8411402050005	yes	new
1756	Gicopa Cannelle - 100 g	Ce bonbon cristallin de la confiserie liégeoise a un parfum unique à la cannelle pour une sensation douce dans la bouche.	https://www.mesbonbons.net/fr/shop/gicopa-cannelle---100-g	https://fladis.azureedge.net/erp/437e8eba-9062-402c-a591-17f38641a51b.jpg	in_stock	1.30 EUR	Gicopa	5411951001155	yes	new
1758	Gicopa Cerise Citrique - 100 g	Ce bonbon cristallin de la confiserie liégeoise a un parfum unique à la cerise. Vous saurez apprécier cette sensation sûre et fruitée dans la bouche.	https://www.mesbonbons.net/fr/shop/gicopa-cerise-citrique---100-g	https://fladis.azureedge.net/erp/03a7413c-82e7-498d-9538-a3222b639a81.jpg	out_of_stock	1.30 EUR	Gicopa	5411951000028	yes	new
1763	Gicopa Framboise - 100 g	Un classique belge, indispensable à votre commande ! Ce bonbon cristallin de la confiserie liégeoise a un parfum unique à la framboise pour une sensation douce et fruitée en bouche !	https://www.mesbonbons.net/fr/shop/gicopa-framboise---100-g	https://fladis.azureedge.net/erp/3a9eedd9-41b4-460f-a151-8d474be6874c.jpg	out_of_stock	1.30 EUR	Gicopa	5411951001001	yes	new
1764	Gicopa Glaçon Liégeois - 100 g	Ce bonbon cristallin de la confiserie liégeoise a une jolie forme ronde et une délicieuse saveur mentholée en bouche qui procure une sensation de fraîcheur !	https://www.mesbonbons.net/fr/shop/gicopa-glaon-ligeois---100-g	https://fladis.azureedge.net/erp/02b33222-48f6-4a81-8a82-a9f6ede6ff00.png	in_stock	1.30 EUR	Gicopa	5411951037734	yes	new
1765	Gicopa Fleur Violette - 100 g	Un classique belge, indispensable à votre commande ! Ce bonbon cristallin de la confiserie liégeoise a un parfum unique à la violette pour une sensation douce et fleurie en bouche !	https://www.mesbonbons.net/fr/shop/gicopa-fleur-violette---100-g	https://fladis.azureedge.net/erp/12048e5b-df42-4222-8044-558ae2739e49.jpg	in_stock	1.30 EUR	Gicopa	5411951000059	yes	new
1786	Haribo Happy Cola - 75 g x 28 pièces	Savourez ces délicieux et célèbres bonbons Haribo en forme de bouteille et au bon goût de cola !	https://www.mesbonbons.net/fr/shop/haribo-happy-cola-75-g-x-28-pieces	https://fladis.azureedge.net/erp/4ade35f3-b613-4523-a12e-3fe9243cfab7.jpg	out_of_stock	25.99 EUR	Haribo	4001686318638	yes	new
1788	Haribo Happy Cherries Fizz - 70 g x 28 pièces	Accordez-vous une petite gourmandise et goûtez à la célèbre cerise double d'Haribo dans sa version citrique !	https://www.mesbonbons.net/fr/shop/haribo-happy-cherries-fizz---70-g-x-28-pieces	https://fladis.azureedge.net/erp/08332f8f-9059-4547-9f21-abfc18508e63.jpg	in_stock	27.99 EUR	Haribo	9002975310697	yes	new
1790	Haribo Grenouilles - 75 g x 28 pièces	Les bonbons Haribo Grenouille sont des bonbons qui en quelques bonds se retrouveront dans votre bouche. Goûtez à sa délicieuse saveur fruitée.	https://www.mesbonbons.net/fr/shop/haribo-grenouilles---75-g-x-28-pieces	https://fladis.azureedge.net/erp/bb587f28-6a7f-482c-b572-6ee313cfd63c.png	in_stock	25.99 EUR	Haribo	4001686473108	yes	new
1807	Haribo Starmix - 75 g x 28 pièces	Le Haribo Starmix est un mix de plusieurs bonbons cola et fruits classiques Haribo que tout le monde adore !	https://www.mesbonbons.net/fr/shop/haribo-starmix---75-g-x-28-pieces	https://fladis.azureedge.net/erp/446527dd-fb2d-4bd5-85f5-ddece23c7620.png	in_stock	25.99 EUR	Haribo	4001686727478	yes	new
1809	Haribo Tangfastics - 75 g x 28 pièces	Les Tangfastics Haribo sont des bonbons en gelée et en mousse qui ont un goût sûre intense et acidulé! Goûtez-les et vous verrez pourquoi tant de gens les trouvent irrésistibles !	https://www.mesbonbons.net/fr/shop/haribo-tangfastics---75-g-x-28-pieces	https://fladis.azureedge.net/erp/3b6770dd-6951-45a1-b73d-c9c1c6b922de.jpg	out_of_stock	25.99 EUR	Haribo	5996379391571	yes	new
1811	Haribo Pasta Frutta - 70 g x 28 pièces	Petits carrés acidulés rouges, jaunes verts et oranges au goût de fruits. Les tapis citriques Pasta Frutta de Haribo réveilleront vos papilles !	https://www.mesbonbons.net/fr/shop/haribo-pasta-frutta---70-g-x-28-pieces	https://fladis.azureedge.net/erp/14370300-58cc-4041-b5d7-b0691e6ca400.png	out_of_stock	27.99 EUR	Haribo	4001686357996	yes	new
1815	Haribo S'ghetti Red Fizz - 70 g x 28 pièces	Des bonbons en forme de spaghettis acidulés à nouer dans tous les sens et à manger en commençant par n'importe quel bout !	https://www.mesbonbons.net/fr/shop/haribo-sghetti-red-fizz---70-g-x-28-pieces	https://fladis.azureedge.net/erp/c9a15e97-998b-43a4-9d78-aa3941bfe3ce.png	in_stock	27.99 EUR	Haribo	4001686368268	yes	new
1817	Haribo Schtroumpfs - 75 g x 28 pièces	Les bonbons Schtroumpfs Haribo, c'est Schtroumpfement bon ! Prêt à découvrir quel goût ont les petits bonhommes bleues les plus connus du monde ? Version belge sans gélatine !	https://www.mesbonbons.net/fr/shop/haribo-schtroumpfs---75-g-x-28-pieces	https://fladis.azureedge.net/erp/4f939699-89e2-42ca-8932-bef2b755a6c5.png	in_stock	25.99 EUR	Haribo	4001686333877	yes	new
1834	M&M's Peanuts - 90 g	Les M&M's Peanuts sont des petits dragées de différentes couleurs composés de cacahuètes entières et de chocolat. Le tout est enrobé d'une couche de sucre croquante.	https://www.mesbonbons.net/fr/shop/mms-peanuts---90-g	https://fladis.azureedge.net/erp/e4fe52be-8a09-4f34-960f-deaa3b8f1633.jpg	out_of_stock	1.20 EUR	M&M's	5900951247897	yes	new
1836	Côte d'Or Chokotoff Noir - 2,5 kg	Le Chokotoff est un caramel enrobé d’un succulent chocolat noir Côte d’Or. Ce caramel qui dure en bouche a été imaginé pour que les gourmands puissent profiter longtemps de son goût exquis !	https://www.mesbonbons.net/fr/shop/cte-dor-chokotoff-noir---25-kg	https://fladis.azureedge.net/erp/f0a11fe8-93ab-46b9-8bde-14a71254378c.jpg	in_stock	55.99 EUR	Côte d'or	5410081210154	yes	new
1838	Côte d'Or Nougatti - 30 g x 24 pièces	Le nougatti est une savoureuse alliance entre chocolat au lait et nougat pour une petite envie gourmande.	https://www.mesbonbons.net/fr/shop/cte-dor-nougatti---30-g-x-24-pices	https://fladis.azureedge.net/erp/bcefa153-fb21-429a-af92-4b313999a197.jpg	in_stock	28.49 EUR	Côte d'or	7622210409300	yes	new
1842	Côte d'Or Bâtons assortis - 46 g x 56 pièces	L'assortiment de bâtons Côte d'Or, c'est un plaisir unique et intense à chaque bouchée. Ils sont déclinés en 8 saveurs : lait, noisettes, double lait, lait noisettes entières, dessert 58, noir, banane, praliné blanc. Il ne vous reste plus qu'à faire votre choix !	https://www.mesbonbons.net/fr/shop/cte-dor-btons-assortis---46-g-x-56-pices	https://fladis.azureedge.net/erp/79baa961-a1aa-44b0-b8b6-f7f380a65f45.jpg	in_stock	73.99 EUR	Côte d'or	7622210878885	yes	new
1845	Kinder Maxi - 21 g x 36 pièces	Kinder Maxi c'est un grand cœur au lait délicieusement fondant dans une barre de tendre chocolat Kinder.	https://www.mesbonbons.net/fr/shop/kinder-maxi---21-g-x-36-pieces	https://fladis.azureedge.net/erp/663083be-5dbf-478e-9ea0-70293f75dd06.png	in_stock	15.49 EUR	Kinder	4008400223612	yes	new
1846	Kinder Country 23,5 g x 40 pièces	Kinder Country, l’alliance unique et harmonieuse du chocolat Kinder au cœur de lait fondant avec des céréales soufflées et grillées croustillantes !	https://www.mesbonbons.net/fr/shop/kinder-country-235-g-x-40-pieces	https://fladis.azureedge.net/erp/bd65f2f5-e2a2-4feb-9aa9-b838f3ec3618.png	in_stock	26.99 EUR	Kinder	4008400264004	yes	new
1885	Trolli Funiverse Sour Mix - 100g	Gamme de bonbons fruités et acidulés avec 6 parfums dans un seul sachet : pomme, fraise, cerise, orange, citron et framboise, pour tous les goûts !	https://www.mesbonbons.net/fr/shop/trolli-funiverse-sour-mix---100g	https://fladis.azureedge.net/erp/33f9608b-31a4-429d-b93e-2bfbd7b81126.jpg	in_stock	1.99 EUR	Trolli	8436036186227	yes	new
1888	Kinder Bueno - 43 g x 30 pièces	Le Kinder Bueno est une délicieuse barre au chocolat au lait croustillante et fondante. Elle renferme un délicat cœur au lait et aux noisettes qui il régalera tous les gourmands!	https://www.mesbonbons.net/fr/shop/kinder-bueno---43-g-x-30-pices	https://fladis.azureedge.net/erp/9d23cda3-1e44-4438-81cd-88c87c2a8e09.png	in_stock	30.99 EUR	Kinder	8000500073698	yes	new
1889	Kinder Bueno White - 39 g x 30 pièces	Le Kinder Bueno est une délicieuse barre au chocolat au blanc croustillante et fondante. Elle renferme un délicat cœur au lait et aux noisettes qui il régalera tous les gourmands!	https://www.mesbonbons.net/fr/shop/kinder-bueno-white---39-g-x-30-pices	https://fladis.azureedge.net/erp/854df70a-ac95-46dd-80d7-71cfe638db01.png	in_stock	30.99 EUR	Kinder	8000500121467	yes	new
1890	Mini Kinder Bueno - 108 g	Le Kinder Bueno est une délicieuse barre au chocolat au lait croustillante et fondante. Elle renferme un délicat cœur au lait et aux noisettes qui il régalera tous les gourmands!	https://www.mesbonbons.net/fr/shop/mini-kinder-bueno---108-g	https://fladis.azureedge.net/erp/aaf29ace-c5b9-478c-b7ee-9ede88be642c.jpg	in_stock	2.99 EUR	Kinder	8000500180709	yes	new
1891	Bounty 57 g x 24 pièces	Vous avez envie d'un peu d'exotisme? Le Bounty est une friandise à la noix de coco enrobée de chocolat au lait pour une sensation à la fois moelleuse et croustillante.	https://www.mesbonbons.net/fr/shop/bounty-57-g-x-24-pices	https://fladis.azureedge.net/erp/a2dd1b2a-7cc4-4ed5-b5fc-45eb36ce91ff.png	in_stock	18.99 EUR	Bounty	5000159557788	yes	new
1892	Lion - 42 g x 24 pièces	Le lion est une barre de céréales de blé croustillante enrobée d'un chocolat au lait pur beurre de cacao et d'un caramel fondant pour vous faire rugir de plaisir.	https://www.mesbonbons.net/fr/shop/lion---42-g-x-24-pices	https://fladis.azureedge.net/erp/f6a0c7b5-6baa-464a-8ef0-2e318c5e68a2.png	in_stock	18.49 EUR		7613038679488	yes	new
1897	Cha-Cha - 27 g x 50 pièces	Le Chacha est une gaufrette croustillante, fourrée au caramel et enrobée de chocolat au lait pour une sensation sucrée et très gourmande.	https://www.mesbonbons.net/fr/shop/cha-cha---27-g-x-50-pices	https://fladis.azureedge.net/erp/e290a14e-2e01-4b3f-85c1-45390fc2483c.png	in_stock	40.99 EUR	Lu	5410041153903	yes	new
1899	MilkyWay - 43 g x 28 pièces	Redécouvrez le célèbre chocolat MilkyWay : une délicieuse barre chocolatée délicatement fourrée d'une légère mousse.	https://www.mesbonbons.net/fr/shop/milkyway---43-g-x-28-pices	https://fladis.azureedge.net/erp/8835c019-ae75-46b9-9f70-c8f00f73cd2e.png	in_stock	20.99 EUR	MilkyWay	5000159550505	yes	new
1900	Lollywood Sucette Cerise Double Tige - 75 pièces	Les sucettes cerise double tige sont des sucettes avec un goût et une forme de cerise !	https://www.mesbonbons.net/fr/shop/lollywood-sucette-cerise-double-tige---75-pices	https://fladis.azureedge.net/erp/d170fc80-3b43-4c17-91de-d0549be7da9c.jpg	out_of_stock	18.99 EUR	Lollywood	5420001519823	yes	new
1902	Lollywood Sucettes Fruit - 200 pièces	Sachet de 200 sucettes aux fruits.	https://www.mesbonbons.net/fr/shop/lollywood-sucettes-fruit---200-pices	https://fladis.azureedge.net/erp/1d073278-fe83-4d09-8451-c79afcbd987a.jpg	in_stock	12.49 EUR	Lollywood	5420001505079	yes	new
1905	Sucettes Piccolos - 200 pièces	Un paquet de 200 sucettes colorées aux goûts fruités à partager entre copains.	https://www.mesbonbons.net/fr/shop/sucettes-piccolos---200-pices	https://fladis.azureedge.net/erp/d419f8fa-6fa4-4509-ab18-e059a51dc30b.jpg	in_stock	14.99 EUR	Cand'Art	5411376000078	yes	new
1907	Milka Leo - 33,3 g x 32 pièces	Le Leo, célèbre gaufrette enrobée de tendre chocolat Milka au lait et fourrée à la crème confiseur, est la gourmandise qui vous fera craquer.	https://www.mesbonbons.net/fr/shop/milka-leo---333-g-x-32-pices	https://fladis.azureedge.net/erp/c69129f8-b5c5-4096-8e94-7e956626d481.png	in_stock	24.49 EUR	Milka	7622400001710	yes	new
1908	Milka Leo Chocolat Blanc - 33,3 g	Le Leo, célèbre gaufrette enrobée de tendre chocolat Milka blanc et fourrée à la crème confiseur, est la gourmandise qui vous fera craquer.	https://www.mesbonbons.net/fr/shop/milka-leo-chocolat-blanc---333-g	https://fladis.azureedge.net/erp/525d3b49-3e2b-44ee-ad54-c7eea14a34d6.jpg	in_stock	1.00 EUR	Milka	76223334	yes	new
1909	Bonbon Caramel / Chocolat / Café & Crème Sans Sucre - 1 kg	Vous essayez d'éviter un maximum le sucre ou vous devez l'éviter à tout prix ? Dégustez ce délicieux mélange de bonbons sans sucre aromatisé aux 3 parfums caramel, café et chocolat.	https://www.mesbonbons.net/fr/shop/bonbon-caramel-chocolat-caf-crme-sans-sucre---1-kg	https://fladis.azureedge.net/erp/a68f0d5d-b9d6-4fd9-9091-96a635b7dbb0.jpg	in_stock	18.99 EUR	Verquin	3501270090069	yes	new
1911	Maltesers 37 g x 25 pièces	Les maltesers sont des bonbons au chocolat au lait fourré croquant au lait malté pour des petites envies sucrées.	https://www.mesbonbons.net/fr/shop/maltesers-37-g-x-25-pices	https://fladis.azureedge.net/erp/42ea1ec4-06ee-4283-beec-9713975d2354.png	in_stock	19.49 EUR	Malteser	5000159555722	yes	new
1917	M&M's Peanuts - 45 g x 24 pièces	Les M&M's Peanuts sont des petits dragées de différentes couleurs composés de cacahuètes entières et de chocolat. Le tout est enrobé d'une couche de sucre croquante.	https://www.mesbonbons.net/fr/shop/mms-peanuts---45-g-x-24-pices	https://fladis.azureedge.net/erp/5ca99553-e78d-4372-9061-dd907fe834d0.png	in_stock	18.99 EUR	M&M's	5000159460293	yes	new
1918	M&M's Chocolat - 45 g x 24 pièces	Les M&M's chocolat sont des petites dragées de différentes couleurs au cœur choco enrobé d'une couche de sucre croquante.	https://www.mesbonbons.net/fr/shop/mms-chocolat---45-g-x-24-pices	https://fladis.azureedge.net/erp/9fad4a91-6821-44a7-9169-1501bf62d95c.png	in_stock	18.99 EUR	M&M's	5000159460309	yes	new
1919	Royco Cacao - 20 pièces	Envie d'un chocolat chaud rapidement ? Avec la poudre Royco cacao, votre boisson sera instantanément prête !	https://www.mesbonbons.net/fr/shop/royco-cacao---20-pices	https://fladis.azureedge.net/erp/90cd2ef5-57db-4e64-b179-a7b17a4c6e53.jpg	out_of_stock	15.49 EUR	Royco	5410056185753	yes	new
1922	Thijs Mix Sucette Nougat au chocolat blanc/lait - 120 pièces	Retombez en enfance et faites vous plaisir avec de délicieuses sucettes de nougats enrobées de leur chocolat au lait ou blanc.	https://www.mesbonbons.net/fr/shop/thijs-mix-sucette-nougat-au-chocolat-blanclait---120-pices	https://fladis.azureedge.net/erp/7e09cd69-d78a-4e1c-b067-6e3ff67ca0bb.jpg	out_of_stock	20.99 EUR	Thijs	5412132110543	yes	new
1923	Seau de Barbe à Papa - 150 g	Seau de barbe à papa pour un plaisir en toute légèreté !	https://www.mesbonbons.net/fr/shop/seau-de-barbe-papa---150-g	https://fladis.azureedge.net/erp/4d91ae9d-b7d6-4c5e-b31d-32280e8972f3.jpg	in_stock	6.99 EUR	Sweet Party	5413128353104	yes	new
1926	Seau Chupa Chups Fruit - 150 pièces - 1,8 kg	Créées par Enric Berna, les sucettes Chupa Chups sont les stars des sucettes, elles resteront à jamais indémodables! Goûtez-en et faites-vous votre propre avis! Optez pour son seau en métal réutilisable.	https://www.mesbonbons.net/fr/shop/seau-chupa-chups-fruit---150-pices---18-kg	https://fladis.azureedge.net/erp/946e05fe-fa53-4482-adbf-bca703c51be0.jpg	in_stock	24.99 EUR	Chupa Chups	8410031922615	yes	new
1932	Carlier Nougat Vanille - 1 kg	Retombez en enfance et faites vous plaisir avec de délicieux nougats à la vanille.	https://www.mesbonbons.net/fr/shop/carlier-nougat-vanille---1-kg	https://fladis.azureedge.net/erp/1647821b-1a0a-45b3-93c5-a775ddc4fec5.jpg	in_stock	13.99 EUR	Carlier	5410481100710	yes	new
1937	Milka Favourites - 108 Pièces - 1 kg	Milka Favourites est un assortiment de délicieuses bouchées de chocolat Milka, réunissant une sélection des saveurs préférées : des pralinés aux noisettes, au caramel, et au lait tendre des Alpes. Parfait pour partager ou s’offrir un moment gourmand, chaque bouchée offre une expérience fondante et chocolatée typique de la marque Milka.	https://www.mesbonbons.net/fr/shop/milka-favourites---108-pices---1-kg	https://fladis.azureedge.net/erp/bbc0d2fd-d923-4f7a-94a2-c3c06db949d9.jpg	in_stock	17.99 EUR	Milka	7622202046407	yes	new
1941	Nutella - 3 kg	Agrémentez votre petit déjeuner avec l'incontournable pâte à tartiner aux noisettes, Nutella !	https://www.mesbonbons.net/fr/shop/nutella---3-kg	https://fladis.azureedge.net/erp/d7902172-fedf-4a64-b767-d2ec909e334a.jpg	in_stock	33.99 EUR	Nutella	8000500131329	yes	new
1953	Pictolin Jelly Fruit Sans Sucre - 1 kg	Vous essayez d'éviter un maximum le sucre ou vous devez l'éviter à tout prix ? Dégustez ce délicieux bonbon gélifié sans sucre au goût de fruits.	https://www.mesbonbons.net/fr/shop/pictolin-jelly-fruit-sans-sucre---1-kg	https://fladis.azureedge.net/erp/4744dce0-2f5f-48eb-895c-5ed8a33179c5.jpg	out_of_stock	15.99 EUR	Pictolin	8413209315783	yes	new
1954	Kubli Délice Cacahuète - 3 kg	Goûtez à ce bonbon très original, un bonbon en forme et au goût de cacahuète sucrée !	https://www.mesbonbons.net/fr/shop/kubli-delice-cacahuete---3-kg	https://fladis.azureedge.net/erp/29a8ef51-936c-4e0f-a832-6da6dea33b9d.jpg	in_stock	39.99 EUR	Kubli	3045300000050	yes	new
1956	Côte d'Or Mignonnette au Lait - 10 g x 120 pièces	La mignonnette est un des plus grands classiques de la marque à l'éléphant, Un délicieux petit plaisir rectangulaire au chocolat au lait à partager en famille, entre amis ou à déguster avec un café.	https://www.mesbonbons.net/fr/shop/cte-dor-mignonnette-au-lait---10-g-x-120-pices	https://fladis.azureedge.net/erp/a22a9c91-d4f8-42f2-a488-63f1f7c9bc7c.png	in_stock	16.99 EUR	Côte d'or	7622200007806	yes	new
1959	Confiserie 2000 Fruit Turc - 3 kg	Gomme moelleuse, légèrement gélifiée aux arômes de fruits, saupoudrée de sucre glace.	https://www.mesbonbons.net/fr/shop/confiserie-2000-fruit-turc---3-kg	https://fladis.azureedge.net/erp/760e1f77-3c8c-43ba-bbda-6a820ffd28a2.jpg	in_stock	29.99 EUR	Confiserie 2000 / Bonbonheur	5400265107462	yes	new
1987	Jelly Belly American Classic - 70 g	Les Jelly Belly sont des bonbons gélifiés emblématiques des États-Unis, connus pour leur petite taille et leur variété incroyable de saveurs. Chaque Jelly Belly est une explosion de goût, allant des fruits classiques aux saveurs plus surprenantes comme le popcorn au beurre ou le cheesecake. Ces bonbons sont souvent appréciés pour leur texture douce, légèrement croquante à l'extérieur et tendre à l'intérieur, ainsi que pour la qualité de leurs arômes, qui sont fidèlement reproduits. Ils sont devenus une véritable icône de la confiserie américaine.	https://www.mesbonbons.net/fr/shop/jelly-belly-american-classic---70-g	https://fladis.azureedge.net/erp/9e092b8d-b461-41c1-9176-f1ba72933823.png	in_stock	2.69 EUR	Jelly Belly	071570014025	yes	new
1994	Jelly Belly Cocktail Classics - 70 g	Jelly Belly Cocktail Classics est une collection de bonbons gélifiés inspirée des saveurs de cocktails populaires. Chaque dragée capture le goût authentique de boissons comme la Piña Colada, la Margarita ou encore le Mojito, sans alcool. C’est une façon amusante et sucrée de savourer des cocktails en toute occasion.	https://www.mesbonbons.net/fr/shop/jelly-belly-cocktail-classics---70-g	https://fladis.azureedge.net/erp/8a3ad4d6-7c2b-48b3-8154-c0d645cd02bb.png	in_stock	2.69 EUR	Jelly Belly	071570004286	yes	new
1996	Jelly Belly Cotton Candy - 70 g	Jelly Belly Cotton Candy est un bonbon gélifié au goût doux et sucré, rappelant la saveur classique de la barbe à papa. Chaque grain offre une expérience gustative nostalgique, évoquant les fêtes foraines et les moments d'enfance.	https://www.mesbonbons.net/fr/shop/jelly-belly-cotton-candy---70-g	https://fladis.azureedge.net/erp/1fbf727b-bec9-4db1-b3de-3bb6459d5225.png	out_of_stock	2.69 EUR	Jelly Belly	071570010058	yes	new
2027	Lutti Bubblizz - 100g	La bouteille pétillante au surprenant goût de bubble gum.	https://www.mesbonbons.net/fr/shop/lutti-bubblizz---100g	https://fladis.azureedge.net/erp/2f553b00-0598-40ae-92c5-949acd391186.jpg	in_stock	1.99 EUR	Lutti	3116740032366	yes	new
2030	Monster Energy Juiced Monarch - 500 ml	Monster Monarch est une boisson énergisante aux saveurs audacieuses et exotiques, offrant une explosion de goûts tropicaux pour une dose d'énergie revigorante.	https://www.mesbonbons.net/fr/shop/monster-energy-juiced-monarch---500-ml	https://fladis.azureedge.net/erp/557bf1ee-f37f-4812-b7f1-1d1e0ede6fd7.png	in_stock	3.00 EUR	Monster Energy	5060751215905	yes	new
2032	Monster Energy Ultra Watermelon Zero Sugar - 500 ml	Le Monster Energy Ultra Watermelon – 500 ml est une boisson énergisante zéro sucre au goût rafraîchissant de pastèque, associée à une dose puissante de caféine et de vitamines B.	https://www.mesbonbons.net/fr/shop/monster-energy-ultra-watermelon-zero-sugar-500-ml	https://fladis.azureedge.net/erp/94d31c03-ab4c-423d-8e31-f75c2a56947d.png	in_stock	3.00 EUR	Monster Energy	5060896620329	yes	new
2035	Monster Zero Sugar - 500 ml	Monster Energy Zero Sugar est une boisson énergisante sans sucre qui offre une explosion de saveurs et un coup de boost énergétique, sans les calories supplémentaires.	https://www.mesbonbons.net/fr/shop/monster-energy-zero-sugar---500-ml	https://fladis.azureedge.net/erp/ddf8d1d8-408d-4ced-b2c8-6d3b6ac01111.png	in_stock	3.00 EUR	Monster Energy	5060166696641	yes	new
2060	Jelly Belly Very Cherry - 70 g	La Jelly Belly Very Cherry est une dragée gélifiée au goût intense de cerise. Douce et fruitée, elle capture parfaitement la saveur naturelle de la cerise, offrant une expérience gourmande et rafraîchissante.	https://www.mesbonbons.net/fr/shop/jelly-belly-very-cherry---70-g	https://fladis.azureedge.net/erp/1edec9c8-3a5e-45c2-9e18-8f4022d3fa0d.png	in_stock	2.69 EUR	Jelly Belly	071570010119	yes	new
2070	Jelly Belly Cocktail Classics - 125 g	Les Jelly Belly Cocktail Classics sont des bonbons en forme de haricot inspirés des saveurs de cocktails célèbres. Sans alcool, ils reproduisent des goûts comme le Mojito, la Piña Colada, ou encore la Margarita, pour une expérience festive et rafraîchissante en bonbon.	https://www.mesbonbons.net/fr/shop/jelly-belly-cocktail-classics---125-g	https://fladis.azureedge.net/erp/c644f9a9-91a3-4c4e-ac1f-dc411b1571b4.png	in_stock	7.49 EUR	Jelly Belly	071567991674	yes	new
2159	M&M's Crispy - 36 g x 24 pièces	Les M&M's Crispy sont des petites dragées de différentes couleurs composées de riz soufflé et de chocolat. Le tout est enrobé d'une couche de sucre croquante.	https://www.mesbonbons.net/fr/shop/mms-crispy---36-g-x-24-pices	https://fladis.azureedge.net/erp/dedbd988-7027-4f05-b1c6-aecd5cf922c6.png	in_stock	18.99 EUR	M&M's	5000159561679	yes	new
2187	Gicopa Cannelle - 24 pièces - 2,4 kg	Ce bonbon cristallin de la confiserie liégeoise a un parfum unique à la cannelle pour une sensation douce dans la bouche.	https://www.mesbonbons.net/fr/shop/gicopa-cannelle---24-pices---24-kg	https://fladis.azureedge.net/erp/437e8eba-9062-402c-a591-17f38641a51b.jpg	in_stock	30.49 EUR	Gicopa	5411951001131	yes	new
2189	Gicopa Cerise Citrique - 24 pièces - 2,4 kg	Ce bonbon cristallin de la confiserie liégeoise a un parfum unique à la cerise. Vous saurez apprécier cette sensation sûre et fruitée dans la bouche.	https://www.mesbonbons.net/fr/shop/gicopa-cerise-citrique---24-pices---24-kg	https://fladis.azureedge.net/erp/03a7413c-82e7-498d-9538-a3222b639a81.jpg	in_stock	30.49 EUR	Gicopa	5411951000134	yes	new
2194	Gicopa Framboise - 24 pièces - 2,4 kg	Un classique belge, indispensable à votre commande ! Ce bonbon cristallin de la confiserie liégeoise a un parfum unique à la framboise pour une sensation douce et fruitée en bouche !	https://www.mesbonbons.net/fr/shop/gicopa-framboise---24-pices---24-kg	https://fladis.azureedge.net/erp/3a9eedd9-41b4-460f-a151-8d474be6874c.jpg	in_stock	30.49 EUR	Gicopa	5411951001308	yes	new
2196	Gicopa Fleur Violette - 24 pièces - 2,4 kg	Un classique belge, indispensable à votre commande ! Ce bonbon cristallin de la confiserie liégeoise a un parfum unique à la violette pour une sensation douce et fleurie en bouche !	https://www.mesbonbons.net/fr/shop/gicopa-fleur-violette---24-pices---24-kg	https://fladis.azureedge.net/erp/12048e5b-df42-4222-8044-558ae2739e49.jpg	in_stock	30.49 EUR	Gicopa	5411951000127	yes	new
2207	Haribo Ourson d'Or Tubo - 100 Mini Sachets - 980 g	L'Ourson d'or est un classique indémodable d'Haribo qui rappelle de bons souvenirs à beaucoup de monde ! Avec sa jolie petite forme et ses multiples couleurs, il fera plus d'un heureux ! Proposé ici en mini sachets.	https://www.mesbonbons.net/fr/shop/haribo-ourson-dor-tubo---100-mini-sachets---980-g	https://fladis.azureedge.net/erp/d598d978-163d-4f2e-8ff9-00af1260bd9a.png	in_stock	15.49 EUR	Haribo	4001686301180	yes	new
2209	Haribo Acidofilo Tagada Pik Tubo - 300 pièces - 1,8 kg	Nouez les bonbons en forme de spaghettis comme vous le désirez pour le manger dans la forme qui vous plaît le plus !	https://www.mesbonbons.net/fr/shop/haribo-acidofilo-tagada-pik-tubo---300-pieces---18-kg	https://fladis.azureedge.net/erp/8f207dd4-2c5a-424d-a05c-6e4ff42ea4d8.png	in_stock	17.99 EUR	Haribo	3103220037621	yes	new
2210	Hitschies Sour Mix - 1 kg	Goûtez les Hitschies Sour Mix, bonbons acides en forme de craies multicolores!	https://www.mesbonbons.net/fr/shop/hitschies-sour-mix---1-kg	https://fladis.azureedge.net/erp/2fe9761d-daf4-4b74-8e58-586809d3c677.png	in_stock	14.69 EUR	Hitschies	4100250052289	yes	new
2211	Hitschies Mix Original - 1 kg	Goûtez les Hitschies Original, bonbons doux en forme de craies multicolores!	https://www.mesbonbons.net/fr/shop/hitschies-mix-original---1-kg	https://fladis.azureedge.net/erp/72ef2ecf-c12a-427a-a3fb-175dc63958dd.png	in_stock	14.69 EUR	Hitschies	4100250052296	yes	new
2224	Cupcake Candy - 12 x 40 g	Cup Cake bonbon sucette à tremper dans la poudre	https://www.mesbonbons.net/fr/shop/cupcake-candy---12-pices	https://fladis.azureedge.net/erp/474ca22d-48eb-4e41-ad00-b83f93befc29.jpg	in_stock	9.99 EUR	Funny Candy	6931722311270	yes	new
2226	Double Sour Dip - 12 x 32 g	Les Funny Candy Double Sour Dip sont des sucettes sous forme de double biberon avec une saveur différente pour chaque côté et une au centre poudre. 3 goûts possible : Cola/Fraise, Framboise/Cola et Fraise/Framboise, sur lequel tomberez vous ?	https://www.mesbonbons.net/fr/shop/double-sour-dip---12-pices	https://fladis.azureedge.net/erp/836a0942-dcce-4d34-9488-c724aba5c237.jpg	out_of_stock	13.99 EUR	Funny Candy	3587361147959	yes	new
2230	Gullón Chocolate Wafer Sans Sucre - 180 g	Vous essayez d'éviter un maximum le sucre ou vous devez à tout prix l'éviter ? Goûtez maintenant les gaufres au chocolat dans leur version sans sucre.	https://www.mesbonbons.net/fr/shop/gullon-chocolate-wafer-sans-sucre---180-g	https://fladis.azureedge.net/erp/f9d69ac0-92e2-4287-8d92-f5a725cca4df.png	in_stock	1.79 EUR	Gullón	8410376043365	yes	new
2235	Gullón Twins Sans Sucre - 210 g	Vous essayez d'éviter un maximum le sucre ou vous devez à tout prix l'éviter ? Goûtez maintenant les biscuits au cacao fourrés à la crème dans leur version sans sucre.	https://www.mesbonbons.net/fr/shop/gullon-twins-sans-sucre---210-g	https://fladis.azureedge.net/erp/722dfb83-a7a3-41af-a92a-f6b8435bac92.png	in_stock	2.49 EUR	Gullón	8410376055849	yes	new
2236	Gullón Sablé Nappé Chocolat Sans Sucre - 270 g	Vous essayez d'éviter un maximum le sucre ou vous devez à tout prix l'éviter ? Goûtez maintenant des biscuits nappés de chocolat dans leur version sans sucre.	https://www.mesbonbons.net/fr/shop/gullon-sable-nappe-chocolat-sans-sucre---270-g	https://fladis.azureedge.net/erp/3925b34c-25de-422d-9904-496e11535941.png	in_stock	2.49 EUR	Gullón	8410376055894	yes	new
2237	Gullón Fibre Sans Sucre - 170 g	Vous essayez d'éviter un maximum le sucre ou vous devez à tout prix l'éviter ? Goûtez maintenant les biscuits fibre.	https://www.mesbonbons.net/fr/shop/gullon-fibre-sans-sucre---170-g	https://fladis.azureedge.net/erp/ba63a69a-3e82-41ca-8635-05820f82ff29.png	in_stock	1.79 EUR	Gullón	8410376060621	yes	new
2258	Splash Pop - 12 x 72 g	Les Funny Candy Splash Pop sont de jolies sucettes à tremper dans un liquide acidulé qui offre une explosion de saveurs en bouche ! Sur quel goût tomberez vous ? 3 couleurs alors 3 saveurs : Pomme, framboise ou fraise.	https://www.mesbonbons.net/fr/shop/funny-candy-splash-pop---12-x-72-g	https://fladis.azureedge.net/erp/0aa11d0a-7ede-49a8-b7b3-e024eb669be5.jpg	out_of_stock	10.99 EUR	Funny Candy	6939495519435	yes	new
2264	Mentos Chewing Gum Pure Fresh Menthe Fraîche Sans Sucre - 60 g	Vous essayez d'éviter un maximum le sucre ou vous devez à tout prix l'éviter ? Goûtez maintenant les chewing gums Mentos sans sucre au goût menthe fraîche ! Avec leur format pratique, contenant 30 pièces, transportez le partout avec vous.	https://www.mesbonbons.net/fr/shop/mentos-chewing-gum-pure-fresh-menthe-frache-sans-sucre---60-g	https://fladis.azureedge.net/erp/8b8bc422-bb4a-4252-b8de-4ce42a82b657.png	in_stock	2.99 EUR	Mentos	80730781	yes	new
2265	Mentos Chewing Gum Pure Fresh Winter Green Sans Sucre - 60 g	Vous essayez d'éviter un maximum le sucre ou vous devez à tout prix l'éviter ? Goûtez maintenant les chewing gums Mentos sans sucre au goût winter green (menthe) ! Avec leur format pratique, contenant 30 pièces, transportez le partout avec vous.	https://www.mesbonbons.net/fr/shop/mentos-chewing-gum-pure-fresh-winter-green-sans-sucre---60-g	https://fladis.azureedge.net/erp/f6d2aabf-4602-4fee-91bf-e5942da3d782.png	out_of_stock	2.99 EUR	Mentos	80730798	yes	new
2266	Mentos Chewing Gum White Sweet Mint Sans Sucre - 60 g	Vous essayez d'éviter un maximum le sucre ou vous devez à tout prix l'éviter ? Goûtez maintenant les chewing gums Mentos sans sucre au goût menthe douce ! Avec leur format pratique, contenant 30 pièces, transportez le partout avec vous.	https://www.mesbonbons.net/fr/shop/mentos-chewing-gum-white-sweet-mint-sans-sucre---60-g	https://fladis.azureedge.net/erp/5abf1129-a935-4265-8a86-bcb6472540ff.png	in_stock	2.99 EUR	Mentos	80723028	yes	new
2267	Mentos Chewing Gum White Green Mint Sans Sucre - 60 g	Vous essayez d'éviter un maximum le sucre ou vous devez à tout prix l'éviter ? Goûtez maintenant les chewing gums Mentos sans sucre au goût menthe verte ! Avec leur format pratique, contenant 40 pièces, transportez le partout avec vous.	https://www.mesbonbons.net/fr/shop/mentos-chewing-gum-white-green-mint-sans-sucre---60-g	https://fladis.azureedge.net/erp/73f7329d-49ab-4502-a599-4777e6f0a3b7.png	in_stock	2.99 EUR	Mentos	80723011	yes	new
2275	Kizandy Strawberry Sours Sans Sucre - 35 g	Présentés dans une élégante boîte métallique, les bonbons Kizandy sont faciles et pratiques à transporter dans votre sac ou votre poche. Cette version sans sucre à la saveur de fraise offre un goût divin avec une touche acidulée. Essayez-les, vous allez les adorer !	https://www.mesbonbons.net/fr/shop/kizandy-strawberry-sours-sans-sucre---35-g	https://fladis.azureedge.net/erp/2da11493-1ee7-4c0d-a0dc-9c1b4bfac2fe.png	in_stock	3.99 EUR	Kizandy	856015004461	yes	new
2276	Kizandy Watermelon Sours Sans Sucre - 35 g	Présentés dans une élégante boîte métallique, les bonbons Kizandy sont faciles et pratiques à transporter dans votre sac ou votre poche. Cette version sans sucre à la saveur de pastèque offre un goût divin avec une touche acidulée. Essayez-les, vous allez les adorer !	https://www.mesbonbons.net/fr/shop/kizandy-watermelon-sours-sans-sucre---35-g	https://fladis.azureedge.net/erp/795f8094-0277-4af3-8f76-8fe47a517669.png	in_stock	3.99 EUR	Kizandy	856015004454	yes	new
2279	Jelly Belly 20 Flavors - 250 g	Les Jelly Belly Beans sont de petites friandises en forme de haricot, célèbres pour leurs saveurs variées et intenses. Chaque bonbon est coloré pour correspondre à son goût unique, allant des fruits classiques aux saveurs plus surprenantes. Fabriqués avec des ingrédients de qualité, ils offrent une explosion de saveurs dans chaque bouchée.	https://www.mesbonbons.net/fr/shop/jelly-belly-20-flavors---250-g	https://fladis.azureedge.net/erp/539ea095-9e5f-495f-9167-c7a2cf2480b5.png	in_stock	11.99 EUR	Jelly Belly	071567749848	yes	new
2281	Harry Potter Bertie Bott's Beans - 54 g	Certains bonbons sont semblables, mais les apparences sont trompeuses. Prendriez vous le risque de tomber sur un bonbon au goût de crottes de nez ?	https://www.mesbonbons.net/fr/shop/harry-potter-bertie-botts-beans---54-g	https://fladis.azureedge.net/erp/8d8e1c46-f11b-4dad-80c6-1f1a806ffd3a.jpg	in_stock	4.99 EUR	Jelly Belly	071570000615	yes	new
2285	Frisia Rocket Balls Mûre - 33 g	Des bonbons délicieux, dur et acidulés au goût de mûre.	https://www.mesbonbons.net/fr/shop/frisia-rocket-balls-mre---33-g	https://fladis.azureedge.net/erp/8abe5b63-cc2d-4254-981e-a498881cc036.jpg	in_stock	0.50 EUR	Frisia	8714189100094	yes	new
2294	Brets Fromage Frais & Fines Herbes - 125 g	Avec son délicat parfum de ciboulette et d'aromates fusionnant avec la saveur crémeuse du fromage, ces chips au fromage frais et fines herbes nous emmènent dans de lumineux pâturages.	https://www.mesbonbons.net/fr/shop/brets-fromage-fraise-fines-herbes---125-g	https://fladis.azureedge.net/erp/b002da6a-7386-465f-842b-240e255fbf56.jpg	in_stock	2.69 EUR	Bret's	3497917001263	yes	new
2295	Brets Bacon Grillé - 125 g	Dégustez ces chips au délicat goût fumé de bacon grillé, une recette irrésistible pour vos apéritifs !	https://www.mesbonbons.net/fr/shop/brets-bacon-grill---125-g	https://fladis.azureedge.net/erp/702bb51b-d239-4a8c-9649-802a5c3a1ed5.jpg	in_stock	2.69 EUR	Bret's	3497917002932	yes	new
2296	Brets Poivrons Grillés & Chorizo - 125 g	La saveur estivale des chips Poivrons grillés Chorizo vous transportera vers les barbecues et les apéritifs ensoleillés !	https://www.mesbonbons.net/fr/shop/brets-poivrons-grills-chorizo---125-g	https://fladis.azureedge.net/erp/2d45859e-fb48-4277-8ec4-cec1c7d9156a.jpg	in_stock	2.69 EUR	Bret's	3497917002970	yes	new
2297	Harry Potter Chocolate Frog - 15 g	Si vous avez toujours rêvez de manger une grenouille en chocolat, c'est maintenant possible ! Retrouvez cette délicieuse friandise dans un emballage contenant chacun une carte à collectionner. Il y en a 21 au total !	https://www.mesbonbons.net/fr/shop/harry-potter-chocolate-frog---15-g	https://fladis.azureedge.net/erp/5e8121b4-d104-49a0-99da-f63e0782bc2e.png	out_of_stock	3.99 EUR	Jelly Belly	071570001827	yes	new
2299	Brets Poulet Braisé - 125 g	La texture irrésistible de la saveur poulet braisé rappelle les agréables moments de partage et de convivialité autour d'un feu de bois ou d'un barbecue.	https://www.mesbonbons.net/fr/shop/brets-poulet-brais---125-g	https://fladis.azureedge.net/erp/ff39ac0d-021b-4cba-99d4-5e1b6783bbcb.jpg	in_stock	2.69 EUR	Bret's	3497911101129	yes	new
2303	Brets Sel & Vinaigre - 125 g	Amateurs de sensations fortes ? Laissez-vous tenter par ces chips sel et vinaigre, qui ajoutent une touche gustative incontournable aux salades d'été !	https://www.mesbonbons.net/fr/shop/brets-sel-vinaigre---125-g	https://fladis.azureedge.net/erp/bc6b209a-edd9-4c98-a538-7841acd9562e.jpg	in_stock	2.69 EUR	Bret's	3497917004073	yes	new
2305	Brets Sauce Barbecue - 125 g	Une invitation à l'évasion avec ces chips Barbecue : leur subtil goût de viande fumée nous transporte instantanément vers un agréable moment en plein air !	https://www.mesbonbons.net/fr/shop/brets-sauce-barbecue---125-g	https://fladis.azureedge.net/erp/5c6ea857-1ce3-4c99-8e68-51910151dc65.jpg	in_stock	2.69 EUR	Bret's	3497917001775	yes	new
2307	Brets Tartiflette - 125 g	Voici les chips saveur Tartiflette ! Un savoureux mélange de bon goût d'oignons, de fromage fondu et de lardons !	https://www.mesbonbons.net/fr/shop/brets-tartiflette---125-g	https://fladis.azureedge.net/erp/65bb9f64-9993-4400-a1ac-5924fc357844.jpg	in_stock	2.69 EUR	Bret's	3497917003380	yes	new
2313	Brets Fromage du Jura - 125 g	Si vous appréciez les fromages doux et fruités, ces chips au fromage du Jura sont parfaites pour vous. Leur saveur onctueuse et leurs arômes délicats raviront toute la famille !	https://www.mesbonbons.net/fr/shop/brets-fromage-du-jura---125-g	https://fladis.azureedge.net/erp/8e327b6b-a290-419f-ad74-f77daabcf3a4.jpg	in_stock	2.69 EUR	Bret's	3497917001522	yes	new
2315	Brets Bleu d'Auvergne AOP - 125 g	Brets propose aux amateurs de fromage persillé des chips au véritable Bleu d’Auvergne AOP. Laissez-vous séduire par leur goût unique.	https://www.mesbonbons.net/fr/shop/brets-bleu-dauvergne-aop---125-g	https://fladis.azureedge.net/erp/705cba27-debb-426a-93ad-31dd517ca46f.jpg	in_stock	2.69 EUR	Bret's	3497917003540	yes	new
2321	Brets Frites-Mayonnaise - 125 g	Découvrez ces chips recréant la saveur classique et réconfortante des frites croustillantes accompagnées de la douceur crémeuse de la mayonnaise. Ces chips offrent une expérience gustative unique, rappelant un incontournable des repas décontractés.	https://www.mesbonbons.net/fr/shop/brets-frites-mayonnaise---125-g	https://fladis.azureedge.net/erp/ee240844-ad0d-4e6b-bde2-259ec2c4e144.jpg	in_stock	2.69 EUR	Bret's	3497917002376	yes	new
2322	Brets Miel Moutarde - 125 g	Pour profiter de la tendance toujours populaire des recettes sucrées salées, découvrez une association typiquement française : un délicieux miel combiné à la moutarde de Dijon, soigneusement relevée pour une gourmandise exquise !	https://www.mesbonbons.net/fr/shop/brets-miel-moutarde---125-g	https://fladis.azureedge.net/erp/5fff2520-d6f4-4d11-919c-c2f1af87587c.jpg	in_stock	2.69 EUR	Bret's	3497917003151	yes	new
2327	Croky Patatas Fritas Ketchup - 100 g	Les Croky Patatas Fritas Ketchup sont des chips de pomme de terre croustillantes, assaisonnées avec une saveur ketchup savoureuse. Elles offrent une combinaison irrésistible de douceur et d'acidité, avec une texture croquante qui ravira les amateurs de snacks. Parfaites pour une pause gourmande ou pour accompagner vos moments de détente.	https://www.mesbonbons.net/fr/shop/croky-patatas-fritas-ketchup---100-g	https://fladis.azureedge.net/erp/8f95a846-200b-4cf9-9917-65436bdcc084.png	in_stock	2.39 EUR	Croky	5414359981531	yes	new
2328	Croky Patatas Fritas Pickles - 100 g	Les Croky Patatas Fritas Pickels sont des chips belges populaires, offrant une expérience gustative unique avec leur saveur de cornichons marinés. Elles sont croustillantes et bien assaisonnées, avec un goût acidulé et légèrement piquant qui rappelle les pickles, le tout équilibré par une touche de sel. Ces chips sont idéales pour ceux qui aiment les saveurs vives et surprenantes. Elles sont parfaites pour grignoter à tout moment, que ce soit en apéritif ou lors d'une pause gourmande.	https://www.mesbonbons.net/fr/shop/croky-patatas-fritas-pickles---100-g	https://fladis.azureedge.net/erp/66da7e1d-585b-45cc-8a31-3ea2c83900c3.png	in_stock	2.39 EUR	Croky	5414359981548	yes	new
2329	Croky Tubes Sweet Chili - 100 g	Les Croky Sweet Chili Tubes sont de délicieuses chips en forme de tubes, croustillantes à souhait. Elles combinent la douceur légèrement sucrée du chili avec une pointe de piquant, créant un goût équilibré et savoureux. Leur texture est à la fois légère et croquante, idéale pour une collation ou un apéritif. Ces chips sont parfaites pour ceux qui aiment les saveurs épicées sans qu'elles soient trop intenses.	https://www.mesbonbons.net/fr/shop/croky-tubes-sweet-chili---100-g	https://fladis.azureedge.net/erp/3a9b8bb4-3e72-45c0-918e-c66520e456cb.png	in_stock	2.39 EUR	Croky	5414359994678	yes	new
2330	Croky Tubes Nacho Cheese - 100 g	Les Croky Tubes Nacho Cheese sont des snacks croustillants en forme de petits tubes, avec un goût intense et crémeux de fromage nacho. Parfaitement assaisonnés, ces tubes offrent une texture croquante et un goût savoureux, idéal pour un apéritif ou une petite pause gourmande.	https://www.mesbonbons.net/fr/shop/croky-tubes-nacho-cheese---100-g	https://fladis.azureedge.net/erp/d7a4e5c0-3d25-4433-b8b7-e5fa8bedfcd2.png	in_stock	2.39 EUR	Croky	5414359994661	yes	new
2335	Freez Mix Pinacolada - 275 ml	Boisson gazéifiée au goût d'ananas coco (Pinacolada)	https://www.mesbonbons.net/fr/shop/freez-mix-pinacolada---275-ml	https://fladis.azureedge.net/erp/fd6a297b-e79e-4f01-ad47-654a6d2122b5.png	in_stock	2.00 EUR	Freez Mix	762571500081	yes	new
2336	Freez Mix Mangue Pêche - 275 ml	Boisson gazéifiée au goût de Mangue Pêche	https://www.mesbonbons.net/fr/shop/freez-mix-mangue-peche---275-ml	https://fladis.azureedge.net/erp/4a476ab4-ecce-42ff-aa29-e514c325ec77.png	in_stock	2.00 EUR	Freez Mix	762571500241	yes	new
2338	Maison Perrier Lemonjito Sans Alcool - 250 ml	Dans chaque verre de Lemonjito Maison Perrier® Chic se trouve un monde de saveurs délicatement équilibrées : l'éclat rafraîchissant des bulles se mêle harmonieusement à l'intensité fruitée et aux arômes naturels, offrant une riche expérience de dégustation, faible en calorie.	https://www.mesbonbons.net/fr/shop/maison-perrier-lemonjito-sans-alcool---250-ml	https://fladis.azureedge.net/erp/871a2566-00b1-437d-93bc-635f975c847a.png	in_stock	2.00 EUR	Maison Perrier	8445291046061	yes	new
2343	Fanta White Peach Japan - 300 ml	Le Fanta White Peach Japan est une boisson gazeuse japonaise au goût délicat de pêche blanche. Elle offre une saveur fruitée et douce, typique des pêches blanches, avec une effervescence légère, idéale pour une pause rafraîchissante et exotique.	https://www.mesbonbons.net/fr/shop/fanta-white-peach-japan---300-ml	https://fladis.azureedge.net/erp/122f759a-704b-43a8-90f5-9f9e34ed2270.png	in_stock	3.00 EUR	Fanta	4902102144995	yes	new
2345	Brets Tomates Séchées & Vinaigre Balsamique  - 125 g	Voyagez au cœur de la Méditerranée avec notre délicieux mariage de tomates séchées et vin﻿aigre balsamique une explosion de saveurs garantie	https://www.mesbonbons.net/fr/shop/brets-tomates-sches-vinaigre-balsamique---125-g	https://fladis.azureedge.net/erp/f1510f6d-a554-412f-96e8-ebbaf1ef45fc.jpg	out_of_stock	2.69 EUR	Bret's	3497917003403	yes	new
2346	Brets Aïoli - 125 g	Redécouvrez toute l'authenticité de cette sauce méridionale traditionnelle, l’aïoli : crémeuse et délicatement parfumée à l'ail.	https://www.mesbonbons.net/fr/shop/brets-aoli---125-g	https://fladis.azureedge.net/erp/4d191f67-036c-4a01-8053-3d5b8a6be5f7.jpg	in_stock	2.69 EUR	Bret's	3497917001553	yes	new
2350	Brets Cheddar & Oignon de Roscoff - 125 g	Dégustez ces chips Oignons & Cheddar, un savoureux mélange de cheddar affiné et d’oignons de Roscoff AOP, naturellement sucrés.	https://www.mesbonbons.net/fr/shop/brets-cheddar-oignon-de-roscoff---125-g	https://fladis.azureedge.net/erp/f7615883-ba07-4965-87c8-11395a0e75ad.jpg	in_stock	2.69 EUR	Bret's	3497917000938	yes	new
2351	Brets Camembert - 125 g	Découvrez toutes les saveurs de ce grand fromage de la gastronomie française dans nos chips ondulées Bret’s !	https://www.mesbonbons.net/fr/shop/brets-camembert---125-g	https://fladis.azureedge.net/erp/870fe2c0-72e0-4d5c-bd48-89e05db41423.jpg	in_stock	2.69 EUR	Bret's	3497917001928	yes	new
2352	Brets Pesto Mozzarella - 125 g	La puissance du basilic et de l'huile d'olive, associée à la douceur lactée de la mozzarella, combinée au croquant des chips Bret's, vous procurera un plaisir inédit. Une saveur typiquement italienne qui ravira toutes les papilles !	https://www.mesbonbons.net/fr/shop/brets-pesto-mozzarella---125-g	https://fladis.azureedge.net/erp/58c3ac11-29b1-4aea-b537-0ce386db8f9a.jpg	in_stock	2.69 EUR	Bret's	3497917003120	yes	new
2353	Brets Pizza - 125 g	Ah, les saveurs de l'Italie. Retrouvez le goût des délicieuses pizzas cuites au feu de bois dans ces chips originales saveur Pizza !	https://www.mesbonbons.net/fr/shop/brets-pizza---125-g	https://fladis.azureedge.net/erp/1560276e-0445-4e02-a76c-65ae4d1b77ea.jpg	in_stock	2.69 EUR	Bret's	3497917001539	yes	new
2355	Brets Cheddar & Piment Jalapeño - 125 g	L'alliance de la douceur du cheddar et du piquant du jalapeño crée une explosion de saveurs, parfaite pour ceux qui cherchent une touche d'audace dans leurs apéritifs.	https://www.mesbonbons.net/fr/shop/brets-cheddar-piment-jalapeo---125-g	https://fladis.azureedge.net/erp/473fe408-a782-4e39-aa5f-0d4edb9edf86.jpg	in_stock	2.69 EUR	Bret's	3497917003564	yes	new
2359	Croky Explosions Hot & Spicy Sriracha- 150 g	De savoureuses chips croustillantes et ondulées à la saveur de la sauce sriracha épicée. Une nouvelle saveur intense avec du piment doux et épicé et un soupçon d'ail.	https://www.mesbonbons.net/fr/shop/croky-explosions-hot-spicy-sriracha--150-g	https://fladis.azureedge.net/erp/5ae459ac-3826-4ef2-bf38-730abca30e99.png	in_stock	2.39 EUR	Croky	5414359972652	yes	new
2363	Haribo Happy Cola Grand - 100g	La célèbre bouteille cola dans une version plus grande pour encore plus de saveur !	https://www.mesbonbons.net/fr/shop/haribo-happy-cola-grand--100g	https://fladis.azureedge.net/erp/507df21c-a9ec-46a9-8e9f-23fec079a1eb.jpg	in_stock	1.99 EUR	Haribo	4001686323366	yes	new
2366	Haribo Croco - 100g	Dépassez votre peur des crocodiles en goûtant les Haribo croco ! Vous allez voir, vous allez finir par les adorer !	https://www.mesbonbons.net/fr/shop/haribo-croco---100g	https://fladis.azureedge.net/erp/dc053336-8561-44e6-a5b9-970c4338bcc2.jpg	out_of_stock	1.99 EUR	Haribo	8691216018211	yes	new
2375	Croky Explosions Sweet Chili - 150 g	Une chips de pomme de terre croustillante avec un goût intense de Sweet Chili.	https://www.mesbonbons.net/fr/shop/croky-explosions-sweet-chili---150-g	https://fladis.azureedge.net/erp/84c87f89-0441-4d79-b592-7f26f7d535b9.jpg	in_stock	2.39 EUR	Croky	5414359962677	yes	new
2381	Potion Du Centaure - 330 ml	La Potion du Centaure saura vous procurer le courage, la force et la connaissance si vous en êtes digne ! Pour un effet visuel optimal, remuez la bouteille à plusieurs reprises de bas en haut. Goût Framboise - Violette	https://www.mesbonbons.net/fr/shop/potion-du-centaure---330-ml	https://fladis.azureedge.net/erp/3017a04e-1f5d-4cad-b5ab-4afeb92e6d3e.png	out_of_stock	6.99 EUR	L'Élixir Des 3 Sorciers	3800477251113	yes	new
2385	Potion Du Loup-Garou - 330 ml	L'Elixir du Loup-Garou vous donnera une force démesurée.. Pour un effet visuel optimal, remuez la bouteille plusieurs fois de bas en haut. Goût mangue passion	https://www.mesbonbons.net/fr/shop/potion-du-loup-garou---33-cl	https://fladis.azureedge.net/erp/b24fe68b-d866-4234-8c3c-38b5e22266c4.png	in_stock	6.99 EUR	L'Élixir Des 3 Sorciers	3800477251090	yes	new
2391	Pâte à Tartiner Bounty - 350 g	La pâte à tartiner Bounty est une pâte à tartiner crémeuse au goût de noix de coco, inspirée de la célèbre barre chocolatée Bounty. Elle associe un chocolat onctueux à un riche goût tropical de noix de coco, idéal pour tartiner du pain, des toasts ou comme trempette. La pâte à tartiner capture l'essence du bonbon Bounty classique sous une forme polyvalente et indulgente.	https://www.mesbonbons.net/fr/shop/pate-a-tartiner-bounty-350-g	https://fladis.azureedge.net/erp/16b003ac-408a-41eb-917a-597855ea9adf.jpg	out_of_stock	5.99 EUR	Bounty	5056357908617	yes	new
2392	Pâte à Tartiner Twix - 350 g	Twix Spread est une pâte à tartiner crémeuse et chocolatée qui capture l'essence de la célèbre barre chocolatée Twix. Elle associe un chocolat au lait onctueux à un riche tourbillon de caramel et à des morceaux de biscuits croquants, créant ainsi une friandise décadente parfaite pour tartiner les toasts, ajouter aux desserts ou déguster directement dans le pot.	https://www.mesbonbons.net/fr/shop/pte-tartiner-twix---350-g	https://fladis.azureedge.net/erp/74649133-8934-463d-96b6-65334c32055e.jpg	out_of_stock	5.99 EUR	Twix	5056357903421	yes	new
2393	Pâte à Tartiner M&M's Crispy - 350 g	La pâte à tartiner croustillante M&M's est une pâte à tartiner crémeuse au chocolat infusée de morceaux croustillants de M&M's. Elle associe l'onctuosité du chocolat à la texture caractéristique du bonbon emblématique, offrant un délicieux équilibre de douceur et de croquant à chaque bouchée. Parfait pour tartiner les toasts, les tremper ou simplement les déguster à la cuillère.	https://www.mesbonbons.net/fr/shop/pate-tartiner-mms-crispy---350-g	https://fladis.azureedge.net/erp/9e8df32e-466b-4154-b369-38c551209360.jpg	out_of_stock	5.99 EUR	M&M's	5056357903407	yes	new
2396	Fluff Marshmallow Fraise - 213 g	Strawberry Marshmallow Fluff est une pâte à tartiner légère, aérée et sucrée, composée de guimauves fouettées infusées dans la saveur des fraises fraîches. Il est parfait pour tartiner les toasts, ajouter aux desserts ou utiliser comme trempette pour les fruits et les biscuits. Le mélange de texture moelleuse et de douceur fruitée en fait une délicieuse friandise.	https://www.mesbonbons.net/fr/shop/fluff-marshmallow-fraise---213-g	https://fladis.azureedge.net/erp/f69cebee-0c5e-4ebb-89a1-4538e0cc4812.png	in_stock	4.49 EUR	Fluff	052600312755	yes	new
2397	Fluff Marshmallow Caramel - 213 g	Le caramel Marshmallow Fluff est une pâte à tartiner riche et crémeuse qui allie la douceur de la guimauve à la saveur profonde et beurrée du caramel. Parfaite pour napper les desserts, tartiner les toasts ou ajouter aux produits de boulangerie, cette friandise moelleuse offre une délicieuse combinaison de texture onctueuse et de saveur gourmande.	https://www.mesbonbons.net/fr/shop/fluff-marshmallow-caramel---213-g	https://fladis.azureedge.net/erp/b2460277-542d-458d-a67d-4604bc7550f7.png	out_of_stock	4.99 EUR	Fluff	052600412752	yes	new
2398	Candy Pop Popcorn M&M's Mini - 149 g	Candy Popcorn M&M's Mini allie le croquant du pop-corn à l'enrobage classique des M&M's. Chaque bouchée offre une expérience amusante, sucrée et croustillante. Chaque bouchée offre une expérience amusante, sucrée et croquante, avec des grains de pop-corn enrobés d'une coque de bonbons M&M's colorés et d'un soupçon de chocolat. Il s'agit d'une version ludique du pop-corn traditionnel, parfaite pour le goûter ou le partage !	https://www.mesbonbons.net/fr/shop/candy-pop-popcorn-mms-mini---149-g	https://fladis.azureedge.net/erp/0a7ac1d7-9bed-4d7a-8b44-a2536d45bdc5.jpg	in_stock	7.49 EUR	Cookie & Candy POP	814109023378	yes	new
2400	Candy Pop Popcorn Snickers - 149 g	Candy Popcorn Snickers est un en-cas unique qui associe le croquant du pop-corn à la richesse chocolatée des barres chocolatées Snickers. Chaque morceau de pop-corn est recouvert d'un enrobage sucré et crémeux au goût de Snickers, offrant un délicieux mélange de saveurs de caramel, de cacahuètes et de chocolat. C'est une délicieuse gâterie pour ceux qui aiment la combinaison du chocolat et du pop-corn dans chaque bouchée.	https://www.mesbonbons.net/fr/shop/candy-pop-popcorn-snickers---149-g	https://fladis.azureedge.net/erp/70f02e78-6c77-4ab0-9227-00ca2a38f4ae.jpg	in_stock	7.49 EUR	Cookie & Candy POP	814109021350	yes	new
2401	Candy Pop Popcorn Twix - 149 g	Candy Popcorn Twix est une délicieuse friandise qui associe le croquant du pop-corn à la riche saveur de caramel des barres chocolatées Twix. Chaque morceau est composé de pop-corn moelleux enrobé d'un glaçage crémeux au goût de caramel et parsemé de morceaux de bonbons Twix, créant ainsi un en-cas sucré et satisfaisant, parfait pour les soirées cinéma ou à chaque fois que vous avez envie d'une gourmandise.	https://www.mesbonbons.net/fr/shop/candy-pop-popcorn-twix---149-g	https://fladis.azureedge.net/erp/7f3efc63-f1b6-42d0-99dc-000abda52c7e.jpg	in_stock	7.49 EUR	Cookie & Candy POP	814109023385	yes	new
2406	Haribo ABC - 3 kg	Vous voulez faire passer un message de manière originale ? Écrivez-le avec les lettres Haribo ABC puis mangez tout !	https://www.mesbonbons.net/fr/shop/haribo-abc---3-kg	https://fladis.azureedge.net/erp/1a302f09-9afc-4241-8f06-ff380e5a6fac.jpeg	in_stock	25.99 EUR	Haribo	4001686369203	yes	new
2407	Haribo Dragibus Soft - 2 kg	Retrouvez les Dragibus dans leur version un peu plus grande, mais tout aussi délicieuses pour un vrai carnaval de couleurs !	https://www.mesbonbons.net/fr/shop/haribo-dragibus-soft---2-kg	https://fladis.azureedge.net/erp/9a28327b-a0fd-4fcb-a924-7995c6ebdcf2.jpg	in_stock	19.49 EUR	Haribo	3103220025666	yes	new
2408	Haribo Rotella Réglisse - 3 kg	Savourez chaque centimètre de ces lacets noirs au goût de réglisse en forme de yoyo	https://www.mesbonbons.net/fr/shop/haribo-rotella-rglisse---3-kg	https://fladis.azureedge.net/erp/a6f6ad08-2c77-4659-ac5e-c5cb48093b98.jpeg	in_stock	25.99 EUR	Haribo	4001686101018	yes	new
2417	Cacao Mochi Chocolat - 80 g	Une fusion parfaite entre la tendresse du mochi et l'onctuosité du chocolat. Découvrez cette gourmandise unique pour un plaisir délicieusement chocolaté.	https://www.mesbonbons.net/fr/shop/cacao-mochi-chocolat---80-g	https://fladis.azureedge.net/erp/cfe60bab-07fe-411f-bd43-75057193a050.jpg	in_stock	3.49 EUR	Royal Family Custard	4711931030528	yes	new
2421	Pods Mars - 8 x 15 g	Les Pods Mars Dolce Gusto sont des capsules de café spécialement conçues pour les machines Dolce Gusto. Elles offrent une saveur intense et distinctive, inspirée par le goût unique du chocolat et des biscuits Mars. Chaque capsule délivre une boisson crémeuse et riche, combinant le chocolat doux avec une note subtile de caramel, idéale pour une pause café gourmande.	https://www.mesbonbons.net/fr/shop/pods-mars---8-x-15-g	https://fladis.azureedge.net/erp/c91d858c-ac80-4310-bafb-9557c763ea0a.jpg	in_stock	5.49 EUR	Mars	5056357909591	yes	new
2422	Pods MilkyWay - 8 x 15 g	Les Pods MilkyWay pour Dolce Gusto sont des capsules de café spécialement conçues pour offrir une expérience de café douce et crémeuse. Elles combinent des arômes subtils et une mousse onctueuse, idéales pour ceux qui aiment un café au goût doux avec une touche de gourmandise. Faciles à utiliser avec les machines Dolce Gusto, ces pods sont parfaits pour une pause café agréable et rapide.	https://www.mesbonbons.net/fr/shop/pods-milkyway---8-x-15-g	https://fladis.azureedge.net/erp/faab13fa-cb98-41ef-b903-02505e265204.png	in_stock	5.49 EUR	MilkyWay	5056357906217	yes	new
2428	Cacao Mochi Banane - 80 g	Une alliance parfaite entre le moelleux du mochi et la douceur de la banane. Savourez cette gourmandise unique pour une expérience gustative exotique et délicieuse.	https://www.mesbonbons.net/fr/shop/cacao-mochi-banane---80-g	https://fladis.azureedge.net/erp/96a4f682-b816-4fba-9fcc-488fc3efe8fd.jpg	out_of_stock	3.49 EUR	Royal Family Custard	4711931033864	yes	new
2435	Hot Chocolate Mars - 140 g	Le Hot Chocolate Mars est une boisson chocolatée inspirée de la célèbre barre chocolatée Mars. Il offre une expérience gourmande avec un mélange riche de cacao, de caramel et de nougat, rappelant le goût de la barre. Ce chocolat chaud crémeux et sucré est parfait pour se réchauffer tout en savourant les saveurs emblématiques de Mars.	https://www.mesbonbons.net/fr/shop/hot-chocolate-mars---140-g	https://fladis.azureedge.net/erp/5edd35c7-3d1d-4582-80a7-14f0329d10f7.png	in_stock	2.99 EUR	Mars	5060402907203	yes	new
2437	Nesquik Fraise - 300 g	Nesquik Strawberry est une poudre aromatisée à la fraise que l'on mélange avec du lait pour créer une boisson sucrée et fruitée. Facile à préparer, elle donne au lait un goût délicieux de fraise tout en ajoutant une touche de couleur rose. C'est une option appréciée pour un petit-déjeuner ou une collation rapide.	https://www.mesbonbons.net/fr/shop/nesquik-fraise---300-g	https://fladis.azureedge.net/erp/d43c8d05-b475-43b3-9d8a-5f4634cabd0d.jpg	in_stock	5.99 EUR	Nesquik	7613031513000	yes	new
2438	Nesquik Banane - 300 g	Nesquik Banane est une boisson en poudre qui, mélangée avec du lait, offre un délicieux goût de banane. Ce produit combine la douceur du Nesquik classique avec une saveur fruitée, parfaite pour un petit-déjeuner ou un goûter gourmand. Il est apprécié pour sa facilité de préparation et son goût sucré, apprécié des enfants comme des adultes.	https://www.mesbonbons.net/fr/shop/nesquik-banane---300-g	https://fladis.azureedge.net/erp/1930f1ab-368b-4280-be36-3ec8ff350a27.jpg	in_stock	5.99 EUR	Nesquik	7613031513093	yes	new
2439	Royal Family Mochi Tropical Fruity - 120 g	Des petits délices moelleux aux saveurs exotiques de mangue, lychee, fruit de la passion. Parfaits pour une collation légère ou un dessert coloré.	https://www.mesbonbons.net/fr/shop/mini-mochi-fruit-tropical---120-g	https://fladis.azureedge.net/erp/6500445b-3eaa-454a-bd9e-6dcf4d1270d8.jpg	out_of_stock	3.99 EUR	Royal Family Custard	4711931031419	yes	new
2440	Werther's Original Caramel Popcorn Classic - 140 g	Les Werther's Original Caramel Popcorn Classic sont des grains de maïs soufflés enrobés d'un caramel onctueux et riche. Chaque bouchée offre une combinaison parfaite de croustillant et de douceur, idéale pour les amateurs de snacks sucrés.	https://www.mesbonbons.net/fr/shop/werthers-original-caramel-popcorn-classic---140-g	https://fladis.azureedge.net/erp/387e6f3e-caaa-45c3-82a6-620a9cebe2a6.png	in_stock	4.99 EUR	Werther's	4014400925319	yes	new
2442	Chupa Chups PopCorn Cola - 135 g	Chupa Chups Pop Corn Cola est une sucette innovante qui combine les saveurs distinctives du cola pétillant et du pop-corn sucré. Ce bonbon unique offre une expérience gustative originale en mêlant le goût classique du cola avec des notes de pop-corn, rappelant les snacks de cinéma dans une seule friandise.	https://www.mesbonbons.net/fr/shop/chupa-chups-popcorn-cola---135-g	https://fladis.azureedge.net/erp/1694285a-3b9e-4eba-8a33-42b972fd4a84.png	in_stock	3.99 EUR	Chupa Chups	8720892188304	yes	new
2447	Jimmy's Popcorn Sucré - 140 g	Jimmy's Sweet Popcorn est un délicieux maïs soufflé sucré, offrant une combinaison parfaite de croustillant et de douceur. Enrobé d'un caramel riche et fondant, chaque bouchée est une explosion de saveurs sucrées. Idéal pour un en-cas gourmand ou une touche sucrée lors de vos moments de détente.	https://www.mesbonbons.net/fr/shop/jimmys-popcorn-sucr---140-g	https://fladis.azureedge.net/erp/5d0290ba-00fd-4172-9bb5-7ae035f80637.png	in_stock	2.99 EUR	JIMMY's	8713276004765	yes	new
2448	Jimmy's Popcorn Salé - 90 g	Jimmy's Salted Popcorn est une délicieuse collation composée de maïs à éclater légèrement salé. Croquant et savoureux, ce popcorn est préparé avec des ingrédients simples pour un goût authentique et une texture parfaite. Idéal pour un encas rapide ou pour accompagner vos moments de détente.	https://www.mesbonbons.net/fr/shop/jimmys-popcorn-sal---90-g	https://fladis.azureedge.net/erp/eed60cc6-2f12-4544-80bd-cba230637b5c.png	in_stock	2.59 EUR	JIMMY's	8713276004864	yes	new
2454	Pocky Matcha - 33 g	Les Pocky Matcha sont de fins bâtonnets de biscuit croquant enrobés de chocolat au matcha, offrant une combinaison parfaite de texture croustillante et de saveur douce-amère du thé vert japonais.	https://www.mesbonbons.net/fr/shop/pocky-matcha---33-g	https://fladis.azureedge.net/erp/b7d5ebd6-9646-4d73-bb1f-0138fa44d52d.jpg	in_stock	2.99 EUR	Pocky	8990044000048	yes	new
2455	Pocky Fraise - 45 g	Les Pocky Fraise sont des bâtonnets de biscuit croquant enrobés d'une délicieuse couche de chocolat parfumé à la fraise. Ils offrent une combinaison irrésistible de croquant et de douceur fruitée, idéale pour une petite gâterie sucrée.	https://www.mesbonbons.net/fr/shop/pocky-fraise---45-g	https://fladis.azureedge.net/erp/f5c3f3a0-9b76-462a-9581-26c706e01e4a.jpg	in_stock	2.99 EUR	Pocky	8990044000017	yes	new
2464	Oreo Wafer Roll Vanille - 54 g	Les Oreo Wafer Roll Vanille sont des gaufrettes légères et croustillantes enroulées, remplies d'une crème à la vanille signature d'Oreo. Chaque rouleau combine la texture croquante des gaufrettes et la douceur de la crème vanillée, offrant une collation délicieuse et satisfaisante.	https://www.mesbonbons.net/fr/shop/oreo-wafer-roll-vanille---54-g	https://fladis.azureedge.net/erp/7ad40b30-f35a-4c09-abfa-c1108aa1ac67.png	in_stock	2.29 EUR	Oreo	8934680033428	yes	new
2465	Oreo Wafer Roll Chocolat - 54 g	Les Oreo Wafer Roll Chocolat sont des gaufrettes légères et croustillantes enroulées, remplies d'une crème au chocolat signature d'Oreo. Chaque rouleau combine la texture croquante des gaufrettes et la douceur de la crème chocolatée, offrant une collation délicieuse et satisfaisante.	https://www.mesbonbons.net/fr/shop/oreo-wafer-roll-chocolat---54-g	https://fladis.azureedge.net/erp/19eb1a86-2962-4913-a759-276ac487ee6e.png	in_stock	2.29 EUR	Oreo	8934680033442	yes	new
2473	Reese's Creamy Peanut Butter - 510 g	La pâte à tartiner Reese's Creamy est un délice onctueux et crémeux, avec son goût riche du beurre de cacahuète. Idéale pour les tartines, les pâtisseries ou à déguster à la cuillère, cette pâte typiquement américaine vous offrira une expérience gourmande et réconfortante.	https://www.mesbonbons.net/fr/shop/reeses-creamy-peanut-butter---510-g	https://fladis.azureedge.net/erp/a834d863-b393-4250-97b1-676c8a8de3f5.png	in_stock	9.99 EUR	Reese's	034000400126	yes	new
2483	Krambals Bruschetta Champignons Sauvages & Beurre - 70 g	Les Krambals Bruschetta Champignons Sauvages et Beurre sont des biscuits apéritifs croustillants garnis d'une combinaison délicieuse de champignons sauvages et de beurre. Leur texture croquante est enrichie par la saveur savoureuse et terreuse des champignons, qui se marie parfaitement avec la douceur du beurre. Ces biscuits offrent une expérience gustative raffinée et sont idéaux pour accompagner des apéritifs ou comme une collation gourmet.	https://www.mesbonbons.net/fr/shop/krambals-bruschetta-champignons-sauvages-beurre---70-g	https://fladis.azureedge.net/erp/64e37009-0a94-49a5-b0f8-6a61f7805a0a.jpg	in_stock	1.00 EUR	Krambals	3800200451704	yes	new
2487	Krambals Bruschetta Creamy Cheese - 70 g	Les Krambals Bruschetta Creamy Cheese sont des biscuits apéritifs croustillants garnis d'un fromage crémeux. Leur texture croquante est enrichie par la saveur riche et onctueuse du fromage, offrant une expérience gustative savoureuse et satisfaisante. Ces biscuits sont parfaits pour accompagner des apéritifs ou comme collation gourmet, apportant une touche de sophistication à tout moment de la journée.	https://www.mesbonbons.net/fr/shop/krambals-bruschetta-creamy-cheese---70-g	https://fladis.azureedge.net/erp/6b8090e1-35b7-422e-a514-a7427aa52b58.jpg	in_stock	1.00 EUR	Krambals	3800200450981	yes	new
2489	Gullón Sandwich Chocolate Sans Gluten - 225 g	Les Gullón Sandwich au Chocolat Sans Gluten sont des biscuits délicieux avec une garniture crémeuse au chocolat, spécialement conçus pour ceux qui suivent un régime sans gluten. Savourez votre pause gourmande sans souci.	https://www.mesbonbons.net/fr/shop/gullon-sandwich-chocolate-sans-gluten---225-g	https://fladis.azureedge.net/erp/c15a6fda-780f-4210-b9e4-1ec5244cd65d.png	in_stock	2.69 EUR	Gullón	8410376061789	yes	new
2490	Gullón Cookies Gluten Free - 200 g	Les Gullón Pastas Sans Gluten sont des biscuits parfaits pour ceux qui suivent un régime alimentaire sans gluten. Ils offrent une texture croustillante et un goût délicieux, idéaux pour une pause douce et sans souci.	https://www.mesbonbons.net/fr/shop/gulln-pastas-gluten-free---200-g	https://fladis.azureedge.net/erp/b9d384a2-fd27-406e-974f-47a00f7d3849.png	in_stock	2.00 EUR	Gullón	8410376017359	yes	new
2491	Jack Link's Beef Jerky Original - 25 g	Le Beef Jerky Original est une collation à base de viande de bœuf séchée et assaisonnée. Ce produit est connu pour sa texture tendre et sa saveur robuste, souvent relevée avec des épices comme le poivre, le sel et parfois des touches de fumée. Le Beef Jerky Original est populaire pour son côté pratique et sa haute teneur en protéines, en faisant une option idéale pour les collations énergétiques ou les randonnées.	https://www.mesbonbons.net/fr/shop/jack-links-beef-jerky-original---25-g	https://fladis.azureedge.net/erp/fdc3524b-e5ab-4997-99cc-1b40897db770.png	out_of_stock	2.99 EUR	Jack Link's	4251097402888	yes	new
2500	Jimmy's Popcorn Chocolat au Lait - 65 g	Les Jimmy's Popcorn Chocolat Au Lait sont un délicieux en-cas composé de popcorn enrobé de chocolat au lait de qualité supérieure. Chaque grain de maïs soufflé offre une texture croquante et une saveur douce et crémeuse, idéale pour une pause gourmande ou une soirée cinéma.	https://www.mesbonbons.net/fr/shop/jimmys-popcorn-chocolat-au-lait---65-g	https://fladis.azureedge.net/erp/eb8e764a-c0ef-4ede-976f-8690c87f9fae.jpg	out_of_stock	1.50 EUR	JIMMY's	8713276462282	yes	new
2503	Flipz Pretzel Chocolat au Lait - 90 g	Les Flipz Chocolat au Lait sont un en-cas délicieux composé de bretzels croustillants enrobés de chocolat au lait. Chaque bouchée combine parfaitement le croquant salé des bretzels et la douceur du chocolat, offrant un équilibre irrésistible pour une pause gourmande.	https://www.mesbonbons.net/fr/shop/flipz-pretzel-chocolat-au-lait---90-g	https://fladis.azureedge.net/erp/4938a556-28aa-4a12-abad-4e3e6202ee65.jpg	in_stock	3.39 EUR	Flipz	5000396053456	yes	new
2504	Flipz Pretzel Caramel Salé - 90 g	Les Flipz Caramel Salé sont un en-cas savoureux composé de bretzels croustillants enrobés de caramel salé. Chaque bouchée offre un délicieux mélange de croquant, de douceur et de salé, parfait pour une pause gourmande à tout moment de la journée.	https://www.mesbonbons.net/fr/shop/flipz-pretzel-caramel-sal---90-g	https://fladis.azureedge.net/erp/e660a73e-7948-4a72-8f32-e8dd59628557.jpg	in_stock	2.99 EUR	Flipz	5000396053432	yes	new
2506	Flipz Pretzel Peanut Butter - 90 g	Les Flipz Peanut Butter sont des bretzels croustillants enrobés d'une généreuse couche de beurre de cacahuète crémeux. Chaque bouchée offre un mariage parfait entre le croquant des bretzels et la saveur riche et délicieuse du beurre de cacahuète. C'est un en-cas savoureux et satisfaisant pour les amateurs de combinaisons sucrées-salées.	https://www.mesbonbons.net/fr/shop/flipz-pretzel-peanut-butter---90-g	https://fladis.azureedge.net/erp/7b714a9c-526b-433c-91ce-f8323c93cd24.jpg	in_stock	2.99 EUR	Flipz	5000168023335	yes	new
2507	Oreo Crunchies - 110 g	Les Oreo Crunchies sont de délicieuses bouchées croquantes composées de morceaux de biscuits Oreo enrobés de chocolat au lait. Chaque bouchée offre une combinaison parfaite de chocolat crémeux et de biscuit croustillant, idéale pour une pause gourmande ou pour partager lors d'une collation entre amis.	https://www.mesbonbons.net/fr/shop/oreo-crunchies---110-g	https://fladis.azureedge.net/erp/d9f31c5f-f23c-46a1-88af-ec8ef3a59cbe.jpg	in_stock	3.49 EUR	Oreo	7622201123888	yes	new
2510	Mike & Ike Original Fruits - 120 g	Les Mike And Ike Original Fruits sont des bonbons gélifiés aux fruits offrant une explosion de saveurs fruitées. Chaque boîte contient une variété de bonbons aux couleurs vives et aux goûts variés comme la cerise, la fraise, le citron, l'orange et la lime. Parfaits pour les amateurs de bonbons qui apprécient une combinaison de douceur et de fruité dans chaque bouchée.	https://www.mesbonbons.net/fr/shop/mike-ike-original-fruits-120-g	https://fladis.azureedge.net/erp/1ed4a117-039b-4079-a293-41fdd9e76a50.jpg	out_of_stock	3.39 EUR	Mike and Ike	070970475337	yes	new
2513	Nerds Fruits - 141,7 g	Les Nerds Candy Fruits sont des bonbons acidulés en forme de petites billes, offrant une explosion de saveurs fruitées. Chaque boîte contient une variété de bonbons aux couleurs vives et aux goûts variés comme la fraise, le raisin, la cerise et le citron. Parfaits pour les amateurs de bonbons qui recherchent une combinaison de douceur et d'acidité dans chaque bouchée.	https://www.mesbonbons.net/fr/shop/nerds-fruits---1417-g	https://fladis.azureedge.net/erp/0d479bc6-7e40-4076-957a-e74fce6a07c4.jpg	in_stock	3.49 EUR	Nerds	1230000131384	yes	new
2517	Skittles Squishy Cloudz Fruits - 94 g	Les Skittles Squishy Cloudz Fruits sont des bonbons moelleux et légers avec un cœur crémeux. Chaque bouchée offre une combinaison unique de texture moelleuse et de saveurs fruitées intenses, procurant une expérience de bonbons ludique et délicieuse.	https://www.mesbonbons.net/fr/shop/skittles-squishy-cloudz-fruits---94-g	https://fladis.azureedge.net/erp/e15d8192-62cd-4aee-aafd-ab89bcd15e5f.jpg	in_stock	3.49 EUR	Skittles	4009900538541	yes	new
2519	Skittles Fruits - 45 g	Les Skittles Fruits sont des bonbons colorés et fruités offrant une variété de saveurs telles que la fraise, l'orange, le citron, la pomme verte et le raisin. Parfaits pour les amateurs de bonbons à la recherche d'une explosion de saveurs fruitées dans chaque bouchée	https://www.mesbonbons.net/fr/shop/skittles-fruits---45-g	https://fladis.azureedge.net/erp/26ea6c2a-74f1-48ab-8075-ecf875fcb08b.jpg	in_stock	1.50 EUR	Skittles	4009900522120	yes	new
2521	Nerds Watermelon & Cherry - 46,7 g	Nerds Watermelon & Cherry sont des bonbons acidulés en forme de petites billes, offrant une combinaison de saveurs de pastèque et de cerise. Parfait pour les amateurs de bonbons à la recherche d'une expérience fruitée et acidulée dans chaque bouchée.	https://www.mesbonbons.net/fr/shop/nerds-watermelon-cherry---467-g	https://fladis.azureedge.net/erp/efb38218-17b4-48d6-b5b8-981fcb14b742.jpg	in_stock	2.29 EUR	Nerds	1230000131827	yes	new
2522	Nerds Grape & Strawberry - 46,7 g	Les Nerds Grape & Strawberry sont des bonbons acidulés en forme de petites billes, offrant une combinaison de saveurs de raisin et de fraise. Parfait pour les amateurs de bonbons qui aiment les contrastes de saveurs fruitées et acidulée	https://www.mesbonbons.net/fr/shop/nerds-grape-strawberry---467-g	https://fladis.azureedge.net/erp/b1502802-e23e-4abb-a30e-1500530622be.jpg	in_stock	2.29 EUR	Nerds	1230000131780	yes	new
2523	Reese's Dipped Pretzels - 120 g	Les Reese's Dipped Pretzels sont des bretzels salés enrobés d'une généreuse couche de chocolat au lait Reese's. Chaque bouchée combine le croquant salé des bretzels avec la douceur crémeuse et légèrement salée du chocolat au beurre de cacahuète, offrant une expérience gourmande et irrésistible pour les amateurs de sucré-salé.	https://www.mesbonbons.net/fr/shop/reeses-dipped-pretzels---120-g	https://fladis.azureedge.net/erp/3d01054f-4d34-4028-8cb4-aa47bfa25c44.jpg	in_stock	4.49 EUR	Reese's	034000214617	yes	new
2524	Pop Rocks Popping Candy Green Apple - 9,5 g	Pop Rocks Sucre Pétillant Pomme Verte est une friandise amusante qui crépite et pétille dans la bouche, avec une saveur vive de pomme verte. Chaque sachet contient des cristaux de bonbons qui explosent en bouche, offrant une sensation de fizz et de pop unique. Parfait pour une expérience ludique et rafraîchissante à savourer seul ou à partager.	https://www.mesbonbons.net/fr/shop/pop-rocks-popping-candy-green-apple---95-g	https://fladis.azureedge.net/erp/485f858c-7cf9-410c-b9dd-31e0a321171f.jpg	out_of_stock	1.50 EUR	Pop Rocks	721874012295	yes	new
2532	Laffy Taffy Pomme Verte - 23 g	Laffy Taffy Sour Apple est une délicieuse barre de caramel tendre au goût acidulé de pomme verte. Chaque bouchée offre une texture douce et moelleuse avec une note fruitée et acidulée, parfaite pour une petite friandise savoureuse.	https://www.mesbonbons.net/fr/shop/laffy-taffy-pomme-verte---23-g	https://fladis.azureedge.net/erp/dee3469c-2454-454c-bb6f-5b601b336a39.jpg	in_stock	1.00 EUR	Laffy Taffy	079200720476	yes	new
2535	Reese's Nutrageous - 47 g	Reese's Nutrageous est une barre chocolatée avec beurre de cacahuète crémeux, chocolat au lait et cacahuètes croquantes. Parfait pour les amateurs de Reese's.	https://www.mesbonbons.net/fr/shop/reeses-nutrageous---47-g	https://fladis.azureedge.net/erp/e180e22f-6c3e-4609-af40-a3ebf65c13d5.png	out_of_stock	1.59 EUR	Reese's	034000109418	yes	new
2536	Reese's Big Cup King Size - 79 g	Reese's Big Cup est une version généreuse des célèbres Reese's Peanut Butter Cups, avec une quantité supplémentaire de beurre de cacahuète fondant enveloppé dans du chocolat au lait. Parfait pour ceux qui recherchent une portion plus grande de cette délicieuse combinaison chocolatée et cacahuète.	https://www.mesbonbons.net/fr/shop/reeses-big-cup-king-size---79-g	https://fladis.azureedge.net/erp/23fc6b33-53b8-4df1-8b81-85041b935ba2.jpg	in_stock	4.29 EUR	Reese's	5430001529517	yes	new
2538	Reese's Big Cup - 39 g	DLC : Janvier 2026 - Reese's Big Cup est une version généreuse des célèbres Reese's Peanut Butter Cups, avec une couche épaisse de beurre de cacahuète crémeux enveloppé dans du chocolat au lait. C'est une gourmandise savoureuse et satisfaisante pour les amateurs de chocolat et de cacahuète.	https://www.mesbonbons.net/fr/shop/reeses-big-cup---39-g	https://fladis.azureedge.net/erp/9ca29e86-8f6c-4acf-ac0c-7b9a75dd4044.png	out_of_stock	1.59 EUR	Reese's	5430000119375	yes	new
2540	Reese's Sticks - 42 g	Les Reese's Sticks sont des barres croustillantes composées de fines couches de gaufrettes, de beurre de cacahuète crémeux et enrobées de chocolat au lait. Chaque bouchée offre un délicieux mélange de textures croquantes et fondantes, parfait pour une collation gourmande.	https://www.mesbonbons.net/fr/shop/reeses-sticks-42-g	https://fladis.azureedge.net/erp/02dab564-359b-4c72-8faf-4ee2fdd95e19.png	in_stock	1.59 EUR	Reese's	034000151271	yes	new
2543	KitKat Lemon Crisp - 42 g	Le KitKat Lemon Crisp est une édition spéciale des célèbres barres KitKat, avec des gaufrettes croustillantes enrobées de chocolat blanc aromatisé au citron. Chaque bouchée offre une combinaison rafraîchissante de croquant et de saveur citronnée, parfaite pour une collation gourmande et unique.	https://www.mesbonbons.net/fr/shop/kitkat-lemon-crisp---42-g	https://fladis.azureedge.net/erp/1a119dfb-efef-4d67-9436-26ff60b83d24.jpg	out_of_stock	2.49 EUR	KitKat	034000236862	yes	new
2546	Oreo Enrobé Chocolat au Lait - 41 g	Les Oreo Enrobed sont des biscuits Oreo classiques enrobés d'une généreuse couche de chocolat au lait. Chaque bouchée offre le croquant du biscuit, la douceur de la crème et la richesse du chocolat, pour une expérience encore plus gourmande et décadente.	https://www.mesbonbons.net/fr/shop/oreo-enrobed-chocolat-au-lait---41-g	https://fladis.azureedge.net/erp/446db2d0-7285-42f3-84bb-1266a0974da5.jpg	in_stock	0.89 EUR	Oreo	7622201819873	yes	new
2552	Lion Peanut - 41 g	Lion Peanut est une barre chocolatée composée de caramel fondant, de cacahuètes grillées et de céréales croustillantes, enrobées de chocolat au lait. Chaque bouchée offre une combinaison savoureuse de textures croquantes et fondantes avec une richesse de saveur de cacahuète, idéale pour une pause gourmande et énergisante.	https://www.mesbonbons.net/fr/shop/lion-peanut---41-g	https://fladis.azureedge.net/erp/5506b4e7-31b9-4384-946f-4de206b1d3e2.jpg	out_of_stock	1.50 EUR	Lion	7613033950940	yes	new
2553	Lion White - 42 g	Lion White est une barre chocolatée composée de céréales croustillantes et de caramel fondant, enrobées de chocolat blanc. Chaque bouchée offre une combinaison délicieuse de textures croquantes et fondantes avec une saveur douce et crémeuse de chocolat blanc, idéale pour une pause gourmande et satisfaisante.	https://www.mesbonbons.net/fr/shop/lion-white---42-g	https://fladis.azureedge.net/erp/143cda65-ead0-49d5-8710-d1b190446d07.jpg	out_of_stock	1.50 EUR	Lion	7613032630409	yes	new
2554	Lion Brownie Style - 40 g	Lion Brownie Style est une barre chocolatée avec céréales croustillantes, caramel fondant et chocolat au lait, rappelant le goût riche du brownie.	https://www.mesbonbons.net/fr/shop/lion-brownie-style---40-g	https://fladis.azureedge.net/erp/29108225-07b0-4d78-8ab9-759269e9935c.jpg	out_of_stock	1.50 EUR	Lion	8445290466167	yes	new
2556	Snickers Creamy Peanut Butter - 36,5  g	Snickers Creamy Peanut Butter est une délicieuse barre chocolatée avec une garniture de beurre de cacahuète crémeux. Chaque bouchée offre une combinaison parfaite de caramel fondant, de cacahuètes croquantes et de beurre de cacahuète onctueux, enrobée de chocolat au lait. C'est une gourmandise savoureuse pour les amateurs de Snickers et de beurre de cacahuète.	https://www.mesbonbons.net/fr/shop/snickers-creamy-peanut-butter---365-g	https://fladis.azureedge.net/erp/45563375-3e0f-41fa-8fa0-8893ede7e467.jpg	in_stock	2.00 EUR	Snickers	5900951310379	yes	new
2557	Snickers Maracuja - 42 g	Snickers Mousse de Maracuja est une variante brésilienne de Snickers avec une texture mousseuse au fruit de la passion. Chaque barre associe du caramel fondant, des cacahuètes croquantes, et une couche mousseuse au maracuja, le tout enrobé de chocolat au lait. C'est une expérience unique pour les amateurs de Snickers à la recherche d'une saveur tropicale et gourmande.	https://www.mesbonbons.net/fr/shop/snickers-maracuja---42-g	https://fladis.azureedge.net/erp/40209752-986d-4bcd-b3ac-d498c71da4aa.jpg	in_stock	2.49 EUR	Snickers	7896423456561	yes	new
2561	Lucky Charms Céréale avec Marshmallows - 297 g	Les céréales Lucky Charms sont célèbres pour leur mélange unique de céréales croquantes et de guimauves colorées en forme de trèfles, de fer à cheval, d'étoiles et d'autres formes magiques. Chaque bol offre une combinaison de textures croustillantes et moelleuses, avec une touche ludique et colorée qui rend le petit-déjeuner encore plus amusant pour les enfants et les adultes.	https://www.mesbonbons.net/fr/shop/lucky-charms-crales-grilles-avec-marshmallows---297-g	https://fladis.azureedge.net/erp/fa381997-944a-4260-b67a-d120ef4b8424.png	out_of_stock	10.99 EUR	Lucky Charms	016000123991	yes	new
2562	Non Stop Mini Cookie Caramel - 125 g	Non Stop Mini Chocolate Chip Cookies Caramel sont de délicieux biscuits miniatures aux pépites de chocolat et au caramel. Chaque biscuit offre une combinaison parfaite de texture croquante et de douceur du caramel, idéale pour une petite gourmandise à tout moment de la journée.	https://www.mesbonbons.net/fr/shop/non-stop-mini-cookie-caramel---125-g	https://fladis.azureedge.net/erp/8964f9c9-06a0-4c97-a717-216f99542a20.png	in_stock	2.29 EUR	NON STOP	8710501001896	yes	new
2564	Non Stop Mini Cookie Cappucino - 125 g	Savourez des mini cookies aux pépites de chocolat et cappuccino. Parfaits pour une collation rapide, ces biscuits allient douceur chocolatée et arôme de café.	https://www.mesbonbons.net/fr/shop/non-stop-mini-cookie-cappucino---125-g	https://fladis.azureedge.net/erp/74a211d7-a0aa-4ad6-9c2f-e062923cfa2f.png	in_stock	2.29 EUR	NON STOP	8717677451500	yes	new
2568	Non Stop Mini Cookie Double Chocolat - 125 g	Savourez des mini cookies au double chocolat. Parfaits pour une pause gourmande, ces biscuits riches et fondants allient pépites de chocolat et pâte chocolatée pour un plaisir intense.	https://www.mesbonbons.net/fr/shop/non-stop-mini-cookie-double-chocolat---125-g	https://fladis.azureedge.net/erp/5f1c67d7-62f3-42d6-89e7-f56ffa93abe5.png	in_stock	2.29 EUR	NON STOP	8710501001841	yes	new
2573	Pringles Sour Cream & Onion - 165 g	Les Pringles Sour Cream & Onion offrent une combinaison irrésistible de crème aigre et d'oignon. Chaque chip croustillante est pleine de saveurs délicieusement équilibrées, parfaites pour toutes vos envies de grignotage. Conditionnées dans un tube pratique, elles restent toujours fraîches et prêtes à être savourées.	https://www.mesbonbons.net/fr/shop/pringles-sour-cream-onion---165-g	https://fladis.azureedge.net/erp/9447d75e-189a-49dc-9238-ec563d1c6247.png	in_stock	4.29 EUR	Pringles	5053990127740	yes	new
2579	Pringles Enchilada Adobada - 158 g	Les Pringles Adobada offrent une saveur riche et épicée inspirée de la cuisine mexicaine. Chaque chips croustillante est infusée d'un mélange savoureux de piments, de vinaigre et d'épices, parfait pour une expérience gustative unique. Conditionnées dans un tube pratique, elles restent toujours fraîches et prêtes à être dégustées.	https://www.mesbonbons.net/fr/shop/pringles-enchilada-adobada---158-g	https://fladis.azureedge.net/erp/46487602-1da7-4672-adb7-f87cd668e109.png	out_of_stock	4.99 EUR	Pringles	038000284458	yes	new
2581	Pringles HOT Mexican Chilli & Lime - 160 g	Découvrez les Pringles Flame Spicy, des chips croustillantes au goût relevé et épicé. Chaque bouchée offre une explosion de saveurs chaudes et intenses, parfaites pour les amateurs de sensations fortes. Conditionnées dans un tube pratique, elles sont prêtes à être dégustées à tout moment pour une expérience gustative audacieuse.	https://www.mesbonbons.net/fr/shop/pringles-hot-mexican-chilli-lime---160-g	https://fladis.azureedge.net/erp/3f47698f-288d-4c9c-a359-e7dac4864860.png	in_stock	3.99 EUR	Pringles	5053990176168	yes	new
2604	Bergen Cookies Bubble Gum - 128 g	Les Bergen Cookies Bubble Gum sont des biscuits uniques au goût de bubble gum. Ces cookies croquants combinent la texture classique des biscuits avec une saveur sucrée et ludique de chewing-gum, offrant une expérience gourmande et surprenante.	https://www.mesbonbons.net/fr/shop/bergen-cookies-bubble-gum---128-g	https://fladis.azureedge.net/erp/8c4282c9-a0f8-439a-8863-044e8773f946.png	in_stock	1.79 EUR	Bergen	5902379315622	yes	new
2605	Bergen Cookies Chocolat Blanc Eclats De Red Velvet - 128 g	Les Bergen Cookies Chocolat Blanc Éclats de Red Velvet sont des biscuits gourmands au chocolat blanc, parsemés d'éclats de red velvet. Ils offrent une combinaison riche et indulgente, alliant la douceur crémeuse du chocolat blanc à la texture moelleuse et légèrement cacaotée du red velvet.	https://www.mesbonbons.net/fr/shop/bergen-cookies-chocolat-blanc-eclats-de-red-velvet---128-g	https://fladis.azureedge.net/erp/4d8b0985-d40c-49cf-9517-d9683e4eb250.png	in_stock	1.79 EUR	Bergen	5902379305630	yes	new
2606	Pretzel Pete Miel Moutarde & Oignons - 160 g	La saveur honey mustard & onion est délicieuse ! C'est un mélange de miel, de moutarde et d'oignon ! Le goût est légèrement doux avec un peu de piquant de la moutarde ! On adore la sauce miel moutarde et l'oignon et on en reprend volontiers !	https://www.mesbonbons.net/fr/shop/pretzel-pete-miel-moutarde-oignons---160-g	https://fladis.azureedge.net/erp/28e4b0b3-db66-45b1-b8a1-ab82a413d41a.jpg	out_of_stock	4.49 EUR	Pretzel Pete	739748027603	yes	new
2608	Pretzel Pete Jalapeño - 160 g	Savourez les Pretzel Pete Jalapeno, des bretzels croustillants relevés d'une touche épicée de jalapeno. Parfaits pour une collation piquante et savoureuse, ces bretzels apporteront du punch à vos pauses gourmandes.	https://www.mesbonbons.net/fr/shop/pretzel-pete-jalapeo---160-g	https://fladis.azureedge.net/erp/12ec8ef4-621b-4474-97e1-a3c4d939ff6d.jpg	out_of_stock	4.49 EUR	Pretzel Pete	739748027641	yes	new
2612	Pretzel Pete Bacon & Cheddar - 160 g	Savourez les Pretzel Pete Smokey Bacon Cheddar, des bretzels croustillants au goût irrésistible de bacon fumé et de cheddar. Parfaits pour une collation gourmande, ces bretzels allient le croquant à une combinaison savoureuse de fromage et de bacon.	https://www.mesbonbons.net/fr/shop/pretzel-pete-bacon-cheddar---160-g	https://fladis.azureedge.net/erp/7b767e77-ae71-412a-ac61-de18878d4398.jpg	out_of_stock	4.49 EUR	Pretzel Pete	739748027634	yes	new
2615	M&M's Peanut Butter - 46,2 g	M&M's Peanut Butter sont de délicieuses cacahuètes enrobées de chocolat au lait et d'une couche généreuse de beurre de cacahuète, offrant une combinaison parfaite de croquant et de fondant pour une expérience gourmande inoubliable.	https://www.mesbonbons.net/fr/shop/mms-peanut-butter---462-g	https://fladis.azureedge.net/erp/7b6dc4c6-802d-44ba-ab97-5fbc40bae4f0.jpg	in_stock	2.99 EUR	M&M's	040000001447	yes	new
2627	Carlier Nougat Fruits des Bois - 100 g	Le Carlier Nougat Fruits des Bois est une confiserie artisanale, composée de nougat tendre à base de miel et de blancs d'œufs, agrémenté de morceaux de framboises, myrtilles et mûres. Ce mélange offre une texture légère et une saveur équilibrée entre douceur et acidité. Présenté dans un emballage coloré avec une fenêtre transparente, ce nougat est parfait pour une pause gourmande ou un cadeau raffiné.	https://www.mesbonbons.net/fr/shop/carlier-nougat-fruits-des-bois---100-g	https://fladis.azureedge.net/erp/924e75b4-414c-4ff0-9013-511741653a97.jpg	in_stock	3.50 EUR	Carlier	5410481012532	yes	new
2633	MilkyWay Minis - 227 g	Milky Way Mini sont de petites barres au caramel onctueux et à la nougatine légère, enrobées de chocolat au lait crémeux. Parfaites pour une petite pause gourmande à tout moment de la journée.	https://www.mesbonbons.net/fr/shop/milkyway-minis---227-g	https://fladis.azureedge.net/erp/b68c3df1-11cd-4712-b21d-e8392f5dd573.jpg	in_stock	3.49 EUR	MilkyWay	5000159562676	yes	new
2638	Bounty Soft Baked Cookies - 180 g	Les Bounty Soft Baked Cookies sont de délicieux biscuits moelleux inspirés du célèbre chocolat Bounty. Chaque biscuit est généreusement garni de morceaux de noix de coco et enrobé de chocolat au lait, offrant une expérience gourmande douce et savoureuse. Parfait pour les amateurs de noix de coco et de chocolat.	https://www.mesbonbons.net/fr/shop/bounty-soft-baked-cookies---180-g	https://fladis.azureedge.net/erp/c6d32fad-1d8e-4348-9083-b096258dee22.jpg	in_stock	3.99 EUR	Bounty	5060402907661	yes	new
2640	Maltesers Biscuits - 110 g	Les Maltesers Biscuits combinent le croquant des biscuits avec la légèreté des billes de malt enrobées de chocolat au lait. Chaque biscuit est garni de billes de Maltesers pour une expérience gourmande unique et savoureuse. Parfait pour les amateurs de chocolat et de biscuits.	https://www.mesbonbons.net/fr/shop/maltesers-biscuits---110-g	https://fladis.azureedge.net/erp/44ac060a-4844-4893-abef-871e8c004094.jpg	in_stock	2.99 EUR	Malteser	5056357903162	yes	new
2642	KitKat Minis - 200 g	Nestlé Kit Kat Mini sont de petites barres de chocolat croquantes et légèrement friables, composées de couches de gaufrette croustillante enrobées de chocolat au lait. Idéales pour une pause gourmande rapide ou à partager entre amis.	https://www.mesbonbons.net/fr/shop/kitkat-minis---200-g	https://fladis.azureedge.net/erp/13c0c361-a516-48fa-abb6-244248a03365.jpg	in_stock	2.99 EUR	KitKat	5000189974579	yes	new
2643	Twix Cookies Caramel - 144 g	Les Cookies Twix Caramel sont des cookies chocolatées croustillantes composées d'un biscuit croquant, d'un caramel fondant et d'un enrobage de chocolat au lait. Parfaites pour une pause gourmande, ces barres offrent une combinaison irrésistible de textures et de saveurs.	https://www.mesbonbons.net/fr/shop/twix-cookies-caramel---144-g	https://fladis.azureedge.net/erp/33b5bfbc-d7bc-4089-a46f-aec62054a00d.jpg	in_stock	3.59 EUR	Twix	5060402907708	yes	new
2644	Tic Tac Goût Agrumes - 49 g	Les Tic Tac aux agrumes sont de petites pastilles rafraîchissantes au goût acidulé et fruité. Parfaites pour une haleine fraîche et une petite pause sucrée, ces pastilles sont idéales à emporter partout avec vous.	https://www.mesbonbons.net/fr/shop/tic-tac-got-agrumes---49-g	https://fladis.azureedge.net/erp/c4faff8c-1a76-4787-bf96-1d1b07bec418.png	in_stock	2.99 EUR	Tic Tac	8000500401026	yes	new
2650	The Belgian Truffes Noisette - 200 g	The Belgian Truffes Noisette sont des truffes au chocolat belge délicatement aromatisées à la noisette, offrant une expérience gustative raffinée et fondante. Chaque bouchée allie richesse du chocolat et douceur subtile de la noisette pour un plaisir irrésistible à savourer ou à offrir en cadeau.	https://www.mesbonbons.net/fr/shop/the-belgian-truffes-noisette---200-g	https://fladis.azureedge.net/erp/8ce79a4a-bcf3-46bf-bb76-9bf413d677bc.png	in_stock	4.99 EUR	The Belgian	5413121360055	yes	new
2651	M&M's Crispy - 170 g	Les M&M's Crispy sont des chocolats croquants enrobés d'une coque de bonbon colorée. Ces petites douceurs offrent une combinaison irrésistible de chocolat au lait et de riz soufflé croustillant à l'intérieur. Parfait pour une collation ludique et délicieusement croquante. Sachet de 170 g, idéal pour partager ou pour une pause gourmande en solo.	https://www.mesbonbons.net/fr/shop/mms-crispy---170-g	https://fladis.azureedge.net/erp/3c5207b1-3cd5-470e-be79-bad0d51309d0.png	in_stock	6.49 EUR	M&M's	5000159562133	yes	new
2656	Werther's Original - 175 g	Les Werther's Original sont des bonbons au caramel classiques, reconnus pour leur douceur crémeuse et leur goût riche en caramel. Parfaits pour une pause sucrée et réconfortante, ces bonbons offrent une expérience gourmande et nostalgique à chaque dégustation. Sachet de 175 g, idéal pour partager ou pour une petite indulgence personnelle.	https://www.mesbonbons.net/fr/shop/werthers-original---175-g	https://fladis.azureedge.net/erp/dead695b-c92b-44b9-b419-33c1562a34c1.png	in_stock	3.50 EUR	Werther's	40144283	yes	new
2658	The Belgian Truffes Chocolat au Lait - 145 g	Ces truffes sont enveloppées dans une coque de chocolat au lait velouté, offrant une bouchée fondante et douce.	https://www.mesbonbons.net/fr/shop/the-belgian-truffes-chocolat-au-lait---145-g	https://fladis.azureedge.net/erp/0e463c32-87b5-42aa-b19e-1280b7edd1ff.png	out_of_stock	4.99 EUR	The Belgian	5413121359523	yes	new
2663	Cachet BIO Chocolat Noir Amandes et Cerises 57% Cacao - 100 g	Cachet BIO Chocolat Noir Amandes et Cerises 57% Cacao est une tablette de chocolat noir biologique avec 57 % de cacao. Elle combine la richesse du chocolat noir avec des morceaux croquants d'amandes et des éclats de cerises légèrement acidulées, offrant une expérience gourmande et harmonieuse.	https://www.mesbonbons.net/fr/shop/cachet-bio-chocolat-noir-amandes-et-cerises-57-cacao---100-g	https://fladis.azureedge.net/erp/fa478a87-3371-4554-88d0-70be2c7266a5.png	out_of_stock	2.99 EUR	Cachet	5412956213451	yes	new
2670	Mentos Fruit - 37,5 g	Les Mentos Fruit sont des dragées rafraîchissantes aux saveurs fruitées variées, offrant une explosion de goût à chaque bouchée. Parfaits pour une collation sucrée et rafraîchissante à tout moment de la journée. Idéal à partager ou à emporter avec soi.	https://www.mesbonbons.net/fr/shop/mentos-fruit---375-g	https://fladis.azureedge.net/erp/4d6a56a7-c09e-410c-a7f8-86c06a964c96.png	in_stock	1.00 EUR	Mentos	87317763	yes	new
2672	Fritt Orange - 70 g	Les Fritt Orange sont de délicieuses bandes fruitées au goût intense d'orange. Parfaites pour une collation sucrée et rafraîchissante, ces friandises offrent une expérience gustative fruitée et savoureuse	https://www.mesbonbons.net/fr/shop/fritt-orange---70-g	https://fladis.azureedge.net/erp/02a4cf6b-78a2-4964-a051-82e0948bfc60.jpg	in_stock	1.00 EUR	Fritt	4000607523106	yes	new
2673	Fritt Framboise - 70 g	Les Fritt Framboise sont de délicieuses bandes fruitées au goût intense de framboise. Parfaites pour une collation sucrée et rafraîchissante, ces friandises offrent une expérience gustative fruitée et savoureuse.	https://www.mesbonbons.net/fr/shop/fritt-framboise---70-g	https://fladis.azureedge.net/erp/03658867-a991-498a-abc0-7cc631c679e4.png	in_stock	1.00 EUR	Fritt	4000607562105	yes	new
2674	Fritt Cerise - 70 g	Les Fritt Cerise sont de savoureuses bandes fruitées au goût intense de cerise. Parfaites pour une collation sucrée et rafraîchissante, ces friandises offrent une expérience gustative riche en saveurs de cerise.	https://www.mesbonbons.net/fr/shop/fritt-cerise---70-g	https://fladis.azureedge.net/erp/87e73440-fa9b-4fa1-948d-332435d914c5.jpg	out_of_stock	1.00 EUR	Fritt	4000607533204	yes	new
2676	Fritt Citron - 70 g	Les Fritt Pamplemousse sont de délicieuses bandes fruitées au goût intense de pamplemousse. Parfaites pour une collation sucrée et rafraîchissante, ces friandises offrent une expérience gustative légèrement acidulée et savoureuse.	https://www.mesbonbons.net/fr/shop/fritt-citron---70-g	https://fladis.azureedge.net/erp/bff94316-22b8-4a02-a6d9-647399f1bd75.jpg	in_stock	1.00 EUR	Fritt	4000607523205	yes	new
2677	Fritt Fraise - 70 g	Les Fritt Pamplemousse sont de délicieuses bandes fruitées au goût intense de fraise. Parfaites pour une collation sucrée et rafraîchissante, ces friandises offrent une expérience gustative légèrement acidulée et savoureuse.	https://www.mesbonbons.net/fr/shop/fritt-fraise---70-g	https://fladis.azureedge.net/erp/cfe8cf55-c089-4fe4-8307-40e4055e5763.jpg	in_stock	1.00 EUR	Fritt	4000607529702	yes	new
2684	Dr. Sour Gummies Pastèque - 200 g	Les bonbons Dr. Sour Gummies Watermelon sont des gommes gélifiées au goût intense de pastèque. Parfait pour les amateurs de bonbons acidulés, ces gummies offrent une expérience gustative rafraîchissante et fruitée.	https://www.mesbonbons.net/fr/shop/dr-sour-gummies-pastque---200-g	https://fladis.azureedge.net/erp/53d89661-eb63-4889-b9aa-eef840668a82.jpg	in_stock	2.49 EUR	Dr. Sour	8717371584139	yes	new
2689	Dr. Sour Shock Balls - 72 g	Les Dr. Sour Shock Balls sont des bonbons gélifiés enrobés d'une poudre acidulée, offrant une explosion de saveurs intenses. Parfaits pour les amateurs de sensations fortes, ces bonbons combinent le plaisir du gélifié avec une touche acidulée pour une expérience gustative audacieuse.	https://www.mesbonbons.net/fr/shop/dr-sour-shock-balls---72-g	https://fladis.azureedge.net/erp/6ef617d2-276b-4d41-80df-53789cdc104c.jpg	in_stock	2.79 EUR	Dr. Sour	8717371584498	yes	new
2694	Dr. Sweet Fruit Smackers - 50 g	Les Dr. Sweet Fruit Smackers sont des bonbons fruités en forme de lèvres, offrant une explosion de saveurs fruitées dans chaque bouchée. Parfaits pour une collation sucrée et ludique, ces bonbons sont appréciés par les enfants et les adultes.	https://www.mesbonbons.net/fr/shop/dr-sweet-fruit-smackers---50-g	https://fladis.azureedge.net/erp/31c6cdec-ceee-4caf-8aaa-a34124456047.png	in_stock	1.00 EUR	Dr. Sweet	8717371581824	yes	new
2696	Look-O-Look Mini Candy Pizza - 85 g	La Look-O-Look Mini Candy Pizza est une friandise ludique qui ressemble à une pizza. Composée de différents bonbons colorés et gélifiés, cette mini pizza sucrée offre une expérience gourmande et amusante pour les amateurs de sucreries créatives.	https://www.mesbonbons.net/fr/shop/look-o-look-mini-candy-pizza---85-g	https://fladis.azureedge.net/erp/38ae622c-7694-403e-bce2-abc93d3912cf.jpg	out_of_stock	4.99 EUR	Look-O-Look	8713600285938	yes	new
2717	Quick Milk Chocolat - 5 x 6 g - 30 g	Quick Milk Chocolate Flavour sont des sachets individuels de poudre de lait aromatisée au chocolat, parfaits pour préparer rapidement une boisson chocolatée délicieuse et réconfortante.	https://www.mesbonbons.net/fr/shop/quick-milk-chocolat---5-x-6-g---30-g	https://fladis.azureedge.net/erp/79937227-f53b-4d2a-a37d-04b95c656f80.jpg	in_stock	1.50 EUR	Quick Milk	5996071650648	yes	new
2718	Quick Milk Fraise - 5 x 6 g - 30 g	Quick Milk Strawberry Flavour sont des sachets individuels de poudre de lait aromatisée à la fraise, parfaits pour préparer rapidement une boisson chocolatée délicieuse et réconfortante.	https://www.mesbonbons.net/fr/shop/quick-milk-fraise---5-x-6-g---30-g	https://fladis.azureedge.net/erp/15695fe1-33d1-43c9-87b5-1ac16129dcc1.jpg	in_stock	1.50 EUR	Quick Milk	5996071650655	yes	new
2719	Quick Milk Banane - 5 x 6 g - 30 g	Quick Milk banana Flavour sont des sachets individuels de poudre de lait aromatisée à la banane, parfaits pour préparer rapidement une boisson délicieuse et réconfortante.	https://www.mesbonbons.net/fr/shop/quick-milk-banane---5-x-6-g---30-g	https://fladis.azureedge.net/erp/4d36577b-132e-40ec-9679-c508aadf41f1.jpg	in_stock	1.50 EUR	Quick Milk	5996071657319	yes	new
2722	Quick Milk Vanille - 5 x 6 g - 30 g	Quick Milk vanilla Flavour sont des sachets individuels de poudre de lait aromatisée à la vanille, parfaits pour préparer rapidement une boisson délicieuse et réconfortante.	https://www.mesbonbons.net/fr/shop/quick-milk-vanille---5-x-6-g---30-g	https://fladis.azureedge.net/erp/f7f5f557-77a3-4286-b413-49616bfd834e.jpg	in_stock	1.50 EUR	Quick Milk	5996071650631	yes	new
2723	Les Anis de Flavigny Rose - 50 g	Les Anis de Flavigny au parfum de rose sont de délicieuses perles d'anis enrobées de sucre, offrant une expérience gustative subtile et raffinée. Parfaites pour ceux qui apprécient les saveurs florales et sucrées, ces perles sont présentées dans une boîte de 50 g, idéale pour une petite douceur à savourer à tout moment de la journée.	https://www.mesbonbons.net/fr/shop/les-anis-de-flavigny-rose---50-g	https://fladis.azureedge.net/erp/13913f64-304c-48b2-b732-d70fa05c5ec4.jpg	in_stock	2.99 EUR	Les Anis de Flavigny	3360100130104	yes	new
2724	Les Anis de Flavigny Citron Edition Limitée- 50 g	Les Anis de Flavigny au citron sont de délicieuses perles d'anis enrobées de sucre, offrant une expérience gustative fraîche et citronnée. Parfaites pour ceux qui apprécient les saveurs acidulées et rafraîchissantes, ces perles sont présentées dans une boîte de 50 g, idéale pour une petite douceur à savourer à tout moment de la journée.	https://www.mesbonbons.net/fr/shop/les-anis-de-flavigny-citron-edition-limite--50-g	https://fladis.azureedge.net/erp/7d34bba1-cb74-4f00-8ca5-cfc5a0395cfd.jpg	in_stock	2.99 EUR	Les Anis de Flavigny	3360102400014	yes	new
2725	Les Anis de Flavigny Café - 50 g	Les Anis de Flavigny au café sont de délicieuses perles d'anis enrobées de sucre, offrant une expérience gustative riche et caféinée. Parfaites pour ceux qui apprécient les saveurs de café, ces perles sont présentées dans une boîte de 50 g, idéale pour une petite douceur à savourer à tout moment de la journée.	https://www.mesbonbons.net/fr/shop/les-anis-de-flavigny-caf---50-g	https://fladis.azureedge.net/erp/ab748224-fd0c-4802-9196-60a8ad86d35a.jpg	in_stock	2.99 EUR	Les Anis de Flavigny	3360102160109	yes	new
2726	Les Anis de Flavigny Cassis - 50 g	Les Anis de Flavigny à la saveur de cassis sont de délicieuses perles d'anis enrobées de sucre, offrant une expérience gustative fruitée et légèrement acidulée. Parfaites pour ceux qui apprécient les saveurs de fruits rouges, ces perles sont présentées dans une boîte de 50 g, idéale pour une petite douceur à savourer à tout moment de la journée.	https://www.mesbonbons.net/fr/shop/les-anis-de-flavigny-cassis---50-g	https://fladis.azureedge.net/erp/84d9eddc-474a-47df-a26c-42aa0aaaa48b.jpg	in_stock	2.99 EUR	Les Anis de Flavigny	3360102150100	yes	new
2728	Les Anis de Flavigny Citron - 50 g	Les Anis de Flavigny au citron sont de délicieuses perles d'anis enrobées de sucre, offrant une expérience gustative fraîche et citronnée. Parfaites pour ceux qui apprécient les saveurs acidulées et rafraîchissantes, ces perles sont présentées dans une boîte de 50 g, idéale pour une petite douceur à savourer à tout moment de la journée.	https://www.mesbonbons.net/fr/shop/les-anis-de-flavigny-citron---50-g	https://fladis.azureedge.net/erp/76e4afbf-0efc-47b6-9f61-9a12697b9f02.jpg	in_stock	2.99 EUR	Les Anis de Flavigny	3360100520103	yes	new
2729	Les Anis de Flavigny - 50 g	Les Anis de Flavigny sont de délicieuses perles d'anis enrobées de sucre, fabriquées selon une recette traditionnelle française. Ces bonbons offrent une expérience gustative douce et aromatique, appréciée depuis des siècles. Présentés dans une élégante boîte de 50 g, ils sont parfaits pour une petite douceur à savourer à tout moment de la journée.	https://www.mesbonbons.net/fr/shop/les-anis-de-flavigny---50-g	https://fladis.azureedge.net/erp/61632b30-24ce-4805-9d63-f5ae0cfe0e67.jpg	in_stock	2.99 EUR	Les Anis de Flavigny	3360100090101	yes	new
2730	Les Anis de Flavigny Fleur d'Oranger - 50 g	Les Anis de Flavigny à la fleur d'oranger sont de délicieuses perles d'anis enrobées de sucre, offrant une expérience gustative douce et florale. Parfaites pour ceux qui apprécient les saveurs délicates de la fleur d'oranger, ces perles sont présentées dans une boîte de 50 g, idéale pour une petite douceur à savourer à tout moment de la journée.	https://www.mesbonbons.net/fr/shop/les-anis-de-flavigny-fleur-doranger---50-g	https://fladis.azureedge.net/erp/07a6c91f-375e-435b-aad2-735c712bbd16.jpg	in_stock	2.99 EUR	Les Anis de Flavigny	3360100150102	yes	new
2747	Haribo Super Party - 480 g	Haribo Super Party est un assortiment de bonbons gélifiés variés, parfaits pour les fêtes et les rassemblements. Ce paquet de 480 g comprend une sélection de bonbons Haribo populaires, offrant une combinaison de saveurs fruitées et sucrées qui raviront les amateurs de bonbons. Idéal pour partager et ajouter une touche de plaisir sucré à toute occasion festive.	https://www.mesbonbons.net/fr/shop/haribo-super-party---480-g	https://fladis.azureedge.net/erp/f1113e19-3ea0-4950-9da6-77eda0103895.png	in_stock	9.49 EUR	Haribo	5012035971724	yes	new
2804	Cachet Chocolat au Lait Caramel et Sel Marin - 100 g	Cachet Chocolat au Lait Caramel et Sel Marin est une tablette de chocolat belge qui séduit par sa combinaison exquise : le chocolat au lait crémeux enveloppe généreusement des éclats de caramel onctueux, subtilement relevés d'une touche de sel marin. Chaque morceau offre une expérience gustative harmonieuse et sophistiquée, où la douceur du chocolat et du caramel rencontre la légère note salée pour un plaisir gourmand irrésistible à chaque bouchée.	https://www.mesbonbons.net/fr/shop/cachet-chocolat-au-lait-caramel-et-sel-marin---100-g	https://fladis.azureedge.net/erp/0c66e2e0-bfdb-4ff3-9900-a809a9f0be4c.png	in_stock	2.99 EUR	Cachet	5412956213734	yes	new
2851	Cachet Chocolat Noir Cerise - 100 g	Le Cachet Chocolat Cerise est une tablette de chocolat fusionnant la richesse du chocolat avec la douceur fruitée des cerises. Cette combinaison harmonieuse offre une expérience gustative unique, où la saveur intense du chocolat est rehaussée par des notes sucrées et légèrement acidulées de cerise, créant une délicieuse alliance pour les amateurs de chocolat fruité.	https://www.mesbonbons.net/fr/shop/cachet-chocolat-noir-cerise---100-g	https://fladis.azureedge.net/erp/f3045a98-ce59-4f15-9ce1-3c5ce187a0b2.png	in_stock	2.99 EUR	Cachet	5412956214243	yes	new
2856	Cachet Chocolat Noir Amande & Poire 57% Cacao - 100 g	Cachet Chocolat Noir Amande & Poire 57% Cacao est une tablette de chocolat noir raffinée, contenant 57 % de cacao. Elle marie la richesse du chocolat noir avec des morceaux croquants d'amandes et la douceur fruitée de la poire, créant une expérience gustative délicate et équilibrée.	https://www.mesbonbons.net/fr/shop/cachet-chocolat-noir-amande-poire-57-cacao---100-g	https://fladis.azureedge.net/erp/b1a3728e-8029-45d3-b565-0a8d06e85405.png	out_of_stock	2.99 EUR	Cachet	5412956214526	yes	new
2860	Cachet Chocolat au Lait Maïs Grillé & Salé - 100 g	Cachet Chocolat au Lait Maïs Grillé & Salé est une tablette de chocolat au lait unique, combinant la douceur crémeuse du chocolat au lait avec des éclats de maïs grillé et salé. Cette association crée une expérience gustative surprenante, où le croquant du maïs et la touche salée contrastent parfaitement avec la douceur du chocolat.	https://www.mesbonbons.net/fr/shop/cachet-chocolat-au-lait-mas-grill-sal---100-g	https://fladis.azureedge.net/erp/656e3f8e-1411-4a5c-8d84-5a58b27e495a.png	in_stock	2.99 EUR	Cachet	5412956214304	yes	new
2861	Cachet Chocolat au Lait Noisette - 100 g	Cachet Chocolat au Lait Noisette est une tablette de chocolat au lait onctueux, agrémentée de morceaux croquants de noisettes. Cette combinaison classique offre une expérience gourmande où la douceur du chocolat au lait se marie parfaitement avec la saveur riche et la texture croquante des noisettes.	https://www.mesbonbons.net/fr/shop/cachet-chocolat-au-lait-noisette---100-g	https://fladis.azureedge.net/erp/7471cbc3-3e82-45c0-aa36-b03ed192253a.png	in_stock	2.99 EUR	Cachet	5412956213772	yes	new
2866	The Belgian Coeur en Chocolat au Brownie Salé - 65 g	The Belgian Coeur en Chocolat au Brownie est une création chocolatière, un cœur de chocolat belge fourré au brownie. C'est une combinaison exquise où la richesse du chocolat belge rencontre la texture moelleuse et intense du brownie, offrant une expérience gustative indulgente et raffinée pour les amateurs de chocolat et de desserts gourmands.	https://www.mesbonbons.net/fr/shop/the-belgian-coeur-en-chocolat-au-brownie-sal---65-g	https://fladis.azureedge.net/erp/19c2407f-622d-49a4-bf5e-2740c89ef680.jpg	out_of_stock	2.49 EUR	The Belgian	5413121368136	yes	new
2869	The Belgian Fruits de Mer Chocolat au Lait - 65 g	The Belgian Fruits de Mer Chocolat est une délicieuse spécialité de chocolat belge présentée sous la forme de fruits de mer. Ce chocolat est caractérisé par sa qualité supérieure, offrant une expérience gustative riche et onctueuse avec des arômes de cacao profonds et une texture fondante. C'est un choix idéal pour ceux qui apprécient les chocolats belges fins et traditionnels, avec une présentation attrayante en forme de fruits de mer.	https://www.mesbonbons.net/fr/shop/the-belgian-fruits-de-mer-chocolat-au-lait---65-g	https://fladis.azureedge.net/erp/76aff0dc-d604-4d54-8f75-f92e13dcc259.jpg	in_stock	2.49 EUR	The Belgian	5413121350056	yes	new
2872	Milka Melo Cakes - 500 g	Milka Melo Cakes sont des gâteaux moelleux au chocolat proposés par la marque Milka, reconnue pour sa qualité et son goût irrésistible. Chaque bouchée de ces gâteaux offre une texture tendre et un chocolat riche en saveur, procurant une sensation gourmande et réconfortante. Parfaits pour accompagner une pause café ou pour satisfaire une envie de douceur, les Melo Cakes de Milka sont appréciés pour leur combinaison équilibrée de moelleux et de chocolat, faisant d'eux une option prisée parmi les desserts et les plaisirs sucrés.	https://www.mesbonbons.net/fr/shop/milka-melo-cakes---500-g	https://fladis.azureedge.net/erp/b193a0a8-0fbd-4089-931a-bb00996d49a4.jpg	out_of_stock	7.99 EUR	Milka	7622300424886	yes	new
2875	Dulceplus Tartitas Framboise Sucrée - 1 kg	Les Dulceplus Tartes Framboise Sucré sont de délicieuses friandises en forme de tartelette, offrant une saveur sucrée et fruitée de framboise. Parfaites pour les amateurs de bonbons fruités, ces tartelettes sont idéales pour une petite gourmandise à savourer à tout moment.	https://www.mesbonbons.net/fr/shop/dulceplus-tarte-framboise-sucre---1-kg	https://fladis.azureedge.net/erp/341c95f8-a735-4538-b876-58caa834ec2b.jpeg	in_stock	6.99 EUR	Dulceplus	8436546517399	yes	new
2880	Côte d'Or Bâton Double Lait - 46 g	Côte d'Or Double Lait est une barre chocolatée connue pour sa combinaison unique de deux couches de chocolat au lait. Elle offre une expérience gustative riche et crémeuse, parfaitement équilibrée entre la douceur du chocolat au lait et l'intensité du cacao. Cette tablette est appréciée pour sa texture fondante et son goût délicieux, faisant d'elle un choix populaire parmi les amateurs de chocolat.	https://www.mesbonbons.net/fr/shop/cote-dor-double-lait---46-g	https://fladis.azureedge.net/erp/41d0cf21-5d13-43c5-8d35-a9bbf8db556c.png	in_stock	1.00 EUR	Côte d'or	7622210825889	yes	new
2882	Côte d'Or Bâton Chocolat au Lait Noisette Entière - 45 g	Côte d'Or Chocolat au Lait Noisette est une tablette de chocolat mariant harmonieusement la douceur du chocolat au lait avec le croquant des éclats de noisettes. Ce chocolat est apprécié pour sa texture fondante et ses saveurs équilibrées, offrant une expérience gustative gourmande et satisfaisante. Parfait pour les moments de plaisir personnel ou comme petite douceur à partager, le Côte d'Or Chocolat au Lait Noisette séduit par son goût délicieux et sa qualité reconnue.	https://www.mesbonbons.net/fr/shop/cote-dor-chocolat-au-lait-noisette---45-g	https://fladis.azureedge.net/erp/3615540c-fdf4-49e8-b4a9-451c159f3139.png	out_of_stock	1.50 EUR	Côte d'or	5410081202401	yes	new
2883	Dulceplus Mûre Blanche - 1 kg	La mûre blanche de chez Dulceplus est un bonbon gélifié au goût fruité et à la texture moelleuse, qui se distingue par son enrobage croquant de petites billes blanches.	https://www.mesbonbons.net/fr/shop/dulceplus-mre-blanche---1-kg	https://fladis.azureedge.net/erp/3162a557-3b62-4f12-8c81-29e75312884b.jpeg	out_of_stock	7.99 EUR	Dulceplus	8436574492354	yes	new
2884	Dulceplus Étoile Twist Bleue Sucrée - 1 kg	Les Dulceplus Etoile Twist Sucrées sont de délicieuses confiseries en forme d'étoiles torsadées, offrant une combinaison de saveurs sucrées et fruitées. Parfaites pour les amateurs de bonbons, ces étoiles sont idéales pour ajouter une touche de plaisir sucré à toute occasion.	https://www.mesbonbons.net/fr/shop/dulceplus-toile-twist-bleue-sucre---1-kg	https://fladis.azureedge.net/erp/df7d8485-71bd-4914-ac05-0a6dcb6add17.jpeg	out_of_stock	6.99 EUR	Dulceplus	8436014445889	yes	new
2885	Côte d'Or Bâton Chocolat au Lait - 47 g	Côte D'Or Chocolat au Lait est une barre de chocolat au lait onctueux, confectionnée avec le savoir-faire belge. Offrant une texture fondante et un goût riche, cette barre est parfaite pour une pause gourmande à tout moment de la journée.	https://www.mesbonbons.net/fr/shop/cte-dor-chocolat-au-lait---47-g	https://fladis.azureedge.net/erp/d3b038ce-436a-416a-8adc-4204db79cd69.png	out_of_stock	1.50 EUR	Côte d'or	5410081202555	yes	new
2889	Côte d'Or Bâton Chocolat au Lait Banane - 47,5 g	Côte D'Or Chocolat au Lait Banane est une barre de chocolat au lait onctueux associée à un cœur fondant à la saveur de banane. Cette combinaison unique offre une expérience gourmande mêlant la douceur du chocolat belge à une touche fruitée, parfaite pour une pause plaisir.	https://www.mesbonbons.net/fr/shop/cte-dor-chocolat-au-lait-banane---475-g	https://fladis.azureedge.net/erp/27489b1b-0eeb-4171-a5e3-c2cd669362cf.png	in_stock	1.00 EUR	Côte d'or	5410081202920	yes	new
2891	Côte d'Or Bâton Chocolat Noir - 47 g	Côte D'Or Chocolat Noir est une barre de chocolat noir intense, fabriquée avec du cacao de qualité pour une saveur riche et authentique. Avec son goût profond et sa texture fondante, cette barre est idéale pour les amateurs de chocolat qui recherchent une expérience de dégustation pure et intense.	https://www.mesbonbons.net/fr/shop/cte-dor-chocolat-noir---47-g	https://fladis.azureedge.net/erp/07bf31c5-2307-43dd-b565-ff38acbae7c5.png	in_stock	1.50 EUR	Côte d'or	5410081202548	yes	new
2895	Côte d'Or Bâton Chocolat Blanc Praliné - 46 g	Côte D'Or Chocolat Blanc Praliné est une barre de chocolat blanc délicieusement fondant, associée à un cœur onctueux de praliné. Cette combinaison unique offre une douceur crémeuse et une saveur de noisette, idéale pour un moment de plaisir gourmand.	https://www.mesbonbons.net/fr/shop/cte-dor-chocolat-blanc-pralin---46-g	https://fladis.azureedge.net/erp/058f805f-465a-4325-b59c-e50367572d55.png	out_of_stock	1.50 EUR	Côte d'or	7622400011511	yes	new
2897	Kinder Bueno - 43 g	Kinder Bueno est une barre de chocolat célèbre pour sa combinaison unique de chocolat au lait, de noisettes croquantes et de garniture crémeuse. Cette barre est appréciée pour sa texture légère et fondante, offrant une expérience gustative équilibrée entre douceur chocolatée et croquant de la noisette. Parfait comme en-cas ou pour une petite gâterie, Kinder Bueno est un choix populaire parmi les friandises pour enfants et adultes.	https://www.mesbonbons.net/fr/shop/kinder-bueno---43-g	https://fladis.azureedge.net/erp/f6ab4637-ff13-4e9c-9d75-278efcd31408.jpg	in_stock	1.50 EUR	Kinder	80052760	yes	new
2898	Dulceplus Mille-Pattes - 1 kg	Les bonbons gélifiés Dulceplus Mille-Pattes Lisses sont des friandises en forme de mille-pattes lisses, offrant une texture douce et une variété de couleurs et de saveurs. Parfaits pour les amateurs de bonbons gélifiés, ces mille-pattes sont idéaux pour les fêtes et les occasions spéciales.	https://www.mesbonbons.net/fr/shop/dulceplus-mille-pattes---1-kg	https://fladis.azureedge.net/erp/6ac49a43-74ca-4091-9a14-44a93e94ea5b.jpeg	in_stock	6.99 EUR	Dulceplus	8436574492408	yes	new
2900	Kinder Bueno White - 39 g	Kinder Bueno White est une barre de chocolat qui se distingue par sa délicieuse combinaison de chocolat blanc et de garniture crémeuse. Cette variante offre une expérience gustative douce et onctueuse, avec une texture légère et fondante. Parfait pour ceux qui préfèrent le chocolat blanc, Kinder Bueno White est une gourmandise appréciée pour sa douceur et son goût délicat de noisette.	https://www.mesbonbons.net/fr/shop/kinder-bueno-white---39-g	https://fladis.azureedge.net/erp/b206a3e2-f3a2-42d6-8ecf-aad249a1ff0d.jpg	in_stock	1.50 EUR	Kinder	80761761	yes	new
2902	Kinder Schokobons - 200 g	Les Kinder Schoko-Bons sont connus pour leur délicieuse combinaison de chocolat au lait et de noisettes. Chaque bonbon est une petite bouchée composée d'un cœur de chocolat fondant, enveloppé d'une coquille de chocolat au lait croquante et parsemée de morceaux de noisettes. Ils sont appréciés pour leur goût gourmand et leur texture unique, faisant d'eux une petite douceur idéale à partager ou à savourer seul.	https://www.mesbonbons.net/fr/shop/kinder-schokobons---200-g	https://fladis.azureedge.net/erp/ebf3a808-c596-4766-93f9-5dcb14e88df1.jpg	in_stock	4.99 EUR	Kinder	5413548283128	yes	new
2903	Kinder Schokobons White - 200 g	Les Kinder Schoko-Bons White de 200 g sont des bonbons au chocolat blanc, renommés pour leur délicieux mélange de chocolat blanc et de noisettes. Chaque bonbon est une petite bouchée avec un cœur fondant au chocolat blanc, enveloppé d'une coquille croquante de chocolat blanc et parsemé de morceaux de noisettes. Ces bonbons sont appréciés pour leur douceur crémeuse et leur texture croquante, offrant une expérience gourmande et irrésistible à chaque dégustation.	https://www.mesbonbons.net/fr/shop/kinder-schokobons-white---200-g	https://fladis.azureedge.net/erp/d2068e0a-7fe3-4267-a5a9-ccab972c3e20.jpg	in_stock	3.99 EUR	Kinder	8000500289877	yes	new
2911	Sweet Pack Tétine - 100 pcs	Les Sweet Pack Tétines sont des bonbons en forme de tétines, offrant une variété de saveurs sucrées et fruitées.	https://www.mesbonbons.net/fr/shop/sweet-pack-tetine-100-pcs	https://fladis.azureedge.net/erp/e77a82d4-c9e5-4971-8ea3-5bfa7651b3ed.png	out_of_stock	13.99 EUR	Sweet Pack	5411983109003	yes	new
2914	Sweet Party Collier Dextrose - 100 x 20 g - 2 kg	Les Sweet Party Collier Dextrose sont des bonbons en forme de colliers, individuellement emballés, offrant une variété de saveurs sucrées et fruitées.	https://www.mesbonbons.net/fr/shop/sweet-party-collier-dextrose---100-x-20-g---2-kg	https://fladis.azureedge.net/erp/0f845e8e-9a04-4324-a1a0-1228e43d619c.png	in_stock	20.99 EUR	Sweet Party	5413128321790	yes	new
2930	Les Bonbons d'Elisabeth Seau de Violette - 1 kg	Les Violette d'Elisabeth sont des bonbons en sucre cuit au goût délicat de violette. Présenté en seau pratique, ces bonbons offrent une expérience sucrée et florale, parfait pour les amateurs de saveurs élégantes et classiques.	https://www.mesbonbons.net/fr/shop/les-bonbons-delisabeth-seau-de-violette---1-kg	https://fladis.azureedge.net/erp/614ee95c-6fa9-44dc-b573-253e2aa18705.png	in_stock	10.99 EUR	Les bonbons d'Elisabeth	5413128351858	yes	new
3026	Snickers Shake - 350 ml	Snickers Shake est une boisson gourmande inspirée par la célèbre barre chocolatée Snickers. Servie froide, cette boisson offre une expérience riche en saveurs. Elle combine la douceur du chocolat, la crémosité du caramel et le croquant des cacahuètes pour recréer le plaisir du Snickers sous forme liquide.	https://www.mesbonbons.net/fr/shop/snickers-shake---350-ml	https://fladis.azureedge.net/erp/3dc89c74-77ea-45f1-82ab-35ccdb653180.png	in_stock	2.50 EUR	Snickers	5060122036849	yes	new
3030	Cécémel Canette - 250 ml	Cécémel est une boisson lactée au chocolat qui fait partie intégrante de la culture culinaire belge. Préparé avec du lait frais et du chocolat de qualité, ce délice offre une texture crémeuse et un goût chocolaté riche et équilibré. Apprécié aussi bien chaud que froid, le Cécémel est parfait pour se réchauffer pendant les mois froids d'hiver ou pour se rafraîchir en été.	https://www.mesbonbons.net/fr/shop/ccmel-canette---250-ml	https://fladis.azureedge.net/erp/b178b29a-2caf-4d1d-94b6-7cb3c445b5ef.png	in_stock	1.75 EUR	Cécémel	8712800196440	yes	new
3038	Nescafé Ice Coffee Latte - 250 ml	Nescafé Latte Froid est une boisson caféinée rafraîchissante, conçue pour être consommée froide. Il combine le goût riche et aromatique du café Nescafé avec la douceur crémeuse du lait, offrant une expérience de latte glacé parfaite pour les journées chaudes.	https://www.mesbonbons.net/fr/shop/nescaf-ice-coffee-latte---250-ml	https://fladis.azureedge.net/erp/25ba964b-73dd-4b34-8345-9876c095d456.png	in_stock	2.00 EUR	Nescafé	8715000002511	yes	new
3039	Nescafé Ice Coffee Caramel - 250 ml	Nescafé Latte Froid Caramel est une boisson caféinée rafraîchissante et gourmande. Il associe le café Nescafé de haute qualité à une onctueuse crème de lait, rehaussée d'une délicate saveur de caramel. Parfaitement conçu pour être consommé froid, ce latte offre une expérience sucrée et revitalisante.	https://www.mesbonbons.net/fr/shop/nescaf-ice-coffee-caramel---250-ml	https://fladis.azureedge.net/erp/a6634f9f-a7f9-4bff-904d-66587f2fe7ce.png	in_stock	2.00 EUR	Nescafé	8715000002559	yes	new
3041	Nescafé Ice Coffee Cappuccino - 250 ml	Nescafé Cappuccino Froid est une boisson caféinée rafraîchissante qui marie le goût intense du café Nescafé à la douceur crémeuse du lait, avec une légère mousse pour une touche authentique de cappuccino. Prêt à boire, il est idéal pour une consommation en déplacement, offrant une alternative pratique et délicieuse aux cappuccinos traditionnels servis chauds.	https://www.mesbonbons.net/fr/shop/nescaf-ice-coffee-cappuccino---250-ml	https://fladis.azureedge.net/erp/72926dd3-5734-453f-8916-b11d53862218.png	in_stock	2.00 EUR	Nescafé	8715000002535	yes	new
3042	Wycam's Arrache-Toux - 195 g	Les bonbons Wycam's Arrache-Toux sont réputés pour leur goût distinctif et leurs propriétés apaisantes pour la gorge.	https://www.mesbonbons.net/fr/shop/wycams-arrache-toux---195-g	https://fladis.azureedge.net/erp/c113fef0-763f-4023-a41f-ca332af9b751.png	in_stock	4.49 EUR	Wycam's	5410591100013	yes	new
3061	Sweet Cuberdons Box de 16 Cuberdons Fruités - 224 g	Découvrez la Sweetcuberdons Box de 16 Cuberdons, une sélection exquise de bonbons belges emblématiques. Chacun de ces cuberdons est façonné en cône avec une coque extérieure légèrement croquante, renfermant une gelée douce et parfumée. Cette box regroupe différentes saveurs : pomme, melon, violette, mandarine, rose, spéculos, orange et Poire.	https://www.mesbonbons.net/fr/shop/sweet-cuberdons-box-de-16-cuberdons-fruits---224-g	https://fladis.azureedge.net/erp/29900f3e-ff06-473e-8437-d1159ba432a1.png	out_of_stock	7.99 EUR	Sweet Cuberdons	5425017600145	yes	new
3071	Sweet Cuberdons Box de 5 Cuberdons Original - 70 g	Box de 5 Cuberdons Original est un assortiment de bonbons belges traditionnels. Chaque cuberdon, reconnaissable par sa forme conique, présente une coque extérieure légèrement croquante qui renferme une gelée sucrée et parfumée à la framboise.	https://www.mesbonbons.net/fr/shop/sweet-cuberdons-box-de-5-cuberdons-original---70-g	https://fladis.azureedge.net/erp/ce90edc6-c6c6-446f-8dff-3b4272df5936.png	in_stock	2.99 EUR	Sweet Cuberdons	5425017600312	yes	new
3073	Sweet Cuberdons Box de 16 Cuberdons Traditionnels - 224 g	Sweetcuberdons Box de 16 Cuberdons Traditionnels propose une généreuse sélection de bonbons belges emblématiques. Cette boîte est parfaite pour savourer l'authenticité et la richesse des cuberdons, offrant une expérience gourmande et fruitée qui ravira les amateurs de confiseries belges.	https://www.mesbonbons.net/fr/shop/sweet-cuberdons-box-de-16-cuberdons-traditionnels---224-g	https://fladis.azureedge.net/erp/c66ee3d3-7e90-4d18-8213-abff16e8659b.png	out_of_stock	7.99 EUR	Sweet Cuberdons	5425017600329	yes	new
3141	Disney Mug Blanc Frozen 2 Groupe	Ce mug blanc Disney Frozen 2 montre un design vibrant avec Elsa, Anna, Kristoff, Sven et Olaf réunis. Idéal pour les fans de la saga, il célèbre l’esprit d’aventure et d’amitié du film tout en ajoutant une touche de magie à chaque gorgée.	https://www.mesbonbons.net/fr/shop/disney-mug-blanc-frozen-2-groupe	https://fladis.azureedge.net/erp/69d7a0c2-0be5-4039-9b78-7e23b63b999a.png	in_stock	4.99 EUR	PYRAMID	5050574255790	yes	new
3146	Batman Mug Noir Logo	Ce mug noir Batman arbore le logo emblématique du Chevalier Noir dans un design épuré et élégant. Parfait pour les fans de Gotham, il combine style et fonctionnalité, ajoutant une touche de mystère et de puissance à chaque tasse.	https://www.mesbonbons.net/fr/shop/batman-mug-noir-logo	https://fladis.azureedge.net/erp/3092975b-db5e-4184-9de6-a5225afa2bc4.png	in_stock	4.99 EUR	PYRAMID	5050574263504	yes	new
3147	Mercredi Addams Mug Blanc & Noir Teenage Purgatory	Ce mug blanc et noir Mercredi Addams présente un design sombre et élégant inspiré du thème. Avec son illustration intrigante et son contraste dramatique, il capture parfaitement l'esprit unique et mystérieux de Mercredi.	https://www.mesbonbons.net/fr/shop/mercredi-addams-mug-blanc-noir-teenage-purgatory	https://fladis.azureedge.net/erp/e34f9469-8664-4254-9ec2-f40506a06b87.png	in_stock	4.99 EUR	PYRAMID	5050574278409	yes	new
3183	Peterman Violette - 700 ml	Buvez-le pur ou optez pour un mélange coloré avec de la limonade au citron.	https://www.mesbonbons.net/fr/shop/peterman-violette---700-ml	https://fladis.azureedge.net/erp/bb58f5f2-9b56-4e16-8fab-63253ece9376.png	in_stock	17.99 EUR	Peterman	5410293053525	yes	new
3187	Peterman Fruits des Bois - 700 ml	Peterman fruits des bois - 700 ml	https://www.mesbonbons.net/fr/shop/peterman-fruits-des-bois---700-ml	https://fladis.azureedge.net/erp/0633237e-243e-4e62-8ccf-01dbe72e2392.png	in_stock	17.99 EUR	Peterman	5410293053723	yes	new
3217	Krambals Bruschetta Garden Grill - 70 g	Les Krambals Bruschetta Garden Grill sont des tranches de pain croustillantes et savoureuses, idéales pour une collation gourmande. Aromatisées avec un mélange d'herbes et d'épices rappelant le barbecue au jardin, elles offrent une explosion de saveurs grillées.	https://www.mesbonbons.net/fr/shop/krambals-bruschetta-garden-grill-70-g	https://fladis.azureedge.net/erp/44b71a2b-a99b-4421-851d-dafec23fdb98.png	in_stock	1.00 EUR	Krambals	3800200450967	yes	new
3228	Saint Ange Pastille de Fraise - 50 g	Les Pastilles à la Fraise Saint Ange, sont des bonbons fruités au goût intense de fraise. Avec leur saveur sucrée et légèrement acidulée, elles offrent une expérience gustative rafraîchissante et agréable.	https://www.mesbonbons.net/fr/shop/saint-ange-pastille-de-fraise---50-g	https://fladis.azureedge.net/erp/79eb5c45-03f6-4eb8-985c-ac8e740e01c5.png	in_stock	2.99 EUR	Saint Ange	3760204934309	yes	new
3232	Saint Ange Pastille Curaçao/Mojito - 50 g	Les Pastilles Curaçao/Mojito Saint Ange, combinent les saveurs rafraîchissantes du curaçao et du mojito. Chaque pastille offre une explosion de saveurs fruitées et mentholées,	https://www.mesbonbons.net/fr/shop/copy-saint-ange-pastille-de-violette---50-g	https://fladis.azureedge.net/erp/be4a5a7b-fb0e-4708-9943-7a5b8ce3662c.png	in_stock	2.99 EUR	Saint Ange	3760204931483	yes	new
3234	Saint Ange Pastille Bassin de Vichy - 50 g	Les Pastilles Bassin de Vichy Saint Ange, en boîte de 50 g, sont des bonbons délicatement aromatisés, inspirés par les célèbres pastilles du Vichy. Elles offrent un goût subtil et rafraîchissant, parfait pour une pause gourmande élégante.	https://www.mesbonbons.net/fr/shop/saint-ange-pastille-bassin-de-vichy---50-g	https://fladis.azureedge.net/erp/77174b8b-253f-4ff2-b8b5-1c57a99a024f.png	in_stock	2.99 EUR	Saint Ange	3760204930356	yes	new
3239	Saint Ange Pastille Miel & Lavande - 50 g	Les Pastilles Miel & Lavande Saint Ange, associent la douceur du miel à l’arôme délicat de la lavande. Chaque pastille offre une expérience gustative apaisante, avec un goût harmonieux et floral.	https://www.mesbonbons.net/fr/shop/saint-ange-pastille-miel-lavande---50-g	https://fladis.azureedge.net/erp/88315bd4-730a-472e-92d1-535c58d3667f.png	in_stock	2.99 EUR	Saint Ange	3760204931452	yes	new
3250	Capri-Sun Fairy Drink - 200 ml	Le Capri-Sun Fairy Drink, en pack de 200 ml, est une boisson rafraîchissante au goût fruité enchanté. Avec sa saveur délicate et sa présentation pratique en poche, il est parfait pour les enfants et les adultes en quête d'une pause douce et magique.	https://www.mesbonbons.net/fr/shop/capri-sun-fairy-drink---200-ml	https://fladis.azureedge.net/erp/8d5d58a0-da32-4962-a515-5e88926fdca6.png	out_of_stock	1.00 EUR	Capri-Sun	4000177170700	yes	new
3251	Capri-Sun Monster Alarm - 200 ml	Le Capri-Sun Monster Alarm, en format de 200 ml, est une boisson fruitée au goût vibrant et énergisant. Avec sa saveur audacieuse et son emballage pratique en poche, il offre une explosion de fraîcheur et de plaisir.	https://www.mesbonbons.net/fr/shop/capri-sun-monster-alarm---200-ml	https://fladis.azureedge.net/erp/2569660c-ac91-4e19-94f8-c3b6b8cc2a88.png	out_of_stock	1.00 EUR	Capri-Sun	4000177171912	yes	new
3252	M&M's Caramel Cold Brew - 40 g	Les M&M's Caramel Cold Brew, associent le chocolat au lait M&M's à un délicieux cœur de caramel au goût de café glacé.	https://www.mesbonbons.net/fr/shop/copy-mms-crunchy-cookies---40-g	https://fladis.azureedge.net/erp/1dcf24a5-994e-45e2-a9f6-328df50a792a.png	out_of_stock	2.99 EUR	M&M's	040000586074	yes	new
3260	Werther's Original Caramel Bites Cookie - 140 g	Les Werther's Original Cookie Caramel Bites sont de délicieuses bouchées de caramel crémeux, parfaitement enrobées pour une texture fondante.	https://www.mesbonbons.net/fr/shop/werthers-original-caramel-bites---140-g	https://fladis.azureedge.net/erp/ba4425d1-c9bd-4c7b-b5cc-594a340006b5.png	in_stock	3.49 EUR	Werther's	4014400933659	yes	new
3266	Pocky Double Choco - 47 g	Savourez les Pocky Double Choco, des bâtonnets croustillants enrobés d'une double couche de chocolat riche et crémeux. Ce paquet est parfait pour une collation gourmande à tout moment de la journée	https://www.mesbonbons.net/fr/shop/pocky-double-choco---47-g	https://fladis.azureedge.net/erp/639bf326-7fb2-4bed-abf4-42a5422edffc.png	in_stock	1.99 EUR	Pocky	8990044000031	yes	new
3324	Buldak Ramen Spicy Chicken & Jjajang - 140 g	Savourez la combinaison épicée et riche des nouilles Samyang Spicy Chicken & Jjajang. Avec l'intensité du poulet épicé et la profondeur umami de la sauce Jjajang (haricots noirs), ce plat offre une expérience gustative unique et satisfaisante. Préparez ces nouilles épaisses et moelleuses en quelques minutes pour un repas rapide et mémorable.	https://www.mesbonbons.net/fr/shop/samyang-ramen-spicy-chicken-jjajang---140-g	https://fladis.azureedge.net/erp/fa64a7a1-4fef-4ab7-a530-c9cf204b6ca6.png	in_stock	2.50 EUR	Samyang	8801073113947	yes	new
3325	Buldak Ramen Spicy Chicken & Kimchi - 135 g	Découvrez une explosion de saveurs coréennes avec les nouilles Samyang Ramen Spicy Chicken & Kimchi. Ce plat combine l'intensité épicée du poulet avec le goût fermenté et piquant du kimchi. Chaque paquet de 135 g contient des nouilles de qualité supérieure, épaisses et moelleuses, parfaitement assorties au bouillon riche et épicé. Préparez ces nouilles en quelques minutes pour un repas rapide, savoureux et mémorable.	https://www.mesbonbons.net/fr/shop/samyang-ramen-spicy-chicken-kimchi---135-g	https://fladis.azureedge.net/erp/90e290f6-2e29-49e6-a8c6-69a142d7436b.png	out_of_stock	2.50 EUR	Samyang	8801073114531	yes	new
3327	Buldak Ramen HOT Chicken Cheese - 140 g	Découvrez la fusion parfaite de piquant et de crémeux avec les nouilles Samyang Ramen HOT Chicken Cheese. Ce plat associe l'intensité épicée du poulet à la richesse fondante du fromage. Chaque paquet de 140 g contient des nouilles épaisses et moelleuses, enrobées d'une sauce épicée et fromagée. Préparez ces nouilles en quelques minutes pour un repas rapide, délicieux et réconfortant.	https://www.mesbonbons.net/fr/shop/samyang-ramen-hot-chicken-cheese---140-g	https://fladis.azureedge.net/erp/a9b58325-380a-40b3-88e3-387cd27e5d5b.png	in_stock	2.50 EUR	Samyang	8801073113312	yes	new
3328	Buldak Ramen Spicy Chicken & Carbo - 130 g	Découvrez une fusion audacieuse de saveurs avec les nouilles Samyang Ramen Spicy Chicken & Carbo. Ce plat marie l'intensité épicée du poulet avec une sauce crémeuse et onctueuse à base de carbonara. Chaque paquet de 130 g contient des nouilles épaisses et moelleuses, enrobées d'une sauce riche et épicée. Préparez ces nouilles en quelques minutes pour un repas rapide, délicieux et réconfortant.	https://www.mesbonbons.net/fr/shop/samyang-ramen-spicy-chicken-carbo---130-g	https://fladis.azureedge.net/erp/b8070bf1-6bbc-4232-9d23-3222fc825f51.png	out_of_stock	2.50 EUR	Samyang	8801073116467	yes	new
3329	Buldak Ramen HOT Chicken - 140 g	Plongez dans l'intensité avec les nouilles Samyang Ramen HOT Chicken. Chaque paquet de 140 g contient des nouilles épaisses et moelleuses, baignées dans un bouillon riche et épicé au goût de poulet. Préparez-les en quelques minutes pour une expérience gustative audacieuse et satisfaisante.	https://www.mesbonbons.net/fr/shop/samyang-ramen-hot-chicken---140-g	https://fladis.azureedge.net/erp/da8f6f7b-1fab-44bf-bc10-6bfab1534331.png	out_of_stock	2.50 EUR	Samyang	8801073110502	yes	new
3330	Buldak Ramen Bowl HOT Chicken - 105 g	Savourez le piquant intense des nouilles Samyang Ramen Bowl HOT Chicken. Ce bol de 105 g offre des nouilles épaisses et moelleuses, baignées dans un bouillon riche en saveur de poulet épicé. Prêt en quelques minutes, il est parfait pour un repas rapide et plein de chaleur.	https://www.mesbonbons.net/fr/shop/samyang-ramen-bowl-hot-chicken---105-g	https://fladis.azureedge.net/erp/864d8b66-395c-4c1e-bf9b-e47fab99f25f.png	in_stock	4.99 EUR	Samyang	8801073210363	yes	new
3361	Jimmy's Popcorn Sweet Chili BBQ Tabasco - 90 g	Le Jimmy's Popcorn Chili BBQ Tabasco est un popcorn croustillant et savoureux, assaisonné d'un mélange épicé de chili, de barbecue et du célèbre Tabasco. Ce snack audacieux offre une explosion de saveurs fumées et piquantes, parfait pour les amateurs de sensations fortes lors de vos soirées cinéma ou apéritifs.	https://www.mesbonbons.net/fr/shop/jimmys-popcorn-sweet-chili-bbq-tabasco---90-g	https://fladis.azureedge.net/erp/f53e9bc7-fc23-46ee-85d6-a1eeb5d6c44f.png	in_stock	1.99 EUR	JIMMY's	8713276001177	yes	new
3367	Pocky Almond Crush - 46 g	Les Pocky Almond Crush sont des bâtonnets de biscuit enrobés de chocolat au lait et parsemés de morceaux d’amandes croquantes. Ils offrent une combinaison parfaite de douceur chocolatée et de croquant, idéale pour une pause gourmande.	https://www.mesbonbons.net/fr/shop/pocky-almond-crush-46-g	https://fladis.azureedge.net/erp/f1bbb0ef-5a37-4657-ae2a-1354c6952f2a.png	in_stock	4.29 EUR	Pocky	4901005512436	yes	new
3394	Chupa Chups Melody Pops Strawberry - 4 x 15 g	Les Chupa Chups Melody Pops Fraise sont des sucettes fruitées au goût délicieux de fraise. Chaque paquet contient quatre sucettes individuelles, parfaites pour une pause sucrée rafraîchissante avec une saveur de fraise intense et agréable.	https://www.mesbonbons.net/fr/shop/chupa-chups-melody-pops-strawberry---4-x-15-g	https://fladis.azureedge.net/erp/4be56cbb-797b-411f-a2cf-9a9d81eaa79f.png	in_stock	2.00 EUR	Chupa Chups	6921211116127	yes	new
3397	Chupa Chups Mini - 20 x 6 g	Les Chupa Chups Minis sont de petites sucettes fruitées en édition réduite, offrant la même explosion de saveurs que les sucettes classiques dans un format plus petit. Idéales pour une pause sucrée rapide, elles sont disponibles dans une variété de saveurs délicieuses, parfaites pour les petites envies de gourmandise.	https://www.mesbonbons.net/fr/shop/chupa-chups-mini---20-pcs---120-g	https://fladis.azureedge.net/erp/11f9ee23-d222-46d5-a8e5-84a23ddd3c86.png	in_stock	2.00 EUR	Chupa Chups	4601798020131	yes	new
3398	Ricola Alpin Fresh Sans Sucre - 50 g	Les Ricola Alpin Fresh sont des bonbons à la menthe rafraîchissante, combinant des herbes alpines et des saveurs mentholées. Chaque bonbon offre une sensation de fraîcheur intense et un soulagement apaisant pour la gorge, parfait pour une pause revitalisante.	https://www.mesbonbons.net/fr/shop/ricola-alpin-fresh-sans-sucre---50-g	https://fladis.azureedge.net/erp/63f0019e-ca34-44ae-94f2-d4d247069ab5.png	in_stock	2.49 EUR	Ricola	7610700947265	yes	new
3400	Ricola Thé Vert & Citron Vert Sans Sucre - 50 g	Les Ricola Citron Vert sont des bonbons au goût vibrant de citron vert, enrichis des herbes alpines caractéristiques de Ricola. Ils offrent une saveur fraîche et acidulée, idéale pour une pause sucrée et revitalisante.	https://www.mesbonbons.net/fr/shop/ricola-th-vert-citron-vert-sans-sucre---50-g	https://fladis.azureedge.net/erp/37d0c404-0a32-4a0a-afd6-a2f5a1f17998.png	in_stock	2.49 EUR	Ricola	7610700010389	yes	new
3402	Ricola Réglisse Sans Sucre - 50 g	Les Ricola Réglisse sont des bonbons au goût intense de réglisse, enrichis des herbes alpines uniques de Ricola. Ils offrent une saveur profonde et légèrement sucrée, idéale pour une pause sucrée avec une touche de douceur réconfortante.	https://www.mesbonbons.net/fr/shop/ricola-rglisse-sans-sucre---50-g	https://fladis.azureedge.net/erp/817f4598-7c48-4bb6-ac65-2e248448ea3d.png	in_stock	2.49 EUR	Ricola	7610700944301	yes	new
3403	Ricola Fleurs de Sureau Sans Sucre - 50 g	Les Ricola Fleurs de Sureau sont des bonbons aux saveurs délicates de fleurs de sureau, enrichis des herbes alpines caractéristiques de Ricola. Ils offrent une douceur subtile et florale, parfaite pour une expérience gustative apaisante et rafraîchissante.	https://www.mesbonbons.net/fr/shop/ricola-fleurs-de-sureau-sans-sucre---50-g	https://fladis.azureedge.net/erp/6344698c-24d3-45a8-adac-1c4c991736f5.png	in_stock	2.49 EUR	Ricola	7610700947326	yes	new
3405	Ricola Orange Menthe Sans Sucre - 50 g	Les Ricola Orange Menthe sont des bonbons alliant la fraîcheur de la menthe à une touche fruitée d'orange. Enrichis des herbes alpines emblématiques de Ricola, ils offrent une expérience gustative revitalisante et équilibrée, idéale pour une pause douce et rafraîchissante.	https://www.mesbonbons.net/fr/shop/ricola-orange-menthe-sans-sucre---50-g	https://fladis.azureedge.net/erp/88f176e4-883d-416b-9544-34a75ada3287.png	in_stock	2.49 EUR	Ricola	7610700947340	yes	new
3409	Cachet Costa Rica 71% Cacao - 100 g	Cachet Costa Rica 71% Cacao est une tablette de chocolat noir de haute qualité, avec 71 % de cacao, mettant en avant des fèves de cacao en provenance du Costa Rica. Ce chocolat offre une saveur riche et profonde avec des notes subtiles de fruits et de noix, pour une expérience gustative authentique et élégante.	https://www.mesbonbons.net/fr/shop/cachet-costa-rica-71-cacao---100-g	https://fladis.azureedge.net/erp/46c26764-d0f2-45a7-95e0-56b4485cacf4.png	in_stock	2.99 EUR	Cachet	5412956214052	yes	new
3412	Fisherman's Friend Anis - 25 g	Les Fisherman's Friend Anis sont des pastilles mentholées au goût distinctif d'anis. Elles offrent une fraîcheur intense et un soulagement apaisant pour la gorge, tout en apportant une saveur douce et légèrement épicée. Parfaites pour une pause rafraîchissante et revigorante.	https://www.mesbonbons.net/fr/shop/fishermans-friend-anis---25-g	https://fladis.azureedge.net/erp/5e62f613-1a1b-4826-9c92-9592c50cdcd9.png	in_stock	2.00 EUR	Fisherman's Friend	50818983	yes	new
3413	Fisherman's Friend Mint - 25 g	Les Fisherman's Friend Anis sont des pastilles mentholées au goût distinctif de menthe. Elles offrent une fraîcheur intense et un soulagement apaisant pour la gorge, tout en apportant une saveur douce et légèrement épicée. Parfaites pour une pause rafraîchissante et revigorante.	https://www.mesbonbons.net/fr/shop/fishermans-friend-mint---25-g	https://fladis.azureedge.net/erp/3479a853-52f3-49b8-b54a-9640c95977bb.png	in_stock	2.00 EUR	Fisherman's Friend	50818952	yes	new
3416	Cachet Peru Chocolat Noir 64% Cacao - 100 g	Cachet Peru Chocolat Noir 64% Cacao est une tablette de chocolat noir, avec 64 % de cacao, élaborée à partir de fèves de cacao du Pérou. Elle offre une saveur complexe et élégante, avec des notes de fruits et de terre, pour une expérience gustative raffinée.	https://www.mesbonbons.net/fr/shop/cachet-peru-chocolat-noir-64-cacao---100-g	https://fladis.azureedge.net/erp/a5d36023-0de9-4c7f-9434-3a5c4dab40d8.png	in_stock	2.99 EUR	Cachet	5412956214045	yes	new
3417	Ricola Framboise Menthe Sans Sucre - 50 g	Les Ricola Framboise Menthe sont des bonbons rafraîchissants qui combinent la douceur fruitée de la framboise avec la fraîcheur de la menthe. Enrichis des herbes alpines caractéristiques de Ricola, ils offrent une expérience gustative équilibrée et apaisante, parfaite pour une pause sucrée et revitalisante.	https://www.mesbonbons.net/fr/shop/ricola-framboise-menthe-sans-sucre---50-g	https://fladis.azureedge.net/erp/756baa98-4465-4d51-80ca-6a333ec8d0bb.png	in_stock	2.49 EUR	Ricola	7610700017685	yes	new
3419	Chupa Chups The Best Of - 10 x 12 g	Les Chupa Chups The Best Of sont un assortiment de sucettes aux saveurs variées, rassemblant les goûts les plus populaires de la marque (cola, fraise, pomme et lait/fraise). Chaque paquet offre une sélection de délices fruités et crémeux, parfaits pour satisfaire toutes les envies sucrées avec une touche nostalgique et gourmande.	https://www.mesbonbons.net/fr/shop/chupa-chups-the-best-of-10-x-12-g	https://fladis.azureedge.net/erp/380b56e1-ad30-4f75-9478-3df3bbb7b633.png	in_stock	2.00 EUR	Chupa Chups	8410031132519	yes	new
3422	Coca-Cola China Strawberry - 330 ml	Le Coca-Cola japonais à la fraise est une version unique et saisonnière de la célèbre boisson. Il combine la saveur classique du Coca-Cola avec une touche de fraise, offrant une expérience gustative sucrée et fruitée.	https://www.mesbonbons.net/fr/shop/coca-cola-china-strawberry---330-ml	https://fladis.azureedge.net/erp/648ebaa6-08b6-4b29-838a-51dce5798dfd.png	in_stock	2.50 EUR	Coca-Cola China	6954767411750	yes	new
3423	Cheese Zip Cheddar Original - 227 g	Le Cheese Zip Cheddar Spray est une sauce au fromage cheddar en format spray, offrant une manière pratique et amusante d'ajouter une saveur fromagère intense à vos snacks et plats préférés. Idéale pour les apéritifs, les sandwiches ou les légumes, elle apporte une touche gourmande et crémeuse en un simple geste.	https://www.mesbonbons.net/fr/shop/cheese-zip-cheddar-original---227-g	https://fladis.azureedge.net/erp/463b1c4c-d6bc-443f-9942-38a403e3d91a.png	out_of_stock	7.99 EUR	Old Fashioned Foods	5010338155209	yes	new
3425	La véritable Couille de Singe - 100 g	La véritable couille de singe est un petit bonbon Belge rond et dure acidulé au délicieux goût de cerise et présenté dans un emballage rétro.	https://www.mesbonbons.net/fr/shop/la-vritable-couille-de-singe---100-g	https://fladis.azureedge.net/erp/db70eead-45e4-442c-89d1-443c6d48f538.png	in_stock	2.99 EUR	La Véritable Couille de Singe	5425002710507	yes	new
3429	Harry Potter Bertie Bott's Beans - 125 g	Les Harry Potter Bertie Bott's Beans sont des bonbons en forme de haricots aux saveurs surprenantes et variées, inspirés de l'univers magique de Harry Potter. Chaque boîte contient un mélange de goûts délicieux et insolites, allant des fruits sucrés aux saveurs plus audacieuses comme le vomi ou le savon, offrant une expérience amusante et pleine de surprises pour les fans de la saga.	https://www.mesbonbons.net/fr/shop/harry-potter-bertie-botts-beans---125-g	https://fladis.azureedge.net/erp/bbff08a6-d6f2-4bc4-b336-57adae0ba373.png	in_stock	10.99 EUR	Harry Potter	071570009748	yes	new
3430	Felko Holland Fruit Splash - 310 g	Les bonbons Splash Candy aux fruits sont des confiseries gélifiées aux saveurs fruitées éclatantes. Chaque bonbon offre une explosion de goûts sucrés et acidulés, combinant une texture tendre et moelleuse. Parfait pour une pause gourmande et rafraîchissante, idéale pour satisfaire toutes les envies sucrées.	https://www.mesbonbons.net/fr/shop/felko-holland-fruit-splash---310-g	https://fladis.azureedge.net/erp/12bf8101-b2cd-4d00-a3b3-b345d16d9f79.png	out_of_stock	4.99 EUR	Felko Holland	8717371586935	yes	new
3432	Chupa Chups XXL - 25 x 29 g	Les Chupa Chups XXL sont un assortiment de grandes sucettes aux saveurs variées et intenses. Ce pack de 725 g comprend 25 sucettes aux goût de cola, de pomme ou encore de fraise.	https://www.mesbonbons.net/fr/shop/chupa-chups-xxl---25-x-29-g	https://fladis.azureedge.net/erp/1f91c491-6c30-4a5b-b24d-e553b27c0d4f.png	in_stock	10.99 EUR	Chupa Chups	8410031974553	yes	new
3436	Chewing Gum Balls Medium - ⌀ 16mm - 2,5 kg	Les Chewing Gum Balls sont de petites boules de gomme à mâcher colorées, offrant une explosion de saveurs fruitées à chaque bouchée. Parfaites pour les fêtes, les événements ou simplement pour satisfaire les amateurs de chewing-gum, elles ajoutent une touche de plaisir sucré et ludique à chaque occasion.	https://www.mesbonbons.net/fr/shop/chewing-gum-balls-medium---16mm---25-kg	https://fladis.azureedge.net/erp/b119e28b-e8ea-43ed-8047-19f7ec9422ac.png	out_of_stock	17.99 EUR	Hamlet	5400265024677	yes	new
3441	Damel Jumbo Stick Twist Tutti Frutti Tubo - 30 pièces	Savourez un bonbon extra-long aux couleurs vives et à la saveur joyeusement fruitée. Le Damel Jumbo Stick Twist Tutti Frutti allie une texture moelleuse à un mélange gourmand de fruits, parfait pour une pause sucrée ou un moment de partage amusant !	https://www.mesbonbons.net/fr/shop/damel-jumbo-stick-twist-tutti-frutti-tubo---30-pices	https://fladis.azureedge.net/erp/15643f6b-c79c-4706-aa65-13ea838482a6.png	in_stock	13.99 EUR	Damel	8411500110090	yes	new
3456	Milka Leo Cubes - 150 g	Les Leo Wafer Cubes sont des petites bouchées gourmandes composées de couches de gaufrette croustillante enrobées de chocolat délicieux. Chaque cube offre une texture légère et aérée, combinée à une saveur riche et sucrée. Idéaux pour une collation agréable ou un moment de douceur, ces cubes allient croustillant et chocolat avec élégance.	https://www.mesbonbons.net/fr/shop/milka-leo-cubes---150-g	https://fladis.azureedge.net/erp/1cb6e67b-6dbb-4112-8841-2fb6ae5c6a6a.png	in_stock	5.99 EUR	Milka	7622201413965	yes	new
3458	Bubblicious Ultimate Original - 38 g	Le Bubblicious Ultimate Original est un chewing-gum au goût classique et intense, offrant une explosion de saveur fruitée à chaque mâchée. Sa texture tendre et sa durée de goût prolongée en font une option idéale pour une pause gourmande rafraîchissante. Parfait pour les amateurs de chewing-gum à la recherche de plaisir simple et authentique.	https://www.mesbonbons.net/fr/shop/bubblicious-ultimate-original---38-g	https://fladis.azureedge.net/erp/9c406e0c-9da3-4995-9149-968753acd018.png	in_stock	1.25 EUR	Bubblicious	8723400939504	yes	new
3459	Bubblicious Fraise - 38 g	Le Bubblicious Ultimate Original est un chewing-gum au goût classique et intense, offrant une explosion de saveur fruitée à chaque mâchée. Sa texture tendre et sa durée de goût prolongée en font une option idéale pour une pause gourmande rafraîchissante. Parfait pour les amateurs de chewing-gum à la recherche de plaisir simple et authentique.	https://www.mesbonbons.net/fr/shop/bubblicious-fraise---38-g	https://fladis.azureedge.net/erp/34d4005d-5f86-4a13-8c42-6c0915dd42eb.png	in_stock	1.25 EUR	Bubblicious	8723400940463	yes	new
3460	Bubblicious Cola - 38 g	Le Bubblicious Cola est un chewing-gum au goût rafraîchissant de cola. Chaque bouchée offre une explosion de saveur de soda classique avec une texture tendre et une longue durée de goût. Idéal pour les amateurs de chewing-gum à la recherche d'une touche nostalgique et sucrée.	https://www.mesbonbons.net/fr/shop/bubblicious-cola---38-g	https://fladis.azureedge.net/erp/1e99cb44-acf0-4684-bab1-510f7c320bad.png	in_stock	1.25 EUR	Bubblicious	8723400939580	yes	new
3466	Lollywood Nuage Bleu Dextrose Tubo - 850 g	Les Lollywood Nuages Bleus Dextrose sont des bonbons légers et croquants en forme de nuages, fabriqués à base de dextrose. Avec leur texture fondante et leur douce saveur fruitée, ils offrent une expérience sucrée et réconfortante. Parfaits pour une pause gourmande, ces bonbons sont idéaux pour ceux qui aiment les friandises délicates et légères.	https://www.mesbonbons.net/fr/shop/lollywood-nuage-bleu-dextrose-tubo---850-g	https://fladis.azureedge.net/erp/8ff31353-502a-4339-8d6d-53e63903a9ec.png	in_stock	14.99 EUR	Lollywood	5420001513388	yes	new
3467	Lollywood Cœur Blanc Dextrose Tubo - 850 g	Les Lollywood Cœurs Blancs Dextrose sont de tendres bonbons croquants en forme de cœur, fabriqués à base de dextrose. Leur texture délicate fond sous la langue, offrant une douce saveur sucrée. Parfaits pour une pause gourmande ou pour partager un moment de douceur, ces bonbons raviront les amateurs de friandises légères et romantiques.	https://www.mesbonbons.net/fr/shop/lollywood-cur-blanc-dextrose-tubo---850-g	https://fladis.azureedge.net/erp/6dc43fef-0293-4e1b-8b96-772c39b84dcc.png	in_stock	14.99 EUR	Lollywood	5420001513470	yes	new
3470	Lollywood Sucette Blanche Dextrose Tubo - 500 g	Les Lollywood Sucettes Blancs Dextrose sont de délicieuses sucettes au goût doux et sucré, fabriquées à base de dextrose. Leur texture croquante fond délicatement en bouche, offrant une expérience sucrée et réconfortante. Idéales pour une petite pause gourmande, ces sucettes sont parfaites pour ceux qui apprécient les friandises simples et savoureuses.	https://www.mesbonbons.net/fr/shop/lollywood-sucette-blanche-dextrose-tubo---500-g	https://fladis.azureedge.net/erp/5f3e5936-390c-46eb-875b-c122fbcc75cc.png	in_stock	10.99 EUR	Lollywood	5420001514026	yes	new
3471	Lollywood Sucette Bleue Dextrose Tubo - 500 g	La Lollywood Sucette Bleue Dextrose est une sucette au goût sucré et léger, fabriquée à base de dextrose. Avec sa couleur bleue vive et sa texture croquante, elle offre une expérience gourmande délicate et rafraîchissante. Parfaite pour une pause sucrée, elle allie plaisir visuel et saveur douce dans chaque bouchée.	https://www.mesbonbons.net/fr/shop/lollywood-sucette-bleue-dextrose-tubo---500-g	https://fladis.azureedge.net/erp/dcecab30-0081-45e9-8422-954d997165eb.png	in_stock	10.99 EUR	Lollywood	5420001514002	yes	new
3476	Trolli Anneau Fruit Rouge - 1 kg	Les Trolli Red Fruits Mini-Rings sont de petits bonbons gélifiés en forme d'anneaux, avec des saveurs fruitées intenses de fruits rouges. Leur texture tendre et leur goût sucré et acidulé offrent une pause gourmande agréable et rafraîchissante. Idéaux pour les amateurs de bonbons fruités et amusants.	https://www.mesbonbons.net/fr/shop/trolli-anneau-fruit-rouge---1-kg	https://fladis.azureedge.net/erp/20e7d44a-b388-45f8-97ac-1349c68a53c7.png	in_stock	8.99 EUR	Trolli	4000512733454	yes	new
3477	Trolli Fraise Citrique - 1 kg	Les **Trolli Fraise Sucrée** sont des bonbons gélifiés en forme de fraises, enrobés de sucre fin. Ils ont une texture douce et moelleuse, avec un goût sucré et fruité de fraise. Ces bonbons sont appréciés pour leur saveur intense et leur enrobage sucré qui ajoute un petit croquant à chaque bouchée. Idéals pour les amateurs de friandises fruitées et acidulées.	https://www.mesbonbons.net/fr/shop/trolli-fraise-sucre---1-kg	https://fladis.azureedge.net/erp/5082bc78-652e-423d-9ecd-d4b4dee8c358.png	in_stock	8.99 EUR	Trolli	4003084510096	yes	new
3478	Trolli Tranche Pastèque Sucrée - 1 kg	Les **Trolli Tranches Pastèque** sont des bonbons gélifiés en forme de tranches de pastèque, recouverts d'une fine couche de sucre. Ils offrent une texture moelleuse avec un goût rafraîchissant et sucré rappelant la pastèque. L'enrobage sucré apporte une légère acidité, équilibrant parfaitement la douceur du bonbon. Ces friandises sont idéales pour ceux qui aiment les saveurs fruitées et estivales.	https://www.mesbonbons.net/fr/shop/trolli-tranche-pastque-sucre---1-kg	https://fladis.azureedge.net/erp/5ca96823-b2b0-4780-ab9e-da2c1418118d.png	in_stock	8.99 EUR	Trolli	8436556391040	yes	new
3480	Lollywood Foam Baby Mix Rose & Blanc - 800 g	Les Lollywood Foam Baby Mix Rose Blanc sont des bonbons gélifiés en forme de petits bébés, aux couleurs rose et blanc. Leur texture mousseuse et leur saveur douce offrent une expérience sucrée amusante et agréable. Parfaits pour une pause gourmande ou pour ajouter une touche ludique à vos moments sucrés.	https://www.mesbonbons.net/fr/shop/lollywood-foam-baby-mix-rose-blanc---800-g	https://fladis.azureedge.net/erp/dc121655-9157-4773-a38c-b8dad86c9882.png	in_stock	12.99 EUR	Lollywood	5420001513692	yes	new
3486	Brets Truffe d'été - 125 g	Les Bret's Truffe d'été sont des chips artisanales françaises au goût intense de truffe d'été. Leur saveur raffinée et leur texture croustillante en font un délice pour les amateurs de truffe.	https://www.mesbonbons.net/fr/shop/brets-truffe-dt---125-g	https://fladis.azureedge.net/erp/5af4390a-eedf-4493-b174-4b71691e51ad.png	out_of_stock	4.99 EUR	Bret's	3497917002987	yes	new
3488	Jimmy's Popcorn Sucré - 27 g	Les **Jimmy's Popcorn Sucré ** sont des grains de maïs éclatés délicatement sucrés. Légers et croustillants, ils offrent une collation gourmande et rapide à savourer à tout moment.	https://www.mesbonbons.net/fr/shop/jimmys-popcorn-sucr---27-g	https://fladis.azureedge.net/erp/895a853d-380c-4d9f-a794-dccdcac42338.png	out_of_stock	0.75 EUR	JIMMY's	8713276090027	yes	new
3498	Frugo Energy Pastèque & Fraise - 330 ml	**Frugo Energy Pastèque & Fraise** est une boisson énergisante rafraîchissante alliant les saveurs juteuses de pastèque et de fraise. Sa formule vivifiante et son goût fruité en font une option idéale pour une pause revitalisante.	https://www.mesbonbons.net/fr/shop/frugo-energy-pastque-fraise---330-ml	https://fladis.azureedge.net/erp/a56f04cd-2460-46fa-b178-0e575ebd2323.png	out_of_stock	1.20 EUR	Frugo	5900552088202	yes	new
3500	Red Bull Energy Drink - 250 ml	Le **Red Bull Energy Drink** est une boisson énergisante emblématique qui booste votre énergie avec sa formule unique de caféine, taurine et vitamines. Son goût légèrement sucré et pétillant vous aide à rester concentré et dynamique tout au long de la journée.	https://www.mesbonbons.net/fr/shop/red-bull-energy-drink---250-ml	https://fladis.azureedge.net/erp/b52986ed-c123-4c8c-bea0-2ad6dde7c712.png	in_stock	2.00 EUR	Red Bull	90162909	yes	new
3502	Red Bull Green Edition Fruit du Cactus - 250 ml	Le **Red Bull Green Edition Fruit du Cactus** est une boisson énergisante aux saveurs rafraîchissantes de fruit du cactus. Avec sa formule énergisante unique de caféine, taurine et vitamines, elle offre un coup de boost délicieux et exotique.	https://www.mesbonbons.net/fr/shop/red-bull-green-edition-fruit-du-cactus---250-ml	https://fladis.azureedge.net/erp/78dd7094-ad14-45c1-a54d-a1110f1dbd3f.png	out_of_stock	1.50 EUR	Red Bull	90453151	yes	new
3503	Red Bull Apricot Edition Abricot Fraise - 250 ml	Le **Red Bull Apricot Edition Abricot Fraise - 250 ml** est une boisson énergisante offrant une combinaison fruitée d'abricot et de fraise. Sa formule stimulante de caféine, taurine et vitamines procure un regain d'énergie avec une saveur douce et agréable.	https://www.mesbonbons.net/fr/shop/red-bull-apricot-edition-abricot-fraise---250-ml	https://fladis.azureedge.net/erp/5cd70a93-6a20-48d4-b189-21c33526ef76.png	out_of_stock	2.00 EUR	Red Bull	9002490255916	yes	new
3505	AirHeads Pastèque - 15,6 g	Les Airheads Pastèque sont des bares de bonbons aux saveurs fruitées intenses, connus pour leur texture chewy et leur goût vibrant. Disponibles en plusieurs saveurs, ils offrent une explosion de saveurs en chaque bouchée.	https://www.mesbonbons.net/fr/shop/airheads-pastque---156-g	https://fladis.azureedge.net/erp/0ba3cfb6-385f-4e2f-be0b-dae6e6924f0b.png	in_stock	1.00 EUR	AirHeads	073390002039	yes	new
3506	AirHeads Framboise Bleue - 15,6 g	Les AirHeads Framboise bleue sont des bares de bonbons aux saveurs fruitées intenses, connus pour leur texture chewy et leur goût vibrant. Disponibles en plusieurs saveurs, ils offrent une explosion de saveurs en chaque bouchée.	https://www.mesbonbons.net/fr/shop/airheads-framboise-bleue---156-g	https://fladis.azureedge.net/erp/2e2ea83b-79b4-4428-9ce7-7ad220dec7aa.png	out_of_stock	1.00 EUR	AirHeads	073390002206	yes	new
3507	AirHeads Cerise - 15,6 g	Les AirHeads Cerise sont des barres de bonbons aux saveurs fruitées intenses, connus pour leur texture chewy et leur goût vibrant. Disponibles en plusieurs saveurs, ils offrent une explosion de saveurs en chaque bouchée.	https://www.mesbonbons.net/fr/shop/airheads-cerise---156-g	https://fladis.azureedge.net/erp/63205abd-6495-401e-aefc-b6bb8b12365c.png	in_stock	1.00 EUR	AirHeads	073390002015	yes	new
3508	AirHeads Blanc Mystère - 15,6 g	Les Airheads Blanc Mystère sont des bares de bonbons mystérieuses dont vous découvrez le goût lors de l'ouverture.	https://www.mesbonbons.net/fr/shop/airheads-blanc-mystre---156-g	https://fladis.azureedge.net/erp/02854bfa-49a3-45b4-853f-c927d14160fa.png	in_stock	1.00 EUR	AirHeads	073390002213	yes	new
3513	Guylian Fruit de Mer The Original - 250 g	Les Guylian The Original Seashells sont des pralines belges en forme de coquillages, avec un cœur de praliné aux noisettes.	https://www.mesbonbons.net/fr/shop/guylian-the-original-seashells---250-g	https://fladis.azureedge.net/erp/20bf9995-066e-4449-a155-d5a3492ff189.png	in_stock	9.99 EUR	Guylian	5410976140122	yes	new
3514	Guylian Fruit de Mer Dark Praliné - 225 g	Les Guylian The Original Dark Seashells sont des pralines belges au chocolat noir en forme de coquillages, avec un cœur de praliné aux noisettes.	https://www.mesbonbons.net/fr/shop/guylian-fruit-de-mer-dark-pralin---225-g	https://fladis.azureedge.net/erp/892ee554-be4f-4609-9424-9327ed88785f.png	out_of_stock	7.99 EUR	Guylian	5410976235019	yes	new
3516	Thijs Bouteilles Cola/Citron - 1 kg	Les **Thijs Bouteilles Coca/Citron** sont des bonbons gélifiés en forme de petites bouteilles, au goût rafraîchissant de cola avec une touche de citron.	https://www.mesbonbons.net/fr/shop/thijs-bouteilles-colacitron---1-kg	https://fladis.azureedge.net/erp/e132af55-b7cd-4a01-8836-23aad381e856.png	in_stock	10.79 EUR	Thijs	5412132150853	yes	new
3517	Thijs Gomme Tricolore Fraise - 1 kg	Les Thijs Gommes fraises sont de délicieuses gommes fruitées au goût de fraises, offrant une texture tendre et un parfum naturel.	https://www.mesbonbons.net/fr/shop/thijs-gomme-tricolore-fraise---1-kg	https://fladis.azureedge.net/erp/2e445079-a165-4635-af73-9568d60c8859.png	in_stock	10.79 EUR	Thijs	5412132123048	yes	new
3532	Orangina Rouge - 330 ml	L'Orangina Rouge est une boisson gazeuse fruitée qui mélange l'orange sanguine et l'orange classique. Elle offre une saveur légèrement acidulée avec des notes sucrées, et se distingue par sa pulpe d'orange naturelle.	https://www.mesbonbons.net/fr/shop/orangina-rouge---330-ml	https://fladis.azureedge.net/erp/d8ee981f-f099-4ccb-8df0-454ad7023ae2.png	in_stock	2.00 EUR	Orangina	3124480190406	yes	new
3535	Tic Tac Menthe Intense - 49 g	Les Tic Tac Menthe Intense sont de petites pastilles au goût puissant de menthe, offrant une fraîcheur longue durée dans un format pratique à emporter partout.	https://www.mesbonbons.net/fr/shop/tic-tac-menthe-intense---49-g	https://fladis.azureedge.net/erp/e5764627-e687-4c5a-81bf-b75c5acf89d5.png	in_stock	2.99 EUR	Tic Tac	8000500119358	yes	new
3536	Tic Tac Citron Vert & Orange - 49 g	Les Tic Tac Citron Vert & Orange sont des pastilles aux saveurs fruitées de citron vert et d'orange, offrant une combinaison rafraîchissante et légèrement acidulée dans un format pratique.	https://www.mesbonbons.net/fr/shop/tic-tac-citron-vert-orange---49-g	https://fladis.azureedge.net/erp/c8fe6dc7-d78a-4da1-baf9-7eb1c90db0ec.png	in_stock	2.99 EUR	Tic Tac	4008400390529	yes	new
3538	KitKat Chunky White - 40 g	Le KitKat Chunky White est une barre chocolatée composée de gaufrettes croustillantes recouvertes d'un chocolat blanc crémeux. Elle combine le croquant des gaufrettes avec la douceur du chocolat blanc pour un goût irrésistible.	https://www.mesbonbons.net/fr/shop/kitkat-chunky-white---40-g	https://fladis.azureedge.net/erp/3389036f-6359-4ce0-8973-3cf592deb6e3.png	in_stock	1.50 EUR	KitKat	3800020493984	yes	new
3543	Croky Explosions Thai Curry  - 150 g	Surprenant, intense et aventureux ! 3 mots parfaits pour décrire les Explosions Thai Curry. Découvrez cette saveur explosive et savourez cette chips super croquante !	https://www.mesbonbons.net/fr/shop/croky-explosions-thai-curry---150-g	https://fladis.azureedge.net/erp/bafde995-f3b7-446b-aaf1-5c116b8b7f02.png	in_stock	2.39 EUR	Croky	5414359962615	yes	new
3545	Pocky Cookies & Cream - 40 g	Les Pocky Cookies & Cream sont des bâtonnets de biscuit enrobés d'une couche crémeuse de cookies et crème. Chaque bâtonnet offre une combinaison parfaite de croquant et de douceur, idéale pour une collation savoureuse.	https://www.mesbonbons.net/fr/shop/pocky-cookies-cream---40-g	https://fladis.azureedge.net/erp/42e03e8a-e376-41d3-af9a-02133ec5afeb.png	in_stock	2.99 EUR	Pocky	8990044000024	yes	new
3547	Fanta China Peach - 330 ml	Plongez dans l'exotisme avec Fanta China Pêche. Chaque bulle de cette boisson pétillante évoque la douceur juteuse des pêches chinoises. Fanta China Pêche, c'est une invitation à une pause rafraîchissante et fruitée, parfaite à tout moment de la journée.	https://www.mesbonbons.net/fr/shop/fanta-china-peach---330-ml	https://fladis.azureedge.net/erp/a6c8af1d-015d-4472-8bd1-61f0811863d3.png	in_stock	2.50 EUR	Fanta	6928804015478	yes	new
3550	Oreo Original - 154 g	Les Oreo Original sont des biscuits emblématiques composés de deux gaufrettes au chocolat noir et d'une garniture crémeuse à la vanille. Leur combinaison de textures croquantes et de douceur en fait un snack classique et irrésistible.	https://www.mesbonbons.net/fr/shop/oreo-original---154-g	https://fladis.azureedge.net/erp/f3b4a424-2b99-4c21-8ee5-dc9a430ef6d9.png	in_stock	2.50 EUR	Oreo	7622300336738	yes	new
3555	Fanta Jasmin Pêche - 500  ml	Fanta Jasmine Peach est une boisson gazeuse aromatisée au jasmin et à la pêche. La boisson a un goût unique et rafraîchissant, combinant les notes florales du jasmin avec la saveur douce et juteuse de la pêche.	https://www.mesbonbons.net/fr/shop/fanta-jasmin-peche---500-ml	https://fladis.azureedge.net/erp/97fc81d5-67d9-4b78-a637-6367e2ee7c78.png	out_of_stock	3.00 EUR	Fanta	6928804019414	yes	new
3564	Lutti Scoubidou - 180 g	Les Lutti Scoubidou sont des bonbons gélifiés aux saveurs fruitées variées, en forme de spirales colorées. Leur texture tendre et leur goût intense en font une collation amusante et savoureuse.	https://www.mesbonbons.net/fr/shop/lutti-scoubidou---180-g	https://fladis.azureedge.net/erp/5a727816-653c-42ed-a864-3eb90d01a9c8.png	in_stock	3.00 EUR	Lutti	8716100455108	yes	new
3566	Lutti Cola Bizz - 250 g	Les Lutti Cola Bizz sont des bonbons gélifiés en forme de bouteilles, au goût de cola avec une touche acidulée. Leur texture tendre et leur saveur pétillante offrent une expérience sucrée et rafraîchissante.	https://www.mesbonbons.net/fr/shop/copy-lutti-bubblizz---250-g	https://fladis.azureedge.net/erp/0ccd0f4c-ccd8-4420-bf94-096eb898d996.png	in_stock	2.00 EUR	Lutti	5410057858397	yes	new
3567	Lutti Candy Lace - 200 g	Les Lutti Candy Lace sont de longues ficelles de bonbon gélifié, au goût fruité et acidulé. Leur texture moelleuse et leur forme amusante en font une friandise irrésistible.	https://www.mesbonbons.net/fr/shop/lutti-candy-lace---200-g	https://fladis.azureedge.net/erp/e46023fd-8085-4de3-9db7-87e27c5e89e7.png	in_stock	2.50 EUR	Lutti	5400787031979	yes	new
3570	Lutti Fraise - 175 g	Les Lutti Fraise sont des bonbons gélifiés en forme de fraises, avec une texture moelleuse et un goût intense de fraise sucrée. Idéals pour une pause gourmande fruitée.	https://www.mesbonbons.net/fr/shop/lutti-fraise---175-g	https://fladis.azureedge.net/erp/d01397f7-2f86-49a1-a1ed-b68130c66794.png	in_stock	2.50 EUR	Lutti	5400787025398	yes	new
3571	Lutti Long Fizz - 200 g	Les Lutti Long Fizz sont de longues bandes de bonbon gélifié, au goût fruité et acidulé. Leur texture moelleuse et leur effet pétillant offrent une expérience sucrée et rafraîchissante.	https://www.mesbonbons.net/fr/shop/lutti-long-fizz---200-g	https://fladis.azureedge.net/erp/30efadd6-1521-4060-8287-88c6363cd4bc.png	out_of_stock	2.50 EUR	Lutti	3116740030393	yes	new
3573	Felko Mega Gummies Bear On A Stick  - 120 g	Les bonbons Méga Gummies Bear on a Stick 120 g sont des gummies en forme d'ours géants, montés sur un bâton. Ces bonbons offrent une texture moelleuse et un goût fruité intense. Chaque paquet contient des ours colorés, idéals pour les gourmands à la recherche d'un snack fun et délicieux. Parfaits pour partager ou pour une petite pause sucrée, ils sont appréciés des enfants et des adultes !	https://www.mesbonbons.net/fr/shop/felko-mega-gummies-bear-on-a-stick---120-g	https://fladis.azureedge.net/erp/56a4716d-1018-4c62-843a-07b8e2173464.png	in_stock	3.00 EUR	Felko Holland	8717371586522	yes	new
3574	Felko Mega Gummies Cola - 600 g	Le Felko Holland Mega Gummies Cola est un grand bonbon gélifié en forme de bouteille, au goût classique de cola. Avec sa texture moelleuse et sa taille généreuse, il est parfait pour les amateurs de friandises.	https://www.mesbonbons.net/fr/shop/felko-mega-gummies-cola---600-g	https://fladis.azureedge.net/erp/f7feaf3e-910c-4ed7-b488-64b2d36fad18.png	in_stock	12.49 EUR	Felko Holland	8717371586300	yes	new
3575	Felko Mega Gummies Unicorn - 600 g	Le Felko Holland Mega Gummies Unicorn est un bonbon gélifié de grande taille en forme de licorne, offrant une texture moelleuse et une saveur fruitée. Ce bonbon coloré est parfait pour les moments gourmands et amusants.	https://www.mesbonbons.net/fr/shop/felko-mega-gummies-unicorn---600-g	https://fladis.azureedge.net/erp/032de59e-f739-41b6-a67d-9d845c3e8407.png	in_stock	12.49 EUR	Felko Holland	8717371586287	yes	new
3577	Felko Mega Gummies Mini Ourson - 350 g	Les Felko Holland Mega Gummies Mini Ourson est un petit bonbon gélifié en forme d'ourson, avec une texture moelleuse et une saveur fruitée. Parfait pour une collation sucrée et amusante en petite taille.	https://www.mesbonbons.net/fr/shop/felko-mega-gummies-mini-ourson---350-g	https://fladis.azureedge.net/erp/a54a7eb6-5c98-4012-9f28-81bf6a4e75d5.png	in_stock	5.99 EUR	Felko Holland	8717371580568	yes	new
3579	Felko Mega Gummies Hot Dog - 120 g	Les Felko Holland Mega Gummies Hot Dog est un gros bonbon gélifié à la forme gourmande de hot dog, offrant une texture moelleuse et une saveur douce. Parfait pour une pause sucrée.	https://www.mesbonbons.net/fr/shop/felko-mega-gummies-hot-dog---120-g	https://fladis.azureedge.net/erp/835eafe8-0cc3-403d-a917-1d65e41dd1c9.png	in_stock	3.00 EUR	Felko Holland	8721042680747	yes	new
3580	Felko Mega Gummies Cherry Cola - 120 g	Les Felko Holland Mega Gummies Cherry Cola est un bonbon gélifié en forme de bouteille au goût de cola cerise, avec une texture moelleuse. Il combine une saveur fruitée et rafraîchissante pour une expérience sucrée originale.	https://www.mesbonbons.net/fr/shop/felko-holland-mega-gummies-cherry-cola---120-g	https://fladis.azureedge.net/erp/11a8a833-279e-48cf-a672-85add4e49484.png	in_stock	3.00 EUR	Felko Holland	8721042680778	yes	new
3582	Felko Mega Gummies Ice Cream - 120 g	Les Felko Holland Mega Gummies ice Cream est un bonbon gélifié en forme de glace, avec une texture moelleuse. Il combine une saveur fruitée et rafraîchissante pour une expérience sucrée originale.	https://www.mesbonbons.net/fr/shop/felko-mega-gummies-ice-cream---120-g	https://fladis.azureedge.net/erp/55cec90e-7cfc-47a2-8f2a-48b3345e5a1e.png	in_stock	2.00 EUR	Felko Holland	8717371588366	yes	new
3598	Cheetos Japanese Steak - 90 g	Cheetos Japanese Steak est une variante unique et savoureuse des chips classique Cheetos, inspirée par le goût savoureux du steak japonais. Ces chips croustillantes à saveur de fromage sont enrobées d'un assaisonnement spécial qui leur confère la saveur distinctive du steak japonais.	https://www.mesbonbons.net/fr/shop/cheetos-japanese-steak---90-g	https://fladis.azureedge.net/erp/d6ed8db0-8840-4da4-a3af-207e07322db4.png	out_of_stock	2.49 EUR	Cheetos	6924743913721	yes	new
3606	Cachet Chocolat Noir Intense 90% Cacao - 100 g	Cachet Chocolat Noir Intense 90% Cacao est une tablette de chocolat noir riche et puissante, contenant 90 % de cacao. Ce chocolat offre une expérience gustative intense avec des notes amères prononcées, idéale pour les amateurs de chocolat à forte teneur en cacao.	https://www.mesbonbons.net/fr/shop/cachet-chocolat-noir-intense-90-cacao---100-g	https://fladis.azureedge.net/erp/d956a206-5fc6-411d-8b2e-a73661211583.png	in_stock	2.99 EUR	Cachet	5412956214632	yes	new
3613	Hubba Bubba Cola - 56 g	Les Hubba Bubba Cola sont des chewing-gums au goût pétillant de cola, offrant une texture élastique et une saveur sucrée qui rappelle les boissons gazeuses classiques. Parfaits pour une pause gourmande et rafraîchissante.	https://www.mesbonbons.net/fr/shop/hubba-bubba-cola---56-g	https://fladis.azureedge.net/erp/135566cc-22cd-4bd5-909b-1ac2f740821a.png	in_stock	2.50 EUR	Hubba Hubba	4009900476812	yes	new
3617	Grab Pop - 12 pièces	Le Grab Pop est un bonbon effervescent avec une surprise jouet à l'intérieur. Il combine une texture pétillante et une saveur fruitée, offrant une expérience ludique et gourmande.	https://www.mesbonbons.net/fr/shop/grab-pop---12-pices	https://fladis.azureedge.net/erp/8fb60319-d575-4697-b86d-85d363f8abda.png	in_stock	13.99 EUR	Funny Candy	3587361149793	yes	new
3623	Haribo Bretzel Salé Réglisse Tubo - 150 pièces - 1,05 kg	Les Haribo Bretzels Sales Réglisses Tubo sont des bonbons en forme de petits bretzels, au goût intense de réglisse et légèrement salé. Avec leur texture ferme et leur saveur unique, ils sont parfaits pour les amateurs de réglisse.	https://www.mesbonbons.net/fr/shop/haribo-bretzel-sal-rglisse-tubo---150-pices---105-kg	https://fladis.azureedge.net/erp/e4798dbc-0d78-43a1-b14b-ca6d1a554285.png	in_stock	11.99 EUR	Haribo	4001686001783	yes	new
3625	Haribo Demi Lune Réglisse Tubo - 150 pièces - 1,35 kg	Les Haribo Demi Lunes Réglisse Tubo sont des bonbons en forme de demi-lunes, au goût riche et authentique de réglisse. Leur texture moelleuse et leur saveur intense en font une délicieuse option pour les amateurs de réglisse.	https://www.mesbonbons.net/fr/shop/haribo-demi-lune-rglisse-tubo---150-pices---135-kg	https://fladis.azureedge.net/erp/f2bd7c15-790f-4ef8-a482-a7b639c8854f.png	in_stock	11.99 EUR	Haribo	4001686233078	yes	new
3627	Haribo Caméléons - 1 kg	Bonbons gélifiés multicolores en forme de caméléons.	https://www.mesbonbons.net/fr/shop/haribo-camlons---1-kg	https://fladis.azureedge.net/erp/9a81e296-5b08-489f-82c0-4ad95484b5fe.png	in_stock	8.99 EUR	Haribo	4001686006436	yes	new
3637	Laffy Taffy Fraise - 23 g	Le Laffy Taffy Fraise est un bonbon long, tendre et extensible, au goût prononcé de fraise. Sa texture moelleuse et son format allongé en font une friandise amusante et délicieusement fruitée.	https://www.mesbonbons.net/fr/shop/laffy-taffy-fraise---23-g	https://fladis.azureedge.net/erp/f6c1369d-ca63-40ab-9e22-a42254997a9c.png	in_stock	1.00 EUR	Laffy Taffy	079200631635	yes	new
3638	Laffy Taffy Banane - 23 g	Le Laffy Taffy banane est un bonbon long, tendre et extensible, au goût prononcé de banane. Sa texture moelleuse et son format allongé en font une friandise amusante et délicieusement fruitée.	https://www.mesbonbons.net/fr/shop/laffy-taffy-banane---23-g	https://fladis.azureedge.net/erp/76fdbf3b-3e10-421d-a9de-78c39047a70a.png	in_stock	1.00 EUR	Laffy Taffy	079200339401	yes	new
3639	Laffy Taffy Cerise - 23 g	Le Laffy Taffy cerise est un bonbon long, tendre et extensible, au goût prononcé de cerise. Sa texture moelleuse et son format allongé en font une friandise amusante et délicieusement fruitée.	https://www.mesbonbons.net/fr/shop/laffy-taffy-cerise---23-g	https://fladis.azureedge.net/erp/54e01235-fe25-4d7c-868a-3adbeafed313.png	out_of_stock	1.00 EUR	Laffy Taffy	079200695002	yes	new
3641	Lay's China Braised Pork - 90 g	Les Lay's China Braised Pork sont des chips au goût savoureux de porc braisé, inspiré des recettes traditionnelles chinoises. Elles offrent une combinaison unique de saveurs umami et épicées, avec une texture croustillante.	https://www.mesbonbons.net/fr/shop/lays-china-braised-pork---90-g	https://fladis.azureedge.net/erp/37dc1963-99f8-4eed-bcfe-cd7c6f9a472e.png	in_stock	3.99 EUR	Lay's China	6924743927865	yes	new
3642	Lollywood Sucette Rose Dextrose Tubo - 500 g	La Lollywood Sucette Rose Dextrose est une sucette au goût sucré et léger, fabriquée à base de dextrose. Avec sa couleur bleue vive et sa texture croquante, elle offre une expérience gourmande délicate et rafraîchissante. Parfaite pour une pause sucrée, elle allie plaisir visuel et saveur douce dans chaque bouchée.	https://www.mesbonbons.net/fr/shop/lollywood-sucette-rose-dextrose-tubo---500-g	https://fladis.azureedge.net/erp/ab73306e-5347-429b-880a-b760ade1097f.png	in_stock	10.99 EUR	Lollywood	5420001513982	yes	new
3645	Lollywood Instrument de Musique Acidulé - 1 kg	Les bonbons instruments de musique Lollywood sont des friandises amusantes en forme d'instruments de musique, comme des guitares. Ces bonbons colorés offrent une variété de saveurs fruitées et sont parfaits pour une collation ludique et sucrée.	https://www.mesbonbons.net/fr/shop/lollywood-instrument-de-musique---1-kg	https://fladis.azureedge.net/erp/4d953b17-c145-419a-ba44-6c6a36f56338.png	in_stock	10.99 EUR	Lollywood	5420001514811	yes	new
3651	Monster Energy Juiced Mango Loco - 500 ml	Contrairement au goût traditionnel des boissons énergisantes, Mango Loco est plein d'arômes exotiques de mangue. Elle a également été créée avec le mélange énergétique unique de Monster pour procurer le buzz bien connu. Mango Loco est un mélange paradisiaque de jus exotiques.	https://www.mesbonbons.net/fr/shop/monster-juiced-mango-loco---500-ml	https://fladis.azureedge.net/erp/1f9c963d-2476-4c38-8821-4f327dbd6e4b.png	in_stock	3.00 EUR	Monster Energy	5060517889906	yes	new
3652	Lutti Fraise - 80 g	Les Lutti Fraise sont des bonbons gélifiés en forme de fraises, avec une texture moelleuse et un goût intense de fraise sucrée. Idéals pour une pause gourmande fruitée.	https://www.mesbonbons.net/fr/shop/lutti-fraise---80-g	https://fladis.azureedge.net/erp/4c52ef73-e135-47b3-87ac-ab3b3938c4c6.png	in_stock	1.50 EUR	Lutti	5400787037315	yes	new
3653	Monster Energy Punch MIXXD - 500 ml	Le secret de ce Monster rose réside dans son mélange parfait de fruits. Imaginez une symphonie de fraise, cerise, framboise et orange dansant harmonieusement en bouche. C'est un régal que seul Monster sait offrir. Au-delà de sa saveur exceptionnelle, le Monster Mixxd Fruit Punch est également conçu pour fournir l'énergie nécessaire pour affronter la journée.	https://www.mesbonbons.net/fr/shop/monster-punch-mixxd---500-ml	https://fladis.azureedge.net/erp/3e428b16-b29a-44fe-9d12-0e8035257af6.png	in_stock	3.00 EUR	Monster Energy	5060337507363	yes	new
3669	Red Bull White Edition Noix de Coco & Myrtille - 250 ml	Le Red Bull White Edition Noix de Coco et Myrtille est une boisson énergisante qui associe le goût exotique de la noix de coco à la douceur acidulée de la myrtille. Elle offre un mélange unique et rafraîchissant, avec les mêmes effets stimulants que le Red Bull classique.	https://www.mesbonbons.net/fr/shop/red-bull-white-edition-noix-de-coco-myrtille---250-ml	https://fladis.azureedge.net/erp/ff89acd8-316b-455b-9500-557915b6adaa.png	in_stock	2.00 EUR	Red Bull	90435478	yes	new
3670	Red Bull Yellow Edition Tropical - 250 ml	Le Red Bull Yellow Edition Tropical est une boisson énergisante avec une saveur exotique et fruitée inspirée des tropiques. Elle combine l'énergie classique de Red Bull avec des notes de fruits tropicaux, offrant une expérience rafraîchissante et revitalisante.	https://www.mesbonbons.net/fr/shop/red-bull-yellow-edition-tropical---250-ml	https://fladis.azureedge.net/erp/e5949f04-7455-4cf9-9738-67ddd001141e.png	out_of_stock	2.00 EUR	Red Bull	90415784	yes	new
3671	Rolo - 52 g	Le Rolo est une gourmandise chocolatée composée de bouchées de caramel fondant enrobées de chocolat au lait. Ces petits bonbons sont parfaits pour une pause sucrée ou à partager.	https://www.mesbonbons.net/fr/shop/rolo---52-g	https://fladis.azureedge.net/erp/016ace6d-742f-45b2-ac8b-3598463ff587.png	in_stock	1.50 EUR	Rolo	50251179	yes	new
3686	Monster Energy Ultra Zero Sugar - 500 ml	Boisson énergisante avec des notes légères et fruitées, idéale pour se désaltérer tout en restant énergisé.	https://www.mesbonbons.net/fr/shop/monster-energy-ultra-zero-sugar---500-ml	https://fladis.azureedge.net/erp/13f33fc0-1252-4c93-a6b6-9367d485c042.png	in_stock	3.00 EUR	Monster Energy	5060337500708	yes	new
3695	Oasis Thé Pêche - 330 ml	Boisson rafraîchissante à l'extrait de thé	https://www.mesbonbons.net/fr/shop/oasis-th-pche--33-cl	https://fladis.azureedge.net/erp/dbc23c0f-afb1-429f-9e22-b3310366f66d.png	in_stock	2.00 EUR	Oasis	3124480195401	yes	new
3696	Snickers Berry Whip - 40 g	Snickers Berry Whip est une barre chocolatée qui associe des notes fruitées de baies à la douceur du caramel et du chocolat au lait. Avec une texture légère et une saveur gourmande, elle offre une expérience sucrée et originale.	https://www.mesbonbons.net/fr/shop/snickers-berry-whip---40-g	https://fladis.azureedge.net/erp/0d87bca1-d7ce-4451-9945-d9be6de8320a.png	in_stock	2.49 EUR	Snickers	8902433005794	yes	new
3700	Snickers Morango - 42 g	Snickers Morango est une barre chocolatée qui combine le goût fruité de la fraise (morango) avec le caramel, les éclats de cacahuètes et le chocolat au lait. Cette variation offre une touche sucrée et fruitée à la recette classique de Snickers.	https://www.mesbonbons.net/fr/shop/snickers-morango---42-g	https://fladis.azureedge.net/erp/d051d356-44e1-4409-837d-1752bd855af2.png	out_of_stock	2.49 EUR	Snickers	7896423445985	yes	new
3701	Oreo Original - 66 g	Les Oreo Original sont des biscuits emblématiques composés de deux gaufrettes au chocolat noir et d'une garniture crémeuse à la vanille. Leur combinaison de textures croquantes et de douceur en fait un snack classique et irrésistible.	https://www.mesbonbons.net/fr/shop/oreo-original---66-g	https://fladis.azureedge.net/erp/567e593b-8c98-494f-b652-b933224f9aa7.png	in_stock	1.99 EUR	Oreo	84100733	yes	new
3709	Takis Blue Heat - 100 g	Takis Blue Heat est un snack offrant des rouleaux de maïs épicés, avec une couleur bleue distinctive et un goût intense. Ces chips combinent une saveur piquante et acidulée pour une expérience audacieuse et gourmande.	https://www.mesbonbons.net/fr/shop/takis-blue-heat-100-g	https://fladis.azureedge.net/erp/374ada6f-f930-468a-b92e-2ded7d4f3f98.png	in_stock	4.49 EUR	Takis	8412600049594	yes	new
3716	Twist and Drink Bubble Gum - 200 ml	Twist and Drink Bubble Gum est une boisson sucrée au goût de chewing-gum, offrant une saveur rétro et rafraîchissante. Sa douceur unique et son arôme de bubble gum en font une option ludique et agréable pour une pause gourmande.	https://www.mesbonbons.net/fr/shop/twist-and-drink-bubble-gum---200-ml	https://fladis.azureedge.net/erp/a01c3321-b2b4-4525-b798-686c03065e94.png	in_stock	1.49 EUR	Twist and Drink	9015340104654	yes	new
3738	Mars Minis - 227 g	Le Mars est une barre de nougat enrobé de chocolat pur beurre de cacao et d'un savoureux caramel, Indispensable pour vous redonner de l'énergie !	https://www.mesbonbons.net/fr/shop/copy-mars---51-g-x-32-pices	https://fladis.azureedge.net/erp/94c5065e-b607-45cd-84cb-6f5bc7d09a5f.png	out_of_stock	3.49 EUR	Mars	5000159562232	yes	new
3746	Felko Mega Gummies Pastèque - 120 g	Le Felko Holland Mega Gummies Watermelon est un énorme bonbon gélifié en forme de tranche de pastèque, avec une texture moelleuse et une saveur fruitée et rafraîchissante de pastèque. Idéal pour les amateurs de sucreries géantes.	https://www.mesbonbons.net/fr/shop/felko-holland-mega-gummies-pastque---120-g	https://fladis.azureedge.net/erp/ed02aa8b-08c0-4e31-8cab-e7926eb1e0ff.png	in_stock	3.00 EUR	Felko Holland	8717371588472	yes	new
3749	Red Bull Peach Edition - 250 ml	Red Bull Peach Edition est une boisson énergisante avec une saveur rafraîchissante de pêche. Elle combine l'énergie classique de Red Bull avec une note fruitée douce et légère, idéale pour une pause revitalisante.	https://www.mesbonbons.net/fr/shop/red-bull-peach-edition---250-ml	https://fladis.azureedge.net/erp/d6f0a76d-ecf1-4574-a6d4-d3190500e11d.png	out_of_stock	2.00 EUR	Red Bull	90446535	yes	new
3843	Cachet BIO Chocolat Extra Noir 85% Cacao - 90 g	Cachet BIO Chocolat Extra Noir 85% Cacao est une tablette de chocolat noir biologique, riche en cacao avec 85 % de teneur. Ce chocolat offre une saveur intense et légèrement amère, mettant en avant la pureté du cacao, parfait pour ceux qui apprécient un chocolat noir profond et authentique.	https://www.mesbonbons.net/fr/shop/copy-cachet-chocolat-extra-noir-85-cacao---100-g	https://fladis.azureedge.net/erp/a8213044-3399-49c5-973d-e9e2831e6ff5.png	in_stock	2.99 EUR	Cachet	5412956213116	yes	new
3870	Sweet Party Papier Hostie - 16 g	Si l’argent n’a pas d’odeur, il a bien du goût ! Du moins dans cette déclinaison en papier à mâcher de ces billets.	https://www.mesbonbons.net/fr/shop/sweet-party-papier-hostie---16-g	https://fladis.azureedge.net/erp/d56f0172-494f-4e99-a810-c074dc1e5953.png	in_stock	1.50 EUR	Sweet Party	5413128345727	yes	new
3888	Dr. Sour Sludge Goût Aléatoire - 32 g	Une friandise acidulée et amusante avec une texture de pâte collante. Sur quelle saveur tomberez vous ? Fraise, pomme verte ou framboise bleue. Parfait pour les amateurs de saveurs surprenantes et intense.	https://www.mesbonbons.net/fr/shop/dr-sour-sludge-got-alatoire---32-g	https://fladis.azureedge.net/erp/afe89c2c-c56d-4f9a-aa33-87b35f92c961.png	in_stock	1.00 EUR	Dr. Sour	8717371580643	yes	new
3974	Vidal Doigt Citrique - 1 kg	Le Vidal Doigt Citrique est un bonbon gélifié en forme de doigt, recouvert de sucre acide et offrant une saveur piquante d'agrumes. Coloré et moelleux, il est à la fois visuellement attractif et délicieux.	https://www.mesbonbons.net/fr/shop/vidal-doigt-citrique---1-kg	https://fladis.azureedge.net/erp/7ca49ae2-66c3-4a63-93b8-d4c6fd2a9eec.jpeg	in_stock	8.99 EUR	Vidal	8413178244602	yes	new
3976	Bello Dolce Noire Marshmallow Vanille - 900 g	La Bello Dolce Balle de Golf Noir Vanille est un bonbon en forme de balle de golf, au goût délicat de vanille. Sa couleur noir intense, combinée à un cœur moelleux, en font une friandise aussi savoureuse qu’originale.	https://www.mesbonbons.net/fr/shop/bello-dolce-balle-de-golf-noire-marshmallow-vanille---900-g	https://fladis.azureedge.net/erp/52796b74-bc12-413e-9cd9-3f8f0a0bb212.jpg	out_of_stock	9.99 EUR	Bello Dolce	8724900266664	yes	new
3977	Bulgari Balle de golf Orange Marshmallow Pêche - 900 g	La Bulgari Balle de Golf Orange Pêche est un bonbon en forme de balle de golf, avec une saveur fruitée de pêche. Sa couleur orange vif et son intérieur moelleux apportent une expérience gourmande et rafraîchissante.	https://www.mesbonbons.net/fr/shop/bulgari-balle-de-golf-orange-marshmallow-peche-900-g	https://fladis.azureedge.net/erp/d76c1a29-c086-4fd2-8c84-5c74d578c06d.jpg	in_stock	9.99 EUR		8006908003664	yes	new
3982	Bounty Wafer Rolls - 23,4 g	Les Bounty Wafer Rolls sont des bâtonnets croustillants composés de fines couches de gaufrettes, enrobés de chocolat au lait et garnis d'une crème de noix de coco onctueuse. Ils offrent une combinaison délicieuse entre le croquant des gaufrettes et la douceur exotique de la noix de coco, rappelant le goût classique du Bounty dans un format léger et croustillant.	https://www.mesbonbons.net/fr/shop/bounty-wafer-rolls---225-g	https://fladis.azureedge.net/erp/f92009c8-1809-4f18-a11a-157848ccaa0c.png	in_stock	1.50 EUR	Bounty	6221134013610	yes	new
3985	Fini Booom Vampire - 75 g	Le Fini Booom Vampire Bubble Gum est un bonbon dur avec un chewing-gum à l'intérieur extra acidulé, très apprécié des enfants.	https://www.mesbonbons.net/fr/shop/fini-booom-vampire---75-g	https://fladis.azureedge.net/erp/468a7c81-53ea-42fc-aa33-6e3fdab73df0.png	in_stock	2.00 EUR	Fini	8410525220562	yes	new
3987	Vidal Jelly Monster - 11 x 6 pièces	Le Vidal Monster Jelly est un bonbon gélifié au design effrayant, idéal pour Halloween. Chaque pièce est modelée en forme de monstres ou de créatures effrayantes, avec des textures moelleuses et une saveur fruitée. Son aspect visuellement saisissant, associé à un goût sucré-acidulé, en fait une friandise amusante et délicieusement monstrueuse à savourer lors de fêtes à thème.	https://www.mesbonbons.net/fr/shop/vidal-jelly-monster---11-x-6-pices	https://fladis.azureedge.net/erp/79fada6f-4ff8-41c9-b59a-184bb64669f1.png	in_stock	19.99 EUR	Vidal	8413178369947	yes	new
3995	Frisia Chauve-Souris - 3 kg	La Frisia Chauve-souris est un bonbon gélifié en forme de chauve-souris, parfait pour les fêtes d’Halloween. Avec sa texture moelleuse et ses couleurs sombres, elle propose des saveurs fruitées. Ce bonbon amusant et thématique ajoute une touche effrayante et gourmande aux célébrations festives.	https://www.mesbonbons.net/fr/shop/frisia-chauve-souris---3-kg	https://fladis.azureedge.net/erp/aeb2714d-463c-4d17-9229-77776740897b.jpeg	in_stock	19.99 EUR	Frisia	5411011560646	yes	new
4006	Screamers Dip & Lick - 40 g	Screamers Dip & Lick est un paquet, combinant un bonbon à sucer et une poudre acidulée. Chaque portion permet de tremper le bonbon dans la poudre pour une explosion de saveurs acidulées et sucrées, offrant une expérience ludique et gourmande.	https://www.mesbonbons.net/fr/shop/screamers-dip-lick---40-g	https://fladis.azureedge.net/erp/ecf8cfba-9de1-4154-9b14-089b621847e8.png	in_stock	1.00 EUR	Screamers	5011061105011	yes	new
4008	Haribo Bouteille Cola Citrique Tubo - 1,35 kg	Le Haribo Bouteille Cola Citrique Tubo est un assortiment généreux de bonbons gélifiés en forme de mini bouteilles de cola, recouverts d'une fine couche acidulée. Avec leur saveur rafraîchissante de cola et leur touche citrique piquante, ces friandises sont parfaites pour les amateurs de bonbons acidulés et rétro. Présenté dans un tubo pratique, c'est le choix idéal pour les fêtes, les partages ou pour se faire plaisir sur le long terme.	https://www.mesbonbons.net/fr/shop/haribo-bouteille-cola-citrique-tubo---135-kg	https://fladis.azureedge.net/erp/da12357d-8647-4b1f-8b2e-2de5aa5ffa29.png	in_stock	11.99 EUR	Haribo	4001686370117	yes	new
4012	Haribo Souris Blanche Tubo - 1,05 kg	Le Haribo Souris Blanche Tubo contient des bonbons gélifiés en forme de petites souris blanches. Avec leur texture moelleuse et leur goût délicatement sucré, ces friandises sont à la fois amusantes et savoureuses. Ce grand format est parfait pour les fêtes, les événements ou pour les amateurs de bonbons nostalgiques qui souhaitent se faire plaisir à volonté.	https://www.mesbonbons.net/fr/shop/haribo-souris-blanche-tubo---105-kg	https://fladis.azureedge.net/erp/c09a0ac5-a5c6-4421-8728-c4940a5b218a.png	in_stock	11.99 EUR	Haribo	4001686407066	yes	new
4018	Coris Sonomanma Chewing Gum Monstre - 14 g	Le Coris Sonomanma Chewing Gum Monstre est un chewing-gum amusant au design ludique de monstre. Avec sa texture moelleuse et ses saveurs fruitées éclatantes, il est parfait pour les goûters ou les fêtes, ajoutant une touche de fun à chaque bouchée !	https://www.mesbonbons.net/fr/shop/coris-sonomanma-chewing-gum-monstre---14-g	https://fladis.azureedge.net/erp/862a52bc-c825-48a9-a52b-9dd45dc1c59e.png	in_stock	1.29 EUR	Coris	4901361061203	yes	new
4033	Pickle in-a Pouch Garlic Joe - 306 g	Le Pickle in-a-Pouch Garlic Joe est une délicieuse collation à base de cornichons marinés à l'ail. Présenté dans un emballage pratique, ce produit offre une combinaison croquante et savoureuse, idéale pour les amateurs de saveurs piquantes. Parfait pour grignoter seul ou comme accompagnement dans des plats, il apporte une touche d'originalité et de fraîcheur à vos apéritifs.	https://www.mesbonbons.net/fr/shop/pickle-in-a-pouch-garlic-joe---306-g	https://fladis.azureedge.net/erp/ab5bcf67-f0ef-48aa-a931-10f5e1a9c991.png	in_stock	3.49 EUR	Van Holten's	038200000674	yes	new
4034	Pickle in-a Pouch Hot Mama - 306 g	Le Pickle in-a-Pouch Hot Mama est une collation savoureuse à base de cornichons épicés, parfaits pour les amateurs de sensations fortes. Emballés dans un sachet pratique, ces cornichons offrent une combinaison croustillante et piquante qui réveille les papilles. Idéaux pour grignoter, ajouter à des plats ou servir en apéritif, ils apportent une touche épicée à vos moments de convivialité.	https://www.mesbonbons.net/fr/shop/pickle-in-a-pouch-hot-mama---306-g	https://fladis.azureedge.net/erp/becc623b-9d17-4326-b76c-aafe49659073.png	in_stock	3.49 EUR	Van Holten's	038200000650	yes	new
4035	Pickle in-a Pouch Sour Sis - 306 g	Le Pickle in-a-Pouch Sour Sis est une délicieuse collation à base de cornichons aigres, parfaits pour ceux qui aiment les saveurs acidulées. Présentés dans un sachet pratique, ces cornichons offrent une texture croquante et un goût intense, idéal pour grignoter ou accompagner vos plats. Parfaits pour les apéritifs ou pour ajouter une touche de fraîcheur à vos recettes !	https://www.mesbonbons.net/fr/shop/pickle-in-a-pouch-sour-sis---306-g	https://fladis.azureedge.net/erp/df002e32-6b74-4cfb-849b-85f3261ad61c.png	in_stock	3.49 EUR	Van Holten's	038200000698	yes	new
4071	Hitschies Berry Mix - 1 kg	Qu'est-ce que toutes les baies ont en commun ? Lors de la cueillette, il y en a plus qui atterrissent dans la bouche que dans le panier :-) La tentation est aussi tout simplement trop grande. C'est pourquoi nous sommes partis pour toi à la découverte des vergers et des forêts et avons ramené un sachet rempli à ras bord de délicieux Hitschies Berry Mix. Tout simplement bon comme des baies !	https://www.mesbonbons.net/fr/shop/hitschies-berry-mix---1-kg	https://fladis.azureedge.net/erp/4a44d3d9-84cf-4b50-a3c4-f92b3014f624.png	in_stock	14.69 EUR	Hitschies	4100250052333	yes	new
4073	Frisia Tétine Cola - 3 kg	Les Frisia Tétines Cola sont des bonbons lisses et bicolores au délicieux goût de cola. Chaque bouchée vous plongera dans un univers sucré, rappelant les saveurs de votre enfance. Avec un format généreux de 3 kg, ces tétines sont parfaites pour partager lors de fêtes ou pour satisfaire toutes vos envies de douceurs à tout moment !	https://www.mesbonbons.net/fr/shop/frisia-ttine-cola---3-kg	https://fladis.azureedge.net/erp/c9f53bcb-f5e2-491b-aa1c-a10f30f34939.png	out_of_stock	19.99 EUR	Frisia	5411011533121	yes	new
4120	Monin Sirop Saveur Violette - 70 cl	Apportez une touche florale et élégante à vos boissons avec le sirop Monin Violette. Son goût délicat et acidulé évoque les bonbons à la violette, tandis que sa couleur pourpre intense sublime vos créations.	https://www.mesbonbons.net/fr/shop/monin-sirop-saveur-violette---70-cl	https://fladis.azureedge.net/erp/8fe76e5b-20ef-4e26-b3cc-78aa33212263.png	in_stock	13.99 EUR	Monin	3052910010232	yes	new
4123	Monin Concentré Saveur Thé Pêche - 70 cl	Savourez l'alliance parfaite entre la douceur de la pêche et l'astringence du thé noir avec le sirop Monin Peach Tea.Idéal pour créer des thés glacés maison, des cocktails fruités ou des boissons rafraîchissantes.	https://www.mesbonbons.net/fr/shop/monin-concentr-saveur-th-pche---70-cl	https://fladis.azureedge.net/erp/79a11c26-602b-4bea-a430-b5beafffaa2e.png	out_of_stock	15.99 EUR	Monin	3052911170171	yes	new
4125	Sweet Party Barbe à Papa Coco-Choco - 40 g	Barbe à papa saveur coco et chocolat, légère et fondante, parfaite pour une pause sucrée originale ou un candy bar.	https://www.mesbonbons.net/fr/shop/sweet-party-barbe-papa-coco-choco---40-g	https://fladis.azureedge.net/erp/c01bc6fe-09ad-4bde-ad2c-01d669de1741.png	in_stock	2.00 EUR	Sweet Party	5413128354361	yes	new
4157	Pringles Desi Masala Tadka - 107 g	Les Pringles Passport Moroccan Style Roasted Pepper & Hummus offrent une saveur inspirée du Maroc, combinant le goût doux et fumé du poivron rôti avec des notes crémeuses de houmous. Un mélange exotique et épicé pour une expérience gustative unique.	https://www.mesbonbons.net/fr/shop/pringles-desi-masala-tadka---107-g	https://fladis.azureedge.net/erp/7009063c-21b4-4b0a-9f75-5f19daf2346b.png	out_of_stock	3.49 EUR	Pringles	8886467122439	yes	new
4160	Côte d'Or Bâton Chocolat Lait Coco - 44 g	Côte d’Or Lait-Coco est une barre de chocolat au lait intensément fondant, enrichie d’éclats de noix de coco croquants. Cette alliance gourmande offre une texture généreuse et une touche exotique, parfaite pour un instant de plaisir authentique.	https://www.mesbonbons.net/fr/shop/cte-dor-bton-lait-coco---44-g	https://fladis.azureedge.net/erp/d2b00bdd-8959-48de-9865-0a1fa64d9a39.jpg	out_of_stock	1.50 EUR	Côte d'or	7622201514372	yes	new
4164	Kinder Schoko-Bons Crispy - 67,2 g	Kinder Schoko-Bons Crispy sont de délicieuses petites bouchées de chocolat au lait, qui renferment à l'intérieur une crème de lait fondante et des éclats croustillants. Chaque bonbon est soigneusement enrobé de chocolat au lait, offrant une combinaison irrésistible de texture crémeuse et de croquant.	https://www.mesbonbons.net/fr/shop/kinder-schoko-bons-crispy---672-g	https://fladis.azureedge.net/erp/12e4a427-3ea1-426a-a8f2-335adbf59766.png	out_of_stock	5.99 EUR	Kinder	8000500418482	yes	new
4190	Maltesers - 175 g	Les Maltesers sont une version irrésistible et élégante des célèbres billes de malt enrobées de chocolat au lait, offrant une expérience gourmande intense et raffinée pour les amateurs de chocolat noir. Parfait pour une pause gourmande sophistiquée.	https://www.mesbonbons.net/fr/shop/maltesers---175-g	https://fladis.azureedge.net/erp/961bc6b4-ca4b-4bff-a41c-8d01dc2132a6.png	out_of_stock	3.99 EUR	Malteser	5000159555500	yes	new
4213	Red Bull Winter Edition Mûre Givrée & Vanille - 250 ml	Le Red Bull Winter Edition Mûre Givrée & Vanille offre une saveur fruitée de mûre givrée avec une touche douce de vanille. Idéale pour l'hiver, elle combine énergie et douceur tout en boostant la concentration grâce à la caféine et aux vitamines B.	https://www.mesbonbons.net/fr/shop/red-bull-winter-edition-mre-givre-vanille---250-ml	https://fladis.azureedge.net/erp/2165b86d-872e-483c-bf0e-6742c8d7078b.png	out_of_stock	2.00 EUR	Red Bull	9002490274641	yes	new
4222	Mentos Fraise Mix - 37,5 g	Découvrez le rouleau de Mentos aux saveurs estivales ! Trois délicieuses variations de fraise dans un seul emballage : douce, classique et acidulée. Une expérience rafraîchissante à savourer sans modération !	https://www.mesbonbons.net/fr/shop/mentos-strawberry-mix---375-g	https://fladis.azureedge.net/erp/73e654ca-271a-4420-8010-768fc905eee2.png	in_stock	1.25 EUR	Mentos	87345308	yes	new
4223	Mentos Mint - 38 g	Les Mentos Mint sont des dragées rafraîchissantes à la menthe, offrant une sensation de fraîcheur intense à chaque bouchée. Parfaits pour une haleine fraîche et agréable à tout moment. Idéal à partager ou à emporter avec soi.	https://www.mesbonbons.net/fr/shop/mentos-mint---38-g	https://fladis.azureedge.net/erp/8a28eaa9-afc9-49f9-88d6-fa9300f9fe9c.png	in_stock	1.25 EUR	Mentos	87317756	yes	new
4224	Mentos Fruit - 3 x 37,5 g	Les Mentos Fruit sont des dragées rafraîchissantes aux saveurs fruitées variées, offrant une explosion de goût à chaque bouchée. Parfaits pour une collation sucrée et rafraîchissante à tout moment de la journée. Idéal à partager ou à emporter avec soi.	https://www.mesbonbons.net/fr/shop/mentos-fruit---3-x-375-g	https://fladis.azureedge.net/erp/18e0c335-86f7-43ea-ba35-4d31abe9f344.png	out_of_stock	2.00 EUR	Mentos	8723400782933	yes	new
4225	Mentos Rainbow - 37,5 g	Les Mentos Rainbow offrent un assortiment coloré de dragées aux saveurs fruitées variées. Chaque paquet est parfait pour une explosion de fraîcheur et de saveurs à tout moment. Idéal pour partager ou pour une collation sucrée en déplacement.	https://www.mesbonbons.net/fr/shop/mentos-rainbow---375-g	https://fladis.azureedge.net/erp/dc7e86c5-e5e8-448e-967c-b4a19a455045.png	in_stock	1.25 EUR	Mentos	87345292	yes	new
4226	Lion - 42 g	Le lion est une barre de céréales de blé croustillante enrobée d'un chocolat au lait pur beurre de cacao et d'un caramel fondant pour vous faire rugir de plaisir.	https://www.mesbonbons.net/fr/shop/lion---42-g	https://fladis.azureedge.net/erp/5a2904d5-caf5-44be-893c-ac377fe0450d.jpg	in_stock	1.00 EUR	Lion	7613038316345	yes	new
4227	Mars - 51 g	Le Mars est une barre de nougat enrobé de chocolat pur beurre de cacao et d'un savoureux caramel, Indispensable pour vous redonner de l'énergie !	https://www.mesbonbons.net/fr/shop/copy-copy-mars---51-g-x-32-pices	https://fladis.azureedge.net/erp/a96b00be-c227-41ae-9521-00736ef742a3.jpg	in_stock	1.00 EUR	Mars	5900951311321	yes	new
4228	Kinder Country - 23,5 g	Kinder Country, l’alliance unique et harmonieuse du chocolat Kinder au cœur de lait fondant avec des céréales soufflées et grillées croustillantes !	https://www.mesbonbons.net/fr/shop/kinder-country---235-g	https://fladis.azureedge.net/erp/ec18ad1e-1db2-49aa-9e39-ecacf22732db.jpg	in_stock	1.00 EUR	Kinder	80310266	yes	new
4231	Haribo Chispacola Pika - 100 g	Les Haribo Chispacola Pika sont des bonbons gélifiés de 100 g qui allient la douceur des fruits à un goût pétillant de cola. Leur texture moelleuse et leur saveur unique font de ces bonbons une délicieuse friandise pour les amateurs de sucreries, idéale pour les petits plaisirs ou les moments de partage.	https://www.mesbonbons.net/fr/shop/haribo-chispacola-pika---100-g	https://fladis.azureedge.net/erp/572a8743-214b-4feb-b647-2e706943f90c.png	out_of_stock	1.50 EUR	Haribo	8426617002527	yes	new
4233	Crack-Ups Popping Candy - 27,5 g	Les Crack-Ups Popping Candy sont des bonbons pétillants qui offrent une explosion de saveurs et de sensations. En les croquant, vous profiterez de leur goût sucré tout en ressentant des éclats pétillants qui créent une expérience ludique et amusante. Parfaits pour les amateurs de friandises originales, ces bonbons ajoutent une touche de fun à chaque bouchée !	https://www.mesbonbons.net/fr/shop/crack-ups-popping-candy---275-g	https://fladis.azureedge.net/erp/41e39d78-eb68-474a-a458-8900c1bf7bf3.png	in_stock	1.50 EUR	Candy Pack Belgium	5413128342481	yes	new
4242	Maoam Bloxx - 220 g	Les Maoam Bloxx sont des bonbons gélifiés en forme de petits blocs, disponibles en plusieurs saveurs fruitées telles que fraise, citron, framboise et orange. Leur texture moelleuse et leur goût sucré en font une friandise amusante et délicieuse, idéale à savourer individuellement ou à partager. Ces bonbons colorés et pleins de saveurs sont parfaits pour les amateurs de sucreries qui recherchent une expérience gourmande et variée	https://www.mesbonbons.net/fr/shop/maoam-bloxx---220-g	https://fladis.azureedge.net/erp/2eea8613-6c80-4903-8784-3d1176caa2fc.png	out_of_stock	2.50 EUR	Haribo	4001686518137	yes	new
4251	Cachet Chocolat Noir Amande & Orange - 100 g	Le Cachet Chocolat Noir Amande & Orange est une délicieuse tablette de chocolat noir agrémentée de morceaux d'amandes croquantes et d'une note d'orange zestée. Ce mélange offre une harmonie parfaite entre l’intensité du chocolat noir et la fraîcheur des agrumes, créant une expérience gustative à la fois riche et rafraîchissante. Idéal pour une pause gourmande ou en dessert, ce chocolat séduira les amateurs de saveurs sophistiquées.	https://www.mesbonbons.net/fr/shop/copy-cachet-chocolat-noir-amande-poire-57-cacao---100-g	https://fladis.azureedge.net/erp/c10062fa-48fb-4333-a0c5-0b9b482cb8f2.png	in_stock	2.99 EUR	Cachet	5412956214519	yes	new
4262	MrBeast Feastables Lait Amandes - 60 g	Le MrBeast Feastables Lait Amandes est un chocolat au lait crémeux agrémenté de morceaux d'amandes croquantes. Une combinaison parfaite de douceur et de croquant pour une pause gourmande raffinée.	https://www.mesbonbons.net/fr/shop/mrbeast-feastables-lait-amandes---60-g	https://fladis.azureedge.net/erp/ac9ec4a6-d16b-40d6-bf5b-6668794ba9b9.png	in_stock	4.49 EUR	MrBeast	1230000168465	yes	new
4263	MrBeast Feastables Lait - 60 g	Le MrBeast Feastables Lait est un chocolat au lait riche et crémeux, fabriqué avec des ingrédients de qualité. Sa texture lisse et son goût délicieux en font une délicieuse collation pour les amateurs de chocolat.	https://www.mesbonbons.net/fr/shop/mrbeast-feastables-lait---60-g	https://fladis.azureedge.net/erp/d0b7a17b-e8fc-465c-98cf-bc1cc95e0928.png	out_of_stock	4.49 EUR	MrBeast	1230000168045	yes	new
4264	MrBeast Feastables Lait Peanut Butter - 60 g	Le MrBeast Feastables Lait Peanut Butter combine le chocolat au lait crémeux avec une garniture de beurre de cacahuète onctueux. Cette barre offre une savoureuse association de douceur et de saveur de cacahuète, idéale pour les fans de chocolat et de beurre de cacahuète !	https://www.mesbonbons.net/fr/shop/mrbeast-feastables-lait-peanut-butter---60-g	https://fladis.azureedge.net/erp/20986554-c64d-4c46-a0dc-f7192fea9b9e.png	in_stock	4.49 EUR	MrBeast	1230000168021	yes	new
4322	Ferrero Rocher T16 - 200 g	Ferrero Rocher T16 est une boîte élégante qui contient 16 délicieux chocolats, parfaits pour les occasions spéciales ou pour un moment de plaisir. Chaque Ferrero Rocher est une praline composée d'une noisette entière enrobée de chocolat au lait, d'une fine couche de chocolat noir, puis recouverte de morceaux de noisettes croquantes. Ce chocolat raffiné et savoureux est l'équilibre parfait entre douceur, croquant et richesse de saveurs. Présentée dans un emballage chic, cette boîte est idéale pour offrir ou pour savourer lors d'une pause gourmande.	https://www.mesbonbons.net/fr/shop/ferrero-rocher-t16---200-g	https://fladis.azureedge.net/erp/874c8ae6-8162-4dbc-a2c7-8b9078e93ef2.png	out_of_stock	7.49 EUR	Ferrero Rocher	8000500003787	yes	new
4323	Ferrero Rocher Tablette Chocolat Blanc Noisettes - 90 g	Ferrero Rocher Tablette Chocolat Blanc Noisettes est une tablette savoureuse qui associe la douceur crémeuse du chocolat blanc à la richesse des noisettes finement broyées. Cette combinaison crée une texture onctueuse, avec un léger croquant apporté par les noisettes, offrant une expérience gustative délicieusement gourmande. Chaque carré fond en bouche, révélant un équilibre parfait entre la douceur du chocolat blanc et le goût intense des noisettes broyées. Un délice idéal pour les amateurs de chocolat blanc et de noisettes, à savourer lors d'un moment de plaisir ou à offrir.	https://www.mesbonbons.net/fr/shop/ferrero-rocher-tablette-chocolat-blanc-noisettes---90-g	https://fladis.azureedge.net/erp/ef249434-729d-419b-8950-4648fb40599a.png	out_of_stock	3.49 EUR	Ferrero Rocher	8000500359884	yes	new
4325	Ferrero Rocher Tablette Chocolat Noir 55% Noisettes - 90 g	Ferrero Rocher Tablette Chocolat Noir 55% Noisettes est une tablette raffinée qui allie l'intensité du chocolat noir à la douceur croquante des noisettes. Avec 55 % de cacao, le chocolat noir apporte une richesse de saveurs profondes, tandis que les noisettes ajoutent une texture croquante et une touche gourmande. Cette combinaison crée une expérience savoureuse et équilibrée, parfaite pour les amateurs de chocolat noir. Chaque carré fond délicieusement en bouche, offrant un moment de plaisir à savourer seul ou à partager. Une tablette idéale pour les moments de gourmandise ou à offrir.	https://www.mesbonbons.net/fr/shop/ferrero-rocher-tablette-chocolat-noir-55-noisettes---90-g	https://fladis.azureedge.net/erp/22782ceb-1b3d-4570-8ff5-ba5538467497.png	in_stock	3.49 EUR	Ferrero Rocher	8000500359815	yes	new
4370	Sac cabas - Harry Potter	Sac réutilisable mettant à l'honneur la saga Harry Potter.	https://www.mesbonbons.net/fr/shop/sac-cabas---harry-potter	https://fladis.azureedge.net/erp/37574644-0f5e-4e1e-989b-e975f902e59f.png	in_stock	3.00 EUR		3700891704106	yes	new
4371	Sac cabas - One Piece	Sac réutilisable mettant à l'honneur le manga One Piece.	https://www.mesbonbons.net/fr/shop/sac-cabas---one-piece	https://fladis.azureedge.net/erp/76a9f71e-58fd-4e6b-aea3-41eda6ecc47a.jpg	in_stock	3.00 EUR		3700891704120	yes	new
4405	Monster Energy Ultra Peachy Keen - 500 ml	Découvrez la boisson Ultra Peachy Kean du géant Monster ! Cette boisson pétillante vous promet une expérience gustative fruitée et rafraîchissante. Elle est parfaite pour vous donner un coup de boost à tout moment de la journée..	https://www.mesbonbons.net/fr/shop/monster-energy-ultra-peachy-keen---500-ml	https://fladis.azureedge.net/erp/998640f5-a573-41d5-b6fa-0900060b9570.png	in_stock	3.00 EUR	Monster Energy	5061013940931	yes	new
4431	Trolli Tarentule Lisse - 1 kg	La tarentule Trolli est un bonbon gélifié en forme d’araignée, avec un corps lisse, des couleurs vives et des saveurs fruitées (fraise, citron, pomme, etc.). Ludique et délicieux, il est parfait pour les fêtes ou les pauses gourmandes !	https://www.mesbonbons.net/fr/shop/trolli-tarentule-lisse---1-kg	https://fladis.azureedge.net/erp/da555cfe-04be-4d26-9d12-c73809acfe50.jpeg	in_stock	8.99 EUR	Trolli	8436036188337	yes	new
4447	Bergen Cookies Chocolat Blanc Barbe à Papa - 128 g	Biscuits croquants mariant la douceur du chocolat blanc et la saveur sucrée de la barbe à papa. Une gourmandise originale et festive, parfaite pour accompagner vos pauses ou à partager.	https://www.mesbonbons.net/fr/shop/bergen-cookies-chocolat-blanc-barbe-papa---128-g	https://fladis.azureedge.net/erp/ba572d72-8b25-44f8-8494-4c3d166c86ad.png	in_stock	1.79 EUR	Bergen	5902379365627	yes	new
4457	Sucre d'Orge - 12 pièces	Classiques et festifs, ces 12 sucres d'orge en forme de cannes apportent une touche de douceur à Noël. Avec leurs rayures rouges et blanches, ils sont parfaits pour décorer, offrir ou savourer.	https://www.mesbonbons.net/fr/shop/sucre-dorge---12-pices	https://fladis.azureedge.net/erp/6f88986e-6c6f-4945-a7f4-ffc5576755c9.jpg	out_of_stock	2.69 EUR	Hamlet	5400265030654	yes	new
4468	Ravazzi Joystick Bubblegum - 1 kg	Les Ravazzi Joystick Bubblegum sont des bonbons lisses en forme de joystick au goût de bubblegum. Leur texture moelleuse cache une explosion de saveur qui ravira les amateurs de douceurs rétro!	https://www.mesbonbons.net/fr/shop/ravazzi-joystick-bubblegum---1-kg	https://fladis.azureedge.net/erp/1238b7d0-9ffc-40dc-b7d6-22bba7ebc51e.jpg	in_stock	8.99 EUR	Ravazzi	8000068216728	yes	new
4471	Ravazzi Ballon de Foot - 1 kg	Les Ravazzi Ballon de Foot sont des bonbons lisses en forme de ballon de football, aux saveurs fruitées et sucrées. Leur design sportif ravira les petits comme les grands fans de football!	https://www.mesbonbons.net/fr/shop/ravazzi-ballon-de-foot---1-kg	https://fladis.azureedge.net/erp/025c1ce8-aa01-4890-85c9-00b3551a86f5.jpg	in_stock	8.99 EUR	Ravazzi	8000068217275	yes	new
4478	Hershey's Cookie 'n' Creme - 43 g	Offrez-vous un délicieux mélange de douceur et de croquant avec la barre Hershey's Cookie 'n' Creme. Son chocolat blanc onctueux parsemé de morceaux de cookies croustillants promet une expérience gourmande irrésistible. Idéal pour une pause sucrée à tout moment de la journée !	https://www.mesbonbons.net/fr/shop/hersheys-cookie-n-creme---43-g	https://fladis.azureedge.net/erp/8c41be7f-f5a7-4752-a42e-058b9ec0701a.png	out_of_stock	1.49 EUR	Hershey's	034000239450	yes	new
4487	Ravazzi Trophée - 1 kg	Un assortiment de bonbons gourmands en forme de trophées, parfaits pour célébrer les victoires ou animer vos événements festifs. Avec leurs saveurs variées ces douceurs raviront petits et grands lors de moments mémorables à partager.	https://www.mesbonbons.net/fr/shop/ravazzi-trophe---1-kg	https://fladis.azureedge.net/erp/748d02db-fe19-45c7-b495-ccc95dff2b5c.jpg	in_stock	8.99 EUR	Ravazzi	8000068216735	yes	new
4501	Sweet Party Barbe à Papa - 40 g	Seau de barbe à papa pour un plaisir en toute légèreté !	https://www.mesbonbons.net/fr/shop/sweet-party-barbe-papa---40-g	https://fladis.azureedge.net/erp/a97b1dd8-60e7-4b61-a278-7c8083353bed.png	in_stock	2.00 EUR	Sweet Party	5413128353098	yes	new
4502	Fanta Tropical - 500 ml	Plongez dans l’exotisme avec Fanta Tropical ! Cette boisson pétillante allie des saveurs rafraîchissantes de fruits tropicaux pour une explosion de fraîcheur à chaque gorgée. Parfait pour étancher votre soif avec une touche ensoleillée.	https://www.mesbonbons.net/fr/shop/fanta-tropical---500-ml	https://fladis.azureedge.net/erp/70e9d607-a093-4d1c-868a-437c6a0f92bc.png	in_stock	3.00 EUR	Fanta	5449000209221	yes	new
4504	Monin Concentré Saveur Rantcho Citron - 70 cl	Apportez une touche de fraîcheur acidulée à vos boissons avec le Sirop Monin Rantcho Citron. Ce concentré sans sucre, élaboré à partir de 50 % de jus de citrons siciliens, offre un goût authentique de citron pressé, idéal pour remplacer le jus de citron frais dans vos recettes.​	https://www.mesbonbons.net/fr/shop/monin-concentr-saveur-rantcho-citron---70-cl	https://fladis.azureedge.net/erp/059e2d3b-074e-4a6f-9689-0b6bd568cb8f.png	in_stock	11.99 EUR	Monin	3052910057909	yes	new
4506	Monin Sirop Saveur Macaron - 70 cl	Le goût raffiné du célèbre biscuit français en version liquide ! Notes douces d’amande, vanille et beurre pour sublimer cafés, cocktails et desserts.	https://www.mesbonbons.net/fr/shop/monin-sirop-saveur-macaron---70-cl	https://fladis.azureedge.net/erp/6097f218-1609-43d2-aa87-b73580303ab7.png	in_stock	13.99 EUR	Monin	3052910041328	yes	new
4507	Monin Sirop Saveur Gingembre - 70 cl	Un twist épicé qui réveille vos créations ! Son goût puissant de gingembre frais apporte du peps à vos cocktails, thés glacés et boissons chaudes.	https://www.mesbonbons.net/fr/shop/monin-sirop-saveur-gingembre---70-cl	https://fladis.azureedge.net/erp/5b4c9700-ca36-49b2-9801-4557b48666d2.png	in_stock	13.99 EUR	Monin	3052910055240	yes	new
4508	Monin Sirop Saveur Miel - 70 cl	Apportez une touche douce et florale à vos boissons avec le Sirop Monin Saveur Miel. Son goût sucré et doux des bonbons au miel confère une saveur sucrée plus intense à vos boissons.	https://www.mesbonbons.net/fr/shop/monin-sirop-saveur-miel---70-cl	https://fladis.azureedge.net/erp/8ec28407-00f0-4d91-8757-8416617e77b4.png	in_stock	13.99 EUR	Monin	3052910010843	yes	new
4509	Monin Sirop Saveur Hibiscus - 70 cl	Laissez-vous séduire par la délicatesse florale de l'hibiscus, avec des notes fruitées et acidulées. Parfait pour ajouter une touche exotique et colorée à vos cocktails, thés glacés ou mocktails.	https://www.mesbonbons.net/fr/shop/monin-sirop-saveur-hibiscus---70-cl	https://fladis.azureedge.net/erp/9099737b-775f-4cf2-85dd-f7c9bfbed568.png	in_stock	13.99 EUR	Monin	3052919041336	yes	new
4510	Monin Sirop Saveur Concombre - 70 cl	Une fraîcheur végétale et subtile qui apporte une touche élégante et désaltérante à vos cocktails et boissons. Son goût pur de concombre rehausse chaque gorgée.	https://www.mesbonbons.net/fr/shop/monin-sirop-saveur-concombre---70-cl	https://fladis.azureedge.net/erp/283ce359-cedd-47e1-abaa-aa5486a13b96.png	in_stock	13.99 EUR	Monin	3052910041137	yes	new
4511	Monin Sirop Saveur Basilic - 70 cl	Offrez à vos créations une touche herbacée et rafraîchissante avec le Sirop Monin Basilic.Son goût puissant de basilic frais, sublimé par des notes poivrées, apporte une dimension aromatique unique à vos cocktails, thés glacés et limonades.	https://www.mesbonbons.net/fr/shop/monin-sirop-saveur-basilic---70-cl	https://fladis.azureedge.net/erp/a344645a-b690-4a51-8b1e-cf4af716a8fd.png	in_stock	13.99 EUR	Monin	3052910041243	yes	new
4512	Monin Sirop Saveur Crème Brulée - 70 cl	Plongez dans l'univers gourmand du célèbre dessert français avec ce sirop aux notes envoûtantes de vanille crémeuse et de caramel grillé. Idéal pour transformer vos boissons chaudes, cocktails et desserts en véritables moments de plaisir.	https://www.mesbonbons.net/fr/shop/monin-sirop-saveur-crme-brule---70-cl	https://fladis.azureedge.net/erp/09e31314-9fb2-44f9-8c4b-d58689f16e72.png	in_stock	13.99 EUR	Monin	3052910041151	yes	new
4520	Tapis Sucré Multicolore Tubo - 1 kg	Laissez-vous tenter par ces tapis sucrés multicolores aux saveurs fruitées intenses. Avec leur texture tendre et leur apparence vibrante, ils apportent une touche ludique et délicieusement sucrée à vos pauses gourmandes ou à vos décorations festives.	https://www.mesbonbons.net/fr/shop/tapis-sucre-multicolore-tubo-1-kg	https://fladis.azureedge.net/erp/3cebf125-3994-420e-9753-8f7571415c18.png	out_of_stock	5.99 EUR	Eurobis	8716100079786	yes	new
4528	Twix Wafer Rolls - 22,5 g	Une gaufrette croustillante garnie de crème au caramel et enrobée de chocolat au lait. Une version légère et gourmande du classique Twix, parfaite pour une pause sucrée !	https://www.mesbonbons.net/fr/shop/twix-wafer-rolls---225-g	https://fladis.azureedge.net/erp/6fecec87-0010-43f5-a3d7-caaf159a5565.png	out_of_stock	1.30 EUR	Twix	6221134010671	yes	new
4534	Trolli Pieuvre Citrique - 1 kg	Les Trolli Pieuvre Citrique sont des bonbons gélifiés en forme de pieuvres, enrobés de sucre acidulé pour une explosion de saveurs fruitées et piquantes. Parfaits pour une touche fun et gourmande !	https://www.mesbonbons.net/fr/shop/trolli-pieuvre-citrique---1-kg	https://fladis.azureedge.net/erp/4bc1c717-db6a-4998-9789-b355c18ac3ae.jpeg	in_stock	8.99 EUR	Trolli	8436036182021	yes	new
4541	Côte d'Or Tablette Blanc Praliné - 200 g	Côte d'Or Tablette Blanc Praliné est un délicieux chocolat blanc onctueux renfermant un praliné aux noisettes fondant. Une tablette généreuse de 200 g, parfaite pour un moment de douceur intense et gourmand.	https://www.mesbonbons.net/fr/shop/cte-dor-tablette-blanc-pralin---200-g	https://fladis.azureedge.net/erp/4b0975e9-ad83-4adc-bd88-92574b0e8a09.png	in_stock	8.99 EUR	Côte d'or	7622201124809	yes	new
4548	Côte d'Or Tablette Noir - 2 x 200 g	Côte d'Or Tablette Noir sont deux tablettes de chocolat noir intense et riche en cacao, pour un plaisir authentique et généreux. Parfait pour les amateurs de saveurs puissantes, à partager ou à déguster en solo.	https://www.mesbonbons.net/fr/shop/cte-dor-tablette-noir---2-x-200-g	https://fladis.azureedge.net/erp/9db17776-0985-47e4-8afc-d7de91e92e54.png	in_stock	4.99 EUR	Côte d'or	7622210100078	yes	new
4554	The Belgian Fruits de Mer - 250 g	Les Fruits de Mer de The Belgian sont des pralines de luxe en forme de coquillages et de fruits de mer. Chaque pièce associe un chocolat belge onctueux, noir, au lait ou blanc, avec un cœur de praliné fondant. Parfaits pour offrir ou se faire plaisir, ces chocolats raffinés marient esthétiques et délice dans chaque bouchée.	https://www.mesbonbons.net/fr/shop/the-belgian-fruits-de-mer---250-g	https://fladis.azureedge.net/erp/e6a409c9-6026-41aa-9de2-774c975cecb1.png	in_stock	5.99 EUR	The Belgian	5413121350032	yes	new
4566	Zip & Zap Boules Coco - 180 g	Les Zip & Zap Boules Coco sont des confiseries délicieusement parfumées à la noix de coco, offrant un équilibre parfait entre croquant et fondant. Leur saveur exotique et leur texture légère en font un plaisir gourmand à savourer à tout moment.	https://www.mesbonbons.net/fr/shop/zip-zap-boules-coco---180-g	https://fladis.azureedge.net/erp/fb3b3cf4-501d-46ed-b188-e4e95022e6eb.png	in_stock	2.99 EUR	Zip & Zap	3215476397128	yes	new
4587	Squid Game Dalgona Biscuits Vanille - 140 g	Savourez ces biscuits Dalgona croustillants à la délicate saveur de vanille, inspirés de Squid Game. Avec leurs motifs iconiques (cercle, étoile, triangle), ces douceurs sont parfaites pour une pause gourmande ou un cadeau original. Prêts à jouer ?	https://www.mesbonbons.net/fr/shop/squid-game-dalgona-biscuits-vanille---140-g	https://fladis.azureedge.net/erp/a8dfe769-2fe3-4921-be57-56921ae9d134.png	out_of_stock	3.99 EUR	Yummer's	5905137946946	yes	new
4594	Haribo Schtroumpf Français - 2 kg	Les bonbons Schtroumpfs de Haribo, en forme des célèbres personnages bleus, sont gélifiés et moelleux. Avec leurs saveurs fruitées de fraise, framboise et citron, ils séduisent par leur goût sucré et leur aspect ludique, parfaits pour un moment de gourmandise.	https://www.mesbonbons.net/fr/shop/haribo-schtroumpf-franais---2-kg	https://fladis.azureedge.net/erp/6dbae93f-02b7-4a92-b630-39eca6388ed7.jpeg	in_stock	20.49 EUR	Haribo	3103220020753	yes	new
4600	Monin Sirop Saveur Pêche - 70 cl	Le sirop de pêche Monin offre la douceur et le parfum délicat de la pêche mûre. Idéal pour thés glacés, cocktails et desserts, il ajoute une touche fruitée et ensoleillée à vos créations.	https://www.mesbonbons.net/fr/shop/monin-sirop-saveur-pche---70-cl	https://fladis.azureedge.net/erp/7ce08296-bf44-4df2-929e-433e1b42c696.png	in_stock	13.99 EUR	Monin	3052911423215	yes	new
4601	Frisia Race Cars - 1,5 kg	Des bonbons en forme de voitures de course et au goût de fruits ! Réveillez le pilote qui sommeille en vous !	https://www.mesbonbons.net/fr/shop/frisia-race-cars---15-kg	https://fladis.azureedge.net/erp/f8013083-d169-44d2-b060-fc6e98ba8b2d.jpg	in_stock	10.99 EUR	Frisia	5411011563012	yes	new
4602	Frisia Tétine Vegan Fruits Citrique - 3 kg	Les bonbons tétines fruit végan Frisia séduisent par leur forme amusante et leurs saveurs fruitées intenses. Certifiés végan, ils offrent une gourmandise sans gélatine, parfaite pour tous. Une douceur colorée et irrésistible qui ravira petits et grands!	https://www.mesbonbons.net/fr/shop/frisia-ttine-vegan-fruits-citrique---3-kg	https://fladis.azureedge.net/erp/153e526f-6397-41ba-b4d2-119f86eab649.jpeg	in_stock	19.99 EUR	Frisia	5411011563203	yes	new
4604	Trolli Centipède Citrique - 1 kg	Les bonbons Trolli Centipède Citrique sont des gourmandises acidulées en forme de mille-pattes colorés. Avec leur texture moelleuse et leurs saveurs fruitées rehaussées d'une touche de citron piquant, ils offrent une expérience à la fois fun et savoureuse. Parfaits pour les amateurs de bonbons qui aiment une touche d'acidité!	https://www.mesbonbons.net/fr/shop/trolli-centipde-citrique---1-kg	https://fladis.azureedge.net/erp/e2b52eae-5a36-4fd4-a00b-9ad8037e636c.jpeg	in_stock	8.99 EUR	Trolli	8436036187002	yes	new
4610	Dulceplus Caprice Tutti Citrique - 1 Kg	Les Dulceplus Caprice Tutti Acide sont des bonbons gélifiés colorés, au goût fruité et à l'enrobage acidulé. Idéal pour les amateurs de bonbons piquants !	https://www.mesbonbons.net/fr/shop/copy-dulceplus-caprice-tutti-citrique---200-g	https://fladis.azureedge.net/erp/3d1e2213-23ff-4ddd-b011-3d7d9d98c954.jpeg	in_stock	6.99 EUR	Dulceplus	8436014444301	yes	new
4612	Trolli The Squiggles Cocon - 1 kg	Les Trolli The Squiggles sont des bonbons gélifiés en forme de serpents colorés, moelleux et acidulés, parfaits pour une pause gourmande amusante !	https://www.mesbonbons.net/fr/shop/trolli-the-squiggles---1-kg	https://fladis.azureedge.net/erp/f897184b-6a0e-4111-8885-b48db35cab5a.png	in_stock	8.99 EUR	Trolli	4000512733423	yes	new
4613	Trolli The Squiggles - 100g	Les Trolli The Squiggles sont des bonbons gélifiés en forme de serpents colorés, moelleux et acidulés, parfaits pour une pause gourmande amusante !	https://www.mesbonbons.net/fr/shop/trolli-the-squiggles---100g	https://fladis.azureedge.net/erp/a02c6844-aae8-40ff-8406-2611d908b40e.png	in_stock	1.99 EUR	Trolli	4003084319705	yes	new
4616	Bulgari Cup Cake Marshmallow - 900 g	le cupcake Bulgari bonbon marshmallow combine élégance et gourmandise : une base moelleuse en marshmallow artisanal parfumé (vanille ou rose), surmontée d’un glaçage mousseux.	https://www.mesbonbons.net/fr/shop/bulgari-cup-cake-marshmallow---900-g	https://fladis.azureedge.net/erp/e8838ab2-3cb7-4ebc-be6e-6f9c064f400a.jpeg	in_stock	10.99 EUR	Bulgari	8006908009697	yes	new
4618	Bulgari Balle de golf Blanche - 900 g	Les balles de golf blanche Bulgari en marshmallow allient douceur et élégance : des sphères blanches alvéolées, parfumées à la vanille, rehaussées d’une touche nacrée ou dorée pour un fini luxueux.	https://www.mesbonbons.net/fr/shop/bulgari-balle-de-golf-blanche---900-g	https://fladis.azureedge.net/erp/665ec146-f810-463e-8714-33123f1ff722.jpeg	in_stock	9.99 EUR	Bulgari	8006908003718	yes	new
4625	Flipz Pretzel Cinnamon Bun - 90 g	Les Flipz Pretzel Cinnamon Bun combinent des bretzels croustillants avec un glaçage sucré à la cannelle, évoquant les brioches à la cannelle. Une collation gourmande et pratique grâce à son sachet refermable !	https://www.mesbonbons.net/fr/shop/flipz-pretzel-cinnamon-bun---90-g	https://fladis.azureedge.net/erp/21e414c8-f187-410f-85d3-d61f8800fb6f.png	out_of_stock	2.99 EUR	Flipz	5000168002217	yes	new
4627	Mars 51 g x 32 Pièces	La boîte de chocolats Mars est un écrin gourmand qui célèbre le plaisir du caramel et du chocolat. Chaque pièce contient un cœur fondant de caramel et de nougat, enrobé d’un chocolat au lait onctueux. Une présentation élégante, idéale pour partager ou offrir une pause sucrée irrésistible.	https://www.mesbonbons.net/fr/shop/mars-51-g-x-32-pices	https://fladis.azureedge.net/erp/ad04354c-a40c-4acd-bd09-c86542547edb.png	in_stock	24.99 EUR	Mars	5000159558426	yes	new
4628	Juicy Drop Mallows Cola - 100 g	Les Juicy Drop Mallows sont des guimauves au coca, qui allient douceur et acidité	https://www.mesbonbons.net/fr/shop/juicy-drop-mallows-cola---100-g	https://fladis.azureedge.net/erp/e958f2f3-79f0-4fe2-9dd4-ded17a563689.png	in_stock	2.59 EUR	Bazooka	5011053026690	yes	new
4633	Football Surprise Pop - 10 g	Le Football Surprise Pop est une confiserie amusante et originale, parfaite pour les fans de foot et de sucreries. Présenté dans un display attractif, chaque pop renferme une surprise gourmande et colorée. Une douceur ludique qui plaira aux petits et grands supporters!	https://www.mesbonbons.net/fr/shop/football-surprise-pop-10-g	https://fladis.azureedge.net/erp/bfbcb315-04eb-49e9-a73c-8b3a24acaecd.png	in_stock	1.50 EUR	Funny Candy	6931722321934	yes	new
4650	Lutti Bubblizz Tropical - 2,5 kg	Découvrez la version tropicale des iconiques Bubblizz ! Une explosion de saveurs exotiques et pétillantes dans chaque bouchée. Avec leur texture moelleuse et leur goût fruité acidulé, ces bonbons en forme de bouteille sont parfaits pour une pause fun et gourmande !	https://www.mesbonbons.net/fr/shop/lutti-bubblizz-tropical---25-kg	https://fladis.azureedge.net/erp/71239edf-5fb1-48ff-993f-03d556250195.png	in_stock	24.99 EUR	Lutti	3116742062194	yes	new
4653	Fanta Zero Sugar Pineapple Grapefruit  - 330 ml	Fanta Zero Sugar Ananas Pamplemousse est un soda rafraîchissant, sans sucre, avec un mélange fruité d'ananas et de pamplemousse acidulé.	https://www.mesbonbons.net/fr/shop/fanta-zero-sugar-pineapple-grapefruit---330-ml	https://fladis.azureedge.net/erp/bb4759fa-5f60-4b14-9eb5-5c6d61cf24fa.png	in_stock	2.50 EUR	Fanta	5449000319630	yes	new
4655	Brets Carbonnade Flamande - 125 g	La carbonnade flamande de Bret a un riche ragoût de bœuf belge à base de bière, d'oignons et d'épices. Il est cuit lentement jusqu'à ce que la viande soit tendre et servi avec des frites ou du pain pour absorber la sauce savoureuse.	https://www.mesbonbons.net/fr/shop/brets-carbonnade-flamande---125-g	https://fladis.azureedge.net/erp/f81561cd-5a1f-42b7-9924-77091b253c18.png	in_stock	2.69 EUR	Bret's	3497917003809	yes	new
4658	Skittles Tropical - 45 g	Skittles Tropical offre un mélange vibrant de saveurs fruitées exotiques comme l'ananas, la mangue, la banane, le kiwi et le fruit de la passion. Chaque morceau offre une explosion tropicale sucrée, acidulée et rafraîchissante, parfaite pour une expérience amusante et fruitée.	https://www.mesbonbons.net/fr/shop/skittles-tropical---45-g	https://fladis.azureedge.net/erp/2f19a8df-07d7-4ab4-bfe1-041e3961e03a.png	in_stock	1.50 EUR	Skittles	4009900522250	yes	new
4659	Nerds Grape & Strawberry - 141 g	Les Nerds raisin et fraise offrent une combinaison croquante et acidulée de deux saveurs classiques : la fraise sucrée et fruitée et le raisin acidulé. Les petits morceaux de bonbons colorés offrent une explosion de saveur à chaque bouchée, offrant une expérience de grignotage amusante et satisfaisante.	https://www.mesbonbons.net/fr/shop/nerds-grape-strawberry---141-g	https://fladis.azureedge.net/erp/01017d83-2b64-4d74-8f7b-8ab1dcfd4be6.png	out_of_stock	3.49 EUR	Nerds	079200616007	yes	new
4660	Nerds Rainbow - 141 g	Nerds Rainbow est un mélange coloré de morceaux de bonbons croquants et acidulés dans une variété de saveurs fruitées. Chaque morceau éclate avec une combinaison de goûts sucrés et acidulés, offrant une expérience amusante et savoureuse à chaque bouchée.	https://www.mesbonbons.net/fr/shop/copy-nerds-grape-strawberry---141-g	https://fladis.azureedge.net/erp/a4c79412-023e-4e5c-b195-3a13351df762.png	in_stock	3.49 EUR	Nerds	079200558338	yes	new
4665	Tablette Chocolat Jack Daniel's Tenesse Fire - 100 g	Une tablette de chocolat audacieuse qui marie la douceur du chocolat au lait à la chaleur épicée de Jack Daniel's Tennessee Fire. Une explosion de saveurs entre gourmandise et notes de cannelle flamboyante.	https://www.mesbonbons.net/fr/shop/tablette-chocolat-jack-daniels-tenesse-fire---100-g	https://fladis.azureedge.net/erp/7927d075-7bf3-4275-a94e-803a5dedc196.png	in_stock	6.29 EUR	Goldkenn	7610403072585	yes	new
4687	Jelly Belly Bubble Tea - 125 g	La boîte Jelly Belly Bubble Tea 125 g est une sélection gourmande de bonbons aux saveurs inspirées du célèbre bubble tea. Chaque dragée offre une explosion de goût, rappelant les délicieuses boissons aux perles de tapioca. Un assortiment original et savoureux, parfait pour les amateurs de bubble tea et de bonbons fun !	https://www.mesbonbons.net/fr/shop/jelly-belly-bubble-tea---125-g	https://fladis.azureedge.net/erp/7e07ca17-a736-485f-b61b-dd18d2c70c67.png	in_stock	7.49 EUR	Jelly Belly	071570018535	yes	new
4691	The Belgian Fruits de Mer Crème Vanille - 65 g	Les coquillages Belgian au chocolat belge Vanille crémeuse sont de riches chocolats belges fourrés de crème vanille onctueuse, en forme de coquillages. Ils offrent un équilibre parfait entre le chocolat velouté et le fourrage crémeux.	https://www.mesbonbons.net/fr/shop/the-belgian-fruits-de-mer-crme-vanille---65-g	https://fladis.azureedge.net/erp/4ae5c233-c223-4aa8-80f9-b7dbaa425fe4.png	in_stock	2.49 EUR	The Belgian	5413121371907	yes	new
4700	Chupa Chups Best Of Display - 200 Pièces	Le Best of Chupa Chups est un assortiment de sucettes aux saveurs emblématiques de la célèbre marque. Chaque sucette offre une explosion de saveurs fruitées et sucrées, allant des classiques comme la fraise, l'orange ou la cerise, à d'autres plus originales. Un mélange parfait pour les gourmands de tous âges qui cherchent à retrouver un goût délicieux et nostalgique.	https://www.mesbonbons.net/fr/shop/chupa-chups-best-of-display---200-pices	https://fladis.azureedge.net/erp/4c1d3d32-b93f-4e2d-9d56-fa043a7ac5be.png	in_stock	42.99 EUR	Chupa Chups	8410031918700	yes	new
4703	Cachet Chocolat Extra Noir Tanzania 72 %- 100 g	Le Cachet Chocolat Noir 72% Tanzania est un chocolat intense et raffiné, avec des notes fruitées et légèrement amères, typiques du cacao tanzanien. Sa teneur en cacao de 72% offre un parfait équilibre entre profondeur et douceur.	https://www.mesbonbons.net/fr/shop/copy-cachet-chocolat-extra-noir-tanzania-72---100-g	https://fladis.azureedge.net/erp/47e81fe0-962c-4a9e-8881-b4f3cdfe57c6.png	in_stock	2.99 EUR	Cachet	5412956214076	yes	new
4704	Cachet Chocolat Noir Gingembre Et Saveur Mûre - 100 g	Le Chocolat Cachet Gingembre et Mûre associe le piquant du gingembre à la douceur fruitée de la mûre, offrant une expérience gourmande et équilibrée.	https://www.mesbonbons.net/fr/shop/copy-copy-cachet-chocolat-extra-noir-tanzania-72---100-g	https://fladis.azureedge.net/erp/5f4628e6-e6c8-4f64-a751-6316d757bb12.png	in_stock	2.99 EUR	Cachet	5412956214540	yes	new
4706	Cachet Chocolat Au Lait Creamy - 100 g	Le cachet de chocolat au lait 100g est une tablette de chocolat fondant et crémeux, offrant un goût doux et sucré grâce à l'ajout de lait. Idéale pour la dégustation ou la pâtisserie, elle se distingue par sa texture lisse et son équilibre entre cacao et lait.	https://www.mesbonbons.net/fr/shop/copy-copy-copy-cachet-chocolat-extra-noir-tanzania-72---100-g	https://fladis.azureedge.net/erp/5926f7a5-704f-41fc-810b-3076cb712aaa.png	in_stock	2.99 EUR	Cachet	5412956214656	yes	new
4709	Monin Sirop Saveur Caramel Salé - 70 cl	Le sirop Monin caramel salé combine la douceur du caramel et une pointe de sel, offrant une saveur sucrée-salée parfaite pour aromatiser cafés, milkshakes et desserts.	https://www.mesbonbons.net/fr/shop/monin-sirop-saveur-caramel-sal---70-cl	https://fladis.azureedge.net/erp/79936efe-bf96-46b7-8a63-a12ae879908e.png	in_stock	13.99 EUR	Monin	3052911145094	yes	new
4710	Monin Sirop Saveur Amaretto - 70 cl	Le sirop Monin saveur amaretto offre une saveur douce et légèrement amandée, rappelant l’authentique liqueur amaretto. Idéal pour ajouter une touche gourmande aux cafés, cocktails, desserts ou milkshakes, il apporte une note chaleureuse et parfumée à vos boissons.	https://www.mesbonbons.net/fr/shop/monin-sirop-saveur-amaretto---70-cl	https://fladis.azureedge.net/erp/c526077d-7d1f-427b-ada6-ef6220165a5b.png	in_stock	13.99 EUR	Monin	3052910013134	yes	new
4711	Monin Sirop Saveur Chocolat Cookie - 70 cl	Le sirop Monin chocolat cookie combine les saveurs riches du chocolat et des biscuits, créant une expérience gourmande et réconfortante. Parfait pour aromatiser cafés, milkshakes, desserts ou cocktails, il offre une touche sucrée et délicieusement chocolatée avec une note de biscuit croquant.	https://www.mesbonbons.net/fr/shop/monin-sirop-saveur-chocolat-cookie---70-cl	https://fladis.azureedge.net/erp/d3c1d8e1-a2d6-43c8-b6c5-8c8b55376e38.png	in_stock	13.99 EUR	Monin	3052910041144	yes	new
4712	Monin Sirop Saveur Brownie - 70 cl	Le sirop Monin saveur brownie offre une saveur riche et gourmande de chocolat fondant, avec des notes de noisette et de vanille, rappelant le goût d'un brownie fraîchement cuit. Idéal pour parfumer cafés, milkshakes, desserts ou cocktails, il apporte une touche sucrée et chaleureuse à vos créations.	https://www.mesbonbons.net/fr/shop/monin-sirop-saveur-brownie---70-cl	https://fladis.azureedge.net/erp/d3c1d8e1-a2d6-43c8-b6c5-8c8b55376e38.png	in_stock	13.99 EUR	Monin	3052911222474	yes	new
4714	Monin Sirop Saveur Marshmallow Grillé - 70 cl	Le sirop Monin saveur marshmallow grillé offre une délicieuse saveur sucrée et légèrement caramélisée, rappelant les marshmallows grillés au feu. Parfait pour ajouter une touche gourmande à vos cafés, chocolats chauds, milkshakes ou cocktails, il crée une expérience chaleureuse et réconfortante.	https://www.mesbonbons.net/fr/shop/monin-sirop-saveur-marshmallow-grill---70-cl	https://fladis.azureedge.net/erp/1e38df94-4b8d-4e72-b64e-9a931112f1e5.png	in_stock	13.99 EUR	Monin	3052911704192	yes	new
4715	Monin Sirop  Glasco Citron - 70 cl	Le sirop Monin Glasco citron apporte une saveur rafraîchissante et acidulée de citron, idéale pour ajouter une touche de fraîcheur à vos boissons. Parfait pour les cocktails, limonades, thés glacés ou sodas, il offre un goût vif et naturel, évoquant le zeste de citron frais.	https://www.mesbonbons.net/fr/shop/monin-sirop-glasco-citron---70-cl	https://fladis.azureedge.net/erp/1074ad76-cc6c-4314-a83e-bbeca5a6931e.png	in_stock	13.99 EUR	Monin	3052910056209	yes	new
4717	Reese's 2 Peanut Butter Cups White - 39.5 g	Reese's 2 Peanut Butter Cups White est un paquet contenant deux coupelles en chocolat blanc, garnies de beurre de cacahuète crémeux. Le poids du paquet est généralement d'environ 42g. Le chocolat blanc apporte une saveur plus douce et crémeuse, complémentant le beurre de cacahuète à l'intérieur.	https://www.mesbonbons.net/fr/shop/reeses-2-peanut-butter-cups-white-39.5-g	https://fladis.azureedge.net/erp/cf147060-4cd3-4b80-a1e3-94d4ea2509ff.png	in_stock	2.99 EUR	Reese's	034000433032	yes	new
4718	Candy Fizz' Trio - 24 x 21 g	Candy Fizz Trio est un assortiment de bonbons pétillants offrant trois saveurs différentes. Chaque bonbon crée une sensation pétillante unique en bouche, ajoutant une expérience amusante et surprenante. Les saveurs peuvent inclure des fruits classiques comme la cerise, le cola ou le citron. Ce produit est souvent présenté dans un emballage coloré, attirant les amateurs de bonbons acidulés et pétillants.	https://www.mesbonbons.net/fr/shop/candy-fizz-trio---24-x-21-g	https://fladis.azureedge.net/erp/d7e8c56b-fcbb-41ea-a225-b47d0d261562.png	out_of_stock	14.49 EUR	Funny Candy	3587361157156	yes	new
4720	Yummer's Céréales Squid Game Marshmallow - 300 g	Les céréales Yummer's Squid Game au goût marshmallow sont une version inspirée de la série Squid Game . Elles présentent des céréales croquantes, souvent en forme de petits carrés ou morceaux, avec une saveur sucrée de marshmallow. L'emballage est typiquement orné de motifs rappelant l'univers de la série, comme les symboles des cercles, triangles et carrés. Ces céréales offrent une combinaison agréable de croquant et de douceur, avec une touche de marshmallow, parfaites pour un petit-déjeuner amusant ou une collation sucrée.	https://www.mesbonbons.net/fr/shop/yummers-crales-squid-game-marshmallow---300-g	https://fladis.azureedge.net/erp/77003a86-623d-4916-9e61-872ea3d428ca.png	out_of_stock	5.99 EUR	Yummer's	5907178133248	yes	new
4721	Yummer's Céréales Squid Game Pistache - 300 g	Les céréales Yummer's Squid Game au goût pistache sont une version inspirée de la série Squid Game , offrant des céréales croquantes au goût unique de pistache. L'emballage est généralement aux couleurs vives et fait référence à l'univers de la série avec des motifs emblématiques. Ces céréales combinent une texture croquante avec une saveur riche et légèrement sucrée de pistache, parfaites pour un petit-déjeuner original ou une collation gourmande.	https://www.mesbonbons.net/fr/shop/yummers-crales-squid-game-pistache---300-g	https://fladis.azureedge.net/erp/d63c64cb-c973-4f8f-9e22-a1beb707c96f.png	out_of_stock	5.99 EUR	Yummer's	5907178133255	yes	new
4728	Harry Potter ButterBeer Chewy Candy - 59 g	Les Harry Potter Butterbeer Chewy Candy 59 g sont des bonbons moelleux au goût inspiré de la célèbre boisson du monde magique de Harry Potter, la Butterbeer. Avec une saveur sucrée et légèrement crémeuse, ces bonbons offrent une expérience gustative unique, rappelant le goût de la boisson décrite dans les livres et films. Parfaits pour les fans de la saga et les amateurs de douceurs originales !	https://www.mesbonbons.net/fr/shop/harry-potter-butterbeer-chewy-candy---59-g	https://fladis.azureedge.net/erp/23192be2-e732-4a5c-a1be-3686d14dcd29.png	out_of_stock	3.49 EUR	Jelly Belly	071570017187	yes	new
4732	Brochette Lard Rose Et Blanche 70 g	La brochette Lollywood rose et blanc de 70 g est une confiserie composée de guimauves roses sur un bâtonnet. Elle mesure environ 20 cm de long et est idéale pour les fêtes ou candy bars. Les bonbons sont sucrés, avec des colorants naturels et une texture fondante.	https://www.mesbonbons.net/fr/shop/brochette-lard-rose-et-blanche-70-g	https://fladis.azureedge.net/erp/8c011ce8-8743-4697-9a26-aed877768723.png	in_stock	2.49 EUR	Lollywood	5420001514286	yes	new
4733	Twix White - 46 g	Twix White est une variante du célèbre chocolat Twix, avec une couche de biscuit croquant recouverte de caramel, mais ici, le tout est enrobé d'un chocolat blanc crémeux. Cette version offre une douceur supplémentaire grâce au chocolat blanc, tout en conservant l'équilibre entre le croquant du biscuit et le fondant du caramel. C’est un délicieux mélange de textures et de saveurs sucrées.	https://www.mesbonbons.net/fr/shop/twix-white---46-g	https://fladis.azureedge.net/erp/16daa608-ccce-4dc4-b0dd-0fa7377ced23.png	in_stock	1.00 EUR	Twix	5000159556804	yes	new
4735	Milka Leo - 33,3 g	Le Leo, célèbre gaufrette enrobée de tendre chocolat Milka au lait et fourrée à la crème confiseur, est la gourmandise qui vous fera craquer.	https://www.mesbonbons.net/fr/shop/milka-leo---333-g	https://fladis.azureedge.net/erp/2245f847-5ef2-472a-b196-c1bcc0d0c72d.jpg	in_stock	1.00 EUR	Milka	76222276	yes	new
4736	Milka Leo White Chocolate - 33,3 g x 32 Pieces	Le Leo, célèbre gaufrette enrobée de tendre chocolat Milka blanc et fourrée à la crème confiseur, est la gourmandise qui vous fera craquer.	https://www.mesbonbons.net/fr/shop/milka-leo-white-chocolate---333-g-x-32-pieces	https://fladis.azureedge.net/erp/8ab704c1-a3b9-4ca2-9839-c28d2e679888.png	in_stock	24.49 EUR	Milka	7622200249060	yes	new
4737	Milka Barre Noisette - 45 g	Savourez la délicieuse alliance entre des noisettes entières et le tendre chocolat au lait Milka avec la barre noisettes de Milka !	https://www.mesbonbons.net/fr/shop/milka-barre-noisette---45-g	https://fladis.azureedge.net/erp/871cd156-a9ef-46a0-b954-5a440de893e4.jpg	in_stock	1.80 EUR	Milka	7622210860767	yes	new
4738	M&M's Peanuts - 45 g	Les M&M's Peanuts sont des petits dragées de différentes couleurs composés de cacahuètes entières et de chocolat. Le tout est enrobé d'une couche de sucre croquante.	https://www.mesbonbons.net/fr/shop/mms-peanuts---45-g	https://fladis.azureedge.net/erp/5b065ca0-e5fa-4327-98e1-f6ad60bca6c7.jpg	in_stock	1.00 EUR	M&M's	40111445	yes	new
4739	M&M's Chocolat - 45 g	Les M&M's chocolat sont des petites dragées de différentes couleurs au cœur choco enrobé d'une couche de sucre croquante.	https://www.mesbonbons.net/fr/shop/mms-chocolat---45-g	https://fladis.azureedge.net/erp/53b681e1-70ca-4cbd-b1cc-61eecee4b218.jpg	in_stock	1.00 EUR	M&M's	40111490	yes	new
4740	M&M's Crispy - 36 g	Les M&M's Crispy sont des petites dragées de différentes couleurs composées de riz soufflé et de chocolat. Le tout est enrobé d'une couche de sucre croquante.	https://www.mesbonbons.net/fr/shop/mms-crispy---36-g	https://fladis.azureedge.net/erp/d33121f1-a1e6-4cac-951f-65a0909c6e50.png	in_stock	1.00 EUR	M&M's	5000159561662	yes	new
4741	Maltesers 37 g	Les maltesers sont des bonbons au chocolat au lait fourré croquant au lait malté pour des petites envies sucrées.	https://www.mesbonbons.net/fr/shop/maltesers-37-g	https://fladis.azureedge.net/erp/9225807b-30bd-46ac-8c11-416e9e42466a.jpg	in_stock	1.00 EUR	Malteser	5000159555715	yes	new
4742	Bounty 57 g	Vous avez envie d'un peu d'exotisme? Le Bounty est une friandise à la noix de coco enrobée de chocolat au lait pour une sensation à la fois moelleuse et croustillante.	https://www.mesbonbons.net/fr/shop/bounty-57-g	https://fladis.azureedge.net/erp/89d9f7f8-1580-42b8-915c-d87d1e3783e7.jpg	in_stock	1.00 EUR	Bounty	5000159557771	yes	new
4743	Snickers - 50 g	Le Snickers, est certainement la barre chocolatée la plus célèbre du monde. Elle est composée d'un cœur nougat, couvert de cacahuètes grillées et de caramel, nappés de chocolat au lait.	https://www.mesbonbons.net/fr/shop/snickers---50-g	https://fladis.azureedge.net/erp/49bb4888-eef7-4774-a53c-078eb1a55e0b.jpg	in_stock	1.00 EUR	Snickers	5900951311505	yes	new
4744	Kinder Maxi - 21 g	Kinder Maxi c'est un grand cœur au lait délicieusement fondant dans une barre de tendre chocolat Kinder.	https://www.mesbonbons.net/fr/shop/kinder-maxi---21-g	https://fladis.azureedge.net/erp/a557fd19-1f2f-4638-acdd-2c9d61d40e9b.jpg	in_stock	1.00 EUR	Kinder	40084077	yes	new
4745	Cha-Cha - 27 g	Le Chacha est une gaufrette croustillante, fourrée au caramel et enrobée de chocolat au lait pour une sensation sucrée et très gourmande.	https://www.mesbonbons.net/fr/shop/copy-cha-cha---27-g-x-50-pices	https://fladis.azureedge.net/erp/f38c54fb-a194-488e-b1f8-7e955d1119d4.jpg	in_stock	1.00 EUR	Lu	54074385	yes	new
4746	Côte d'Or Nougatti - 30 g	Le nougatti est une savoureuse alliance entre chocolat au lait et nougat pour une petite envie gourmande.	https://www.mesbonbons.net/fr/shop/copy-cte-dor-nougatti---30-g-x-24-pices	https://fladis.azureedge.net/erp/bcefa153-fb21-429a-af92-4b313999a197.jpg	in_stock	1.50 EUR	Côte d'or	76222320	yes	new
4801	Doritos Nacho Cheese Flavour - 170 g	Les Doritos Nacho Cheese sont des chips de maïs au goût intense de fromage cheddar. Elles sont croustillantes et assaisonnées d'une saveur riche et savoureuse, avec une touche épicée et fromagère qui les rend très populaires comme en-cas. Ces chips sont idéales pour les moments de partage ou pour une collation rapide.	https://www.mesbonbons.net/fr/shop/doritos-nacho-cheese-flavour---170-g	https://fladis.azureedge.net/erp/466dd1f8-ea6f-490f-973c-76d8e02928a4.png	in_stock	3.99 EUR	Doritos	8710398161987	yes	new
4803	Doritos Sweet Chilli Pepper - 170 g	Les Doritos Sweet Chilli Pepper sont des chips de maïs au goût sucré et épicé. Elles combinent la douceur du piment avec une touche relevée, offrant une saveur unique et équilibrée. Leur texture croustillante et leur assaisonnement intense en font une collation idéale pour ceux qui aiment les saveurs piquantes et sucrées. Parfaites pour un en-cas savoureux ou accompagnées de dips.	https://www.mesbonbons.net/fr/shop/doritos-sweet-chilli-pepper---170-g	https://fladis.azureedge.net/erp/43216e24-4884-4f86-8f6e-0462bcfe306f.png	in_stock	3.99 EUR	Doritos	8710398162045	yes	new
4806	Werther's Original Caramel Popcorn Salted Caramel - 140 g	Les Werther's Original Caramel Popcorn au caramel salé sont des pop-corn enrobés d'un délicieux caramel crémeux, avec une touche de sel pour un équilibre parfait entre douceur et salé. Un snack tendre et gourmand, qui offre une expérience savoureuse à chaque bouchée.	https://www.mesbonbons.net/fr/shop/werthers-original-caramel-popcorn-salted-caramel---140-g	https://fladis.azureedge.net/erp/776d9373-18f9-474b-82d2-067c7601fca2.png	in_stock	4.99 EUR	Werther's	4014400935677	yes	new
4807	Bitecone Mini Cône Chocolat Noisette - 100 g	Les Bitecone Mini Cônes Fourrés au Chocolat Noisette sont de petites bouchées gourmandes composées de cônes croustillants, délicatement fourrés d'une crème au chocolat et à la noisette. Ils offrent une expérience sucrée et onctueuse, parfaite pour satisfaire une envie de douceur à tout moment.	https://www.mesbonbons.net/fr/shop/bitecone-mini-cne-chocolat-noisette---100-g	https://fladis.azureedge.net/erp/46eb56ac-ddfe-48b2-8cd8-7a6cf090fb93.png	out_of_stock	4.49 EUR	Bitecone	3770025188133	yes	new
4837	Amos 4D Blocks Gummy - 72 g	Les 4D Amos Blocks sont des bonbons gélifiés en forme de blocs, offrant une expérience interactive. Faciles à assembler, ils viennent dans un assortiment de saveurs fruitées comme pomme, myrtille et fraise.	https://www.mesbonbons.net/fr/shop/4d-blocks-gummy---72-g	https://fladis.azureedge.net/erp/0f2ef305-e2b1-4add-bdb7-e1f19d355064.png	out_of_stock	2.49 EUR		6936756256184	yes	new
4963	Red Bull Spring Edition Woodruff et Pink Grapefruit - 250 ml	La Red Bull Spring Edition Woodruff & Pink Grapefruit est une version limitée de la célèbre boisson énergisante Red Bull. Elle combine une saveur unique de woodruff (asperge odorante), une plante aromatique aux notes sucrées et herbacées, avec l'acidité et la fraîcheur de pamplemousse rose. Le mélange de ces deux saveurs crée une boisson rafraîchissante et originale, légèrement sucrée avec une pointe d'amertume du pamplemousse. Comme toutes les éditions de Red Bull, elle apporte un coup de boost en énergie tout en offrant un goût nouveau et plaisant, idéal pour la saison printanière.	https://www.mesbonbons.net/fr/shop/red-bull-spring-edition-woodruff-et-pink-grapefruit---250-ml	https://fladis.azureedge.net/erp/a0964aed-f7e9-4253-8121-7acc6891e578.png	out_of_stock	2.00 EUR	Red Bull	90474392	yes	new
4991	KaraBool Pomme - 3 kg	Les bonbons Bool's Poom à la pomme sont des confiseries végétariennes en forme de petites boules vertes, enrobées de sucre glace. Ils offrent une texture tendre et une saveur acidulée de pomme, rappelant les douceurs de l'enfance. Ces bonbons sont fabriqués sans gélatine animale, ce qui les rend adaptés aux régimes végétariens et végétaliens.	https://www.mesbonbons.net/fr/shop/karabool-pomme---3-kg	https://fladis.azureedge.net/erp/b265b575-4246-4930-a987-e54f50918c48.png	in_stock	38.99 EUR	Bool's	3501275120532	yes	new
5023	Buldak Hot Chicken Rosé Flavor Ramen - 140 g	Les nouilles Buldak au goût de poulet épicé sont des nouilles instantanées coréennes au goût très relevé. Elles sont accompagnées d’une sauce épicée à base de pâte de piment, d'ail et d'autres épices, offrant un mélange audacieux de piquant et de saveurs umami. Elles peuvent être garnies de graines de sésame, d'œuf dur ou de légumes. Il existe aussi des variantes comme le fromage ou le curry pour un goût plus doux.	https://www.mesbonbons.net/fr/shop/buldak-nouilles-piquantes-au-poulet-140-g	https://fladis.azureedge.net/erp/5da09091-38b9-4ad0-8477-7eb145fbc287.png	in_stock	3.50 EUR	Samyang	8801073115378	yes	new
5026	Haribo Chamallows Rainbollows - 175 g	Les Haribo Chamallows Rainbollows sont des bonbons moelleux en forme de mini-guimauves, offrant une expérience sucrée et colorée. Chaque chamallow est bicolore, avec des teintes vives rappelant un arc-en-ciel, et une texture tendre et aérée. Ils sont légèrement sucrés, avec un goût délicat et agréable, qui fait de chaque bouchée un moment doux et fun. Ces bonbons sont parfaits pour les amateurs de guimauves et apportent une touche de couleur et de gaieté à n'importe quelle occasion.	https://www.mesbonbons.net/fr/shop/haribo-chamallows-rainbollows-175-g	https://fladis.azureedge.net/erp/535fba95-bb59-40f7-9540-3538e551482b.png	out_of_stock	1.99 EUR	Haribo	5410358452805	yes	new
5027	Trolli Banane - 1 kg	Les Trolli Bananes sont des bonbons gélifiés populaires en forme de petites bananes courbées. Ces bonbons sont de couleur jaune vif et ont une texture douce et moelleuse, à la fois sucrée et légèrement acidulée. Ils sont souvent recouverts d'une fine couche de sucre et sont connus pour leur saveur fruitée rappelant la banane, ce qui en fait une friandise à la fois amusante et délicieuse. Les Trolli Bananes font partie de la marque Trolli, reconnue pour ses snacks gélifiés ludiques et colorés.	https://www.mesbonbons.net/fr/shop/trolli-banane-1-kg	https://fladis.azureedge.net/erp/663858f7-0829-44d5-994e-30a28a3ff31d.png	in_stock	8.99 EUR	Trolli	8436036186890	yes	new
5036	Bulgari Balle de golf Bleu Foncé - 900 g	Le Bulgari Balle de Golf Bleu Foncé est un marshmallow rond à la texture moelleuse et douce, recouvert d'une fine couche sucrée de couleur bleu foncé. Cette couche sucrée est légèrement croquante, contrastant avec l'intérieur tendre du marshmallow. Son aspect de balle de golf et sa couleur distinctive en font une friandise originale et élégante. Idéale pour les amateurs de sucreries, cette friandise combine une présentation unique avec une saveur agréable et sucrée.	https://www.mesbonbons.net/fr/shop/bulgari-balle-de-golf-bleu-fonce-900-g	https://fladis.azureedge.net/erp/5aee878d-53f6-4572-9260-c7b233d10d47.png	in_stock	9.99 EUR	Bulgari	8006908011171	yes	new
5038	PaperMints Cool Caps - 18 billes	Les Papermints Cool Caps sont des bonbons à la menthe sous forme de petites capsules. Ces bonbons se distinguent par leur texture croquante et leur goût frais et intense de menthe, offrant une sensation de fraîcheur immédiate. En forme de capsules, ils sont pratiques à emporter et à consommer à tout moment de la journée pour un rafraîchissement rapide. Leur goût mentholé est puissant et agréable, idéal pour ceux qui recherchent une explosion de fraîcheur. Ces bonbons sont parfaits pour nettoyer l'haleine tout en apportant une agréable sensation de fraîcheur.	https://www.mesbonbons.net/fr/shop/papermints-cool-caps-18-billes	https://fladis.azureedge.net/erp/d9ca46c9-2c49-4a5d-9330-db89799f22dc.png	in_stock	1.99 EUR	PaperMints	5425010092251	yes	new
5046	Gullón Barre Chocolat Et Soja - 144 g	Le biscuit Gullón Diet Soja avec pépites de chocolat est un encas savoureux et léger. Fabriqué à base de soja, il offre une texture croquante et une saveur unique, agrémentée de délicieuses pépites de chocolat. Idéal pour une collation saine, ce biscuit combine le bien-être du soja et le plaisir du chocolat, tout en restant faible en sucre.	https://www.mesbonbons.net/fr/shop/gullon-barre-chocolat-et-soja-144-g	https://fladis.azureedge.net/erp/8a5a9b9b-281d-455e-aa0b-0bd8b3f2fceb.png	in_stock	1.79 EUR	Gullón	8410376037821	yes	new
5053	Trolli Cola CLub - 100 g	Trolli Cola Club Sour (100g) est un paquet de bonbons gélifiés en forme de bouteilles de cola, avec un goût sucré de cola et un enrobage acidulé. Parfait pour les amateurs de bonbons à la fois doux et acides.	https://www.mesbonbons.net/fr/shop/trolli-cola-club-100-g	https://fladis.azureedge.net/erp/fc472a60-0fe4-48a5-a194-15e0285b1842.png	in_stock	1.20 EUR	Trolli	8436556390791	yes	new
5055	Trolli Classic Bears - 100 g	Trolli Classic Bears sont des bonbons gélifiés en forme d'ours, offrant une texture tendre et une variété de saveurs fruitées. Chaque ourson est rempli de goût sucré, avec des arômes de fruits comme la fraise, l'orange, le citron et la framboise, faisant de ces bonbons un classique apprécié de tous.	https://www.mesbonbons.net/fr/shop/trolli-classic-bears-100-g	https://fladis.azureedge.net/erp/800187b5-9975-448a-a767-6f34e82c43da.png	in_stock	1.20 EUR	Trolli	8436556390739	yes	new
5076	Felko Holland Mega Gummies American Fries - 120 g  - 600 g	Des bonbons gélifiés en forme de frites, avec une saveur sucrée et légèrement acidulée au bon gout de tutti frutti, rappelant les frites américaines. Ils sont enrobés d’une poudre sucrée pour un effet croquant et gourmand.	https://www.mesbonbons.net/fr/shop/felko-holland-mega-gummies-american-fries-120-g-600-g	https://fladis.azureedge.net/erp/8b79ab90-db63-401b-a46f-d56a13198da4.png	in_stock	3.49 EUR	Felko Holland	8721042683090	yes	new
5078	Quick Milk Cookies & Cream - 5 x 6 g - 30 g	Quick Milk Cookies & Cream Flavour sont des sachets individuels de poudre de lait aromatisée au goût cookies & cream, parfaits pour préparer rapidement une boisson gourmande et réconfortante.	https://www.mesbonbons.net/fr/shop/quick-milk-cookies-cream-5-x-6-g-30-g	https://fladis.azureedge.net/erp/3205a75f-6272-4319-beee-81d95fdea9a8.png	in_stock	1.50 EUR	Quick Milk	5996071691092	yes	new
5080	Lollywood Sucette Rock Tubo -  100 Pièces	Les Tubo Lollywood Rock Lollies sont des sucettes originales et colorées, avec une texture croquante qui fond lentement en bouche. Leur saveur sucrée et fruitée varie selon les parfums, offrant une expérience gustative unique. Chaque sucette est en forme de tube, ce qui les rend encore plus amusantes à sucer, et elles sont parfaites pour les amateurs de bonbons qui recherchent à la fois du fun et de la douceur. Idéales pour les moments de plaisir sucré, ces sucettes apportent un goût intense et une touche de nostalgie avec un twist moderne !	https://www.mesbonbons.net/fr/shop/lollywood-sucette-rock-tubo-100-pieces	https://fladis.azureedge.net/erp/5b0683cc-aba1-4302-a6d8-c050e77ee0ee.png	in_stock	24.99 EUR	Lollywood	5420001520003	yes	new
5083	Joris Meli-Melo Tubo - 1 kg	Les bonbons Joris Méli-Mélo sont des petites gommes tendres aux goûts d'Ananas, Citron, Poire, Orange, Fruits des bois, Cerise et Violette. Retrouvez le goût authentique d'une fabrication artisanale belge qui vous rappellera de nombreux souvenirs!	https://www.mesbonbons.net/fr/shop/joris-meli-melo-tubo-1-kg	https://fladis.azureedge.net/erp/a08f2878-41e3-4c7c-bc7b-5710407d715d.png	out_of_stock	13.99 EUR	Joris	5410404004439	yes	new
5086	PaperMints Cool Caps - 40 Billes	Les Papermints Cool Caps sont des bonbons à la menthe sous forme de petites capsules. Ces bonbons se distinguent par leur texture croquante et leur goût frais et intense de menthe, offrant une sensation de fraîcheur immédiate. En forme de capsules, ils sont pratiques à emporter et à consommer à tout moment de la journée pour un rafraîchissement rapide. Leur goût mentholé est puissant et agréable, idéal pour ceux qui recherchent une explosion de fraîcheur. Ces bonbons sont parfaits pour nettoyer l'haleine tout en apportant une agréable sensation de fraîcheur.	https://www.mesbonbons.net/fr/shop/papermints-cool-caps-40-billes	https://fladis.azureedge.net/erp/dc63acc3-2858-4e41-83ef-4bfb83c85f7f.png	in_stock	3.49 EUR	PaperMints	5425010097492	yes	new
5087	Red Bull Summer Edition Pêche Blanche - 250 ml	Le Red Bull Summer Edition White Peach est une boisson énergisante à la saveur estivale de pêche blanche. Cette édition spéciale combine la saveur douce et fruitée de la pêche blanche avec les ingrédients énergisants caractéristiques de Red Bull, tels que la caféine, la taurine et les vitamines B. Elle offre une expérience rafraîchissante et légère, idéale pour les journées chaudes d'été. Le goût de pêche blanche est subtil, sucré et légèrement acidulé, apportant une touche fruitée unique à la boisson.	https://www.mesbonbons.net/fr/shop/red-bull-summer-edition-peche-blanche-250-ml	https://fladis.azureedge.net/erp/5a858167-47a0-4943-b6c6-f23bdc011126.png	in_stock	2.00 EUR	Red Bull	90474842	yes	new
5094	Lotus Biscoff & Go - 45 g	Lotus Biscoff & Go est un snack composé de bâtonnets de biscuit croustillants à tremper dans une pâte à tartiner crémeuse au goût de spéculoos. Ce combo allie le croquant des biscuits à la douceur caramelisée de la pâte, offrant une expérience gourmande et pratique à emporter. Parfait pour une petite pause sucrée à tout moment de la journée !	https://www.mesbonbons.net/fr/shop/lotus-biscoff-go-45-g	https://fladis.azureedge.net/erp/3e978692-5749-45a7-8603-1f05e2712ed6.png	out_of_stock	3.49 EUR	Lotus	54010628	yes	new
5099	Pringles Butter Caramel Sweet Flavour - 110 g	Les Pringles Butter Caramel Sweet Flavour sont des chips au goût sucré et gourmand, combinant des notes de beurre crémeux et de caramel doux. Cette saveur offre un mélange parfait de douceur et de richesse, avec une texture croustillante qui apporte une touche sucrée originale aux Pringles. Idéales pour ceux qui aiment les snacks sucrés, elles offrent une expérience savoureuse et différente.	https://www.mesbonbons.net/fr/shop/pringles-butter-caramel-sweet-flavour-110-g	https://fladis.azureedge.net/erp/cce72bb4-337d-4f62-b03a-f7af7b0628f6.png	out_of_stock	4.99 EUR	Pringles	8886467104725	yes	new
5103	Felko Mega Gummies Japanese Sushi - 120 g	Les Mega Gummies Sushi Felko sont des bonbons gélifiés inspirés des sushis, fabriqués par la marque Felko. Ces bonbons ont l'apparence de sushis, avec des textures et des saveurs fruitées et sucrées. Ils sont conçus pour offrir une expérience ludique et délicieuse, parfaits pour les amateurs de sucreries originales. Felko crée des bonbons amusants et visuellement intrigants, et les Mega Gummies Sushi ne font pas exception, avec des saveurs variées qui surprennent à chaque bouchée.	https://www.mesbonbons.net/fr/shop/felko-mega-gummies-japanese-sushi-120-g	https://fladis.azureedge.net/erp/c6ddca75-ad7a-4a56-b7f3-7f0ef41d0294.png	in_stock	3.49 EUR	Felko Holland	8721042683250	yes	new
5104	Felko Mega Gummies American Donut - 120 g	Les Felko Mega Gummies American Donut (120 g) sont des bonbons gélifiés en forme de donuts, inspirés des célèbres pâtisseries américaines. Chaque bouchée offre une texture moelleuse et un goût sucré, avec des saveurs qui rappellent les douceurs classiques des donuts, souvent accompagnées d'un glaçage fruité ou crémeux. Ces bonbons sont ludiques et délicieux, parfaits pour les amateurs de sucreries originales à la recherche d'une expérience gourmande et amusante.	https://www.mesbonbons.net/fr/shop/felko-mega-gummies-american-donut-120-g	https://fladis.azureedge.net/erp/db2e1606-8337-4969-ae6b-a7ee3afd72df.png	in_stock	3.49 EUR	Felko Holland	8721042682215	yes	new
5109	Cheetos Goals Cheese Flavour - 100 g	Les Cheetos Goals Cheese Flavour sont des snacks au fromage savoureux, offrant une expérience croquante et irrésistible. Leur texture légère et leur enrobage généreux de fromage crémeux et délicieux font de chaque bouchée un moment de plaisir. Parfaits pour les amateurs de fromage, ces Cheetos sont une collation idéale pour satisfaire vos envies de saveurs riches et salées.	https://www.mesbonbons.net/fr/shop/cheetos-goals-cheese-flavour-100-g	https://fladis.azureedge.net/erp/991157c0-1dbc-483d-8414-bc8ba0010801.png	out_of_stock	3.49 EUR	Cheetos	8710398517920	yes	new
5115	Krambals Bruschetta Garden Grill - 140 g	Les Krambals Bruschetta Garden Grill sont des tranches de pain croustillantes et savoureuses, idéales pour une collation gourmande. Aromatisées avec un mélange d'herbes et d'épices rappelant le barbecue au jardin, elles offrent une explosion de saveurs grillées.	https://www.mesbonbons.net/fr/shop/krambals-bruschetta-garden-grill-140-g	https://fladis.azureedge.net/erp/1f5ee46f-952a-41b6-b153-f0f7f4258736.png	out_of_stock	2.49 EUR	Krambals	3800200452756	yes	new
5126	Sweet Party Lacet Fraise Tubo - 1,350 kg	Craquez pour ces lacets tendres au goût intense de fraise. Leur format allongé et leur saveur fruitée en font un plaisir gourmand parfait pour les petits moments sucrés ou pour agrémenter vos créations pâtissières.	https://www.mesbonbons.net/fr/shop/sweet-party-lacet-fraise-tubo-1350-kg	https://fladis.azureedge.net/erp/4a788909-08f8-4a88-bf08-c82614665e7e.png	out_of_stock	13.99 EUR	Sweet Party	5413128354835	yes	new
5148	Nerds Rope Fruit - 26 g	Les Nerds Rope sont des bonbons composés d'une corde gélifiée aux saveurs fruitées, recouverte de petits bonbons Nerds croquants et acidulés. L'extérieur est sucré et légèrement acide, tandis que l'intérieur est doux et moelleux.	https://www.mesbonbons.net/fr/shop/nerds-rope-fruit-26-g	https://fladis.azureedge.net/erp/2edd709d-3b5a-4b06-99af-874725dc0439.png	in_stock	2.99 EUR	Nerds	1230000131025	yes	new
5150	Hershey's Cookie Chocolat - 25 g	Le Hershey's Cookie de 25 g est en fait un cookie au chocolat. Ce biscuit est délicieux, fait de pâte tendre et sucrée, parsemée de morceaux de chocolat Hershey's. Chaque bouchée combine le goût riche du chocolat au lait et la douceur d'un cookie moelleux. Ce petit format est parfait pour une pause sucrée rapide.	https://www.mesbonbons.net/fr/shop/hersheys-cookie-chocolat-25-g	https://fladis.azureedge.net/erp/830f9bdb-a820-455b-9989-b6f5c87554ce.png	in_stock	1.99 EUR	Hershey's	6224011288101	yes	new
5157	Croky Explosions Paprika - 150 g	Les Croky Explosion Paprika sont des chips légères et croquantes, au goût intense de paprika. Elles offrent une saveur épicée et légèrement fumée, avec un mélange parfait de piquant et de douceur. Ces chips sont idéales pour ceux qui recherchent une collation savoureuse et un peu relevée, parfaite pour accompagner vos moments de détente.	https://www.mesbonbons.net/fr/shop/croky-explosions-paprika-150-g	https://fladis.azureedge.net/erp/fa585c29-4c5e-4edb-8705-c2cd9958707c.png	in_stock	2.39 EUR	Croky	5414359962646	yes	new
5166	Skittles Giants Gooey - 125 g	Les Skittles Giants Gooey Vegan Chewy sont des bonbons gélifiés au goût fruité, conçus pour offrir une expérience encore plus intense grâce à leur taille généreuse. Ces Skittles sont sans produits d'origine animale, ce qui les rend adaptés aux végétaliens. Leur texture est tendre et légèrement collante, offrant une sensation de mâcher agréable. Chaque bonbon est rempli de saveurs fruitées éclatantes, allant des fruits tropicaux aux agrumes, pour une explosion de goût à chaque bouchée.	https://www.mesbonbons.net/fr/shop/skittles-giants-gooey-125-g	https://fladis.azureedge.net/erp/a0c7e302-92c0-4c3f-b60e-20d2de34e5fd.png	in_stock	3.49 EUR	Skittles	4009900550321	yes	new
5170	Snickers Wafer Roll - 24 g	Les Snickers Wafer Rolls sont des rouleaux de gaufre croustillants garnis de caramel crémeux, de chocolat fondant et de cacahuètes croquantes, offrant un goût délicieux et une texture à la fois croquante et fondante.	https://www.mesbonbons.net/fr/shop/snickers-wafer-roll-225-g	https://fladis.azureedge.net/erp/8f4afd98-9d3f-4f61-8167-00b277d7324c.png	in_stock	1.79 EUR	Snickers	6221134010619	yes	new
5175	Crack-Ups Super Sour Popping Candy - 120 g	Les Crack-Ups Super Sour Popping Candy 120 g sont des bonbons pétillants ultra-acides qui explosent en bouche. Avec une saveur intense et un effet pétillant, ces bonbons offrent une expérience gourmande et amusante, parfaite pour ceux qui aiment les sensations fortes et les goûts acidulés.	https://www.mesbonbons.net/fr/shop/crack-ups-super-sour-popping-candy-120-g	https://fladis.azureedge.net/erp/d55b9be2-777c-4d2e-82ec-af834fda606f.png	in_stock	3.99 EUR	Candy Pack Belgium	5413128353791	yes	new
5177	Dr. Sour Slimy Mega Sour - 50 g	Les Dr Sour Slimy sont en fait un gel de bonbon liquide vert, au goût de pomme acidulée. Ce bonbon offre une expérience gustative intense avec sa texture fluide et son goût très acide, parfait pour les amateurs de sensations fortes et de saveurs fruitées.	https://www.mesbonbons.net/fr/shop/dr.-sour-slimy-mega-sour-50-g	https://fladis.azureedge.net/erp/19f1f3ae-081b-48ba-b345-043d6b30afb9.png	in_stock	1.49 EUR	Dr. Sour	8721042680099	yes	new
5180	Sour Patch Kids Fraise - 102 g	Les Sour Patch Fraise 102 g sont des bonbons gélifiés en forme de petits personnages, avec une saveur de fraise sucrée et une touche acidulée. Leur enrobage acide donne un contraste délicieux avant de laisser place à une saveur fruitée et douce, offrant une expérience gourmande et sucrée.	https://www.mesbonbons.net/fr/shop/sour-patch-kids-fraise-102-g	https://fladis.azureedge.net/erp/36875a5a-745b-4944-92ef-ec04587f04ec.png	out_of_stock	1.50 EUR	Sour Patch Kids	070462008876	yes	new
5182	Sour Patch Kids Pêche - 101 g	Les Sour Patch Kids Peach 101 g sont des bonbons gélifiés en forme de petits personnages, au goût de pêche sucrée et légèrement acidulée. Leur enrobage acide surprend d'abord, avant de laisser place à une saveur fruitée et douce, pour une expérience savoureuse et addictive.	https://www.mesbonbons.net/fr/shop/sour-patch-kids-peche-101-g	https://fladis.azureedge.net/erp/32e4295b-3508-4e86-b564-02237c3dfe50.png	in_stock	1.50 EUR	Sour Patch Kids	070462009217	yes	new
5184	MilkyWay - 43 g	Redécouvrez le célèbre chocolat MilkyWay : une délicieuse barre chocolatée délicatement fourrée d'une légère mousse.	https://www.mesbonbons.net/fr/shop/milkyway-43-g	https://fladis.azureedge.net/erp/366b92ee-49ea-4b13-984d-f2bd2851ae93.jpg	in_stock	1.00 EUR	MilkyWay	5000159550512	yes	new
5187	Milka Leo GO! - 48 g x 32 Pieces	La boîte Milka Leo Go Gaufrettes contient des barres de gaufrettes légères et croustillantes, recouvertes de chocolat au lait Milka. Chaque barre offre un délicieux mélange de texture croquante et de douceur chocolatée, parfait pour une pause gourmande et pratique à emporter partout.	https://www.mesbonbons.net/fr/shop/milka-leo-go-48-g-x-32-pieces	https://fladis.azureedge.net/erp/edb3db70-5fc0-48ab-b6fc-ea7bd7e78648.png	in_stock	37.49 EUR	Milka	7622200000388	yes	new
5188	Milka Leo GO! - 48 g	Le Milka Leo Go Gaufrettes contient des barres de gaufrettes légères et croustillantes, recouvertes de chocolat au lait Milka. Chaque barre offre un délicieux mélange de texture croquante et de douceur chocolatée, parfait pour une pause gourmande et pratique à emporter partout.	https://www.mesbonbons.net/fr/shop/milka-leo-go-48-g	https://fladis.azureedge.net/erp/10e4f4fb-830b-49c7-bf43-ed9643bff16e.png	in_stock	1.50 EUR	Milka	7622400016769	yes	new
5191	Maltesers Teasers 35 g x 24 pièces	Maltesers Teasers est une tablette de chocolat au lait composée de morceaux de maltesers fondants. Elle combine la douceur du chocolat au lait avec l'intérieur aéré et croquant des Maltesers, créant une texture légère et savoureuse. C'est une gourmandise parfaite pour les amateurs de chocolat et de sensations croquantes.	https://www.mesbonbons.net/fr/shop/maltesers-teasers-35-g-x-24-pieces	https://fladis.azureedge.net/erp/38e726cc-06ae-4fc1-a8bd-c41dbe298c4d.png	in_stock	21.99 EUR	Malteser	5000159462136	yes	new
5193	Maltesers Teasers 35 g	Maltesers Teasers est une tablette de chocolat au lait composée de morceaux de maltesers fondants. Elle combine la douceur du chocolat au lait avec l'intérieur aéré et croquant des Maltesers, créant une texture légère et savoureuse. C'est une gourmandise parfaite pour les amateurs de chocolat et de sensations croquantes.	https://www.mesbonbons.net/fr/shop/maltesers-teasers-35-g	https://fladis.azureedge.net/erp/38e726cc-06ae-4fc1-a8bd-c41dbe298c4d.png	in_stock	1.00 EUR	Malteser	5000159462129	yes	new
5198	Fanta Orange Sanguine - 330 ml	Fanta Orange Sanguine est une boisson pétillante à base de l'orange sanguine, offrant une saveur fruitée, légèrement acidulée et bien sucrée. Avec sa couleur vibrante et son goût rafraîchissant, cette version de Fanta apporte une touche originale et intense à la célèbre boisson orange, idéale pour se désaltérer de manière gourmande.	https://www.mesbonbons.net/fr/shop/fanta-orange-sanguine-330-ml	https://fladis.azureedge.net/erp/34786068-38fd-40f8-9ccb-418a50fceea8.png	out_of_stock	2.50 EUR	Fanta	5449000256751	yes	new
5205	Freez Mix Mojito Fraise - 275 ml	Freez Mix Mojito Fraise est une boisson rafraîchissante qui allie la saveur douce et fruitée de la fraise à la fraîcheur d’un mojito. Avec une touche de menthe et de citron, elle offre un goût sucré et légèrement acidulé, parfait pour se désaltérer tout en savourant une saveur estivale.	https://www.mesbonbons.net/fr/shop/freez-mix-mojito-fraise-275-ml	https://fladis.azureedge.net/erp/20048fe4-0be4-44f2-b207-e20065fa1385.png	in_stock	2.00 EUR	Freez Mix	5283036400081	yes	new
5206	Lipton Ice Tea Framboise - 330 ml	Lipton Ice Tea Framboise est une boisson rafraîchissante qui combine le thé glacé avec une délicieuse saveur de framboise. Elle offre un goût légèrement sucré et fruité, parfait pour se désaltérer tout en profitant d'une touche d'acidité de la framboise. Idéale pour les moments de fraîcheur.	https://www.mesbonbons.net/fr/shop/lipton-ice-tea-framboise-330-ml	https://fladis.azureedge.net/erp/f90bec40-5b41-42a8-aef2-c43eb572a593.png	in_stock	2.00 EUR	Lipton	3168930159988	yes	new
5207	Lipton Ice Tea Pastèque Menthe - 330 ml	Lipton Ice Tea Pastèque Menthe est une boisson rafraîchissante qui associe la douceur de la pastèque à la fraîcheur de la menthe. Avec une saveur fruitée et légèrement sucrée, elle offre une expérience de détente idéale pour les journées chaudes, parfaite pour se désaltérer tout en savourant une touche de fraîcheur.	https://www.mesbonbons.net/fr/shop/lipton-ice-tea-pasteque-menthe-330-ml	https://fladis.azureedge.net/erp/9073c2be-9bd3-4217-856f-76d093449d31.png	in_stock	2.00 EUR	Lipton	3168930162711	yes	new
5209	Mini Oreo - 115 g	Les Mini Oreo 115 g sont des petites bouchées de biscuits au chocolat fourrées d'une délicieuse crème vanillée. Pratiques et irrésistibles, elles sont parfaites pour une pause gourmande. Leur taille mini permet de les déguster facilement, à tout moment de la journée.	https://www.mesbonbons.net/fr/shop/mini-oreo-115-g	https://fladis.azureedge.net/erp/777cb725-b7db-4c57-94e0-dacd9e402218.png	in_stock	2.99 EUR	Oreo	5000396020687	yes	new
5211	Bergen Rings Coconut Caramel - 128 g	Les Bergen Rings Coconut Caramel Biscuit sont des biscuits délicieux en forme d'anneau, combinant la douceur du caramel et la saveur exotique de la noix de coco. Leur texture croquante et leur goût sucré en font une collation parfaite pour les amateurs de saveurs gourmandes et riches. Idéals pour une pause sucrée et savoureuse !	https://www.mesbonbons.net/fr/shop/bergen-rings-coconut-caramel-128-g	https://fladis.azureedge.net/erp/4b006de5-35be-406e-baa3-4cbd08c95107.png	in_stock	1.79 EUR	Bergen	5902379372823	yes	new
5212	Bergen Rings Peanut Caramel - 128 g	Les Bergen Rings Peanut Caramel Biscuit sont des biscuits en forme d'anneau, alliant le croquant des cacahuètes à la douceur du caramel. Leur texture à la fois tendre et croquante, ainsi que leur saveur sucrée et salée, en font une délicieuse collation idéale pour les amateurs de saveurs gourmandes et équilibrées.	https://www.mesbonbons.net/fr/shop/bergen-rings-peanut-caramel-128-g	https://fladis.azureedge.net/erp/95a21156-601e-4c46-8528-1e8cca159ba5.png	in_stock	1.79 EUR	Bergen	5902379620627	yes	new
5213	Bergen Baileys Biscuit Chocolat Au Lait - 128 g	Les Bergen Baileys Creams Milk Chocolate Biscuit sont des biscuits délicieux garnis d'une crème onctueuse au goût Baileys, le tout enrobé de chocolat au lait fondant. Leur texture douce et crémeuse, associée à la richesse du chocolat, offre une expérience gourmande parfaite pour les amateurs de saveurs raffinées et chocolatées.	https://www.mesbonbons.net/fr/shop/bergen-baileys-biscuit-chocolat-au-lait-128-g	https://fladis.azureedge.net/erp/3d8b8b41-5a0f-48e5-852b-73f746ddd070.png	in_stock	1.99 EUR	Bergen	5060250346759	yes	new
5219	Felko Mega Gummies American Hamburger  - 120 g	Les Méga Gummies American Hamburger sont des bonbons en forme de hamburger, avec des couches de gélatine représentant le pain, le fromage, la viande et la laitue. Chaque couche a une saveur fruitée différente, comme fraise, orange ou citron. Ces bonbons sont mous, gourmands et visuellement amusants, parfaits pour une expérience sucrée originale.	https://www.mesbonbons.net/fr/shop/felko-mega-gummies-american-hamburger-120-g	https://fladis.azureedge.net/erp/e3339734-4ccf-40ba-b782-5228628b9565.png	in_stock	3.49 EUR	Felko Holland	8721042682321	yes	new
5228	Oreo Crunchies Enrobé Chocolat au lait - 110 g	De délicieuses bouchées croustillantes enrobées de chocolat au lait, parfaites pour une pause gourmande !	https://www.mesbonbons.net/fr/shop/oreo-crunchies-enrobe-chocolat-au-lait-110-g	https://fladis.azureedge.net/erp/bd03f1ea-4cb1-4fe1-b079-f56be0ab9a37.png	in_stock	3.49 EUR	Oreo	7622201125660	yes	new
5234	Pringles Crevette Cocktail - 165 g	Les Pringles Prawn Cocktail 165 g sont des chips au goût savoureux de cocktail de crevettes. Leur saveur unique allie une légère touche de fruits de mer et d'épices, offrant une expérience gustative délicieusement originale. Présentées dans une boîte pratique, ces chips sont idéales pour les moments de détente ou les apéritifs.	https://www.mesbonbons.net/fr/shop/pringles-crevette-cocktail-165-g	https://fladis.azureedge.net/erp/30006480-3aac-465e-b2d5-42bd4cd29788.png	out_of_stock	4.49 EUR	Pringles	5053990158034	yes	new
5239	Assortiment De Confiseries A Partager - 400 g	L'Assortiment de Confiseries à Partager est une sélection variée de douceurs sucrées, parfaite pour les moments conviviaux. Cet assortiment propose une gamme de bonbons et de confiseries aux saveurs fruitées, acidulées et sucrées, idéales pour partager en famille ou entre amis. Pratiques et délicieux, ces produits sont conçus pour apporter plaisir et gourmandise lors de toute occasion.	https://www.mesbonbons.net/fr/shop/assortiment-de-confiseries-a-partager-400-g	https://fladis.azureedge.net/erp/a607dea7-0b39-4e2f-ae56-fa1cf93143e1.png	out_of_stock	3.99 EUR	patrelle	3215470513470	yes	new
5241	M&M's Minis Cookies - 180 g	Les cookies M&M's Mini 180 g sont de délicieux biscuits moelleux, garnis de mini M&M's colorés. Chaque bouchée offre un mélange parfait entre la douceur du chocolat et le croquant des cookies. Idéals pour les pauses gourmandes, ces cookies sont pratiques à emporter et parfaits pour partager avec vos proches. Un snack sucré et irrésistible pour les amateurs de chocolat !	https://www.mesbonbons.net/fr/shop/mms-minis-cookies-180-g	https://fladis.azureedge.net/erp/52852c55-104f-4c1f-8d33-2c8959241c2b.png	in_stock	4.49 EUR	M&M's	5056357914250	yes	new
5243	Mentos Rainbow - 37,5 g x 40 Pièces	Les Mentos Rainbow offrent un assortiment coloré de dragées aux saveurs fruitées variées. Chaque paquet est parfait pour une explosion de fraîcheur et de saveurs à tout moment. Idéal pour partager ou pour une collation sucrée en déplacement.	https://www.mesbonbons.net/fr/shop/mentos-rainbow-375-g-x-40	https://fladis.azureedge.net/erp/dc7e86c5-e5e8-448e-967c-b4a19a455045.png	in_stock	39.99 EUR	Mentos	8723400787198	yes	new
5244	Mentos Mint - 38 g x 40 pièces	Les Mentos Mint sont des dragées rafraîchissantes à la menthe, offrant une sensation de fraîcheur intense à chaque bouchée. Parfaits pour une haleine fraîche et agréable à tout moment. Idéal à partager ou à emporter avec soi.	https://www.mesbonbons.net/fr/shop/mentos-mint-38-g-x-40	https://fladis.azureedge.net/erp/8a28eaa9-afc9-49f9-88d6-fa9300f9fe9c.png	in_stock	39.99 EUR	Mentos	8723400775638	yes	new
5245	Mentos Pomme Verte - 37,5 g x 40 pièces	Mentos Pomme Verte est un bonbon à la fois frais et fruité, offrant une explosion de saveur de pomme verte. Sa texture moelleuse et légèrement croquante à l'extérieur renferme un cœur doux et rafraîchissant. Ce bonbon combine parfaitement la douceur et l'acidité de la pomme verte, pour une expérience gustative agréable et revitalisante.	https://www.mesbonbons.net/fr/shop/mentos-pomme-verte-375-g-x-40-pieces	https://fladis.azureedge.net/erp/fd92fa1b-7fb6-4fe7-bbcc-308d9c971419.png	in_stock	39.99 EUR	Mentos	8710800955609	yes	new
5247	Mentos Discovery 14 Goûts - 37,5 g x 40 pièces	Mentos Discovery 14 Flavours est un assortiment de bonbons Mentos qui propose une expérience gustative unique avec 14 saveurs différentes. Chaque bonbon a une texture moelleuse et légèrement croquante à l'extérieur, et chaque bouchée offre un mélange de saveurs fruitées, mentholées et sucrées. Parfait pour ceux qui aiment varier les plaisirs, ce paquet permet de découvrir une large gamme de goûts, allant des fruits classiques aux combinaisons plus originales. Un vrai voyage de saveurs dans chaque bonbon !	https://www.mesbonbons.net/fr/shop/mentos-discovery-14-gouts-375-g-x-40-pieces	https://fladis.azureedge.net/erp/9814b067-4b9b-45a3-bb9b-d15803b484ed.png	in_stock	39.99 EUR	Mentos	8723400828877	yes	new
5248	Mentos Discovery 14 Goûts - 37,5 g	Mentos Discovery 14 Flavours est un assortiment de bonbons Mentos qui propose une expérience gustative unique avec 14 saveurs différentes. Chaque bonbon a une texture moelleuse et légèrement croquante à l'extérieur, et chaque bouchée offre un mélange de saveurs fruitées, mentholées et sucrées. Parfait pour ceux qui aiment varier les plaisirs, ce paquet permet de découvrir une large gamme de goûts, allant des fruits classiques aux combinaisons plus originales. Un vrai voyage de saveurs dans chaque bonbon !	https://www.mesbonbons.net/fr/shop/copy-mentos-discovery-14-gouts-375-g-x-40-pieces	https://fladis.azureedge.net/erp/9814b067-4b9b-45a3-bb9b-d15803b484ed.png	in_stock	1.25 EUR	Mentos	87368239	yes	new
5267	Ricola Eucalyptus- 50 g	Les Ricola Eucalyptus sont des bonbons suisses à base de plantes, spécialement formulés pour apaiser la gorge. Leur saveur rafraîchissante d'eucalyptus, associée à un mélange d'herbes naturelles, offre un soulagement agréable et efficace en cas de maux de gorge ou de toux. Ces bonbons sont également appréciés pour leur goût délicat et leur action douce mais efficace. Un choix idéal pour ceux qui cherchent un remède naturel et agréable pour leur bien-être.	https://www.mesbonbons.net/fr/shop/ricola-eucalyptus-50-g	https://fladis.azureedge.net/erp/61e0b54d-c344-4e46-8ee4-b0c6d3338516.png	in_stock	2.49 EUR	Ricola	7610700949085	yes	new
5268	Ricola Mountain Mint - 50 g	Les Ricola Mountain Mint sont des bonbons suisses au goût frais et rafraîchissant de menthe des montagnes. Composés d’un mélange d'herbes naturelles et de menthe, ils apportent une sensation de fraîcheur instantanée tout en apaisant la gorge. Ces bonbons offrent une douceur agréable et sont parfaits pour soulager les maux de gorge tout en procurant une sensation de bien-être. Un choix idéal pour ceux qui cherchent un rafraîchissement naturel et efficace.	https://www.mesbonbons.net/fr/shop/ricola-mountain-mint-50-g	https://fladis.azureedge.net/erp/add3eed0-17fd-4790-89aa-9cc3a42007b2.png	in_stock	2.49 EUR	Ricola	7610700626603	yes	new
5270	Dr. Sour Freeze Balls - 75 g	Les Freeze Balls sont des bonbons surs à la menthe, offrant un goût rafraîchissant et intense. Ces petites boules apportent une sensation de fraîcheur immédiate avec leur saveur mentholée et leur effet glacé. Idéales pour ceux qui aiment les bonbons à la fois sucrés et légèrement acides, elles sont parfaites pour une pause rafraîchissante.	https://www.mesbonbons.net/fr/shop/dr.-sour-freeze-balls-75-g	https://fladis.azureedge.net/erp/ecc2657b-989b-45a2-a1bb-203ab364c331.png	in_stock	2.49 EUR	Dr. Sour	8721042682246	yes	new
5271	Barre Chocolat Milka Oreo - 37 g	La barre chocolat Milka Oreo combine le délicieux chocolat au lait Milka avec des morceaux de biscuits Oreo croquants. Ce mélange crée une texture tendre et fondante, avec une touche de croquant, offrant une expérience sucrée et gourmande. Idéale pour les amateurs de chocolat et d'Oreo, cette barre est parfaite pour une petite pause sucrée.	https://www.mesbonbons.net/fr/shop/barre-chocolat-milka-oreo-37-g	https://fladis.azureedge.net/erp/46cf37ee-5d2d-4e19-800d-b357f87d4de2.png	out_of_stock	1.25 EUR	Milka	7622210717061	yes	new
5282	Dr. Fire Blast Balls - 75 g	Les Dr Fire Blast Balls sont des bonbons explosifs au goût intense et piquant. Ils sont connus pour leur saveur fruitée accompagnée d'une sensation de chaleur progressive qui surprend et excite les papilles. Ces petites boules de bonbons sont parfaites pour les amateurs de sensations fortes, alliant douceur et piquant pour un véritable défi gustatif.	https://www.mesbonbons.net/fr/shop/dr.-fire-blast-balls-75-g	https://fladis.azureedge.net/erp/f2cec536-ec53-43b4-9b13-cc54f078a1d5.png	in_stock	2.49 EUR	Dr. Fire	8721042682277	yes	new
5295	Quick Milk Caramel 5 x 6 g - 30 g	Quick Milk Caramel est une paille innovante remplie de billes de caramel qui infusent votre boisson de leur délicieux goût sucré dès que vous buvez. Il suffit de plonger la paille dans votre boisson, et les billes libèrent progressivement une saveur de caramel, transformant instantanément votre boisson en un délice sucré et gourmand. C'est une manière fun et pratique d'ajouter du goût à vos boissons !	https://www.mesbonbons.net/fr/shop/quick-milk-caramel-5-x-6-g-30-g	https://fladis.azureedge.net/erp/5b61d999-1b1d-4cd2-9b9b-2d4d2086a753.png	in_stock	1.50 EUR	Quick Milk	5996071659900	yes	new
5301	Doritos Salsa Epicée Sauce - 280 g	Avec sa texture onctueuse, la Sauce Doritos Salsa Épicée offre un équilibre parfait entre la fraîcheur de la tomate et le piquant des épices soigneusement sélectionnées. Sa saveur relevée et son côté légèrement acidulé la rendent irrésistible.	https://www.mesbonbons.net/fr/shop/doritos-salsa-epicee-sauce-280-g	https://fladis.azureedge.net/erp/d47046ff-22f1-4a09-8dc6-856a23dc32e9.png	in_stock	4.99 EUR	Doritos	3168930166047	yes	new
5303	Pringles Street Taco - 156 g	Les Pringles Street Taco offrent un goût inspiré des tacos de rue, avec des saveurs épicées et savoureuses. Chaque bouchée combine des notes de viande grillée, de salsa, de fromage et d'épices, le tout enveloppé dans la texture croustillante et légère des chips Pringles, pour une expérience gustative savoureuse et pleine de caractère.	https://www.mesbonbons.net/fr/shop/pringles-street-taco-156-g	https://fladis.azureedge.net/erp/5e000584-6406-4ff8-b1d3-e94127e8c149.png	out_of_stock	4.49 EUR	Pringles	064100150607	yes	new
5304	Brets Cèpes - 125 g	Les chips Bret's Cèpes allient croustillance et saveur boisée des cèpes pour une expérience gourmande et authentique. Idéales pour l'apéritif !	https://www.mesbonbons.net/fr/shop/brets-cepes-125-g	https://fladis.azureedge.net/erp/be99688e-444f-43f0-a7ee-25028d601b28.png	in_stock	2.69 EUR	Bret's	3497917002949	yes	new
5310	The Belgian Praline Café Latte - 200 g	La praline belge Café Latte est un délicieux chocolat fourré d'une ganache crémeuse au café, avec une touche douce de lait. Enveloppée de chocolat belge de qualité, elle offre un équilibre parfait entre le goût riche du café et la douceur du chocolat, idéale pour les amateurs de café et de chocolat.	https://www.mesbonbons.net/fr/shop/the-belgian-praline-cafe-latte-200-g	https://fladis.azureedge.net/erp/4ab3a117-7db7-423b-ad4e-27ae3769f682.png	in_stock	5.99 EUR	The Belgian	5413121353408	yes	new
5314	Balisto Céréales - 2 x 18,5 g	La Balisto Céréales est une barre chocolatée qui combine le croquant des céréales avec le fondant du chocolat au lait. Son cœur de céréales, léger et savoureux, offre une texture agréable, tandis que l'enrobage en chocolat apporte une touche gourmande. Idéale pour une pause sucrée, cette barre est à la fois nourrissante et délicieuse, parfaite pour satisfaire une petite faim tout en apportant du plaisir.	https://www.mesbonbons.net/fr/shop/balisto-cereales-2-x-185-g	https://fladis.azureedge.net/erp/2510d889-7bad-4bfc-829b-88d3ed751243.png	in_stock	1.00 EUR	BALISTO	5000159418577	yes	new
5315	Balisto Céréales - 20 x 37 g	Le Balisto Céréales est une barre chocolatée qui combine le croquant des céréales avec le fondant du chocolat au lait. Son cœur de céréales, léger et savoureux, offre une texture agréable, tandis que l'enrobage en chocolat apporte une touche gourmande. Idéale pour une pause sucrée, cette barre est à la fois nourrissante et délicieuse, parfaite pour satisfaire une petite faim tout en apportant du plaisir.	https://www.mesbonbons.net/fr/shop/balisto-cereales-20-x-37-g	https://fladis.azureedge.net/erp/2510d889-7bad-4bfc-829b-88d3ed751243.png	in_stock	17.99 EUR	BALISTO	5000159418584	yes	new
5316	Rolo - 36 x 52 g	Le Rolo est une gourmandise chocolatée composée de bouchées de caramel fondant enrobées de chocolat au lait. Ces petits bonbons sont parfaits pour une pause sucrée ou à partager.	https://www.mesbonbons.net/fr/shop/rolo-36-x-52-g	https://fladis.azureedge.net/erp/b5b7b0f6-1bcf-48b0-b2ff-825fe6ac0d42.png	in_stock	42.49 EUR	Rolo	5000189203686	yes	new
5318	Toffifee - 125 g	Toffifee est une délicieuse confiserie composée d'une noix entière (généralement une noisette) enveloppée dans un caramel fondant, le tout recouvert d'une couche de chocolat au lait et d'un cœur crémeux à la noisette. Chaque bouchée offre une combinaison parfaite de saveurs sucrées et d'une texture à la fois croquante et fondante, faisant de Toffifee une gourmandise irrésistible, idéale pour les amateurs de noisettes et de chocolat.	https://www.mesbonbons.net/fr/shop/toffifee-125-g	https://fladis.azureedge.net/erp/4f08a41c-155d-4028-9d00-3b3b92bf3a55.png	in_stock	3.49 EUR	Toffifee	4014400400007	yes	new
5321	Coca Cola Citron Zéro - 330 ml	Le Coca-Cola Lemon Zéro est une version rafraîchissante du Coca-Cola classique, associant son goût emblématique à une touche acidulée de citron, le tout sans sucre.	https://www.mesbonbons.net/fr/shop/coca-cola-citron-zero-330-ml	https://fladis.azureedge.net/erp/dfe14e5e-fbde-44d0-b61d-abf5b646cd0d.png	in_stock	2.00 EUR	Coca-Cola	5449000227041	yes	new
5322	Fuze Tea Black Tea Peach Hibiscus - 330 ml	Fuze Tea Black Tea Pêche Hibiscus est une boisson rafraîchissante qui allie l’intensité du thé noir à la douceur de la pêche et à la légère note florale de l’hibiscus. Avec son goût délicatement fruité et équilibré, elle offre une pause désaltérante et savoureuse, parfaite pour tous les moments de la journée.	https://www.mesbonbons.net/fr/shop/fuze-tea-black-tea-peach-hibiscus-330-ml	https://fladis.azureedge.net/erp/3b7cba23-5bf0-42e2-96d2-e38aa39792d2.png	in_stock	2.00 EUR	Coca-Cola	5449000236890	yes	new
5323	Fuze Tea Green Tea Mango Chamomile - 330 ml	Fuze Tea Green Tea Mangue Camomille est une boisson rafraîchissante qui marie la fraîcheur du thé vert à la douceur de la mangue et à la note apaisante de la camomille. Avec son goût délicatement fruité et équilibré, elle offre une pause légère et savoureuse, idéale pour se détendre tout au long de la journée.	https://www.mesbonbons.net/fr/shop/fuze-tea-green-tea-mango-chamomile-330-ml	https://fladis.azureedge.net/erp/bb32fdfe-4f5d-493f-a42d-17214f3aa576.png	in_stock	2.00 EUR	Coca-Cola	5449000236258	yes	new
5324	Lutti Mega Bubble Tutti - 85 g	Les Lutti Mega Bubble Tutti sont des chewing-gums géants au goût fruité de tutti frutti, offrant une saveur intense et sucrée. Leur texture élastique permet de créer de grosses bulles, parfaites pour les amateurs de chewing-gums et de bulles XXL. En plus du chewing-gum, chaque paquet contient également un tatouage temporaire, ajoutant une touche ludique et amusante à l’expérience. Idéal pour les enfants (et les adultes !) qui aiment les sucreries et les petites surprises.	https://www.mesbonbons.net/fr/shop/lutti-mega-bubble-tutti-85-g	https://fladis.azureedge.net/erp/ac60eac8-3d55-40b4-a060-c88a4c6fe8c4.png	in_stock	2.49 EUR	Lutti	3664346347655	yes	new
5325	Fuze Tea Lemon Black Tea Pétillant - 330 ml	Fuze Tea Pétillant Thé Noir Citron est une boisson rafraîchissante qui combine l’intensité du thé noir à la fraîcheur du citron, avec une touche pétillante qui réveille les sens. Avec son goût acidulé et vivifiant, elle offre une pause rafraîchissante et pétillante, idéale pour dynamiser vos journées.	https://www.mesbonbons.net/fr/shop/fuze-tea-lemon-black-tea-petillant-330-ml	https://fladis.azureedge.net/erp/ca23e800-faa5-48f4-a32f-9661291dea4b.png	in_stock	2.00 EUR	Coca-Cola	5449000297549	yes	new
5326	Lutti Mega Bubble Bubblizz - 85 g	Le Lutti Mega Bubble Bubblizz est un chewing-gum super fun qui te permet de faire des bulles géantes tout en te régalant ! En plus de son goût délicieux, chaque paquet cache un petit bonus : un tatouage temporaire à collectionner. Parfait pour les gourmands qui aiment un peu de fun en plus avec leurs bonbons !	https://www.mesbonbons.net/fr/shop/lutti-mega-bubble-bubblizz-85-g	https://fladis.azureedge.net/erp/56802d1e-d5e5-4bc8-a5d6-4a0f07d85937.png	in_stock	2.49 EUR	Lutti	3664346347662	yes	new
5327	Lutti Peach'Fizz - 80 g	Les Lutti Peach'Fizz sont de délicieux bonbons gélifiés à la pêche, recouverts d'une fine couche acidulée pour un équilibre parfait entre douceur et pétillance. Leur texture tendre et leur goût fruité en font une gourmandise irrésistible pour les amateurs de sensations sucrées et acidulées.	https://www.mesbonbons.net/fr/shop/lutti-peachfizz-80-g	https://fladis.azureedge.net/erp/5f9b6989-abe3-43c3-9e5f-32dbaafc15a5.png	in_stock	1.50 EUR	Lutti	5400787050277	yes	new
5333	Nutella & Go - 52 g	Nutella & Go est une petite boîte pratique qui combine le meilleur des deux mondes : du Nutella crémeux à tremper avec des bâtonnets de pain croustillants. C'est le snack parfait pour un moment de plaisir gourmand, à emporter partout avec toi. Prêt à déguster, il t'offre une expérience sucrée et savoureuse en toute simplicité !	https://www.mesbonbons.net/fr/shop/nutella-go-52-g	https://fladis.azureedge.net/erp/8b1bb200-a75a-40c1-bc1f-28c09d1a3e8b.png	in_stock	1.79 EUR	Nutella	80050100	yes	new
5334	Kizandy Raspberry Sours Sans Sucre - 35 g	Présentés dans une élégante boîte métallique, les bonbons Kizandy sont faciles et pratiques à transporter dans votre sac ou votre poche. Cette version sans sucre à la saveur de framboise offre un goût divin avec une touche acidulée. Essayez-les, vous allez les adorer !	https://www.mesbonbons.net/fr/shop/kizandy-raspberry-sours-sans-sucre-35-g	https://fladis.azureedge.net/erp/355254d1-75c1-4e4f-9cd7-8ee6d67a3d4a.png	in_stock	3.99 EUR	Kizandy	856015003990	yes	new
5335	Nutella B-ready - 44 g	Nutella B-ready est un snack irrésistible qui associe la douceur du Nutella à un délicieux biscuit croustillant. À l'intérieur, tu retrouves une fine couche de pâte à tartiner Nutella, le tout enveloppé dans une coque biscuitée légère. Parfait pour une pause gourmande, ce petit délice est à emporter partout pour satisfaire ta faim de manière sucrée et croquante !	https://www.mesbonbons.net/fr/shop/nutella-b-ready-44-g	https://fladis.azureedge.net/erp/969ccfb0-72b4-438a-a0ba-adbafe678312.png	in_stock	1.49 EUR	Nutella	8000500264850	yes	new
5336	Kizandy Pomegranate Sours Sans Sucre - 35 g	Présentés dans une élégante boîte métallique, les bonbons Kizandy sont faciles et pratiques à transporter dans votre sac ou votre poche. Cette version sans sucre à la saveur de grenade offre un goût divin avec une touche acidulée. Essayez-les, vous allez les adorer !	https://www.mesbonbons.net/fr/shop/kizandy-pomegranate-sours-sans-sucre-35-g	https://fladis.azureedge.net/erp/b493fdae-0724-40bf-88e4-176751e8c85b.png	in_stock	3.99 EUR	Kizandy	856015004072	yes	new
5337	Kizandy Lemon Sours Sans Sucre - 35 g	Présentés dans une élégante boîte métallique, les bonbons Kizandy sont faciles et pratiques à transporter dans votre sac ou votre poche. Cette version sans sucre à la saveur de citron offre un goût divin avec une touche acidulée. Essayez-les, vous allez les adorer !	https://www.mesbonbons.net/fr/shop/kizandy-lemon-sours-sans-sucre-35-g	https://fladis.azureedge.net/erp/b91a47f3-d18e-41c5-bbf9-81bd62b86b70.png	in_stock	3.99 EUR	Kizandy	856015003884	yes	new
5338	Kizandy Green Apple Sours Sans Sucre - 35 g	Présentés dans une élégante boîte métallique, les bonbons Kizandy sont faciles et pratiques à transporter dans votre sac ou votre poche. Cette version sans sucre à la saveur de pomme verte offre un goût divin avec une touche acidulée. Essayez-les, vous allez les adorer !	https://www.mesbonbons.net/fr/shop/kizandy-green-apple-sours-sans-sucre-35-g	https://fladis.azureedge.net/erp/b8e84a10-91a4-4929-afbc-bccdc410557b.png	in_stock	3.99 EUR	Kizandy	856015005109	yes	new
5340	Kizandy Peach Sours Sans Sucre - 35 g	Présentés dans une élégante boîte métallique, les bonbons Kizandy sont faciles et pratiques à transporter dans votre sac ou votre poche. Cette version sans sucre à la saveur de pêche offre un goût divin avec une touche acidulée. Essayez-les, vous allez les adorer !	https://www.mesbonbons.net/fr/shop/kizandy-peach-sours-sans-sucre-35-g	https://fladis.azureedge.net/erp/8a375331-ee78-4713-adf1-2b96ffe34740.png	in_stock	3.99 EUR	Kizandy	856015004508	yes	new
5342	Carlier Nougat Pistache - 100 g	Découvrez le délicieux nougat aux pistaches de Carlier, une confiserie artisanale qui allie la douceur du miel avec le croquant des pistaches. Parfait pour les amateurs de fruits à coque, ce nougat offre une expérience gourmande et raffinée à chaque bouchée.	https://www.mesbonbons.net/fr/shop/carlier-nougat-pistache-100-g	https://fladis.azureedge.net/erp/b33f2c71-a77a-41ea-8a09-5744a4ea0228.png	out_of_stock	2.99 EUR	Carlier	5410481012525	yes	new
5349	KitKat - 41,5 g	Kit Kat est une barre chocolatée composée de couches de gaufre croustillante, enrobées de chocolat au lait fondant. Simple et délicieuse, elle offre un parfait équilibre entre croquant et douceur, idéale pour une pause gourmande.	https://www.mesbonbons.net/fr/shop/kitkat-415-g	https://fladis.azureedge.net/erp/a2b3f6d0-680a-4f58-9c23-44d5b5f3dd56.png	in_stock	1.50 EUR	KitKat	40052397	yes	new
5350	KitKat - 36 x 41,5 g	Kit Kat est une barre chocolatée composée de couches de gaufre croustillante, enrobées de chocolat au lait fondant. Simple et délicieuse, elle offre un parfait équilibre entre croquant et douceur, idéale pour une pause gourmande.	https://www.mesbonbons.net/fr/shop/kitkat-36-x-415-g	https://fladis.azureedge.net/erp/58833cf0-b6e8-4f98-9969-0e95765533ba.png	in_stock	31.99 EUR	KitKat	7613035356023	yes	new
5351	Haribo Chamallows Speckies - 175 g	Les Haribo Chamallow Speckies sont en effet des marshmallows rectangulaires, moitié roses et moitié blancs. Ils sont moelleux et légers, offrant une texture douce et aérienne. Ces chamallows sont sucrés et idéaux pour être dégustés tels quels, ou pour être utilisés dans des recettes comme les brochettes de marshmallows ou les desserts.	https://www.mesbonbons.net/fr/shop/haribo-chamallows-speckies-175-g	https://fladis.azureedge.net/erp/965e1ad1-566e-44af-884c-d81c46587309.png	in_stock	2.99 EUR	Haribo	5410358452027	yes	new
5352	Dr. Sour Cubes - 90 g	Les Dr. Sour Cubes sont des bonbons en forme de cubes, avec un enrobage acide et un intérieur sucré et moelleux. Ils sont souvent disponibles dans différentes saveurs fruitées, comme cerise, pomme ou citron, et sont appréciés par les amateurs de bonbons acides.	https://www.mesbonbons.net/fr/shop/dr.-sour-cubes-90-g	https://fladis.azureedge.net/erp/b8029570-88e5-493b-991e-50649784161d.png	in_stock	2.49 EUR	Dr. Sour	8721042680556	yes	new
5354	Dr. Fire Chili Peppers Gummies - 80 g	Les Dr. Fire Chili Peppers Gummies sont des bonbons gélifiés au goût épicé. Ils combinent le piquant du piment chili avec une douceur fruitée, offrant une expérience gustative unique. Ces bonbons sont parfaits pour ceux qui aiment les saveurs audacieuses, avec un équilibre entre chaleur épicée et douceur sucrée. Ils sont souvent présentés sous forme de petites gommes en forme de piments.	https://www.mesbonbons.net/fr/shop/dr.-fire-chili-peppers-gummies-80-g	https://fladis.azureedge.net/erp/982b4857-8082-42cf-acf2-0fcc5cd3083d.png	in_stock	2.49 EUR	Dr. Sour	8721042682109	yes	new
5355	Dr. Sour Dip'N Pop - 20 g	Les Dr. Sour Dip'n Pop sont des bonbons en poudre acide accompagnés d'un bâtonnet comestible. Le principe est simple : on trempe le bâtonnet dans la poudre acide pour ensuite le sucer. Cette expérience offre un mélange de saveurs très acidulées, souvent suivies d'une touche sucrée. Ces bonbons sont populaires chez les amateurs de sensations fortes grâce à leur goût très piquant et leur aspect interactif.	https://www.mesbonbons.net/fr/shop/dr.-sour-dipn-pop-20-g	https://fladis.azureedge.net/erp/0e4117f5-7ece-4ac7-a48c-85fa0ec33b4a.png	in_stock	0.60 EUR	Dr. Sour	8721042682956	yes	new
5357	Pringles Cheesy Cheese - 165 g	Les Pringles Cheesy Cheese sont des chips au goût intense de fromage. Elles offrent une saveur riche et crémeuse de fromage, avec une texture légère et croustillante grâce à leur forme unique en tranche. Ces chips sont parfaites pour les amateurs de fromage, avec une combinaison savoureuse de croquant et de fromage qui fond en bouche.	https://www.mesbonbons.net/fr/shop/pringles-cheesy-cheese-165-g	https://fladis.azureedge.net/erp/01fd6767-53e9-4778-ba83-ea40395bd978.png	in_stock	3.49 EUR	Pringles	5053990106981	yes	new
5368	Non Stop Mini Cookie Double Chocolat - 65 g	Savourez des mini cookies au double chocolat. Parfaits pour une pause gourmande, ces biscuits riches et fondants allient pépites de chocolat et pâte chocolatée pour un plaisir intense.	https://www.mesbonbons.net/fr/shop/non-stop-mini-cookie-double-chocolat-65-g	https://fladis.azureedge.net/erp/7809cf9f-3cb5-43aa-a945-e50632cbd084.png	out_of_stock	1.50 EUR	NON STOP	8710501002145	yes	new
5387	Les Anis de Flavigny Rose Recharge - 250 g	Les Anis de Flavigny au parfum de rose sont de délicieuses perles d'anis enrobées de sucre, offrant une expérience gustative subtile et raffinée. Parfaites pour ceux qui apprécient les saveurs florales et sucrées, ces perles sont présentées dans une boîte de 50 g, idéale pour une petite douceur à savourer à tout moment de la journée.	https://www.mesbonbons.net/fr/shop/les-anis-de-flavigny-rose-recharge-250-g	https://fladis.azureedge.net/erp/ea2dbfd5-bf9d-462f-a153-d06db0217830.png	out_of_stock	7.99 EUR	Les Anis de Flavigny	3360101800105	yes	new
5388	Les Anis de Flavigny Violette Recharge - 250 g	Les Anis de Flavigny à la violette sont de délicieuses perles d'anis enrobées de sucre, offrant une expérience gustative subtile et florale. Parfaites pour ceux qui apprécient les saveurs délicates et parfumées, ces perles sont présentées dans une boîte de 50 g, idéale pour une petite douceur à savourer à tout moment de la journée.	https://www.mesbonbons.net/fr/shop/les-anis-de-flavigny-violette-recharge-250-g	https://fladis.azureedge.net/erp/0426322b-c0e2-48b0-bf0a-63582d7e2a32.png	out_of_stock	7.99 EUR	Les Anis de Flavigny	3360100440104	yes	new
5389	Les Anis de Flavigny Recharge - 250 g	Les Anis de Flavigny sont de délicieuses perles d'anis enrobées de sucre, fabriquées selon une recette traditionnelle française. Ces bonbons offrent une expérience gustative douce et aromatique, appréciée depuis des siècles. Présentés dans une élégante boîte de 50 g, ils sont parfaits pour une petite douceur à savourer à tout moment de la journée.	https://www.mesbonbons.net/fr/shop/les-anis-de-flavigny-recharge-250-g	https://fladis.azureedge.net/erp/49039b64-6289-419a-947d-328f2562d750.png	out_of_stock	7.99 EUR	Les Anis de Flavigny	3360100250109	yes	new
5391	Les Anis de Flavigny Citron Recharge - 250 g	Les Anis de Flavigny au citron sont de délicieuses perles d'anis enrobées de sucre, offrant une expérience gustative fraîche et citronnée. Parfaites pour ceux qui apprécient les saveurs acidulées et rafraîchissantes, ces perles sont présentées dans une boîte de 50 g, idéale pour une petite douceur à savourer à tout moment de la journée.	https://www.mesbonbons.net/fr/shop/les-anis-de-flavigny-citron-recharge-250-g	https://fladis.azureedge.net/erp/2eba5d90-2df8-4253-a41a-9f81df276f9b.png	in_stock	7.99 EUR	Les Anis de Flavigny	3360100340107	yes	new
5401	Bergen Cookies Brownie Chocolate - 130 g	Les Bergen Cookie Brownie Chocolate sont de savoureux biscuits au cœur fondant, inspirés du célèbre gâteau brownie. Richement chocolatés, ces cookies allient une texture moelleuse à l’intérieur et légèrement croustillante à l’extérieur, pour une expérience intense en cacao.	https://www.mesbonbons.net/fr/shop/bergen-cookies-brownie-chocolate-130-g	https://fladis.azureedge.net/erp/7da322f0-0ac4-4e14-8b55-cde362feed07.png	in_stock	1.79 EUR	Bergen	5902379921632	yes	new
5409	Capri-Sun Cerise - 200 ml	Capri-Sun Cerise est une boisson rafraîchissante et fruitée, idéale pour se désaltérer à tout moment de l'année. Présentée en poche de 200 ml, elle offre un goût agréable de cerise, sans colorants ni conservateurs. Sa recette est simple et naturelle, avec des ingrédients tels que de l'eau, du sucre, du concentré de jus de griotte (5,9 %), du concentré de jus de citron (4 %), du jus de citron vert (0,1 %), de l'acide ascorbique (antioxydant) et un arôme naturel.	https://www.mesbonbons.net/fr/shop/capri-sun-cerise-200-ml	https://fladis.azureedge.net/erp/19ffecb0-1f9c-45be-ae64-8ee271e9ee9f.png	out_of_stock	1.00 EUR	Capri-Sun	4000177996003	yes	new
5411	Lay's Pizza Hut Marguerita - 150 g	Les Lay’s Pizza Hut Margherita sont des chips au goût authentique de pizza Margherita, inspirées de la célèbre chaîne de restaurants. Chaque bouchée offre une expérience gustative rappelant la combinaison classique de tomate, mozzarella et basilic.	https://www.mesbonbons.net/fr/shop/lays-pizza-hut-marguerita-150-g	https://fladis.azureedge.net/erp/d6f03af7-1152-4535-a570-bff8c1a394ad.png	out_of_stock	4.49 EUR	Lay's	4062139006762	yes	new
5412	Lay's Subway Teryaki - 150 g	Les chips Lay’s Subway Teriyaki sont une édition spéciale qui recrée la saveur emblématique du sandwich Teriyaki de Subway.Ces chips ondulées offrent une expérience gustative unique, alliant le croquant caractéristique de Lay’s à une combinaison sucrée-salée d’arômes de soja, ail, oignon, poivre noir et poivre de Cayenne.	https://www.mesbonbons.net/fr/shop/lays-subway-teryaki-150-g	https://fladis.azureedge.net/erp/c257b789-d693-4e24-9e9b-771d000b7fb4.png	out_of_stock	4.49 EUR	Lay's	4062139003136	yes	new
5413	Brets Carbonara - 125 g	Les chips Bret’s saveur Carbonara sont des chips épaisses et croustillantes, inspirées de la célèbre sauce italienne. Elles offrent un goût crémeux et gourmand, mêlant fromage, crème, oignon et une touche fumée rappelant les lardons. Parfaites pour un apéro original aux saveurs riches et réconfortantes.	https://www.mesbonbons.net/fr/shop/brets-carbonara-125-g	https://fladis.azureedge.net/erp/71459cdc-abdb-4d3a-90cd-dc0cce84ecb9.png	out_of_stock	2.69 EUR	Bret's	3497917004127	yes	new
5414	Brets Aligot - 125 g	Les chips Brets saveur aligot sont une création gourmande inspirée de la célèbre spécialité aveyronnaise.Elles marient la douceur de la purée de pommes de terre au fondant du fromage, subtilement relevées par une touche d'ail.Chaque bouchée offre une expérience réconfortante, idéale pour les amateurs de saveurs authentiques et crémeuses.	https://www.mesbonbons.net/fr/shop/brets-aligot-125-g	https://fladis.azureedge.net/erp/70653815-94d4-43b0-bc49-0dfb8eb06577.png	out_of_stock	2.69 EUR	Bret's	3497917003854	yes	new
5415	Brets Cheddar & Bière - 125 g	Les chips Brets saveur Cheddar & Bière allient le goût riche du cheddar à une touche subtile de bière, offrant une expérience gustative originale.Elles sont fabriquées à partir de pommes de terre françaises, d'huile de tournesol et d'arômes naturels, le tout produit en Bretagne.Ces chips sont idéales pour les apéritifs entre amis ou pour accompagner une boisson fraîche.​	https://www.mesbonbons.net/fr/shop/brets-cheddar-biere-125-g	https://fladis.azureedge.net/erp/e037f986-83d9-4150-b991-0111e2cf65e4.png	in_stock	2.69 EUR	Bret's	3497917003656	yes	new
5417	Brets Falafels A La Libanaise - 125 g	Les chips Brets saveur Falafels à la Libanaise s’inspirent de la recette traditionnelle : pois chiches, cumin, coriandre, ail et herbes aromatiques. Une chips croustillante au goût exotique et épicé, parfaite pour un apéro original.	https://www.mesbonbons.net/fr/shop/brets-falafels-a-la-libanaise-125-g	https://fladis.azureedge.net/erp/c4ca899d-14aa-46bd-95d5-572e1bfb3656.png	in_stock	2.69 EUR	Bret's	3497917003847	yes	new
5422	Kinder Cards - 25,6 g	Chaque biscuit se compose de deux gaufrettes fines et croustillantes, l'une au chocolat au lait et l'autre au cacao, renfermant un cœur fondant au goût Kinder. Cette combinaison offre une expérience gustative surprenante et agréable. De plus, la gaufrette ne fond pas et ne fait pas de miettes, ce qui la rend idéale pour une consommation en déplacement.​	https://www.mesbonbons.net/fr/shop/kinder-cards-256-g	https://fladis.azureedge.net/erp/ef220bed-db5b-4b0c-b795-d24c52b4561b.png	in_stock	1.20 EUR	Kinder	80874652	yes	new
5440	Monin Sauce Chocolat Blanc - 500 ml	Onctueuse et délicatement sucrée, cette sauce chocolat blanc MONIN est parfaite pour napper vos cafés, milkshakes, desserts ou crêpes. Son format pratique permet une utilisation facile, à la maison comme au bar. Un délice tout en douceur !	https://www.mesbonbons.net/fr/shop/monin-sauce-chocolat-blanc-500-ml	https://fladis.azureedge.net/erp/e688246e-5ec2-44b4-8964-48689e014aea.png	out_of_stock	13.99 EUR	Monin	3052910044213	yes	new
5442	Monin Sirop Saveur Cannelle - 70 cl	Offrez une touche chaleureuse et épicée à vos boissons avec le sirop Monin Cannelle. Son arôme intense de cannelle en bâton et sa douceur équilibrée subliment cafés, chocolats chauds, cocktails ou thés.	https://www.mesbonbons.net/fr/shop/monin-sirop-saveur-cannelle-70-cl	https://fladis.azureedge.net/erp/fc5d217c-d65e-4883-bc89-e2202ca4471e.png	in_stock	13.99 EUR	Monin	3052910056476	yes	new
5443	Monin Sauce Chocolat Noir - 500 ml	Onctueuse et intensément chocolatée, cette sauce chocolat noir MONIN est parfaite pour napper vos cafés, milkshakes, desserts ou crêpes. Son format pratique permet une utilisation facile, à la maison comme au bar.	https://www.mesbonbons.net/fr/shop/monin-sauce-chocolat-noir-500-ml	https://fladis.azureedge.net/erp/8ab1184a-023a-420e-ab75-b8cd7577c665.png	in_stock	13.99 EUR	Monin	3052910044220	yes	new
5444	Monin Sauce Caramel Beurre Salé - 500 ml	Onctueuse et délicatement équilibrée, cette sauce caramel salé MONIN est parfaite pour napper vos cafés, milkshakes, desserts ou crêpes. Sa richesse en goût mêle douceur et pointe de sel pour une expérience gourmande unique. Son format pratique permet une utilisation facile, à la maison comme au bar. Un pur moment de réconfort !	https://www.mesbonbons.net/fr/shop/monin-sauce-caramel-beurre-sale-500-ml	https://fladis.azureedge.net/erp/a895613c-3860-4cdd-ab19-8c2f8bab5199.png	in_stock	13.99 EUR	Monin	3052911773747	yes	new
5446	Taiwan Dessert Mochi Sésame - 210 g	Savourez l'authenticité de Taiwan avec ces mochis au sésame. Chaque bouchée révèle une pâte de riz gluant délicatement enrobée de graines de sésame, offrant une texture moelleuse et un goût riche et légèrement sucré.	https://www.mesbonbons.net/fr/shop/taiwan-dessert-mochi-sesame-210-g	https://fladis.azureedge.net/erp/20f8a676-3c11-4fb4-a899-3133e7829a83.png	out_of_stock	4.49 EUR	Royal Family Custard	4711931018434	yes	new
5447	Oasis Ice Tea Thé Mangue Passion - 330 ml	Un max de fraîcheur, une explosion de fruits exotiques ! 🍑🥭 Quand la mangue rencontre le fruit de la passion dans un thé glacé tout doux... c’est le combo parfait pour chiller en mode tropical.	https://www.mesbonbons.net/fr/shop/oasis-ice-tea-the-mangue-passion-330-ml	https://fladis.azureedge.net/erp/e1ae6c41-31b1-4dae-a1b4-38bebf3bf4de.png	in_stock	2.00 EUR	Oasis	3124480198471	yes	new
5448	Dr Pepper Creamy Blackberry - 355 ml	Dr Pepper frappe fort avec sa nouvelle saveur permanente : le Blackberry . Une fusion audacieuse entre la base épicée et sucrée emblématique de Dr Pepper et la douceur fruitée des mûres mûres. Résultat : un soda à la fois riche, légèrement acidulé et ultra rafraîchissant.	https://www.mesbonbons.net/fr/shop/dr-pepper-creamy-blackberry-355-ml	https://fladis.azureedge.net/erp/89fdb928-8107-4c95-aa80-585f03796e51.png	out_of_stock	2.50 EUR	Dr Pepper	078000040654	yes	new
5450	Amos Peelerz Gummy  Mango - 65 g	Des bonbons à peler au bon goût de mangue tropicale ! Une texture moelleuse, un cœur fondant et une expérience fun à chaque bouchée.	https://www.mesbonbons.net/fr/shop/amos-peelerz-mango-85-g	https://fladis.azureedge.net/erp/5ca1af55-3aed-4221-adc1-e94420e07a7e.png	out_of_stock	2.49 EUR	Amos	6936756277288	yes	new
5463	KitKat Chunky White Lotus - 42 g	Le KitKat Chunky White Lotus est une barre de chocolat blanc généreusement fourrée d'une pâte de spéculoos onctueuse. Avec sa texture croquante de gaufre et son enrobage délicatement vanillé, ce KitKat offre une combinaison gourmande de saveurs biscuitées et crémeuses, idéale pour une pause sucrée pleine de douceur.	https://www.mesbonbons.net/fr/shop/kitkat-chunky-white-lotus-42-g	https://fladis.azureedge.net/erp/fdf90e8c-ba6d-4854-87fe-3f974e2f9f0e.png	out_of_stock	2.49 EUR	KitKat	3800020492512	yes	new
5469	American Bakery Cookies & Peanut - 96 g	Les American Bakery Cookies & Peanut sont de délicieux cookies inspirés des recettes traditionnelles américaines. Craquants à l’extérieur et moelleux à l’intérieur, ils sont généreusement garnis de morceaux de cacahuètes croquantes qui apportent une touche gourmande et légèrement salée. Leur goût riche et réconfortant fait de chaque bouchée un vrai moment de plaisir.	https://www.mesbonbons.net/fr/shop/american-bakery-cookies-peanut-96-g	https://fladis.azureedge.net/erp/838abed0-6296-4ecd-a66f-3bd79ce98cc8.png	out_of_stock	2.50 EUR	American Bakery	8718868063830	yes	new
5471	Fuze Tea Fraise Melon - 330 ml	Le Fuze Tea Ice Tea Strawberry Melon est une boisson rafraîchissante qui marie harmonieusement la douceur de la fraise et la fraîcheur juteuse du melon. Infusé de thé délicat, cet ice tea offre un équilibre parfait entre fruité et légèreté. Peu sucré et désaltérant, il est idéal pour une pause fraîcheur tout en douceur.	https://www.mesbonbons.net/fr/shop/fuze-tea-fraise-melon-330-ml	https://fladis.azureedge.net/erp/d6787e13-f92a-4d66-b71b-1d705d278507.png	out_of_stock	2.50 EUR	Coca-Cola	5000112670035	yes	new
5486	Trolli All in one - 1 kg	Envie d’une soirée entre potes ou d’un moment sucré à partager ? Ce kilo de bonbons ultra variés est prêt à remplir ton bol et à mettre l’ambiance !	https://www.mesbonbons.net/fr/shop/trolli-all-in-one-1-kg	https://fladis.azureedge.net/erp/26202a2b-39ff-435e-8f87-596b9a9fe69f.png	in_stock	10.99 EUR	Trolli	4000512363378	yes	new
5490	Peelable Gummies mix fruit - 60 g	Les Peelable Gummies Mix Fruit sont des confiseries ludiques et fondantes aux saveurs fruitées variées. Chaque bonbon est enveloppé d’une fine couche extérieure pelable, rappelant la sensation de peler un fruit, pour une double expérience sensorielle. À l’intérieur, une texture moelleuse libère un mélange de goûts sucrés et légèrement acidulés, allant de la fraise à la mangue, en passant par le raisin et les agrumes.	https://www.mesbonbons.net/fr/shop/peelable-gummies-mix-fruit-60-g	https://fladis.azureedge.net/erp/863c8639-0998-4940-a8c0-03530a7fa300.png	out_of_stock	2.49 EUR	Cokoc	6972007903056	yes	new
5492	Millions Tube Iron Brew - 55 g	Les Millions Tube au goût de la boisson anglaise Iron Brew sont des micro-bonbons irrésistibles, dans un format pratique de 55 g. Parfait pour une pause gourmande à emporter !	https://www.mesbonbons.net/fr/shop/millions-tube-iron-brew-55-g	https://fladis.azureedge.net/erp/2b75f7bd-f08e-4bd4-9ce7-2b2d5fce1ed8.png	in_stock	2.29 EUR	Millions	5017375034672	yes	new
5493	Skittles Giants 3x Bigger - 132 g	Les Skittles Giants 3x Bigger sont des bonbons fruités trois fois plus gros que les Skittles classiques, conçus pour une expérience encore plus intense. Leur taille généreuse apporte une texture tendre et une sensation de mâche prolongée. Chaque bonbon est rempli de saveurs fruitées éclatantes, allant des fruits rouges aux agrumes, pour une explosion de goût à chaque bouchée.	https://www.mesbonbons.net/fr/shop/skittles-giants-3x-bigger-132-g	https://fladis.azureedge.net/erp/14c9803b-43b6-49c7-849a-40cf2e347051.png	in_stock	3.49 EUR	Skittles	4009900546164	yes	new
5496	Reese's Pieces - 90 g	Les Reese's Pieces sont de délicieuses bouchées croquantes au cœur fondant de beurre de cacahuète, enrobées d’une coque colorée au sucre. Leur texture croustillante et leur saveur unique en font un incontournable pour les fans de Reese’s et les amateurs de douceurs gourmandes.	https://www.mesbonbons.net/fr/shop/reeses-pieces-90-g	https://fladis.azureedge.net/erp/550bdd25-decc-4344-a2ed-46215b9b692a.png	out_of_stock	4.49 EUR	Reese's	753854584140	yes	new
5497	Oreo Coca Cola - 119 g	L'Oréo Coca-Cola est une version spéciale de la célèbre biscuit Oréo, qui combine le goût classique du biscuit au chocolat avec une touche rafraîchissante de cola. Le biscuit est constitué de deux couches de chocolat noir, comme dans l'Oréo original, mais la garniture au centre est infusée d'une saveur de cola, rappelant le goût d'un soda pétillant. Cette version crée un contraste sucré et légèrement acidulé, offrant une expérience de goût unique qui mélange la douceur du biscuit avec la vivacité du cola.	https://www.mesbonbons.net/fr/shop/oreo-coca-cola-119-g	https://fladis.azureedge.net/erp/e6629693-e88a-4963-acf9-15103ee4f586.png	out_of_stock	3.49 EUR	Oreo	7622202230172	yes	new
5498	Pepsi Strawberries 'N' Cream Zero - 330 ml	Pepsi Strawberries 'n' Cream Zero est une version sans sucre de la célèbre boisson Pepsi, infusée d'une saveur délicate de fraise et de crème. Avec son goût doux et crémeux, elle offre une expérience sucrée et fruitée, tout en conservant la légèreté et la vivacité de Pepsi Zero.	https://www.mesbonbons.net/fr/shop/pepsi-strawberries-n-cream-zero-330-ml	https://fladis.azureedge.net/erp/e6479300-ae23-488e-86f7-1748039d5ea5.png	out_of_stock	2.50 EUR	Pepsi	4062139018321	yes	new
5499	Pepsi Cream Zero - 330 ml	Pepsi Cream Zero est une version sans sucre de la célèbre boisson Pepsi, infusée d'une saveur onctueuse de crème. Avec son goût doux et crémeux, elle offre une expérience sucrée et veloutée, tout en conservant la légèreté et la vivacité de Pepsi Zero.	https://www.mesbonbons.net/fr/shop/pepsi-cream-zero-330-ml	https://fladis.azureedge.net/erp/fe2e7d06-1862-43b1-a797-099f3ef5d716.png	in_stock	2.50 EUR	Pepsi	4062139018352	yes	new
5501	Damel Jumbo Stick Pastèque Acidulée Tubo - 30 pièces	Craquez pour la douceur acidulée de ce bâtonnet XXL signé Damel. Avec son intense saveur de pastèque et sa touche citrique pétillante, ce bonbon moelleux offre une expérience gourmande et fun à chaque bouchée. Idéal pour les amateurs de sensations fruitées et acidulées !	https://www.mesbonbons.net/fr/shop/damel-jumbo-stick-pasteque-acidulee-tubo-30-pieces	https://fladis.azureedge.net/erp/b47ba9e5-3afa-4f0d-b160-e74142b8a268.png	out_of_stock	13.99 EUR	Damel	8411500110076	yes	new
5510	Jelly Belly Bean Boozled - 45 g	Les Jelly Belly Bean Boozled sont des bonbons en forme de haricots qui proposent une expérience amusante et risquée. Chaque couleur de bonbon a deux saveurs possibles : une délicieuse et l'autre plutôt déplaisante. Par exemple, un bonbon peut avoir le goût de pêche ou d'œuf pourri. Le jeu consiste à manger un bonbon sans savoir quelle saveur vous allez obtenir !	https://www.mesbonbons.net/fr/shop/jelly-belly-bean-boozled-45-g	https://fladis.azureedge.net/erp/c5dd58d5-ebf4-4834-9816-1af0b952d721.png	out_of_stock	3.50 EUR	Jelly Belly	071567988612	yes	new
5514	Brets La Bretonne - 125 g	Les chips Brets La Bretonne au goût beurre vous offrent une expérience gourmande et savoureuse, inspirée des traditions bretonnes. Une chips délicieusement croustillante, avec une touche de beurre salé, pour un apéritif simple et authentique, évoquant le charme de la Bretagne à chaque bouchée.	https://www.mesbonbons.net/fr/shop/brets-la-bretonne-125-g	https://fladis.azureedge.net/erp/1006972d-c3e4-46bd-aa04-0d2d954083b3.png	out_of_stock	2.69 EUR	Bret's	3497917002789	yes	new
5516	Buldak Ramen 2x HOT Chicken - 140 g	Plongez dans l'intensité avec les nouilles Samyang Ramen Hot Chicken Flavor 2x Spicy. Chaque paquet de 140 g contient des nouilles épaisses et moelleuses, baignées dans un bouillon ultra-épicé au goût de poulet. Préparez-les en quelques minutes pour une expérience gustative audacieuse et brûlante, réservée aux amateurs de sensations fortes.	https://www.mesbonbons.net/fr/shop/buldak-ramen-2x-hot-chicken-140-g	https://fladis.azureedge.net/erp/0f9282d3-246f-449f-bfe1-ffd4d6fd0de0.png	out_of_stock	2.50 EUR	Samyang	8801073113428	yes	new
5520	Carambar Minis Mix - 1 kg	Les Carambar Minis Mix sont un assortiment irrésistible de mini Carambar aux saveurs variées, parfaits pour partager ou pour une pause gourmande. Chaque bonbon conserve l’esprit ludique emblématique de la marque, avec ses blagues et devinettes amusantes, pour une touche de nostalgie et de plaisir sucré à chaque bouchée.	https://www.mesbonbons.net/fr/shop/carambar-minis-mix-1-kg	https://fladis.azureedge.net/erp/de1c8248-e87e-44c3-b4c8-87f9a2819bd0.png	out_of_stock	18.99 EUR	Carambar	3664346300421	yes	new
5521	Carambar Minis Caramel - 1 kg	Les Carambar Minis Caramel sont de délicieux petits bâtons au bon goût de caramel, parfaits pour une pause gourmande ou à partager. Fidèles à l’esprit emblématique de la marque, ils contiennent les fameuses blagues Carambar, ajoutant une touche d’humour à chaque bouchée.	https://www.mesbonbons.net/fr/shop/carambar-minis-caramel-1-kg	https://fladis.azureedge.net/erp/0d88c4b0-b48f-4c9a-86c8-ed90f769b1d9.png	out_of_stock	18.99 EUR	Carambar	3664346300346	yes	new
5531	Fanta Japan Melon - 25 cl	Plongez dans l’exotisme avec Fanta Japan Melon ! Cette boisson pétillante vous transporte au cœur du Japon avec ses saveurs intenses et fruitées de melon. Une explosion de fraîcheur sucrée à chaque gorgée, idéale pour étancher votre soif tout en découvrant une touche originale venue d’Asie.	https://www.mesbonbons.net/fr/shop/fanta-japan-melon-25-cl	https://fladis.azureedge.net/erp/fe668108-04b0-403e-9415-9e7b4f642819.png	out_of_stock	2.50 EUR	Fanta	4902102142106	yes	new
5534	Sweet Party Lacet Coca Tubo - 1,350 kg	Craquez pour ces lacets tendres au goût intense de cola. Leur format allongé et leur saveur rafraîchissante en font un plaisir gourmand parfait pour les petits moments sucrés ou pour agrémenter vos créations pâtissières.	https://www.mesbonbons.net/fr/shop/sweet-party-lacet-coca-tubo-1350-kg	https://fladis.azureedge.net/erp/04bfa204-ea59-43db-a36a-711a291eb10f.jpeg	in_stock	13.99 EUR	Sweet Party	5413128355047	yes	new
5537	Bergen Cookies Crème à la pistache au lait - 128 g	Les Bergen Cookies Pistachio Cream in Milk Glaze sont des biscuits fondants et raffinés, offrant une expérience gourmande tout en douceur. Chaque cookie marie l’onctuosité d’une crème à la pistache délicate avec l’enrobage suave d’un glaçage au chocolat au lait, pour un équilibre parfait entre saveur et texture.	https://www.mesbonbons.net/fr/shop/bergen-cookies-creme-a-la-pistache-dans-du-lait-128-g	https://fladis.azureedge.net/erp/12405f9e-0b79-4705-bd62-9f8839bb248b.png	out_of_stock	2.20 EUR	Bergen	5902379015638	yes	new
5538	Gupperz Popping Pickles - 72 g	Les Gupperz Popping Pickles sont des bonbons gélifiés audacieux et surprenants, conçus pour les amateurs de sensations fortes. Chaque bouchée renferme un cœur liquide au goût de cornichon acidulé, créant une explosion de saveurs inattendue. Leur texture moelleuse contraste avec le centre qui éclate en bouche, offrant une expérience à la fois fun, piquante et ultra originale.	https://www.mesbonbons.net/fr/shop/gupperz-popping-pickles-72-g	https://fladis.azureedge.net/erp/1f237847-c266-4b91-b8e3-e771fbfdc305.png	in_stock	3.99 EUR	Velondi Brands Inc.	860010882542	yes	new
5543	Gupperz Sour Squirt Grenades - 72 g	Les Gupperz Sour Squirt Grenades sont des bonbons gélifiés explosifs, parfaits pour les amateurs de sensations ultra acidulées. Chaque bonbon renferme un cœur liquide intensément acide qui éclate en bouche, offrant une décharge de saveurs vives et piquantes.	https://www.mesbonbons.net/fr/shop/gupperz-sour-squirt-grenades-72-g	https://fladis.azureedge.net/erp/f886482b-cf3d-4827-8518-e412de50b7a5.png	out_of_stock	3.99 EUR	Velondi Brands Inc.	860010882511	yes	new
5546	Candy Pop Popcorn Beurre de Cacahuètes et Fraise - 149 g	Candy Popcorn Beurre de cacahuète et fraise est un en-cas délicieusement audacieux qui associe le croquant d'un pop-corn aéré au goût riche et noiseté du beurre de cacahuète et à la douceur de la fraise. Chaque bouchée offre un équilibre parfait entre l'enrobage savoureux au beurre de cacahuète et la saveur vibrante de la fraise, ce qui en fait une friandise unique et indulgente pour les amateurs d'en-cas à la recherche de quelque chose d'original et de satisfaisant.	https://www.mesbonbons.net/fr/shop/candy-pop-popcorn-beurre-de-cacahuetes-et-fraise-149-g	https://fladis.azureedge.net/erp/b8cad884-f5f7-447d-ba87-1a9c6679aeff.png	out_of_stock	6.49 EUR	Cookie & Candy POP	814109022913	yes	new
5548	Jelly Belly Harry Potter - 35 g	Découvrez les célèbres Jelly Belly Beans Bertie Bott's, inspirés par l'univers magique de Harry Potter. Ces délicieuses dragées offrent une expérience gustative unique, avec des saveurs surprenantes allant de la friandise classique à des goûts inattendus.	https://www.mesbonbons.net/fr/shop/jelly-belly-harry-potter-35-g	https://fladis.azureedge.net/erp/53b3fb71-bb30-4b08-a3ea-76642e93b48e.png	out_of_stock	3.99 EUR	Jelly Belly	071567998338	yes	new
5564	Freez Mix Bleu Hawaï - 275 ml	Freez Mix Blue Hawaii est une boisson rafraîchissante au goût exotique, mêlant des notes fruitées et légèrement acidulées rappelant les cocktails tropicaux. Sa couleur bleue vive et sa saveur unique en font une boisson idéale pour se désaltérer avec une touche estivale et festive.	https://www.mesbonbons.net/fr/shop/freez-mix-bleu-hawai-275-ml	https://fladis.azureedge.net/erp/cac7d85c-224f-479f-b43e-5252051412d2.png	in_stock	2.50 EUR	Freez Mix	762571500197	yes	new
5565	Freez Mix Fraise - 275 ml	Freez Mix Fraise est une boisson rafraîchissante au bon goût de fraise, alliant douceur fruitée et légèreté. Sa saveur sucrée et parfumée en fait une boisson idéale pour se désaltérer à tout moment de la journée, avec une touche gourmande et estivale.	https://www.mesbonbons.net/fr/shop/freez-mix-fraise-275-ml	https://fladis.azureedge.net/erp/f4dd4094-f7be-4d32-a621-ecc6fe60426c.png	in_stock	2.50 EUR	Freez Mix	762571500012	yes	new
5566	Freez Mix Kiwi Citron - 275 ml	Freez Mix Kiwi Citron est une boisson rafraîchissante qui marie l’acidité pétillante du citron à la douceur légèrement sucrée du kiwi. Son goût fruité et équilibré en fait une boisson idéale pour se désaltérer avec une touche exotique et tonique.	https://www.mesbonbons.net/fr/shop/freez-mix-kiwi-citron-275-ml	https://fladis.azureedge.net/erp/92d681f6-1840-478e-b21f-92668c191476.png	in_stock	2.50 EUR	Freez Mix	762571500098	yes	new
5567	Freez Mix Grenadine - 275 ml	Freez Mix Grenadine est une boisson rafraîchissante à la saveur douce et fruitée de la grenadine. Avec ses notes sucrées et légèrement acidulées, elle offre un goût classique et gourmand, parfait pour se désaltérer tout au long de la journée avec une touche de nostalgie.	https://www.mesbonbons.net/fr/shop/freez-mix-grenadine-275-ml	https://fladis.azureedge.net/erp/8e5571f2-c32e-4695-9d8c-5131d6eca98b.png	in_stock	2.00 EUR	Freez Mix	762571500029	yes	new
5569	Freez Mix Pomme/Raisin - 275 ml	Freez Mix Pomme Raisin est une boisson rafraîchissante qui associe la douceur fruitée de la pomme à l’arôme riche et sucré du raisin. Son goût harmonieux et légèrement acidulé en fait une boisson idéale pour se désaltérer tout en savourant une combinaison classique et gourmande.	https://www.mesbonbons.net/fr/shop/freez-mix-pommeraisin-275-ml	https://fladis.azureedge.net/erp/6d972269-03b3-4394-8448-ff521be8d169.png	in_stock	2.00 EUR	Freez Mix	5283036400005	yes	new
5571	Freez Mix Citron Gingembre - 275 ml	Freez Mix Citron Gingembre est une boisson rafraîchissante qui allie l’acidité vive du citron à la chaleur subtile du gingembre. Cette combinaison audacieuse et tonique offre une explosion de saveurs, idéale pour se désaltérer avec une touche piquante et énergisante.	https://www.mesbonbons.net/fr/shop/freez-mix-citron-gingembre-275-ml	https://fladis.azureedge.net/erp/4d52ec14-1c44-421b-be13-a1afa5ca400f.png	in_stock	2.00 EUR	Freez Mix	762571500043	yes	new
5572	Pringles Passport Thai Style Green Curry - 165 g	Les Pringles Passport Thai Green Curry sont des chips inspirées du célèbre curry vert thaïlandais. Elles offrent une saveur exotique et parfumée, mêlant des notes de citronnelle, de coco et d'épices douces pour une expérience gustative riche et légèrement relevée, typique de la cuisine thaï.	https://www.mesbonbons.net/fr/shop/pringles-passport-thai-style-green-curry-165-g	https://fladis.azureedge.net/erp/c3f2dd41-9c17-4631-aab6-358deac7d200.png	out_of_stock	4.49 EUR	Pringles	5053990182596	yes	new
5573	Buldak Ramen Quattro Cheese Hot Chicken Flavor - 145 g	Plongez dans l'onctuosité avec les nouilles Samyang Ramen Quattro Cheese Hot Chicken. Chaque paquet de 140 g renferme des nouilles épaisses et moelleuses, nappées d'une sauce crémeuse et intense à base de quatre fromages, relevée par une touche épicée de poulet.	https://www.mesbonbons.net/fr/shop/buldak-ramen-quattro-cheese-hot-chicken-flavor-145-g	https://fladis.azureedge.net/erp/b0d25bd6-e2cb-4ab2-8449-ac844497a049.png	in_stock	2.50 EUR	Samyang	8801073115088	yes	new
5574	Reese's 4 Peanut Butter Cups - 79 g	Le Reese's 4 Peanut Butter Cups est un classique incontournable pour les amateurs de la célèbre marque américaine. Chaque paquet contient quatre tasses de chocolat au lait garnies de beurre de cacahuète onctueux, offrant un équilibre parfait entre douceur et gourmandise.	https://www.mesbonbons.net/fr/shop/reeses-4-peanut-butter-cups-79-g	https://fladis.azureedge.net/erp/716b95a2-8c1d-41eb-984b-a6309d3829ad.png	in_stock	3.99 EUR	Reese's	5430000119436	yes	new
5576	Fanta Exotic - 500 ml	Voyagez au cœur des saveurs avec Fanta Exotic ! Cette boisson pétillante vous offre un cocktail explosif de fruits exotiques, mêlant passion, orange, goyave et autres délices tropicaux.	https://www.mesbonbons.net/fr/shop/copy-fanta-tropical---500-ml	https://fladis.azureedge.net/erp/e4a61fdf-b5c7-4d83-9192-f8e113b9c51c.png	in_stock	3.00 EUR	Fanta	90490705	yes	new
5577	The Belgian Pralines Tiramisu - 200 g	La praline belge Tiramisu est un chocolat d’exception, garni d’une ganache onctueuse inspirée du célèbre dessert italien. Elle marie subtilement les arômes de café, de mascarpone et une légère note de cacao, le tout enrobé de chocolat belge de qualité.	https://www.mesbonbons.net/fr/shop/the-belgian-pralines-tiramisu-200-g	https://fladis.azureedge.net/erp/67d928e0-c298-4a0c-ac4e-3daf54b0e5ae.png	in_stock	6.49 EUR	The Belgian	5413121360826	yes	new
5579	Monin Sirop Saveur Fraise des Bois - 70 cl	Apportez une note fruitée et sauvage à vos créations avec le sirop Monin Fraise des Bois. Son goût intense et authentique de petites fraises mûries en forêt ajoute une touche délicieusement sucrée et acidulée à vos limonades, smoothies, cocktails, desserts ou yaourts.	https://www.mesbonbons.net/fr/shop/monin-fraise-des-bois-70-cl	https://fladis.azureedge.net/erp/3e712a26-a600-4c16-b6a2-b7d3b31c2aa2.png	in_stock	13.99 EUR	Monin	3052911169380	yes	new
5588	Geldhof Nez Citrique - 3 kg	Les Geldhof Nez citric sont d'excellents bonbons acidulés en fome de cône. Avec leur bon goût fruité ils vous feront frissoner de plaisir !	https://www.mesbonbons.net/fr/shop/geldhof-nez-citrique-3-kg	https://fladis.azureedge.net/erp/64f4f925-cdce-4c5a-bd47-dddad9308bf6.jpg	in_stock	26.99 EUR	Geldhof	5410391002135	yes	new
5590	Geldhof Avion Citrique - 3 kg	Envolez-vous avec les Geldhof Avion ! Un délicieux bonbon fruité et acidulé !	https://www.mesbonbons.net/fr/shop/geldhof-avion-citrique-3-kg	https://fladis.azureedge.net/erp/743ce039-73c2-4881-be10-70da2d92a746.jpg	in_stock	26.99 EUR	Geldhof	5410391002210	yes	new
5591	Geldhof Poire Citrique - 3 kg	Le célèbre confiseur belge Geldhof vous présente ses poire citriques au bon goût de fruits.	https://www.mesbonbons.net/fr/shop/geldhof-poire-citrique-3-kg	https://fladis.azureedge.net/erp/d1168766-f2f8-4b68-8898-f87cb95bcd2c.jpg	in_stock	26.99 EUR	Geldhof	5410391002319	yes	new
5592	Geldhof Tortue Citrique - 3 kg	Le célèbre confiseur belge Geldhof vous présente ses grandes tortues citriques au bon goût de fruits.	https://www.mesbonbons.net/fr/shop/geldhof-tortue-citrique-3-kg	https://fladis.azureedge.net/erp/1a3a4357-9a43-4fe4-9a10-c579399247dc.png	in_stock	26.99 EUR	Geldhof	5410391002159	yes	new
5600	Lollywood Bâton Pomme Citrique XL - 1 kg	Les bâtons pomme citrique XL de Lollywood sont des bonbons longs et sucrés avec une saveur fruitée de pomme verte, accentuée par une touche acidulée de citron. Leur texture extérieure croquante cache un cœur tendre et crémeux. Ces bonbons sont parfaits pour les amateurs de saveurs fruitées et acidulées, et leur format XL permet de les savourer plus longtemps.	https://www.mesbonbons.net/fr/shop/lollywood-baton-pomme-citrique-xl-1-kg	https://fladis.azureedge.net/erp/40133258-2b3e-4edd-9a51-d5b2ff0c9c68.jpeg	in_stock	8.99 EUR	Lollywood	5420001523134	yes	new
5606	Bulgari Marshmallow Fraise - 1,080 kg	Laissez-vous tenter par la douceur fruitée des Bulgari Fraise ! Ces guimauves moelleuses en forme de fraise séduisent par leur texture fondante et leur goût sucré.	https://www.mesbonbons.net/fr/shop/bulgari-marshmallow-fraise-1080-kg	https://fladis.azureedge.net/erp/89d7c377-d1e1-4147-adeb-80041e9a36a2.png	in_stock	17.99 EUR	Bulgari	8006908002773	yes	new
5608	Bulgari Etoile Bleu - 900 g	La Bulgari Étoile Bleue est un marshmallow en forme d’étoile, à la texture moelleuse et à l’apparence ludique. Recouverte d’une fine couche sucrée de couleur bleu vif, elle offre un contraste savoureux entre le croquant délicat de l’extérieur et la tendresse fondante de l’intérieur.	https://www.mesbonbons.net/fr/shop/bulgari-etoile-bleu-900-g	https://fladis.azureedge.net/erp/a9d93b3a-c737-46a0-89aa-c401b31cd188.png	in_stock	9.99 EUR	Bulgari	8006908013137	yes	new
5611	Sweet Party Spaghetti Framboise Citrique - 1 kg	Tordez-les, nouez-les, savourez-les ! Les Sweet Party Spaghetti Framboise Citrique sont des bonbons ludiques et acidulés à souhait. Leur texture souple et leur goût intense de framboise sont rehaussés par une touche citrique qui réveille les papilles.	https://www.mesbonbons.net/fr/shop/sweet-party-spaghetti-framboise-citrique-1-kg	https://fladis.azureedge.net/erp/45701789-5824-47f0-a95a-70ac03b532ad.webp	in_stock	9.99 EUR	Sweet Party	5413128354941	yes	new
5614	Sweet Party Chewing-Gum Watermelon - 2 kg	Le Sweet Party Chewing Gum Watermelon est une gomme à mâcher rafraîchissante au goût de pastèque. Sa saveur fruitée, sucrée et légèrement acidulée, offre une expérience de mâche agréable et longue durée. Le goût de la pastèque, frais et juteux, rappelle les journées d'été, apportant une touche de légèreté et de douceur à chaque bouchée. Ce chewing-gum est idéal pour ceux qui recherchent une pause gourmande et fruitée. En plus, il est souvent présenté dans un emballage coloré, parfait pour une expérience sucrée et ludique !	https://www.mesbonbons.net/fr/shop/sweet-party-chewing-gum-watermelon-2-kg	https://fladis.azureedge.net/erp/476aefc2-5a06-48af-a92d-5c803a5b11e2.png	in_stock	19.99 EUR	Sweet Party	5413128354842	yes	new
5615	Sweet Party Spirale Fraise Huile - 1 kg	Craquez pour ces spirales tendres à la saveur fruitée et gourmande de fraise, légèrement enrobées d’huile pour une texture lisse et fondante en bouche. Leur format enroulé apporte une touche originale à vos pauses sucrées ou à vos créations pâtissières, pour un plaisir délicieusement fruité et unique.	https://www.mesbonbons.net/fr/shop/sweet-party-spirale-fraise-huile-1-kg	https://fladis.azureedge.net/erp/4f5743ca-abce-41c8-ba2a-44ab9b3f5e7a.png	out_of_stock	9.99 EUR	Sweet Party	5413128355016	yes	new
5616	Sweet Party Mini Câble Fraise Huile - 1 kg	Découvrez ces mini câbles tendres et souples, délicatement parfumés à la fraise avec une pointe d’huile qui leur donne une texture lisse et légèrement brillante. Leur format mini et leur goût acidulé font de ces bonbons un plaisir fruité à déguster à tout moment ou à intégrer facilement dans vos préparations gourmandes.	https://www.mesbonbons.net/fr/shop/sweet-party-mini-cable-fraise-huile-1-kg	https://fladis.azureedge.net/erp/8fbfff5b-a4ab-435d-a5f7-d63a94edae14.png	in_stock	8.99 EUR	Sweet Party	5413128354798	yes	new
5617	Sweet Party Chewing-Gum Mix Fruit - 2 kg	Le chewing-gum Mix Fruit offre un délicieux mélange de saveurs fruitées. Chaque bouchée révèle un goût frais et sucré de fruits variés, pour une expérience de mâche agréable et pleine de fraîcheur. Idéal pour une pause gourmande et fruitée à tout moment de la journée.	https://www.mesbonbons.net/fr/shop/sweet-party-chewing-gum-mix-fruit-2-kg	https://fladis.azureedge.net/erp/37f1eb23-07c0-47ab-bf09-ec113bf223b7.png	in_stock	19.99 EUR	Sweet Party	5413128354859	yes	new
5619	Ravazzi Œufs - 1 kg	Un assortiment de bonbons moelleux en forme d'œufs au plat, au cœur tendre et au bon goût sucré. Avec leur texture fondante et leur apparence amusante, ces friandises raviront petits et grands pour une pause gourmande pleine de fantaisie et de plaisir à partager.	https://www.mesbonbons.net/fr/shop/ravazzi-ufs-1-kg	https://fladis.azureedge.net/erp/ee73497d-fc1e-4983-b9d3-434c2b67181a.png	in_stock	7.99 EUR	Ravazzi	8000068054009	yes	new
5622	Ravazzi Grenouilles géantes - 1 kg	Plongez dans un monde de fantaisie avec les grenouilles géantes gélifiées de Ravazzi ! Leur texture moelleuse et leur format impressionnant en font un bonbon aussi amusant que savoureux.	https://www.mesbonbons.net/fr/shop/ravazzi-grenouilles-geantes-1-kg	https://fladis.azureedge.net/erp/a9a15c98-c1c4-46f9-a990-2ab93ac64661.png	in_stock	7.99 EUR	Ravazzi	8000068049012	yes	new
5633	Geldhof Grenouille Citrique - 3 kg	Le célèbre confiseur belge Geldhof vous présente ses grenouilles citriques au bon goût de fruits.	https://www.mesbonbons.net/fr/shop/geldhof-grenouille-citrique-3-kg	https://fladis.azureedge.net/erp/f5007c29-25c7-4636-97c3-4fa1cd0efd96.jpg	in_stock	26.99 EUR	Geldhof	5410391002241	yes	new
5634	Unicorn Poo - 10 g	À l’approche des beaux jours, découvrez Unicorn Poo : des petites perles acidulées aux couleurs arc-en-ciel qui offrent une explosion de saveurs fruitées et une expérience gourmande unique.	https://www.mesbonbons.net/fr/shop/unicorn-poo-10-g	https://fladis.azureedge.net/erp/e9e5ac66-48af-4d1e-8b3e-1724c97edd2a.png	in_stock	1.00 EUR	Funny Candy	6931722311201	yes	new
5636	DeBron Poker Fruit Sans Sucre - 1 kg	Les DeBron Poker Fruit sont des bonbons gélifiés sans sucre, aux formes inspirées des symboles des cartes à jouer : cœurs, piques, trèfles et carreaux.	https://www.mesbonbons.net/fr/shop/debron-poker-fruit-1-kg	https://fladis.azureedge.net/erp/e1bb9d58-6555-4ced-9085-832489d736ce.jpg	in_stock	13.99 EUR	deBron Sugarfree / deBron Lifestyle Candy	8712514002143	yes	new
5641	DeBron Eucamint Sans Sucre - 1 kg	Les DeBron Eucamint sont des bonbons durs sans sucre, alliant la fraîcheur intense de l'eucalyptus et de la menthe. Parfaits pour rafraîchir l'haleine ou apaiser la gorge, ces bonbons offrent une alternative saine aux confiseries traditionnelles, sans compromettre le goût.	https://www.mesbonbons.net/fr/shop/debron-eucamint-1-kg	https://fladis.azureedge.net/erp/d3e69db1-8a5a-4a6e-8141-926822fc522c.jpg	in_stock	13.99 EUR	deBron Sugarfree / deBron Lifestyle Candy	8712514011978	yes	new
5642	Haribo Langue Fizz - 185 g	Des bonbons acidulés en forme de langues colorées, qui piquent juste ce qu’il faut !	https://www.mesbonbons.net/fr/shop/haribo-langue-fizz-185-g	https://fladis.azureedge.net/erp/fddbe1dd-afa2-467e-a1ed-ac486f313ed4.png	in_stock	3.99 EUR	Haribo	4001686369722	yes	new
5645	Haribo Happy Cola - 185 g	Les Haribo Happy Cola sont des bonbons gélifiés emblématiques en forme de petites bouteilles de soda, offrant une saveur authentique de cola.	https://www.mesbonbons.net/fr/shop/haribo-happy-cola-185-g	https://fladis.azureedge.net/erp/7d5c7890-5d41-4ec9-9638-11eea34cfb2c.png	in_stock	2.49 EUR	Haribo	5996379323916	yes	new
5646	Haribo Happy Cherries Fizz - 200 g	Les Haribo Happy Cherries F!ZZ sont des bonbons gélifiés en forme de cerises doubles, enrobés d'une fine couche acidulée qui réveille les papilles.	https://www.mesbonbons.net/fr/shop/haribo-happy-cherries-fizz-200-g	https://fladis.azureedge.net/erp/364ebbc5-8950-441a-866a-18426a6a5172.png	in_stock	3.99 EUR	Haribo	4001686309209	yes	new
5650	Pedro Smileys -1 kg	Les Pedro Smileys sont de délicieux bonbons gélifiés en forme de visages souriants. Leur texture moelleuse et leur goût fruité en font une friandise idéale pour petits et grands.	https://www.mesbonbons.net/fr/shop/pedro-smileys-1-kg	https://fladis.azureedge.net/erp/953638e5-c484-48ed-94fe-4fa53a2b1456.jpg	in_stock	8.99 EUR	Pedro	8592601121694	yes	new
5652	Pedro Singes & Bananes -1 kg	Les Pedro Singes & Bananes sont des bonbons gélifiés moelleux en forme de singes et de bananes. Leur texture tendre et leur goût fruité, notamment de banane, offrent une expérience gourmande et ludique. Parfaits pour les fêtes, les anniversaires ou simplement pour une pause sucrée.	https://www.mesbonbons.net/fr/shop/pedro-singes-bananes-1-kg	https://fladis.azureedge.net/erp/26856a59-bedb-43e1-ad4f-8296649c19b8.png	in_stock	8.99 EUR	Pedro	8592601115990	yes	new
5669	Vidal Fondant Fraise - 1 kg	Les Vidal Fondant Fraise sont des bonbons gélifiés en forme de mini-gâteaux rose et blanc, offrant une texture extérieure en gélatine sucrée et un cœur tendre à la guimauve.	https://www.mesbonbons.net/fr/shop/vidal-fondant-fraise-1-kg	https://fladis.azureedge.net/erp/14ab9fa0-000d-49d1-b33a-455654c80180.jpg	in_stock	8.99 EUR	Vidal	8413178198295	yes	new
5678	Lard Anversois blanc rose - 3 kg	Le Pierrot Lard d’Anversois Rose et Blanc est une douceur originale qui marie tendrement deux textures fondantes et moelleuses. Son visuel bicolore aussi ludique qu’appétissant rappelle les confiseries d’antan, tandis que son goût sucré et délicat évoque une note nostalgique et réconfortante. Parfait pour une pause sucrée ou un moment de partage, chaque bouchée fond sur la langue et offre une explosion de douceur irrésistible.	https://www.mesbonbons.net/fr/shop/lard-anversois-blanc-rose-3-kg	https://fladis.azureedge.net/erp/a5325015-6705-4a1a-8aaf-23c8c4ec3cdf.png	in_stock	44.99 EUR	Pierot	5411620003626	yes	new
5682	Lollywood Bâton Framboise Citrique XL - 1 kg	Des bâtons tendres et acidulés au bon goût de framboise, à la texture moelleuse et au cœur fondant, parfaits pour les amateurs de sensations fruitées et piquantes.	https://www.mesbonbons.net/fr/shop/lollywood-baton-framboise-citrique-xl-1-kg	https://fladis.azureedge.net/erp/7204eebb-7bc7-4d2c-a2ec-193a7bf5e00c.png	in_stock	8.99 EUR	Lollywood	5420001523158	yes	new
5713	Dr. Sour Powder Balls Cola - 1 kg	Les Dr. Sour Powder Balls Cola sont des bonbons de la taille d'une bouchée, aromatisés au cola et dotés d’un goût aigre intense. Chaque boule est enrobée d’une poudre acidulée qui délivre une explosion d’aigreur, équilibrée par la saveur sucrée et pétillante du cola. Ces bonbons offrent une expérience gustative amusante et excitante aux amateurs de friandises acidulées.	https://www.mesbonbons.net/fr/shop/dr.-sour-powder-balls-cola-1000-g	https://fladis.azureedge.net/erp/7133517b-e618-45e3-b9b7-a3e7036d4078.jpeg	in_stock	7.99 EUR	Dr. Sour	8721042683175	yes	new
5715	Dr. Sour Powder Balls Fraise - 1 kg	Les Dr. Sour Powder Balls Fraise sont des bonbons de la taille d'une bouchée, aromatisés à la fraise et dotés d'un goût aigre intense. Chaque boule est enrobée d'une poudre acidulée qui délivre une explosion d'aigreur, équilibrée par le goût sucré et fruité de la fraise. Ces bonbons offrent une expérience gustative amusante et excitante aux amateurs de bonbons acidulés.	https://www.mesbonbons.net/fr/shop/dr.-sour-powder-balls-fraise-1000-g	https://fladis.azureedge.net/erp/dfc1aaec-51c6-4269-8569-92a14dea901b.jpeg	in_stock	7.99 EUR	Dr. Sour	8717371585525	yes	new
5716	Fanta Raisin - 330 ml	Découvrez le Fanta Raisin, un soda pétillant au goût riche et fruité qui étonne dès la première gorgée. Sa saveur de raisin juteux, subtilement sucrée et rafraîchissante, apporte une touche d’originalité à chaque moment de dégustation.	https://www.mesbonbons.net/fr/shop/fanta-raisin-330-ml	https://fladis.azureedge.net/erp/8fcb9f83-9eda-456b-8783-0fb25cf0d5ab.jpg	in_stock	2.50 EUR	Fanta	6928804015461	yes	new
5717	Dr. Sour Powder Balls Pastèque - 1 kg	Les Dr. Sour Powder Balls Pastèque sont des bonbons de la taille d'une bouchée, aromatisés à la pastèque et dotés d'un goût aigre intense. Chaque boule est enrobée d'une poudre acidulée qui délivre une explosion d'aigreur, équilibrée par le goût sucré et fruité. Ces bonbons offrent une expérience gustative amusante et excitante aux amateurs de bonbons acidulés.	https://www.mesbonbons.net/fr/shop/dr.-sour-powder-balls-pasteque-1000-g	https://fladis.azureedge.net/erp/85ecf0c9-1d04-4724-938a-bc37e308be2e.jpeg	in_stock	7.99 EUR	Dr. Sour	8717371585457	yes	new
5763	Fini Bananes Gelifiées - 1 kg	Les Fini Bananes Gelifiées sont des bonbons gélifiés en forme de banane, offrant une texture moelleuse et une saveur sucrée de banane.	https://www.mesbonbons.net/fr/shop/fini-bananes-gelifiees-1-kg	https://fladis.azureedge.net/erp/c493d885-ee42-4861-b38a-08b5d30d81e9.png	in_stock	9.99 EUR	Fini	8410525269509	yes	new
5766	Lacet Sucré Cola Tubo - 1 kg	Savourez chaque centimètre de ces lacets bruns au goût de cola sucré.	https://www.mesbonbons.net/fr/shop/lacet-sucre-cola-tubo-1-kg	https://fladis.azureedge.net/erp/1683045c-b241-40ea-bfd4-6c770aeb0817.webp	in_stock	5.99 EUR	Eurobis	8716100054837	yes	new
5769	Tapis Sucré Fruité 4 couleurs Tubo - 1 kg	Les Lacets Sucrés Fruités 4 Couleurs sont de longs bonbons gélifiés, souples et acidulés, proposés en quatre couleurs vives.	https://www.mesbonbons.net/fr/shop/tapis-sucre-fruite-4-couleurs-tubo-1-kg	https://fladis.azureedge.net/erp/c1255e67-b791-48d2-ab0f-bb34143607cb.jpg	in_stock	5.99 EUR	Eurobis	8716100083882	yes	new
5770	Fuze Tea Pastèque - 330 ml	Le Fuze Tea Ice Tea Pastèque est une boisson rafraîchissante qui marie à merveille la fraîcheur de la pastèque et la douceur d’un thé délicatement infusé. Cet ice tea offre un équilibre parfait entre saveur fruitée et légèreté.	https://www.mesbonbons.net/fr/shop/fuze-tea-pasteque-330-ml	https://fladis.azureedge.net/erp/f3c0112b-da1d-481c-91a8-1df572f39bca.png	out_of_stock	2.50 EUR	Coca-Cola	5000112664690	yes	new
5772	Sweet Party Tapis Pomme Citrique - 1,7 kg	Bonbon en forme de tapis au goût de pomme et acidulé.	https://www.mesbonbons.net/fr/shop/sweet-party-tapis-pomme-citrique-17-kg	https://fladis.azureedge.net/erp/b54c1fb6-3751-4f06-8cec-d78a36d91379.png	in_stock	13.99 EUR	Sweet Party	5413128355061	yes	new
5773	Sweet Party Tapis Coca Citrique - 1,7 kg	Bonbon en forme de tapis au goût de coca et acidulé.	https://www.mesbonbons.net/fr/shop/sweet-party-tapis-coca-citrique-17-kg	https://fladis.azureedge.net/erp/575180cc-03af-4dfa-9cd7-85e4b5772b3e.png	in_stock	13.99 EUR	Sweet Party	5413128354927	yes	new
5790	Coca Cola Vanille Zéro - 330 ml	Coca-Cola Vanille Zéro associe la saveur emblématique de Coca-Cola à une touche douce et gourmande de vanille, le tout sans sucres.	https://www.mesbonbons.net/fr/shop/coca-cola-vanille-zero-330-ml	https://fladis.azureedge.net/erp/01a53985-41a2-4a98-afdc-355c39b90bee.png	in_stock	2.50 EUR	Coca-Cola	5449000259769	yes	new
5791	Grain de Café Chocolat Noir - 1 kg	Grain de Café Chocolat Noir est une délicieuse confiserie qui combine l’intensité d’un grain de café croquant enrobé d’une fine couche de chocolat noir riche et amer. Cette friandise offre une expérience gustative raffinée, mêlant l'arôme puissant du café avec la profondeur du chocolat noir, parfaite pour les amateurs de saveurs intenses et authentiques.	https://www.mesbonbons.net/fr/shop/grain-de-cafe-chocolat-noir-1-kg	https://fladis.azureedge.net/erp/5dc14183-0595-4c34-983f-c2bc1a8472d5.jpg	in_stock	27.99 EUR	De Bock	5407006422594	yes	new
5796	Brets Kebab - 125 g	Les chips Bret’s Kebab vous offrent une expérience savoureuse et originale, inspirée de la célèbre spécialité grillée. Une chips délicieusement croustillante, relevée d’une touche d’épices et de viande rôtie, pour un apéritif plein de caractère qui évoque le goût irrésistible du kebab à chaque bouchée.	https://www.mesbonbons.net/fr/shop/brets-kebab-125-g	https://fladis.azureedge.net/erp/b3469024-322e-40ab-9b23-553d05eafaf6.png	in_stock	2.69 EUR	Bret's	3497917004134	yes	new
5797	Sac cabas -  Stitch Sweet Thing	Le sac cabas Stitch Sweet Thing est un accessoire pratique et plein de douceur, mettant en valeur Stitch dans un univers sucré et coloré.	https://www.mesbonbons.net/fr/shop/sac-cabas-stitch-sweet-thing	https://fladis.azureedge.net/erp/de23ddb5-1ca5-408a-b0b4-f1be9ce08b54.png	in_stock	3.00 EUR		3700891706988	yes	new
5800	Lipton Ice Tea Original Zéro - 330 ml	Le Lipton Ice Tea Zero est une boisson rafraîchissante pétillante à base de thé noir infusé, sans sucres, et aromatisée avec une touche de citron pour une saveur équilibrée et désaltérante.	https://www.mesbonbons.net/fr/shop/lipton-ice-tea-original-zero-330-ml	https://fladis.azureedge.net/erp/cfd2c3ee-5b5c-4d85-8d27-0bac9f56eb72.png	in_stock	2.00 EUR	Lipton	8711327596696	yes	new
5804	Coca Cola Pêche - 330 ml	Coca-Cola Peach (China) combine la recette classique de Coca-Cola à une note fruitée et délicate de pêche, offrant une boisson rafraîchissante et légèrement sucrée, idéale pour ceux qui aiment les saveurs originales venues d’Asie.	https://www.mesbonbons.net/fr/shop/coca-cola-peche-330-ml	https://fladis.azureedge.net/erp/342f79e9-3110-4ae4-b285-19c3451579cf.png	in_stock	2.50 EUR	Coca-Cola	6954767411354	yes	new
5806	Bergen Cookies Chocolat & Vanille - 128 g	Des cookies moelleux au bon goût de biscuit chocolaté, fourrés à la crème vanille, pour une pause gourmande et réconfortante à tout moment de la journée.	https://www.mesbonbons.net/fr/shop/bergen-cookies-chocolat-vanille-128-g	https://fladis.azureedge.net/erp/af80b00d-9311-4adf-86a7-3d385ed03205.png	in_stock	1.99 EUR	Bergen	5902379145687	yes	new
5809	Sweet Party Spaghetti Pomme Citrique - 1 kg	Des fils de bonbon acidulés au bon goût de pomme, au format spaghetti, pour une explosion de saveurs fruitées et pétillantes à chaque bouchée.	https://www.mesbonbons.net/fr/shop/sweet-party-spaghetti-pomme-citrique-1-kg	https://fladis.azureedge.net/erp/bec592f1-fbc7-4067-bb64-7a4891983b9f.png	in_stock	9.99 EUR	Sweet Party	5413128354965	yes	new
5812	Lipton Ice Tea Tropical - 330 ml	Lipton Ice Tea Tropical est une boisson rafraîchissante qui marie les saveurs exotiques de la mangue, de l’ananas et de la passion.	https://www.mesbonbons.net/fr/shop/lipton-ice-tea-tropical-330-ml	https://fladis.azureedge.net/erp/e32cd60c-8652-43fc-8810-16ffb40b98fd.png	out_of_stock	2.50 EUR	Lipton	3168930178064	yes	new
5828	Lay's Paysanne Ossau Iraty et Tomates Séchées - 120 g	Les chips Lay’s Paysanne Ossau-Iraty et Tomates Séchées sont une édition spéciale qui met à l’honneur des saveurs du terroir. Ces chips ondulées offrent une expérience gustative raffinée, alliant le croquant généreux de Lay’s à un mariage gourmand de fromage Ossau-Iraty et de tomates séchées.	https://www.mesbonbons.net/fr/shop/lays-paysanne-ossau-iraty-et-tomates-sechees-120-g	https://fladis.azureedge.net/erp/e8a15b6d-6c85-4604-8b4b-8b56d130b491.png	out_of_stock	3.29 EUR	Lay's	3168930177616	yes	new
5830	Sac cabas -  Stitch Scrump	Le sac cabas Stitch Sweet Thing est un accessoire à la fois pratique et plein de tendresse, parfait pour illuminer votre quotidien.	https://www.mesbonbons.net/fr/shop/sac-cabas-stitch-scrump	https://fladis.azureedge.net/erp/34bdabce-b43e-436a-93d9-9a634118798a.png	in_stock	3.00 EUR		3700891710510	yes	new
5831	M&M's Gelée au Beurre de Cacahuète - 46 g	Les M&M’s Peanut Butter & Jelly sont une édition originale qui revisite la célèbre combinaison américaine de beurre de cacahuète et confiture.	https://www.mesbonbons.net/fr/shop/mms-gelee-au-beurre-de-cacahuete-46-g	https://fladis.azureedge.net/erp/15ed0f6c-2dec-43ce-8b5a-fa2c4b4f8bce.png	out_of_stock	2.99 EUR	M&M's	040000605539	yes	new
5833	KitKat Duos Menthe + Chocolat Noir - 42 g	Le KitKat Menthe est une barre chocolatée originale composée de gaufrettes croustillantes, enrobées d’une crème à la menthe rafraîchissante, le tout nappé d’un chocolat noir intense.	https://www.mesbonbons.net/fr/shop/kitkat-duos-menthe-chocolat-noir-42-g	https://fladis.azureedge.net/erp/1d7a9ccd-72a2-4ac3-90df-a1c978e37495.png	out_of_stock	2.49 EUR	KitKat	034000318285	yes	new
5835	Potion du Cerf Blanc Litchi - 330 ml	Découvrez la Harry Potter Potion du Cerf Blanc à la Litchi, une boisson magique de 330 ml qui ravira les fans de la saga. Avec sa saveur délicate et exotique de litchi, cette potion vous transportera directement dans l'univers enchanteur de Poudlard. Parfait pour les jeunes sorciers et sorcières en quête de rafraîchissement.	https://www.mesbonbons.net/fr/shop/potion-du-cerf-blanc-litchi-330-ml	https://fladis.azureedge.net/erp/a1f3a5f1-e068-4a29-aeec-e51276495bff.png	in_stock	6.99 EUR	L'Élixir Des 3 Sorciers	3800477250185	yes	new
5838	Biscuit Lotte Koala Fraise - 48 g	Les biscuits Lotte Koala no March Fraise sont de petits biscuits croustillants en forme de koala, fourrés d’une crème à la fraise douce et fruitée. Chaque biscuit arbore un dessin de koala différent, rendant le snack aussi amusant que délicieux. Fabriqués au Japon, ils sont sans colorants artificiels et soutiennent la préservation des koalas en Australie.	https://www.mesbonbons.net/fr/shop/biscuit-lotte-koala-fraise-48-g	https://fladis.azureedge.net/erp/1c65dbd6-0222-4a7e-b948-b1bedaff480f.png	out_of_stock	2.49 EUR	Lotte	4903333133062	yes	new
5842	Hello Panda Caramel - 42 g	Les Meiji Hello Panda Caramel sont de délicieux biscuits japonais en forme de panda, garnis d’une crème onctueuse au caramel. Chaque biscuit est illustré d’un petit panda dans des scènes sportives, ajoutant une touche ludique à chaque bouchée. Avec leur cœur fondant et leur enrobage croustillant, ces biscuits sont parfaits pour une pause sucrée pleine de douceur.	https://www.mesbonbons.net/fr/shop/hello-panda-caramel-42-g	https://fladis.azureedge.net/erp/8fa4d382-a45f-477f-9ce3-2717192f32b4.png	in_stock	2.49 EUR	Meiji	8994504240036	yes	new
5844	Mars Secret Centre Biscuits - 132 g	Les Mars Secret Centre Biscuits sont des biscuits croustillants inspirés de la célèbre barre chocolatée Mars. Chaque biscuit est recouvert de chocolat au lait et renferme un cœur fondant au caramel, offrant une expérience gourmande unique.	https://www.mesbonbons.net/fr/shop/mars-secret-centre-biscuits-132-g	https://fladis.azureedge.net/erp/b370a266-09eb-492c-9f52-e93d5bbf2910.png	in_stock	4.49 EUR	Mars	5056357909812	yes	new
5864	Fanta Japan Raisin Doré - 500 ml	Découvrez l’exotisme avec Fanta Japan Golden Grape ! Cette boisson pétillante vous emmène au cœur du Japon avec ses arômes intenses et raffinés de raisin doré. Une explosion de fraîcheur fruitée à chaque gorgée, parfaite pour étancher votre soif tout en savourant une saveur originale et élégante venue d’Asie.	https://www.mesbonbons.net/fr/shop/fanta-japan-raisin-dore-500-ml	https://fladis.azureedge.net/erp/ea57918a-4c7f-4bb0-b24f-a540dc674a04.png	out_of_stock	3.00 EUR	Fanta	4902102146326	yes	new
5874	Monin Saveur Thé Citron Concentré - 100 cl	Apportez une note fraîche et tonique à vos créations avec le concentré Monin Thé Citron. Son goût vif et rafraîchissant mêlant l'intensité du thé infusé à l'acidité naturelle du citron apporte une touche désaltérante à vos thés glacés, cocktails, mocktails, granités ou pâtisseries.	https://www.mesbonbons.net/fr/shop/monin-saveur-the-citron-concentre-100-cl	https://fladis.azureedge.net/erp/41b98452-a858-45e7-8cc2-825b7f912050.png	in_stock	18.99 EUR	Monin	3052911171475	yes	new
5875	Monin Sirop Saveur Thé Vert Matcha - 70 cl	Apportez une note végétale et raffinée à vos créations avec le concentré Monin Matcha Green Tea. Son goût doux et herbacé de thé vert matcha, aux subtiles notes terreuses, enrichit vos lattes, thés glacés, smoothies, cocktails, desserts ou pâtisseries d'une touche à la fois élégante et revigorante.	https://www.mesbonbons.net/fr/shop/monin-sirop-saveur-the-vert-matcha-70-cl	https://fladis.azureedge.net/erp/2dd560e3-be72-4ca1-a8ec-a21859e28fd6.png	in_stock	15.99 EUR	Monin	3052910041090	yes	new
5881	Monin Sauce Caramel - 500 ml	La sauce caramel MONIN est une préparation onctueuse et sucrée, idéale pour napper vos desserts, cafés, crêpes ou milkshakes. Sa texture veloutée et son goût riche en caramel apportent une touche gourmande et chaleureuse à toutes vos créations.	https://www.mesbonbons.net/fr/shop/monin-sauce-caramel-500-ml	https://fladis.azureedge.net/erp/ad266d07-4ef8-46d3-8c6a-bae466fbe7c6.png	out_of_stock	13.99 EUR	Monin	3052910044206	yes	new
5885	Galler Chocolat Noir Framboise - 70 g	Le Galler Chocolat Noir Framboise est une barre raffinée de chocolat noir intense, sublimée par un fourrage fruité à la framboise. L’alliance du cacao corsé et de la fraîcheur acidulée de la framboise offre une expérience gustative contrastée, à la fois intense et délicatement fruitée.	https://www.mesbonbons.net/fr/shop/galler-chocolat-noir-framboise-70-g	https://fladis.azureedge.net/erp/009fe094-b745-413c-b6d8-51974b661aa8.png	out_of_stock	3.00 EUR	Galler	5412038385298	yes	new
5900	Pizza Chocolat Assorti - 44 g	La Pizza Chocolat Assortie – 44 g de Bernard Chocolatier est une mini gourmandise en forme de pizza, alliant chocolat noir et chocolat au lait de qualité supérieure, agrémentée de décorations colorées et croustillantes.	https://www.mesbonbons.net/fr/shop/pizza-chocolat-assortie-44-g	https://fladis.azureedge.net/erp/f173ee51-ea22-4bc7-8daa-cb93ba775028.png	in_stock	2.49 EUR	BERNARD Chocolatier	3800501647677	yes	new
5921	Tablette Chocolat au Lait avec Caramel et Amandes - 85 g	La tablette Chocolat Amore Lait Caramel Amandes est une gourmandise fondante qui marie la douceur du chocolat au lait à des éclats croquants d’amandes et à un caramel délicatement doré. Chaque bouchée offre un équilibre parfait entre onctuosité, croquant et notes subtilement sucrées, pour un moment de pur plaisir.	https://www.mesbonbons.net/fr/shop/tablette-chocolat-au-lait-avec-caramel-et-amandes-85-g	https://fladis.azureedge.net/erp/a922a868-8e5f-40c1-b7d3-5c6463234774.png	in_stock	3.29 EUR	Chocola Amore	5420001523233	yes	new
5923	Sweet Party Tapis Framboise Citrique - 1,7 kg	Bonbon en forme de tapis au goût de framboise et acidulé.	https://www.mesbonbons.net/fr/shop/sweet-party-tapis-framboise-citrique-17-kg	https://fladis.azureedge.net/erp/3f9954be-924b-492c-951c-a85ee69fef4d.png	in_stock	13.99 EUR	Sweet Party	5413128354958	yes	new
5924	PaperMints Cool Caps Fraise - 18 billes	PaperMints Cool Caps Fraise est une solution fraîcheur ultra-compacte au délicieux goût de fraise. Chaque bille fond instantanément en bouche pour rafraîchir l’haleine en un clin d’œil. Idéal après un repas ou avant un rendez-vous, ce format nomade se glisse facilement dans une poche ou un sac.	https://www.mesbonbons.net/fr/shop/papermints-cool-caps-fraise-18-billes	https://fladis.azureedge.net/erp/aa68306a-a528-40b3-aba3-428967e4cbe4.png	in_stock	1.99 EUR	PaperMints	5425010096396	yes	new
5932	Fanta Rich Apple - 500 ml	Le Fanta Rich Apple est une boisson pétillante japonaise au goût intense de pomme. Rafraîchissante et légèrement sucrée, elle offre une saveur fruitée riche et authentique, proche du jus de pomme frais. Son arôme naturel et son effervescence en font une boisson parfaite pour une pause désaltérante pleine de gourmandise. Une expérience unique pour les amateurs de sodas fruités !	https://www.mesbonbons.net/fr/shop/fanta-rich-apple-500-ml	https://fladis.azureedge.net/erp/869735eb-6c96-426a-9ae0-17b16e1c9342.png	out_of_stock	3.00 EUR	Fanta	4902102149655	yes	new
5942	Buldak Ramen Cup HOT Chicken Cheese - 70 g	Découvrez la fusion parfaite de piquant et de crémeux avec les nouilles Samyang Ramen HOT Chicken Cheese. Ce plat associe l'intensité épicée du poulet à la richesse fondante du fromage.	https://www.mesbonbons.net/fr/shop/buldak-ramen-cup-hot-chicken-cheese-70-g	https://fladis.azureedge.net/erp/ff809bc7-baca-4878-971b-e5310d080d6b.png	in_stock	3.99 EUR	Samyang	8801073211254	yes	new
5952	Skittles Crazy Sours Giants 3x Bigger - 132 g	Les Skittles Giants Crazy Sours 3x Bigger sont des bonbons fruités acidulés trois fois plus gros que les Skittles classiques, pour une expérience encore plus intense. Leur grande taille offre une texture tendre et une mâche prolongée. Chaque bonbon libère des saveurs acidulées éclatantes, mêlant fruits rouges, agrumes et autres surprises piquantes, pour une explosion de goût à chaque bouchée.	https://www.mesbonbons.net/fr/shop/skittles-crazy-sours-giants-3x-bigger-132-g	https://fladis.azureedge.net/erp/dbed0e74-0123-4372-a72a-76a65b5ecade.png	in_stock	3.49 EUR	Skittles	4009900546140	yes	new
5953	Dr Pepper Cherry Crush Zero - 330 ml	Une boisson gazeuse unique au goût intense de Dr Pepper Cherry, dans sa version Crush Zero, alliant fraîcheur, douceur fruitée et zéro sucre pour une expérience rafraîchissante sans compromis.	https://www.mesbonbons.net/fr/shop/dr-pepper-cherry-crush-zero-330-ml	https://fladis.azureedge.net/erp/66e3610a-2548-48b6-975b-c26d687923c9.png	out_of_stock	2.50 EUR	Dr Pepper	5449000334237	yes	new
5961	Kubli Bonbons Violette - 130 g	Les Bonbons Kubli Violette sont des confiseries traditionnelles françaises, offrant une saveur naturelle et florale de violette. En forme de petite fleur à cinq pétales, ces bonbons au sucre cuit sont givrés, croquants à l’extérieur et légèrement fondants, évoquant des souvenirs d’enfance.	https://www.mesbonbons.net/fr/shop/kubli-bonbons-violette-130-g	https://fladis.azureedge.net/erp/ad02d9ae-3da6-468b-82b2-48d968f40be3.png	out_of_stock	3.49 EUR	Kubli	3045431961305	yes	new
5965	Sweet Party Lacet Pomme - 1,35 kg	Bonbon en forme de spaghetti au goût de pomme.	https://www.mesbonbons.net/fr/shop/sweet-party-lacet-pomme-135-kg	https://fladis.azureedge.net/erp/91c61fd7-7389-429d-905a-35796ac81d5b.png	in_stock	13.99 EUR	Sweet Party	5413128355054	yes	new
5974	Ultra Ice Tea Pêche Naruto Sasuke - 33 cl	Naruto – Ice Tea Pêche Retrouve toute la fraîcheur d’une pause bien méritée avec cette boisson à base d’extrait de thé et au délicieux goût de pêche, sans édulcorants ni conservateurs. Subtile, fruitée et ultra désaltérante, elle t’accompagnera idéalement entre deux missions ou séances d’entraînement ninja. Sous licence officielle Naruto, cette canette à l’effigie de Sasuke est un incontournable pour les fans du célèbre Uchiha — aussi parfaite à collectionner qu’à exposer.	https://www.mesbonbons.net/fr/shop/ultra-ice-tea-peche-naruto-sasuke-33-cl	https://fladis.azureedge.net/erp/3c886786-d327-4228-8bc4-735e3f83dcf1.png	out_of_stock	2.00 EUR	ULTRAPOP	3770027194545	yes	new
5987	Monin Sirop Saveur Thé Framboise - 70 cl	Apportez une touche fruitée et raffinée à vos créations avec le sirop Monin Thé Framboise. Son goût délicatement sucré de framboise mêlé aux arômes subtils de thé noir sublime vos thés glacés, cocktails, limonades, desserts ou pâtisseries d’une note à la fois fraîche et élégante.	https://www.mesbonbons.net/fr/shop/monin-sirop-saveur-the-framboise-70-cl	https://fladis.azureedge.net/erp/fc81db4d-4a13-43a7-baf9-6100c787a281.png	in_stock	15.99 EUR	Monin	3052911170294	yes	new
6025	Harry Potter Biscuit avec Chocolat au Lait - 126 g	Les biscuits Harry Potter avec chocolat au lait sont de délicieuses douceurs alliant une texture croquante à un nappage fondant de chocolat au lait. Chaque biscuit offre un équilibre parfait entre croustillant et gourmandise chocolatée. Inspirés de l’univers enchanteur de Harry Potter, ces biscuits promettent un moment de plaisir magique pour les petits et les grands fans de la saga.	https://www.mesbonbons.net/fr/shop/harry-potter-biscuit-avec-chocolat-au-lait-126-g	https://fladis.azureedge.net/erp/00e0f871-8414-42ae-b671-3b18e0d7e269.png	out_of_stock	3.99 EUR	Witor's	8003535084776	yes	new
6026	Bergen Dubai Cookies Crème à la pistache au chocolat au lait - 128 g	Plongez dans une gourmandise d'inspiration orientale avec les Bergen Dubai Style Cookies Pistachio. Ces biscuits fondants associent un cœur crémeux à la pistache à un enrobage au chocolat au lait délicatement sucré.	https://www.mesbonbons.net/fr/shop/bergen-dubai-cookies-creme-a-la-pistache-au-chocolat-au-lait-128-g	https://fladis.azureedge.net/erp/cb60b7ba-0afd-47f1-aef3-e5946022a0d7.png	in_stock	2.99 EUR	Bergen	5902379015829	yes	new
6029	Monster Energy Rio Punch - 500 ml	Le Monster Rio Punch est une boisson énergisante au goût fruité et exotique, mêlant des notes de pomme, mangue, papaye et raisin blanc. Rafraîchissante et boostée à la caféine, elle offre une explosion de saveurs tropicales pour une énergie immédiate et un plaisir intense.	https://www.mesbonbons.net/fr/shop/monster-energy-rio-punch-500-ml	https://fladis.azureedge.net/erp/7fa40306-3300-4e74-8a92-1c929b08c5c5.png	in_stock	3.00 EUR	Monster Energy	5056784902943	yes	new
6031	Monster Energy White Pineapple - 500 ml	Le Monster Energy White Pineapple – 500 ml est une boisson énergisante sucrée à la saveur exotique d’ananas blanc, agrémentée d’un apport massif en caféine et vitamines B. Intense, fruitée et audacieuse.	https://www.mesbonbons.net/fr/shop/monster-energy-white-pineapple-500-ml	https://fladis.azureedge.net/erp/780b2e2b-a1f2-4e6b-8ab6-07e37888d663.png	in_stock	3.00 EUR	Monster Energy	5060896627519	yes	new
6033	Snickers Wafer Roll - 12 x 24 g	Les Snickers Wafer Rolls sont des rouleaux de gaufre croustillants garnis de caramel crémeux, de chocolat fondant et de cacahuètes croquantes, offrant un goût délicieux et une texture à la fois croquante et fondante.	https://www.mesbonbons.net/fr/shop/snickers-wafer-roll-12-x-24-g	https://fladis.azureedge.net/erp/333e2988-8167-49e8-933c-ae8e1fe3b0b8.png	in_stock	15.99 EUR	Snickers	6221134010473	yes	new
6043	M&M's Crispy - 77 g x 16 pièces	Les M&M's Crispy sont des petites dragées de différentes couleurs composées de riz soufflé et de chocolat. Le tout est enrobé d'une couche de sucre croquante.	https://www.mesbonbons.net/fr/shop/mms-crispy-77-g-x-16-pieces	https://fladis.azureedge.net/erp/aaf10d4e-ed47-482b-af3c-2f47aa0b3632.png	in_stock	37.99 EUR	M&M's	5000159562270	yes	new
6046	M&M's Chocolat - 90 g	Les M&M's chocolat sont des petites dragées de différentes couleurs au cœur choco enrobé d'une couche de sucre croquante.	https://www.mesbonbons.net/fr/shop/mms-chocolat-90-g	https://fladis.azureedge.net/erp/53b681e1-70ca-4cbd-b1cc-61eecee4b218.jpg	in_stock	2.99 EUR	M&M's	5900951247972	yes	new
6048	American Bakery Caramel Cones - 112 g	Les American Bakery Cones Caramel sont de délicieux cônes croustillants garnis d’une onctueuse crème au caramel, recouverte d’un enrobage gourmand et agrémentée de morceaux de cacahuètes. Leur cœur fondant et leur texture croquante offrent une expérience sucrée irrésistible.	https://www.mesbonbons.net/fr/shop/american-bakery-caramel-cones-112-g	https://fladis.azureedge.net/erp/304507cf-d3b3-49ae-a6a7-81a8d010a1ff.png	out_of_stock	2.50 EUR	American Bakery	8718868063519	yes	new
6054	Buldak Ramen Bowl 2x HOT Chicken - 105 g	Plongez dans l’intensité avec le bowl Samyang Ramen Hot Chicken Flavor 2x Spicy. Ce format pratique de 105 g renferme des nouilles épaisses et moelleuses, prêtes à être savourées dans un bouillon ultra-épicé au goût de poulet.	https://www.mesbonbons.net/fr/shop/buldak-ramen-bowl-2x-hot-chicken-105-g	https://fladis.azureedge.net/erp/ef118fa0-a04d-4fc8-a156-67032af7a168.png	out_of_stock	4.99 EUR	Samyang	8801073211216	yes	new
6055	Buldak Ramen Cup HOT Chicken Cheese - 105 g	Découvrez la fusion parfaite de piquant et de crémeux avec les nouilles Samyang Ramen HOT Chicken Cheese. Ce plat associe l'intensité épicée du poulet à la richesse fondante du fromage.	https://www.mesbonbons.net/fr/shop/buldak-ramen-cup-hot-chicken-cheese-105-g	https://fladis.azureedge.net/erp/52e67150-ae05-43bd-a25f-7ff8d65df518.png	out_of_stock	5.99 EUR	Samyang	8801073211056	yes	new
6057	Snickers Pods - 160 g	Les Snickers Pods – 160 g sont de délicieuses bouchées croquantes alliant une base de biscuit croustillant, un cœur fondant au caramel et au nougat, le tout enrobé de chocolat au lait.	https://www.mesbonbons.net/fr/shop/snickers-pods-160-g	https://fladis.azureedge.net/erp/3cbf07f9-983e-4e06-b273-3dac6d43588e.png	out_of_stock	5.49 EUR	Snickers	9300682047944	yes	new
6059	Mars Pods - 160 g	Les Mars Pods – 160 g sont de délicieuses bouchées au format mini, composées d'une base de biscuit croquant, surmontée d’un cœur fondant au caramel et au nougat, le tout enrobé de chocolat au lait.	https://www.mesbonbons.net/fr/shop/mars-pods-160-g	https://fladis.azureedge.net/erp/3f55dcee-c46c-48ed-a9a6-137cbf551f87.png	in_stock	5.49 EUR	Mars	9300682047913	yes	new
6060	Chiclets Menthe Fraîche Sans Sucre - 16,8 g	Les Chiclets Peppermint No Sugar – 16,8 g sont des petits bâtonnets de gomme à la menthe fraîche, sans sucre ajouté.	https://www.mesbonbons.net/fr/shop/chiclets-menthe-fraiche-sans-sucre-168-g	https://fladis.azureedge.net/erp/13795870-ebc6-461b-ae4b-e7635c9ab2ca.png	in_stock	1.99 EUR	Van Holten's	8723400946069	yes	new
6061	Chiclets Fraise Sans Sucre - 16,8 g	Les Chiclets Strawberry No Sugar – 16,8 g sont de délicieuses gommes à mâcher à la saveur douce et fruitée de fraise, sans sucre ajouté	https://www.mesbonbons.net/fr/shop/chiclets-fraise-sans-sucre-168-g	https://fladis.azureedge.net/erp/7406dadb-875d-4fae-9492-2e5be442b4ae.png	in_stock	1.99 EUR	Van Holten's	8723400946090	yes	new
6062	Chiclets Menthe Verte Sans Sucre - 16,8 g	Les Chiclets Spearmint No Sugar – 16,8 g sont des gommes à mâcher sans sucre, alliant texture croquante et une fraîcheur intense d’huile de menthe verte (spearmint).	https://www.mesbonbons.net/fr/shop/chiclets-menthe-verte-sans-sucre-168-g	https://fladis.azureedge.net/erp/de519382-eeeb-484c-b968-7758ba60d5c6.png	in_stock	1.99 EUR	Van Holten's	8723400946076	yes	new
6072	Sweet Party Mini Tapis Citrique Assortis - 1 kg	Assortiment de bonbons citriques en forme de tapis.	https://www.mesbonbons.net/fr/shop/sweet-party-mini-tapis-citrique-assortis-1-kg	https://fladis.azureedge.net/erp/1adb53ef-1933-4edf-91b7-ee722c877d3b.png	in_stock	9.99 EUR	Sweet Party	5413128355030	yes	new
6075	Gicopa Gomme Mix Fruits - 170 g	Gicopa, la célèbre confiserie belge se réinvente et vous présente ses gommes assorties au bon goût de fruits : fraise, orange, citron pomme.	https://www.mesbonbons.net/fr/shop/gicopa-gomme-mix-fruits-170-g	https://fladis.azureedge.net/erp/46ce42fd-a039-4175-a63a-e9f42a901003.png	in_stock	2.50 EUR	Gicopa	5411951037352	yes	new
6080	Cachet Chocolat au Lait Caramel et Sel Marin - 180 g	Cachet Chocolat au Lait Caramel et Sel Marin est une tablette de chocolat belge qui séduit par sa combinaison exquise : le chocolat au lait crémeux enveloppe généreusement des éclats de caramel onctueux, subtilement relevés d'une touche de sel marin. Chaque morceau offre une expérience gustative harmonieuse et sophistiquée, où la douceur du chocolat et du caramel rencontre la légère note salée pour un plaisir gourmand irrésistible à chaque bouchée.	https://www.mesbonbons.net/fr/shop/cachet-chocolat-au-lait-caramel-et-sel-marin-180-g	https://fladis.azureedge.net/erp/e52378eb-7c1e-4a8a-8822-eb79055e5088.png	out_of_stock	3.99 EUR	Cachet	5412956221203	yes	new
6081	Haribo Pastèque Sucrée - 1 kg	Les Haribo Pastèque Sucrée sont de tendres bonbons gélifiés en forme de tranches de pastèque, offrant une texture moelleuse et une saveur douce et fruitée. Leur enrobage légèrement sucré et leur aspect coloré en font une friandise appréciée de tous.	https://www.mesbonbons.net/fr/shop/haribo-pasteque-sucree-1-kg	https://fladis.azureedge.net/erp/5ebd4b6b-b0d9-40ef-852c-85c242fbc861.png	in_stock	10.99 EUR	Haribo	4001686016930	yes	new
6091	Dulceplus Citron Sucré - 1 kg	Les Citrons Sucrés Dulceplus sont des bonbons gélifiés en forme de citron, au goût sucré et fruité, sans acidité.	https://www.mesbonbons.net/fr/shop/dulceplus-citron-sucre-1-kg	https://fladis.azureedge.net/erp/8f0decf8-30fb-4cdd-b129-d75fa099f2af.jpg	in_stock	6.99 EUR	Dulceplus	8436546518082	yes	new
6092	Dulceplus Fleur Sucrée Assortie - 1 kg	Bonbons gélifiés en forme de fleurs multicolores, au goût fruité et sucré, sans acidité.	https://www.mesbonbons.net/fr/shop/dulceplus-fleur-sucree-assortie-1-kg	https://fladis.azureedge.net/erp/6d0bc229-9de5-4f40-b47a-6d1ca8685320.jpg	in_stock	6.99 EUR	Dulceplus	8436014444158	yes	new
6099	Dulceplus Coeur de Pêche Sucré - 1 kg	Ces délicieux bonbons gélifiés en forme de cœur, au goût fruité et sucré de pêche, offrent une texture tendre et fondante.	https://www.mesbonbons.net/fr/shop/dulceplus-coeur-de-peche-sucre-1-kg	https://fladis.azureedge.net/erp/c1a7afbb-be12-43d1-b1e1-60723c752f00.jpg	out_of_stock	6.99 EUR	Dulceplus	8436014444516	yes	new
6108	Dulceplus Anneau Pomme Acidulé - 1 kg	Les Dulceplus Anneau Pomme Acidulé sont des anneaux moelleux à la saveur de pomme verte, relevés d’une pointe d’acidité de pur bonheur. Parfaits pour les amateurs de sensations fruitées et acidulées.	https://www.mesbonbons.net/fr/shop/dulceplus-anneau-pomme-acidule-1-kg	https://fladis.azureedge.net/erp/159f0695-0e19-4fbf-b6ef-36b7cd5f2b02.jpg	in_stock	6.99 EUR	Dulceplus	8436014444882	yes	new
6111	Reese's Pieces Peanut Butter Box - 113 g	Profitez du goût irrésistible des Reese’s Pieces dans un format généreux ! Chaque boîte de 113 g contient de délicieuses dragées croustillantes au cœur fondant de beurre de cacahuète.	https://www.mesbonbons.net/fr/shop/reeses-pieces-peanut-butter-box-113-g	https://fladis.azureedge.net/erp/7f3f0baf-5aee-4842-b1d6-fa54a396f8a2.png	out_of_stock	4.49 EUR	Reese's	034000114702	yes	new
6126	Dulceplus Vers Multifruits Huilés - 1 kg	Les Dulceplus Multifruits sont de savoureux bonbons gélifiés aux formes variées, aux couleurs vives et à la texture tendre.	https://www.mesbonbons.net/fr/shop/copy-dulceplus-vers-huiles-1-kg	https://fladis.azureedge.net/erp/56db9673-7d1c-47c2-81e8-dcfdd91e0d6c.jpg	in_stock	6.99 EUR	Dulceplus	8436546519515	yes	new
6136	Dulceplus Bisou Coca Twist - 1 kg	Délicieux bonbons gélifiés en forme de bisou bicolore, au bon goût de cola. Texture moelleuse, finition brillante et légèrement huilée.	https://www.mesbonbons.net/fr/shop/dulceplus-bisou-coca-twist-1-kg	https://fladis.azureedge.net/erp/da7eed82-7624-4bbd-a950-aa7d1f5ccd64.jpg	in_stock	6.99 EUR	Dulceplus	8436014445827	yes	new
6138	Dulceplus Crâne Acidulé - 1 kg	Tendres bonbons gélifiés en forme de crâne, aux couleurs vives et recouverts d’une fine couche acidulée.	https://www.mesbonbons.net/fr/shop/dulceplus-crane-acidule-1-kg	https://fladis.azureedge.net/erp/9187d3d3-07b9-4bcc-b8a1-c2ea47ebe86d.jpg	in_stock	6.99 EUR	Dulceplus	8436546511892	yes	new
6140	Dulceplus Banane Verte Sucrée - 1 kg	Bonbons gélifiés en forme de banane, d’un vert éclatant, enrobés de sucre croquant.	https://www.mesbonbons.net/fr/shop/dulceplus-banane-verte-sucree-1-kg	https://fladis.azureedge.net/erp/94dc7190-dd5b-4db9-a793-435150662f32.jpg	out_of_stock	6.99 EUR	Dulceplus	8436546511144	yes	new
6182	Mr.Bite Pixel Lait Chocolaté et Crème de Pistache - 28 g	Craquez pour la barre Mr. Bite Pixel au chocolat au lait, fourrée d'une double crème onctueuse à la pistache et au lait. Une gaufrette croustillante enrobe ce cœur fondant, le tout nappé de délicieux chocolat.	https://www.mesbonbons.net/fr/shop/mr.bite-pixel-lait-chocolate-et-creme-de-pistache-10-x-28-g	https://fladis.azureedge.net/erp/9974dfb5-bb06-48a4-a3cd-ec29e16b9f14.png	in_stock	1.50 EUR	Mr.Bite	8697439308528	yes	new
6192	Takis Intense Nacho - 100 g	Les Takis Intense Nacho sont des chips de tortilla roulées au goût riche de fromage nacho, mais sans épices, idéales pour ceux qui préfèrent une saveur intense sans la chaleur du piment.	https://www.mesbonbons.net/fr/shop/takis-intense-nacho-100-g	https://fladis.azureedge.net/erp/054354ec-e9ae-4bef-a50f-4bded3b3a527.png	in_stock	3.49 EUR	Takis	8412600049587	yes	new
6200	Fini Petit Mix Acidulé - 1 kg	Un mélange coloré de mini bonbons gélifiés à la texture tendre et à l’enrobage citrique. Chaque pièce offre une explosion de saveurs acidulées.	https://www.mesbonbons.net/fr/shop/fini-petit-mix-acidule-1-kg	https://fladis.azureedge.net/erp/f3cab192-c2ad-4461-9f23-ab21d3b5245e.png	out_of_stock	9.99 EUR	Fini	8410525269820	yes	new
6202	M&M's Peanut - 400 g	Les M&M's Peanut sont des chocolats enrobés de bonbons colorés avec un cœur de cacahuète croquante. Idéaux pour une collation sucrée et satisfaisante, ces M&M's offrent une combinaison délicieuse de chocolat au lait et de cacahuète. Sachet de 400 g, parfait à partager ou à déguster en solo.	https://www.mesbonbons.net/fr/shop/mms-peanut-400-g	https://fladis.azureedge.net/erp/c9aa7a62-8411-4544-8146-7ece6c7169ab.png	out_of_stock	9.99 EUR	M&M's	4011100005884	yes	new
6206	Royal Mochi Menthe aux Pépites de Chocolat - 180 g	Un mochi tendre et rafraîchissant , alliant une pâte de riz moelleuse à une délicieuse garniture saveur menthe, parsemée de pépites de chocolat.	https://www.mesbonbons.net/fr/shop/royal-mochi-menthe-aux-pepites-de-chocolat-180-g	https://fladis.azureedge.net/erp/8c0f0628-1b91-4338-9ce4-d428223182eb.png	out_of_stock	5.99 EUR	Royal Family Custard	4711931036858	yes	new
6207	Royal Mochi Beurre de Cacahuètes - 180 g	Un mochi gourmand et exotique , où une pâte de riz gluant douce et chewy enveloppe une généreuse crème de beurre de cacahuètes.	https://www.mesbonbons.net/fr/shop/royal-mochi-beurre-de-cacahuetes-180-g	https://fladis.azureedge.net/erp/d7de141e-e70b-48a3-b3ed-08c6598242a2.png	out_of_stock	5.99 EUR	Royal Family Custard	4711931036834	yes	new
6208	Royal Mochi Caramel Beurre Salé - 180 g	Un mochi fondant et gourmand , enveloppé d’une pâte de riz moelleuse, renfermant un cœur crémeux au caramel au beurre salé.	https://www.mesbonbons.net/fr/shop/royal-mochi-caramel-beurre-sale-180-g	https://fladis.azureedge.net/erp/ee4db1c3-852a-4955-9b34-33a46e8ffd27.png	in_stock	5.99 EUR	Royal Family Custard	4711931036841	yes	new
6209	Royal Mochi Pancake Sirop d'Erable - 180 g	Un mochi doux et réconfortant , enveloppé dans une pâte de riz tendre et rempli d’un cœur crémeux parfumé au pancake et sirop d’érable.	https://www.mesbonbons.net/fr/shop/royal-mochi-pancake-sirop-derable-180-g	https://fladis.azureedge.net/erp/c1c9d0f1-c8df-469d-a86c-40b5884b7321.png	in_stock	5.99 EUR	Royal Family Custard	4711931036100	yes	new
6210	Royal Mochi Crème Vanille - 180 g	Un mochi élégant et gourmand , enrobé d’une pâte de riz gluant délicate, renfermant un cœur parfumé à la crème vanille.	https://www.mesbonbons.net/fr/shop/royal-mochi-creme-vanille-180-g	https://fladis.azureedge.net/erp/ffb298eb-c98f-47fe-9914-2e6bd7dc17f1.png	out_of_stock	5.99 EUR	Royal Family Custard	4711931036131	yes	new
6211	Royal Mochi Tiramisu & Crème - 180 g	Un mochi raffiné, sucré et gourmand , habillé d’une pâte de riz moelleuse et délicatement parfumée au tiramisu, avec un cœur crémeux inspiré du célèbre dessert italien.	https://www.mesbonbons.net/fr/shop/royal-mochi-tiramisu-creme-180-g	https://fladis.azureedge.net/erp/ee6a6dc7-cf61-4e01-8623-e186578bf4b0.png	out_of_stock	5.99 EUR	Royal Family Custard	4711931036117	yes	new
6212	Royal Mochi Matcha - 180 g	Un mochi authentique et raffiné , garni d’une délicate pâte de riz tendre à base de matcha d’Uji, révélé par une garniture crémeuse au lait	https://www.mesbonbons.net/fr/shop/royal-mochi-matcha-180-g	https://fladis.azureedge.net/erp/475bb425-4938-43f2-84f9-c02b0b092004.png	in_stock	5.99 EUR	Royal Family Custard	4711931034229	yes	new
6215	Royal Mochi Cheesecake Fraise - 180 g	Un mochi chic et gourmand , enveloppé d’une pâte de riz gluant légère, garni d’une crème inspirée du cheesecake à la fraise.	https://www.mesbonbons.net/fr/shop/royal-mochi-cheesecake-fraise-180-g	https://fladis.azureedge.net/erp/36c54a84-1ce9-49ec-94dd-bad170f09b38.png	in_stock	5.99 EUR	Royal Family Custard	4711931034205	yes	new
6220	Buldak Ramen Cup Spicy Chicken & Carbo - 80 g	Savourez l’intensité du poulet épicé coréen avec cette soupe instantanée Buldak Ramen Cup. Enrichie en carbonara crémeuse, elle offre un équilibre parfait entre piquant et douceur lactée, pour un repas rapide, riche en saveurs et réconfortant.	https://www.mesbonbons.net/fr/shop/buldak-ramen-cup-spicy-chicken-carbo-80-g	https://fladis.azureedge.net/erp/4eb37449-15c8-475a-9b38-60a4c6443c6f.png	out_of_stock	2.50 EUR	Samyang	8801073211667	yes	new
6221	Lay's Paysanne Moutarde de Dijon Poulet et Miel - 120 g	Des chips à l’épaisseur généreuse et au goût authentique, associant le piquant de la moutarde de Dijon à la douceur du miel et la saveur gourmande du poulet rôti.	https://www.mesbonbons.net/fr/shop/lays-paysanne-moutarde-de-dijon-poulet-et-miel-120-g	https://fladis.azureedge.net/erp/88f7b20e-883f-4538-94f8-4999e18e2480.png	out_of_stock	3.29 EUR	Lay's	3168930176350	yes	new
6222	Lay's Paysanne Fromage Frais - 120 g	Des chips généreusement ondulées , élaborées à partir de pommes de terre 100 % françaises , enrobées d’un assaisonnement savoureux au fromage frais, ail de Garonne et fines herbes .	https://www.mesbonbons.net/fr/shop/lays-paysanne-fromage-frais-120-g	https://fladis.azureedge.net/erp/23462a56-9a02-43a8-9a07-c658cc28a8f3.png	in_stock	3.29 EUR	Lay's	3168930167952	yes	new
6223	Lay's Paysanne Oignon de Roscoff Caramélisé - 120 g	Des chips ondulées et généreuses , issues de pommes de terre 100 % françaises, relevées d’un assaisonnement sophistiqué à l’oignon de Roscoff caramélisé.	https://www.mesbonbons.net/fr/shop/lays-paysanne-oignon-de-roscoff-caramelise-120-g	https://fladis.azureedge.net/erp/8d56a507-4476-48f4-be2d-73c120960c3e.png	out_of_stock	3.29 EUR	Lay's	3168930167921	yes	new
6235	Dr. Sour Dip'N Pop - 24 x 20 g	Les Dr. Sour Dip'n Pop sont des bonbons en poudre acide accompagnés d'un bâtonnet comestible. Le principe est simple : on trempe le bâtonnet dans la poudre acide pour ensuite le sucer. Cette expérience offre un mélange de saveurs très acidulées, souvent suivies d'une touche sucrée. Ces bonbons sont populaires chez les amateurs de sensations fortes grâce à leur goût très piquant et leur aspect interactif.	https://www.mesbonbons.net/fr/shop/dr.-sour-dipn-pop-24-x-20-g	https://fladis.azureedge.net/erp/0e4117f5-7ece-4ac7-a48c-85fa0ec33b4a.png	in_stock	11.99 EUR	Dr. Sour	8721042682963	yes	new
6246	Monin Sirop Saveur Vanille Sans Sucre - 70 cl	Le sirop Monin Saveur Vanille Sans Sucre 70 cl est une boisson concentrée à diluer, offrant le goût authentique de la vanille sans les calories.Idéal pour les cafés, cappuccinos, thés glacés, smoothies, cocktails, ou même en pâtisserie.	https://www.mesbonbons.net/fr/shop/monin-sirop-saveur-vanille-sans-sucre-70-cl	https://fladis.azureedge.net/erp/a994d799-a469-44f5-9af0-feb61eac8789.png	in_stock	15.99 EUR	Monin	3052910041182	yes	new
6247	Monin Sirop Saveur Noisette Sans Sucre - 70 cl	Le sirop Monin saveur noisette sans sucre est une alternative gourmande et légère pour aromatiser vos boissons et desserts sans ajouter de calories. Grâce à son goût naturel et intense de noisette, il sublimera vos cafés, thés, cocktails, smoothies ou pâtisseries.	https://www.mesbonbons.net/fr/shop/monin-sirop-saveur-noisette-sans-sucre-70-cl	https://fladis.azureedge.net/erp/67a7df86-ced5-4bda-adc3-e943d502ebf2.png	in_stock	15.99 EUR	Monin	3052910041175	yes	new
6248	Monin Sirop Saveur Caramel Sans Sucre - 70 cl	Le sirop Monin Saveur Caramel Sans Sucre offre une délicate saveur caramélisée, idéale pour aromatiser cafés, boissons froides et pâtisseries, tout en restant sans sucre et faible en calories.	https://www.mesbonbons.net/fr/shop/monin-sirop-saveur-caramel-sans-sucre-70-cl	https://fladis.azureedge.net/erp/ab5e0e0c-c02c-437a-9c55-4b858fb1ae64.png	in_stock	15.99 EUR	Monin	3052910041168	yes	new
6249	Coca Cola Citron Vert Zéro - 250 ml	Une boisson gazeuse sans sucre ni calories, combinant le goût classique de Coca‑Cola avec une touche rafraîchissante de citron vert	https://www.mesbonbons.net/fr/shop/coca-cola-citron-vert-zero-250-ml	https://fladis.azureedge.net/erp/0909e97a-9b6c-4bd8-a9f4-991eea99a174.png	out_of_stock	1.50 EUR	Coca-Cola	5000112680447	yes	new
6255	Hi-Chew Bonbons à la fraise - 50 g	Hi-Chew Strawberry 50g est un bonbon moelleux japonais au goût intense de fraise, offrant une texture unique et une saveur fruitée authentique.	https://www.mesbonbons.net/fr/shop/copy-hi-chew-bonbons-a-la-fraise-50-g	https://fladis.azureedge.net/erp/9b4a6d72-f1ca-4bbc-9457-fc35d474f08f.png	in_stock	2.99 EUR	Hi-Chew	873983000028	yes	new
6256	Hi-Chew Bonbons à la Pomme Verte - 50 g	Ces bonbons sont des fruits moelleux, avec une fine couche extérieure blanche et un cœur vert pomme acidulé, mélangeant douceur et fraîcheur.	https://www.mesbonbons.net/fr/shop/hi-chew-bonbons-a-la-pomme-verte-50-g	https://fladis.azureedge.net/erp/b00b313e-943c-451e-8507-697f2f9d65ee.png	in_stock	2.99 EUR	Hi-Chew	873983000035	yes	new
6263	Lollywood Bâtons de Réglisse Mix - 1 kg	Plongez dans un assortiment généreux de bâtons de réglisse aux saveurs variées, alliant tradition et plaisir gourmand. Ce mélange signé Lollywood vous offre une sélection colorée de bâtons moelleux, aux arômes intenses de réglisse noire.	https://www.mesbonbons.net/fr/shop/lollywood-batons-de-reglisse-mix-1-kg	https://fladis.azureedge.net/erp/e1b5b361-2000-488d-8a44-d71d4e302c60.png	in_stock	8.99 EUR	Lollywood	5420001599863	yes	new
6265	Gupperz Strawberry Milk Splash - 72 g	Gomme moelleuse en forme ludique, avec un centre liquide intensément parfumé à la fraise façon « lait ». Au premier croc, une texture tendre laisse place à une explosion de jus sucré-crémeux, pour une expérience gourmande et amusante.	https://www.mesbonbons.net/fr/shop/gupperz-fraise-lait-splash-72-g	https://fladis.azureedge.net/erp/882dc153-6c36-4e33-bdcb-308e16c31fe0.png	in_stock	3.99 EUR	Velondi Brands Inc.	860010882528	yes	new
6268	Fun Rock Candy Mix - 150 g	Un sachet d’environ 150 g de petites douceurs traditionnelles en sucre cuit, repliées à la main. Chaque bonbon évoque un petit fruit : pomme, citron (lemon), citron, orange, fraise – pamplemousse et cerise.	https://www.mesbonbons.net/fr/shop/fun-rock-candy-mix-150-g	https://fladis.azureedge.net/erp/bb58fff6-8fe9-4dee-8626-5f72182a4eef.png	in_stock	1.00 EUR	Hamlet	5400265043227	yes	new
6273	Lollywood Brique Framboise Citrique - 1 kg	Ajoutez une touche acidulée à vos créations sucrées avec ces délicieuses briques framboise citrique de la marque Lollywood .	https://www.mesbonbons.net/fr/shop/lollywood-brique-framboise-citrique-1-kg	https://fladis.azureedge.net/erp/0b599f01-ca6e-4585-a97d-17e2bb24fe6b.png	in_stock	8.99 EUR	Lollywood	5420001599887	yes	new
6275	Megastar Jumbo Stick Fraise Myrtille - 40 pièces	Ces Jumbo Sticks Fizzy Bicolor sont d’épais bâtonnets gélifiés bicolores rouge et bleu, super acidulés.	https://www.mesbonbons.net/fr/shop/megastar-jumbo-stick-fraise-myrtille-40-pieces	https://fladis.azureedge.net/erp/8789c708-9c34-4ee7-9fed-2abf101c4f61.png	in_stock	15.99 EUR	Mega Stars	8410525208782	yes	new
6279	Oyakata Nouilles Korean Barbecue - 93 g	Un mélange mijoté aux saveurs de viande grillée — bœuf mariné dans une sauce sucrée à base de sauce soja , d’ huile de sésame , et relevée par un soupçon de piment .	https://www.mesbonbons.net/fr/shop/oyakata-nouilles-korean-barbecue-93-g	https://fladis.azureedge.net/erp/50f03364-383e-46f6-9dd8-e79f344e6ff5.png	in_stock	2.50 EUR	Oyakata	5901384505400	yes	new
6280	Fanta Citron Fleur de Sureau Zéro - 330 ml	Fanta Zero Lemon Elderflower Shokata est une boisson gazeuse sans calories, combinant les saveurs rafraîchissantes du citron et de la fleur de sureau.	https://www.mesbonbons.net/fr/shop/fanta-citron-fleur-de-sureau-zero-330-ml	https://fladis.azureedge.net/erp/ce00ae9b-bfa9-4dec-9522-e8e9d4e42f2e.png	in_stock	2.50 EUR	Fanta	5449000314789	yes	new
6281	Megastar Jumbo Stick Multicouleur Twist - 40 pièces	Les Megastar Jumbo Stick Multicouleur Twist sont des bonbons gélifiés acidulés, colorés et torsadés,saveurs fruitées multicolores avec une texture moelleuse et légèrement acidulée.	https://www.mesbonbons.net/fr/shop/megastar-jumbo-stick-multicouleur-twist-40-pieces	https://fladis.azureedge.net/erp/a8dfc05d-cf43-4987-98f6-120d308ead71.png	in_stock	15.99 EUR	Mega Stars	8410525214967	yes	new
6289	Frisia UFO Tropical Crunchy - 36 g	Frisia UFO Tropical est une confiserie belge nostalgique : un petit wafer croustillant rempli d’un cœur acidulé aux saveurs exotiques, végan, sans gélatine, parfait pour grignoter ou partager.	https://www.mesbonbons.net/fr/shop/frisia-ufo-tropical-36-g	https://fladis.azureedge.net/erp/e21a3866-b582-4cd7-8625-42cde33d16c6.png	in_stock	1.50 EUR	Frisia	5411011561209	yes	new
6290	Frisia UFO Bubblegum Crunchy - 36 g	Nostalgie garantie : ces mini-soucoupes en galettes de papier à base d’amidon (type rice paper) renferment un cœur acidulé à la saveur bubblegum.	https://www.mesbonbons.net/fr/shop/frisia-ufo-bubblegum-36-g	https://fladis.azureedge.net/erp/47779286-7135-4d96-92a3-7a998e2f40a8.png	in_stock	1.50 EUR	Frisia	5411011561186	yes	new
6291	Frisia UFO Fruit Crunchy - 36 g	Des mini-soucoupes composées de papier comestible croustillant, renfermant un cœur de poudre acidulée aux saveurs fruitées variées , dont fraise, pomme, citron et orange, pour une explosion de goût.	https://www.mesbonbons.net/fr/shop/frisia-ufo-fruit-36-g	https://fladis.azureedge.net/erp/8eb59de7-f33e-4eeb-a87c-34eeacc2a492.png	in_stock	1.50 EUR	Frisia	5411011561216	yes	new
6292	Frisia UFO Coca Crunchy - 36 g	Ces délicieuses mini-soucoupes croustillantes, remplies d’une poudre acidulée au goût cola , combinent le croquant léger du wafer comestible et une saveur familière de soda, avec une touche acidulée.	https://www.mesbonbons.net/fr/shop/frisia-ufo-coca-36-g	https://fladis.azureedge.net/erp/3c37bfc0-7e16-4914-b3ca-0e5d92f637db.png	in_stock	1.50 EUR	Frisia	5411011561193	yes	new
6293	Bulgari Ourson Rose - 900 g	Guimauves moelleuses en forme d’ oursons roses.	https://www.mesbonbons.net/fr/shop/bulgari-ourson-rose-900-g	https://fladis.azureedge.net/erp/5edead15-8096-40d0-9a67-d4c35ae6d12e.png	in_stock	9.99 EUR	Bulgari	8006908008218	yes	new
6295	Red Bull ICE Edition  - 250 ml	Boisson énergisante ultra-réfrigérée qui combine fraîcheur glaciale et puissance. Son goût givré unique et son effet boost instantané en font l’alliée idéale des journées intenses.	https://www.mesbonbons.net/fr/shop/red-bull-ice-edition-250-ml	https://fladis.azureedge.net/erp/33191d77-0584-430f-a407-c45a8ac01b2a.jpg	in_stock	2.00 EUR	Red Bull	90493805	yes	new
6298	Monster Energy Ultra Fantasy Ruby Red Zero Sugar - 500 ml	Le Monster Energy Ultra Fantasy Ruby Red est une boisson énergisante sans sucre, offrant une saveur de pamplemousse rose.	https://www.mesbonbons.net/fr/shop/monster-energy-ultra-fantasy-ruby-red-zero-sugar-500-ml	https://fladis.azureedge.net/erp/12eabd64-8efd-4949-9b86-301d0bb48d7b.png	in_stock	3.00 EUR	Monster Energy	5056784905623	yes	new
6309	Chupa Chups Cola Drink - 345 ml	Une boisson gazeuse sucrée au goût inspiré des sucettes Chupa Chups Cola.	https://www.mesbonbons.net/fr/shop/chupa-chups-cola-drink-345-ml	https://fladis.azureedge.net/erp/a3ad7344-18a6-4789-9f12-6f28e1ef5db7.png	out_of_stock	2.00 EUR	Chupa Chups	8801069422084	yes	new
6310	Chupa Chups Melon & Cream Drink - 345 ml	Boisson gazeuse inspirée des sucettes Chupa Chups, au goût doux et crémeux mêlant le melon type honeydew à une note lactée légère.	https://www.mesbonbons.net/fr/shop/chupa-chups-melon-cream-drink-345-ml	https://fladis.azureedge.net/erp/032dd9c6-b4e4-4022-a938-d164268d019b.png	out_of_stock	2.00 EUR	Chupa Chups	8801069411255	yes	new
6316	Skittles Citrus - 136 g	Skittles Citrus offre une explosion de saveurs agrumes : citron, lime, orange, mandarine et orange sanguine. Chaque bonbon enrobé sucré cache un cœur fruité acidulé, idéal pour les amateurs de bonbons vifs et juteux.	https://www.mesbonbons.net/fr/shop/skittles-citrus-136-g	https://fladis.azureedge.net/erp/9bf82c01-208b-4888-a262-16be7c0fd3d8.png	in_stock	3.49 EUR	Skittles	4009900552813	yes	new
6317	Skittles Chewies - 137 g	Skittles Chewies remplacent la coque dure des Skittles traditionnels par une texture moelleuse et tendre, tout en conservant leurs saveurs fruitées intenses et colorées. Version idéale pour ceux qui préfèrent les bonbons fondants et moins craquants.	https://www.mesbonbons.net/fr/shop/skittles-chewies-137-g	https://fladis.azureedge.net/erp/f42c9e32-58fe-4bb9-b282-5fc9a0c2ef57.png	in_stock	3.49 EUR	Skittles	4009900538800	yes	new
6320	Chick'n Gum - 21 g	Un bonbon original en forme de cuisse de poulet, accompagné d’un gel à tremper. Amusant et apprécié des enfants.	https://www.mesbonbons.net/fr/shop/chickn-gum-21-g	https://fladis.azureedge.net/erp/bb7700c1-28cd-4905-8468-251598f22fb6.png	in_stock	1.00 EUR	Funny Candy	8964003074418	yes	new
6332	Bergen Dubai Style Crème de Noisettes avec Kadayif - 190 g	Succombez à l’élégance orientale avec cette création gourmande signée Bergen . Ce délice associe une crème de noisettes onctueuse , au goût riche et intense, à de fins filaments de kadayif croustillant.	https://www.mesbonbons.net/fr/shop/bergen-dubai-style-creme-de-noisettes-avec-kadayif-190-g	https://fladis.azureedge.net/erp/f35b4cec-36b2-47e1-abad-4e26be79be30.png	in_stock	6.99 EUR	Bergen	5902379684827	yes	new
6345	Cachet Chocolat au Lait Brownie & Pretzel - 180 g	Un mélange original de chocolat au lait fondant avec morceaux de brownie (8 %) et de mini‑bretzels salés (4 %), offrant une combinaison sucrée‑salée très gourmande.	https://www.mesbonbons.net/fr/shop/cachet-chocolat-au-lait-brownie-pretzel-180-g	https://fladis.azureedge.net/erp/4dd97a26-0c87-4b45-a73e-000dda72dbeb.png	in_stock	3.99 EUR	Cachet	5412956221197	yes	new
6356	Buldak Ramen Cup Spicy Chicken & Carbo - 105 g	Ce Buldak Carbonara Cup combine la version « carbonara » de Samyang (plus douce que l'original) avec une sauce crémeuse au lait et mozzarella.	https://www.mesbonbons.net/fr/shop/buldak-ramen-cup-spicy-chicken-carbo-105-g	https://fladis.azureedge.net/erp/4350ae42-ca82-440f-9190-c417396371b7.png	out_of_stock	4.99 EUR	Samyang	8801073211506	yes	new
6357	Buldak Ramen Bowl HOT Chicken & Habanero Lime - 110 g	Plongez dans une explosion de saveurs avec les nouilles Samyang Ramen HOT Chicken & Habanero Lime. Ce mélange audacieux combine la chaleur intense du piment habanero avec la fraîcheur acidulée du citron vert. Préparées en quelques minutes, ces nouilles offrent une texture ferme et un bouillon riche et épicé, parfaits pour les amateurs de sensations fortes. Chaque bouchée est une aventure gustative unique et piquante!	https://www.mesbonbons.net/fr/shop/buldak-ramen-bowl-hot-chicken-habanero-lime-110-g	https://fladis.azureedge.net/erp/ad294872-f36c-4c1e-9771-171f67675edc.png	out_of_stock	4.99 EUR	Samyang	8801073215863	yes	new
6369	Oreo Enrobé Chocolat au lait - 246 g	De délicieuses bouchées croustillantes enrobées de chocolat au lait, parfaites pour une pause gourmande !	https://www.mesbonbons.net/fr/shop/oreo-enrobe-chocolat-au-lait-246-g	https://fladis.azureedge.net/erp/7a694e95-cc4b-4538-a112-5684340a5a2d.png	in_stock	3.49 EUR	Oreo	7622300489434	yes	new
6371	Monin Sirop Saveur Tarte aux Pommes - 70 cl	Monin Sirop Saveur Tarte aux Pommes – 70 cl est un sirop gourmand évoquant la tarte aux pommes, polyvalent en boissons chaudes ou froides, avec un dosage simple et des notes de pomme, cannelle et pâte.	https://www.mesbonbons.net/fr/shop/monin-sirop-saveur-tarte-aux-pommes-70-cl	https://fladis.azureedge.net/erp/ae4d77af-d03e-405e-850d-fa19319a4481.png	in_stock	13.99 EUR	Monin	3052910041304	yes	new
6372	Côte d'Or Bâton Chocolat Lait Noisettes - 45 g	Un bâtonnet gourmand de chocolat au lait Côte d’Or, généreusement garni de noisettes entières croquantes.	https://www.mesbonbons.net/fr/shop/cote-dor-baton-lait-noisettes-44-g	https://fladis.azureedge.net/erp/27008491-3374-4b19-8867-36e32e3a6a4b.png	in_stock	1.00 EUR	Côte d'or	5410081202562	yes	new
6373	Monin Sirop Saveur Mojito Menthe - 70 cl	Un sirop rafraîchissant conçu pour évoquer le cocktail Mojito : arôme naturel de menthe fraîche et notes citron vert , le tout dans une base sucrée. Ce sirop est incolore et polyvalent, parfait pour préparer des mojitos classiques (avec ou sans alcool), thés glacés, limonades ou sodas aromatisés.	https://www.mesbonbons.net/fr/shop/monin-sirop-saveur-mojito-menthe-70-cl	https://fladis.azureedge.net/erp/57c555ee-a056-4ea2-b74c-70c0ccddec90.png	in_stock	13.99 EUR	Monin	3052910015961	yes	new
6374	Monin Sirop Erable Epices - 70 cl	Le sirop Monin Érable & Épices marie la douceur authentique du sirop d’érable à des notes délicates de cannelle et de clou de girofle . Idéal pour parfumer cafés, latte latte, chocolats chauds, thés froids, smoothies, cocktails (et mocktails) ou même desserts gourmands.	https://www.mesbonbons.net/fr/shop/monin-sirop-erable-epices-70-cl	https://fladis.azureedge.net/erp/956204fa-ea5b-4c2b-a5f2-f524c40bc4c4.png	in_stock	13.99 EUR	Monin	3052910041205	yes	new
6376	Monin Sirop Saveur Toffee Nut - 70 cl	Un sirop gourmand aux notes riches et douces de caramel au beurre , subtilement rehaussé par l’arôme de noix de macadamia grillées . Parfait pour vos cafés, boissons gourmandes, cocktails, thés glacés, milkshakes ou desserts.	https://www.mesbonbons.net/fr/shop/monin-sirop-saveur-toffee-nut-70-cl	https://fladis.azureedge.net/erp/c07ff3d9-e8a2-4ebb-b679-c3d782c7a31c.png	in_stock	13.99 EUR	Monin	3052910041007	yes	new
6377	Monin Sirop Saveur Mirabelle - 70 cl	Un sirop délicat qui capture toute la douceur sucrée de la mirabelle , avec une note veloutée typique de ce fruit doré. Idéal pour aromatiser cocktails, sodas, limonades, thés glacés , mais aussi une bière blonde ou des desserts gourmands.	https://www.mesbonbons.net/fr/shop/monin-sirop-saveur-mirabelle-70-cl	https://fladis.azureedge.net/erp/32291b8f-90d4-4069-8109-17fd608e73c2.png	in_stock	13.99 EUR	Monin	3052910010850	yes	new
6378	Monin Sirop Saveur Anis - 70 cl	Un sirop aux arômes puissants de réglisse et anis étoilé , à la fois rafraîchissant et intensément aromatique. Idéal pour apporter une touche méditerranéenne à vos cocktails , boissons lactées , thés glacés , diabolos ou même un chocolat chaud gourmand .	https://www.mesbonbons.net/fr/shop/monin-sirop-saveur-anis-70-cl	https://fladis.azureedge.net/erp/4712ea64-47e8-4fb1-aa01-06d25882996b.png	in_stock	13.99 EUR	Monin	3052910056230	yes	new
6379	Monin Sirop Saveur Citronnelle - 70 cl	Un sirop aux arômes frais et herbacés de citronnelle fraîchement coupée , offrant une touche citronnée subtile et rafraîchissante. Idéal pour aromatiser vos cocktails , thés glacés , sodas , limonades , smoothies ou frappés .	https://www.mesbonbons.net/fr/shop/monin-sirop-saveur-citronnelle-70-cl	https://fladis.azureedge.net/erp/78c65126-535a-4bfb-9b31-1e828ddfd436.png	in_stock	13.99 EUR	Monin	3052911188510	yes	new
6380	Monin Sirop Saveur Rhubarbe - 70 cl	Un sirop au goût authentique de rhubarbe acidulée , offrant une couleur rouge éclatante et une saveur fruitée équilibrée. Idéal pour aromatiser vos cocktails , mocktails , sodas , limonades , thés glacés ou frappés .	https://www.mesbonbons.net/fr/shop/monin-sirop-saveur-rhubarbe-70-cl	https://fladis.azureedge.net/erp/737fb7ef-3c7b-4ae1-9f7c-38eb268cb748.png	in_stock	13.99 EUR	Monin	3052911704161	yes	new
6381	Monin Sirop Saveur Triple Sec Curaçao - 70 cl	Un sirop sans alcool imitant la liqueur Curaçao Triple Sec , offrant une saveur d'orange douce et amère avec des notes d'agrume. Idéal pour aromatiser vos cocktails , mocktails , thés glacés , frappés ou chocolats chauds .	https://www.mesbonbons.net/fr/shop/monin-sirop-saveur-triple-sec-curacao-70-cl	https://fladis.azureedge.net/erp/35f376c6-0cd4-46dc-aac7-fc3ccb6446e6.png	in_stock	13.99 EUR	Monin	3052910055332	yes	new
6382	Monin Sirop Saveur Orange Sanguine - 70 cl	Un sirop au goût authentique d' orange sanguine , offrant une couleur rouge intense et une saveur fruitée équilibrée entre douceur et acidité. Idéal pour aromatiser vos cocktails , mocktails , sodas , thés glacés , frappés ou desserts .	https://www.mesbonbons.net/fr/shop/monin-sirop-saveur-orange-sanguine-70-cl	https://fladis.azureedge.net/erp/97b98a3d-da81-4dd3-b0fa-3e998d0722a7.png	in_stock	13.99 EUR	Monin	3052910041076	yes	new
6383	Monin Sirop Saveur Airelles - 70 cl	Un sirop au goût authentique d’ airelles mûres et juteuses , offrant une saveur fruitée légèrement acidulée et une couleur rouge profond . Idéal pour aromatiser vos cocktails , mocktails , sodas , thés glacés , frappés , ou pour accompagner vos desserts .	https://www.mesbonbons.net/fr/shop/monin-sirop-saveur-airelles-70-cl	https://fladis.azureedge.net/erp/2863cf0a-38b8-4523-a677-5d5706c2d5bf.png	in_stock	13.99 EUR	Monin	3052910010836	yes	new
6386	Monin Sirop Saveur Menthe Glaciale - 70 cl	Ce sirop offre une saveur intense de menthe , très rafraîchissante, parfaitement adaptée aux limonades estivales, cocktails ou boissons chocolatées. Il est réputé pour créer une véritable “sensation de fraîcheur” en bouche.	https://www.mesbonbons.net/fr/shop/monin-sirop-saveur-menthe-glaciale-70-cl	https://fladis.azureedge.net/erp/08a0fca0-e228-47be-9bac-d33e2d4a7855.png	in_stock	13.99 EUR	Monin	3052910055202	yes	new
6387	Monin Sirop Saveur Mangue Epices - 70 cl	Ce sirop associe la douceur tropicale de la mangue à une pointe épicée, évoquant une chaleur subtile et élégante. La combinaison du fruit juteux et d’un soupçon de piment offre une expérience exquise, idéale pour cocktails, mocktails ou thés glacés.	https://www.mesbonbons.net/fr/shop/monin-sirop-saveur-mangue-epices-70-cl	https://fladis.azureedge.net/erp/0d1f949a-e906-401b-87a2-0e8beb3aff54.png	in_stock	13.99 EUR	Monin	3052910041199	yes	new
6388	Monin Sirop Saveur Spicy - 70 cl	Le sirop Spicy de Monin propose des notes marquées de cannelle et de piment , avec un arrière-goût brûlant de piment fort.Visuellement, il se distingue par une couleur rouge intense , idéale pour rehausser vos boissons.	https://www.mesbonbons.net/fr/shop/monin-sirop-saveur-spicy-70-cl	https://fladis.azureedge.net/erp/aa223211-883e-4017-9408-f063b444b519.png	in_stock	13.99 EUR	Monin	3052910018900	yes	new
6389	Monin Sirop Saveur Rhum des Caraïbes - 70 cl	Offre un nez de rhum des Caraïbes vieilli en fût de chêne , avec des notes sucrées de vanille et de fruits tropicaux , parfois subtilement mielées et légèrement épicées.	https://www.mesbonbons.net/fr/shop/monin-sirop-saveur-rhum-des-caraibes-70-cl	https://fladis.azureedge.net/erp/475b8de4-b899-49ee-883c-c353007e9425.png	in_stock	13.99 EUR	Monin	3052910002121	yes	new
6390	Monin Sirop Saveur Jasmin - 70 cl	Ce sirop libère un nez délicat de fleurs de jasmin fraîchement coupées , avec une saveur florale subtile et sucrée, idéale pour apporter une touche raffinée à vos boissons d’inspiration asiatique ou créative.	https://www.mesbonbons.net/fr/shop/monin-sirop-saveur-jasmin-70-cl	https://fladis.azureedge.net/erp/6996a88c-df04-42b8-af8e-c41b82549d63.png	in_stock	13.99 EUR	Monin	3052910001544	yes	new
6391	Monin Sirop Saveur Orange Spritz - 70 cl	Ce sirop capture l’essence du célèbre Spritz italien : une saveur d’orange amère et fruitée , agrémentée de notes florales délicates , parfaite pour des cocktails ou des boissons fraîches et festives.	https://www.mesbonbons.net/fr/shop/monin-sirop-saveur-orange-spritz-70-cl	https://fladis.azureedge.net/erp/24f52944-be6f-43e7-94b3-85a0d1c98ebb.png	in_stock	13.99 EUR	Monin	3052911274077	yes	new
6392	Monin Sirop Saveur Pina Colada - 70 cl	Un délicieux mariage entre la douceur tropicale de l’ananas et la crème de coco — parfait pour recréer l'ambiance des Caraïbes dans des mocktails, frappés ou cafés glacés.	https://www.mesbonbons.net/fr/shop/monin-sirop-saveur-pina-colada-70-cl	https://fladis.azureedge.net/erp/42549406-e085-458a-b153-cbb53bedeff3.png	in_stock	13.99 EUR	Monin	3052910041038	yes	new
6393	Monin Sirop Saveur Fruits Rouges Epicés - 70 cl	Ce sirop propose une saveur chaude et complexe : un mélange gourmand de fruits rouges (myrtille, airelle, sureau et framboise) associés à des notes épicées délicates comme la cannelle et le clou de girofle.	https://www.mesbonbons.net/fr/shop/monin-sirop-saveur-fruits-rouges-epices-70-cl	https://fladis.azureedge.net/erp/2fc8d002-a324-4e82-ae1f-457c3b2eb0c1.png	in_stock	12.71 EUR	Monin	3052911563768	yes	new
6394	Monin Sirop Saveur Irish - 70 cl	Inspiré par la liqueur Irish Cream, ce sirop propose des saveurs riches de café torréfié, caramel anglais et notes beurrées , idéales pour créer un Irish Coffee sans alcool et d’autres boissons gourmandes.	https://www.mesbonbons.net/fr/shop/monin-sirop-saveur-irish-70-cl	https://fladis.azureedge.net/erp/fb09d6bd-aac4-4eae-815a-652b50e5bc2c.png	in_stock	13.99 EUR	Monin	3052910010218	yes	new
6395	Monin Sirop Saveur Thé Chaï - 70 cl	Ce sirop est conçu pour recréer l’ambiance chaleureuse d’un Chaï Latte , en combinant des notes épicées et gourmandes : thé noir ou vert, cannelle, gingembre, clou de girofle, cardamome, miel et une touche florale avec eau de fleur d’oranger.	https://www.mesbonbons.net/fr/shop/monin-sirop-saveur-the-chai-70-cl	https://fladis.azureedge.net/erp/b3b0c1db-3885-4e30-8f22-2b3b7bcee8df.png	in_stock	13.99 EUR	Monin	3052910015923	yes	new
6396	Monin Sirop Saveur Epices d'Hiver - 70 cl	Un sirop chaleureux aux notes de cannelle, girofle, piment et canneberge, idéal pour réchauffer vos boissons hivernales comme les chocolats chauds, thés, cafés et cocktails.	https://www.mesbonbons.net/fr/shop/monin-sirop-saveur-epices-dhiver-70-cl	https://fladis.azureedge.net/erp/0f38651a-f19f-4046-b5e3-444b71383a0d.png	in_stock	13.99 EUR	Monin	3052911297564	yes	new
6397	Monin Coffret Sirops pour Cocktails - 5 x 5 cl	Un coffret découverte de 5 mini sirops Monin (5 cl) aux saveurs incontournables : Mojito Mint, Fruit de la Passion, Fleur de Sureau, Fraise et Noix de Coco — parfait pour créer facilement des cocktails maison.	https://www.mesbonbons.net/fr/shop/monin-coffret-sirops-pour-cocktails-5-x-5-cl	https://fladis.azureedge.net/erp/e6c69109-df15-41ad-a2cf-26ee6d20e117.png	in_stock	17.99 EUR	Monin	3052910048242	yes	new
6398	Monin Coffret Sirops pour Cafés Aromatisés - 5 x 5 cl	Coffret découverte comprenant cinq mini-flacons de 5 cl chacun, parfaits pour aromatiser cafés, chocolats ou lattes gourmands. Les saveurs incluses sont : Caramel, Vanille (de Madagascar), Pain d’épices, Noisette, Amaretto.	https://www.mesbonbons.net/fr/shop/monin-coffret-sirops-pour-cafes-aromatises-5-x-5-cl	https://fladis.azureedge.net/erp/762abdf8-71f9-4f9d-a93a-1c1a098af0ba.png	in_stock	17.99 EUR	Monin	3052911347085	yes	new
6399	Monin Sirop Saveur Curaçao Bleu - 70 cl	Un sirop vibrant aux saveurs fraîches et fruitées d’orange amère, parfait pour apporter une touche colorée et exotique à vos cocktails, limonades et boissons estivales.	https://www.mesbonbons.net/fr/shop/monin-sirop-saveur-curacao-bleu-70-cl	https://fladis.azureedge.net/erp/6eb01e07-7809-4bb5-958c-56a415f8eb41.png	in_stock	13.99 EUR	Monin	3052910056353	yes	new
6400	Monin Sirop Saveur Tiramisu - 70 cl	Un sirop gourmand aux saveurs riches et délicates de café, mascarpone et cacao, parfait pour sublimer vos boissons, desserts et cocktails gourmands.	https://www.mesbonbons.net/fr/shop/monin-sirop-saveur-tiramisu-70-cl	https://fladis.azureedge.net/erp/ffecff86-fca8-4e76-8c2a-411111d3ca6e.png	in_stock	13.99 EUR	Monin	3052910041311	yes	new
6401	Monin Sirop Saveur Pain d'Epices - 70 cl	Un sirop aux saveurs chaleureuses et épicées, mêlant cannelle, girofle et muscade, idéal pour parfumer cafés, chocolats chauds, cocktails et desserts d’hiver.	https://www.mesbonbons.net/fr/shop/monin-sirop-saveur-pain-depices-70-cl	https://fladis.azureedge.net/erp/4f09c32c-b97b-4e9f-9e3a-55b70a28a7b9.png	in_stock	13.99 EUR	Monin	3052910018917	yes	new
6402	Monin Sirop Saveur Falernum - 70 cl	Un sirop exotique et parfumé, alliant les saveurs fraîches du citron vert, la douceur de l’amande amère, les notes épicées de girofle et la touche délicate de vanille, parfait pour vos cocktails tropicaux et boissons gourmandes.	https://www.mesbonbons.net/fr/shop/monin-sirop-saveur-falernum-70-cl	https://fladis.azureedge.net/erp/1bdd7203-32aa-413b-8e92-aac9a4c70b38.png	in_stock	13.99 EUR	Monin	3052911208867	yes	new
6403	Monin Sirop Saveur Bergamot - 70 cl	Un sirop frais et fruité, délicatement parfumé à la bergamote grâce à un jus concentré à 14%, rehaussé d’arômes naturels et d’une pointe acidulée. Parfait pour apporter une touche élégante et lumineuse à vos cocktails, thés et boissons rafraîchissantes.	https://www.mesbonbons.net/fr/shop/monin-sirop-saveur-bergamot-70-cl	https://fladis.azureedge.net/erp/944ac5a3-0cee-4a6b-aef5-34483d22933f.png	in_stock	13.99 EUR	Monin	3052911425783	yes	new
6406	Monin Sirop d'Agave - 70 cl	Un sirop naturellement sucrant à base de nectar d’agave, au goût doux et légèrement caramélisé, idéal pour sucrer vos boissons chaudes, cocktails et recettes avec une touche plus naturelle.	https://www.mesbonbons.net/fr/shop/monin-sirop-dagave-70-cl	https://fladis.azureedge.net/erp/15e74e0a-fc1d-41c1-b5e6-fd3f1f45983c.png	in_stock	16.99 EUR	Monin	3052911182587	yes	new
6407	Pure Monin Concentré de Menthe Non Sucré - 70 cl	Un concentré rafraîchissant à l’arôme naturel de menthe, sans sucre ajouté, parfait pour apporter une touche intense et végétale à vos boissons, cocktails, thés glacés ou applications culinaires, sans calories superflues.	https://www.mesbonbons.net/fr/shop/pure-monin-concentre-menthe-non-sucre-70-cl	https://fladis.azureedge.net/erp/50570864-3974-4250-ade1-a5fac5b804bf.png	in_stock	13.99 EUR	Monin	3052911513060	yes	new
6408	Pure Monin Concentré de Mangue Passion Non Sucré - 70 cl	Un concentré fruité et intense combinant les saveurs exotiques de la mangue et du fruit de la passion, sans sucre ajouté. Idéal pour parfumer cocktails, thés glacés, smoothies ou boissons sans alcool avec une touche tropicale et naturelle.	https://www.mesbonbons.net/fr/shop/pure-monin-concentre-de-mangue-passion-non-sucre-70-cl	https://fladis.azureedge.net/erp/d9c99a1f-f010-4487-9bb9-cc6275460be7.png	out_of_stock	13.99 EUR	Monin	3052911592096	yes	new
6409	Pure Monin Concentré de Fruits Rouges Non Sucré - 70 cl	Un concentré riche et équilibré aux saveurs authentiques de fraise, framboise, mûre et cassis, sans sucre ajouté. Parfait pour intensifier vos boissons, smoothies, cocktails et desserts avec une touche fruitée naturelle.	https://www.mesbonbons.net/fr/shop/pure-monin-concentre-de-fruits-rouges-non-sucre-70-cl	https://fladis.azureedge.net/erp/9d34eb42-d64c-4caf-9257-01a95e416924.png	in_stock	13.99 EUR	Monin	3052911513046	yes	new
6410	Pure Monin Concentré de Pêche et Abricot Non Sucré - 70 cl	Un concentré savoureux aux notes douces et ensoleillées de pêche et d’abricot, sans sucre ajouté. Idéal pour apporter une touche fruitée et naturelle à vos thés glacés, cocktails, mocktails et smoothies.	https://www.mesbonbons.net/fr/shop/pure-monin-concentre-de-peche-et-abricot-non-sucre-70-cl	https://fladis.azureedge.net/erp/e73410e0-94f6-4df5-be06-6174bc43dd91.png	in_stock	13.99 EUR	Monin	3052911513053	yes	new
6411	Monin Sirop Saveur Sangria Mix - 70 cl	Un sirop aux saveurs inspirées de la sangria traditionnelle, mêlant agrumes, fruits rouges et épices douces. Parfait pour créer des cocktails sans alcool ou rehausser vos boissons estivales avec une touche fruitée et festive.	https://www.mesbonbons.net/fr/shop/monin-sirop-saveur-sangria-mix-70-cl	https://fladis.azureedge.net/erp/c523f756-1597-4548-8c3e-c2aa4f0f9563.png	in_stock	13.99 EUR	Monin	3052910015978	yes	new
6415	Monin Sirop pour Base Limonade - 1 l	Une base citronnée et rafraîchissante, idéale pour créer facilement des limonades maison, mocktails ou boissons estivales aux fruits, avec un goût doux et acidulé parfaitement équilibré.	https://www.mesbonbons.net/fr/shop/monin-sirop-pour-base-limonade-1-l	https://fladis.azureedge.net/erp/bc112378-c38c-458b-a11d-55ba8a9e15cf.png	in_stock	13.99 EUR	Monin	3052911215780	yes	new
6416	Purée de Fruit Monin Framboise - 1 l	Une purée onctueuse au goût intense de framboise mûre, parfaite pour agrémenter smoothies, cocktails, desserts, yaourts ou sauces fruitées. Sa texture riche et son goût naturel en font un indispensable pour toutes vos créations gourmandes.	https://www.mesbonbons.net/fr/shop/puree-de-fruit-de-monin-framboise-1-l	https://fladis.azureedge.net/erp/6e36b9af-4fba-4610-b9ad-ae7ec8f7d128.png	out_of_stock	19.99 EUR	Monin	3052910033132	yes	new
6417	Purée de Fruit Monin Rhubarbe - 1 l	Une purée délicatement acidulée au goût authentique de rhubarbe fraîche, parfaite pour ajouter une touche originale à vos cocktails, mocktails, smoothies, desserts ou préparations pâtissières.	https://www.mesbonbons.net/fr/shop/puree-de-fruit-de-monin-rhubarbe-1-l	https://fladis.azureedge.net/erp/0ced2955-5a2f-4d2d-b4d2-cd004307c57b.png	in_stock	19.99 EUR	Monin	3052911273728	yes	new
6418	Purée de Fruit Monin Fruit de la Passion - 1 l	Une purée exotique et intensément fruitée au goût caractéristique du fruit de la passion. Idéale pour sublimer cocktails, smoothies, thés glacés, desserts ou applications culinaires tropicales.	https://www.mesbonbons.net/fr/shop/puree-de-fruit-de-monin-fruit-de-la-passion-1-l	https://fladis.azureedge.net/erp/89e7308f-79d9-4924-9695-7cc8b714eefc.png	out_of_stock	19.99 EUR	Monin	3052910033064	yes	new
6420	Purée de Fruit Monin Noix de Coco - 1 l	Une purée riche et onctueuse à la saveur douce et exotique de la noix de coco. Parfaite pour vos cocktails tropicaux, smoothies, desserts, boissons glacées ou applications culinaires gourmandes.	https://www.mesbonbons.net/fr/shop/puree-de-fruit-monin-noix-de-coco-1-l	https://fladis.azureedge.net/erp/d376a95c-5cc5-4ba6-a24e-600e29163ac4.png	out_of_stock	19.99 EUR	Monin	3052910033095	yes	new
6421	Purée de Fruit Monin Pêche - 1 l	Une purée veloutée au goût doux et juteux de la pêche mûre. Idéale pour rehausser smoothies, cocktails, thés glacés, desserts ou préparations pâtissières avec une touche fruitée et estivale.	https://www.mesbonbons.net/fr/shop/puree-de-fruit-monin-peche-1-l	https://fladis.azureedge.net/erp/49e61e05-ae59-46c4-8020-cecb2dec751e.png	in_stock	19.99 EUR	Monin	3052910033088	yes	new
6422	Purée de Fruit Monin Kiwi - 1 l	Une purée rafraîchissante au goût acidulé et vif du kiwi, parfaite pour donner une touche fruitée originale à vos cocktails, smoothies, thés glacés, desserts ou créations culinaires.	https://www.mesbonbons.net/fr/shop/puree-de-fruit-monin-kiwi-1-l	https://fladis.azureedge.net/erp/1c26261f-8884-40cd-a509-983fe9482009.png	in_stock	19.99 EUR	Monin	3052911101403	yes	new
6424	Purée de Fruit Monin Ananas - 1 l	Une purée fruitée et acidulée au goût frais et ensoleillé d’ananas mûr, idéale pour sublimer vos cocktails tropicaux, smoothies, thés glacés, desserts et recettes estivales.	https://www.mesbonbons.net/fr/shop/puree-de-fruit-monin-ananas-1-l	https://fladis.azureedge.net/erp/c6fb81c5-2cb5-4e91-972b-ef7a4fafc23d.png	in_stock	19.99 EUR	Monin	3052911273766	yes	new
6425	Purée de Fruit Monin Yuzu - 1 l	Une purée vive et aromatique au goût unique du yuzu, un agrume japonais aux notes citronnées, acidulées et florales. Idéale pour apporter une touche raffinée à vos cocktails, thés glacés, desserts ou créations gastronomiques.	https://www.mesbonbons.net/fr/shop/puree-de-fruit-monin-yuzu-1-l	https://fladis.azureedge.net/erp/56734df0-7af1-447b-9b95-d9047207f027.png	in_stock	19.99 EUR	Monin	3052911236921	yes	new
6426	Purée de Fruit Monin Cassis - 1 l	Une purée intense et fruitée au goût authentique de cassis, idéale pour rehausser vos cocktails, smoothies, thés glacés, desserts ou préparations culinaires d’une note acidulée et élégante.	https://www.mesbonbons.net/fr/shop/puree-de-fruit-monin-cassis-1-l	https://fladis.azureedge.net/erp/57af02dc-b89d-4b22-a37e-e062bdc77225.png	in_stock	19.99 EUR	Monin	3052911698965	yes	new
6427	Purée de Fruit Monin Banane - 1 l	Une purée onctueuse et gourmande au goût riche de banane mûre, parfaite pour ajouter une texture crémeuse et une saveur tropicale à vos smoothies, milkshakes, cocktails, desserts ou préparations sucrées.	https://www.mesbonbons.net/fr/shop/puree-de-fruit-monin-banane-1-l	https://fladis.azureedge.net/erp/ae0863bf-02b9-46d9-8870-980f53e8d59c.png	in_stock	19.99 EUR	Monin	3052910033118	yes	new
6428	Purée de Fruit Monin Fraise - 1 l	Une purée douce et parfumée au goût authentique de fraise mûre, idéale pour enrichir smoothies, cocktails, desserts, milkshakes ou toute création sucrée avec une touche fruitée et gourmande.	https://www.mesbonbons.net/fr/shop/puree-de-fruit-monin-fraise-1-l	https://fladis.azureedge.net/erp/b6f524b9-47d3-452b-a33e-ec3a683488f7.png	out_of_stock	19.99 EUR	Monin	3052910033125	yes	new
6432	Purée de Fruit Monin Fruits Rouges - 1 l	Une purée riche en saveurs mêlant framboise, fraise et cassis, offrant un équilibre parfait entre douceur et acidité. Idéale pour sublimer cocktails, smoothies, desserts, thés glacés et préparations gourmandes.	https://www.mesbonbons.net/fr/shop/puree-de-fruit-monin-fruits-rouges-1-l	https://fladis.azureedge.net/erp/0414d8ba-26f9-4351-ba80-62493673f134.png	out_of_stock	19.99 EUR	Monin	3052910033101	yes	new
6434	Purée de Fruit Monin Myrtille - 1 l	Une purée délicate et fruitée au goût subtil de myrtille sauvage, idéale pour agrémenter cocktails, smoothies, desserts, yaourts ou préparations culinaires avec une touche naturelle et gourmande.	https://www.mesbonbons.net/fr/shop/puree-de-fruit-monin-myrtille-1-l	https://fladis.azureedge.net/erp/a29766af-15be-4661-94b4-5c6993392731.png	in_stock	19.99 EUR	Monin	3052911236907	yes	new
6438	Ice Talk Myrtille Ade - 230 ml	Boisson rafraîchissante aux saveurs fruitées de myrtille, associant douceur et acidité pour une pause désaltérante. Format pratique de 230 ml, parfait pour emporter partout.	https://www.mesbonbons.net/fr/shop/ice-talk-blueberry-ade-230-ml	https://fladis.azureedge.net/erp/14447df4-8c61-44f5-bb69-c20953ea79ea.png	in_stock	2.50 EUR	Ice Talk	8809344668806	yes	new
6439	Ice Talk Pastèque Ade - 230 ml	Boisson rafraîchissante au goût sucré et fruité de pastèque, idéale pour une pause désaltérante et pleine de fraîcheur. Format pratique de 230 ml, parfait à emporter partout.	https://www.mesbonbons.net/fr/shop/ice-talk-watermelon-ade-230-ml	https://fladis.azureedge.net/erp/d0a7aaec-9f35-4a83-8e39-568452f7b50d.png	in_stock	2.50 EUR	Ice Talk	8809344668790	yes	new
6453	Love Lollies Bouquet - 50 g	Le Love Lollies Bouquet – 50 g est une confiserie fantaisie composée de cinq sucettes en forme de cœur , disposées en bouquet coloré.	https://www.mesbonbons.net/fr/shop/love-lollies-bouquet-50-g	https://fladis.azureedge.net/erp/acae10c6-066f-4027-a322-9223456bd1f1.png	in_stock	1.50 EUR	Funny Candy	6931722317517	yes	new
6460	Jawbreaker Blue Razz - 132 g	Jawbreaker Blue Razz : un bonbon dur multicolore, à la surface craquante, révélant une explosion de goût framboise bleue et une texture longue à savourer — pour les amateurs de défis sucrés !	https://www.mesbonbons.net/fr/shop/jawbreaker-blue-razz-132-g	https://fladis.azureedge.net/erp/1e464c6d-507f-49fd-9516-abed8bb8f29f.png	in_stock	1.50 EUR	Jawbreaker	5011061170033	yes	new
6467	Triple Power Push Pop - 34 g	Les Triple Power Push Pop combinent trois saveurs fruitées — fraise, framboise bleue et pastèque — dans une sucette à pousser.Chaque saveur est contenue dans une section séparée.	https://www.mesbonbons.net/fr/shop/triple-power-push-pop-34-g	https://fladis.azureedge.net/erp/00c5bf95-881b-4846-8de5-d646feb55071.png	in_stock	2.50 EUR	Bazooka	5011053021053	yes	new
6475	Pop'Lolly Dino - 36 x 16 g	Chaque Pop'Lolly Dino est une sucette en forme de dinosaure, accompagnée d'une poudre pétillante.En trempant la sucette dans la poudre, on obtient une expérience gustative amusante et interactive.	https://www.mesbonbons.net/fr/shop/poplolly-dino-36-x-16-g	https://fladis.azureedge.net/erp/626b1289-0080-4097-a96b-28c86db4d43e.png	in_stock	12.49 EUR	Funny Candy	6931722315476	yes	new
6502	Lipton Kombucha Framboise - 250 ml	Lipton Kombucha Framboise est une boisson pétillante alliant le thé fermenté kombucha et une saveur fruitée de framboise.	https://www.mesbonbons.net/fr/shop/lipton-kombucha-framboise-250-ml	https://fladis.azureedge.net/erp/d3a6b7b9-013c-4130-bb0e-01925b71974d.png	out_of_stock	3.00 EUR	Lipton	4062139019045	yes	new
6507	Sprite + Thé - 355 ml	Combinant la saveur classique de Sprite avec une touche de thé.	https://www.mesbonbons.net/fr/shop/sprite-the-355-ml	https://fladis.azureedge.net/erp/e0ad5f9e-86cb-4263-b278-0342b1748a51.png	out_of_stock	2.00 EUR	Sprite	067000013805	yes	new
6510	Toffifee Chocolat Blanc - 125 g	Edition limitée ! Le Toffifee Chocolat Blanc est une gourmandise composée d'une noisette entière enrobée de caramel, surmontée d'une crème au lait, le tout recouvert d'une couche généreuse de chocolat blanc crémeux.	https://www.mesbonbons.net/fr/shop/toffifee-chocolat-blanc-125-g	https://fladis.azureedge.net/erp/aada54c5-3f67-4590-9b42-958999e92bc7.png	out_of_stock	3.99 EUR	Toffifee	4014400932959	yes	new
6513	Bergen Cookies avec Cube de Gelée Cassis & Crème au Lait - 128 g	Les Bergen Cookies avec Cube de Gelée Cassis & Crème au Lait sont des biscuits polonais alliant une pâte sablée moelleuse, une gelée fruitée au cassis et une crème lactée onctueuse, le tout enrobé d’un glaçage au goût de chocolat blanc.	https://www.mesbonbons.net/fr/shop/bergen-cookies-avec-cube-de-gelee-cassis-creme-au-lait-128-g	https://fladis.azureedge.net/erp/96d3e7dd-d5dc-43e1-b645-ef0b0cbccdea.png	in_stock	2.20 EUR	Bergen	5902379935837	yes	new
6522	Sac cabas - Stitch Aloha	Le sac cabas Stitch Aloha est un accessoire à la fois pratique et plein de charme tropical, parfait pour apporter une touche de soleil et de bonne humeur à votre quotidien.	https://www.mesbonbons.net/fr/shop/sac-cabas-stitch-aloha	https://fladis.azureedge.net/erp/b51d74df-77c2-4ffc-ac5d-fa4be444745a.png	in_stock	3.00 EUR		3700891701969	yes	new
6524	Sac cabas - Minecraft	Le sac cabas Minecraft est un accessoire à la fois pratique et stylé, parfait pour les fans du célèbre jeu vidéo, avec un design inspiré de ses blocs emblématiques et de ses aventures pixélisées.	https://www.mesbonbons.net/fr/shop/sac-cabas-minecraft	https://fladis.azureedge.net/erp/55533ce0-01aa-4b05-b148-d6e517de141c.png	in_stock	3.00 EUR		3700891716697	yes	new
6530	Nerds Gummy Clusters Fruits - 113 g	Les Nerds Gummy Clusters Fruits sont des bonbons composés de petites grappes gélifiées aux saveurs variées de fruits, enrobées de bonbons Nerds croquants et acidulés. L’extérieur est légèrement acidulé et sucré, tandis que l’intérieur reste tendre et fruité.	https://www.mesbonbons.net/fr/shop/nerds-gummy-clusters-fruits-113-g	https://fladis.azureedge.net/erp/ec147f3e-a2fe-4d71-bc7e-967003b6b667.png	in_stock	4.00 EUR	Nerds	1230000131018	yes	new
6532	Bergen Cookies avec Cube de Gelée Banane et Beurre de Cacahuète - 128 g	Les Bergen Cookies avec Cube de Gelée Banane et Beurre de Cacahuète sont des biscuits polonais alliant une pâte sablée moelleuse, une gelée fruitée à la banane et une crème onctueuse au beurre de cacahuète, le tout enrobé d’un glaçage délicieusement sucré.	https://www.mesbonbons.net/fr/shop/bergen-cookies-avec-cube-de-gelee-banane-et-beurre-de-cacahuete-128-g	https://fladis.azureedge.net/erp/d465bc20-ad8e-4089-a2da-c530b600d20c.png	in_stock	2.20 EUR	Bergen	5902379930634	yes	new
6541	Frisia Mega Bbq Marshmallows - 300 g	De généreuses guimauves extra-grandes, spécialement conçues pour être grillées au barbecue ou au feu de camp.	https://www.mesbonbons.net/fr/shop/frisia-mega-bbq-marshmallows-300-g	https://fladis.azureedge.net/erp/de8aaa49-45f8-45f3-910e-83b3e3101ace.png	in_stock	3.49 EUR	Frisia	8710497965158	yes	new
6544	Megastar Jumbo Stick Fraise Acidulé - 40 pièces	Un épais bâtonnet gélifié à la fraise, au format jumbo et délicieusement acidulé.	https://www.mesbonbons.net/fr/shop/megastar-jumbo-stick-fraise-acidule-40-pieces	https://fladis.azureedge.net/erp/fb39d59e-0f15-4982-974f-ccb6f26b2fff.png	in_stock	15.99 EUR	Mega Stars	8410525208751	yes	new
6545	Megastar Jumbo Stick Fraise - 40 pièces	Des bonbons gélifiés à la fraise, au format jumbo, lisses et acidulés, avec une texture moelleuse et délicieusement fruitée.	https://www.mesbonbons.net/fr/shop/megastar-jumbo-stick-fraise-40-pieces	https://fladis.azureedge.net/erp/604d706b-45ff-44c5-9279-c47bfae85681.png	out_of_stock	15.99 EUR	Mega Stars	8410525208737	yes	new
6546	Roodthooft Mocha & Caramel - 200 g	Les Mokatines sont d'excellents caramels au goût de mocha & caramel . Elles ont été créées en 1934, dans la région d'Anvers en Belgique. Elles sont connues pour leur célèbre emballage illustré d'une tête de bédouin.	https://www.mesbonbons.net/fr/shop/roodthooft-mocha-caramel-200-g	https://fladis.azureedge.net/erp/34cd05fb-42b5-4573-8f43-60bdc5323125.png	in_stock	3.49 EUR	Confiserie Roodthooft	5410628200044	yes	new
6553	Pringles Passport Turkish Style Kebab - 165 g	La version Turkish Style Kebab propose un goût épicé et fumé rappelant la viande grillée et les épices utilisées dans la cuisine turque (ail, oignon, coriandre, cumin, paprika, poivre, cannelle…).	https://www.mesbonbons.net/fr/shop/pringles-passport-turkish-style-kebab-165-g	https://fladis.azureedge.net/erp/b141539f-0b7f-44d8-92d8-0db9df629e3b.png	in_stock	4.49 EUR	Pringles	5053990185825	yes	new
6555	Pringles Passport Mexican Style Cheesy Jalapeno - 165 g	Offrez-vous une explosion de saveurs mexicaines avec les Pringles Passport Mexican Style Cheesy Jalapeño. Ces chips croustillantes allient le goût riche du fromage à la chaleur épicée du jalapeño, créant une expérience gustative intense et savoureuse.	https://www.mesbonbons.net/fr/shop/pringles-passport-mexican-style-cheesy-jalapeno-165-g	https://fladis.azureedge.net/erp/56aa505b-4b0e-4747-8774-d56c8a3563ed.png	in_stock	4.49 EUR	Pringles	5053990185719	yes	new
6558	Dr. Sweet Tetrimino's - 1 kg	Un assortiment original de bonbons gélifiés en forme de pièces de Tetris, aux couleurs vives et aux saveurs fruitées. Ludiques et gourmands, ces bonbons raviront petits et grands lors de vos moments de partage ou événements festifs.	https://www.mesbonbons.net/fr/shop/dr.-sweet-tetriminos-1-kg	https://fladis.azureedge.net/erp/a5d232ae-01b8-465b-9c6d-78eb81baf1ce.png	in_stock	9.99 EUR	Dr. Sweet	8721042682536	yes	new
6559	Felko Mega Gummies Bear - 600 g	Un énorme ourson gélifié aux saveurs fruitées et gourmandes, idéal pour les amateurs de bonbons XXL. Avec sa texture tendre et son format spectaculaire, il apporte une touche amusante et sucrée à vos moments de partage ou en cadeau original.	https://www.mesbonbons.net/fr/shop/felko-mega-gummies-bear-600-g	https://fladis.azureedge.net/erp/f0f38f48-8816-4925-a1c2-0dfe28332e72.png	in_stock	10.49 EUR	Felko Holland	8717371586324	yes	new
6563	Bergen Dubai Style Pralines Crème de Pistaches - 240 g	Savourez l’élégance orientale avec ces délicieuses pralines fourrées à la crème de pistaches signées Bergen . Inspirées du style raffiné de Dubaï, elles allient un chocolat onctueux à un cœur fondant et gourmand de pistache.	https://www.mesbonbons.net/fr/shop/bergen-dubai-style-pralines-creme-de-pistaches-240-g	https://fladis.azureedge.net/erp/9bb12da7-a100-4226-8ef6-6f3183905c87.png	in_stock	5.99 EUR	Bergen	5902379565836	yes	new
6564	Monster Energy Lando Norris Zero Sugar - 500 ml	Une boisson énergisante édition spéciale Lando Norris, au goût intense, sans sucre et enrichie en caféine, taurine et vitamines B pour un boost d’énergie sans compromis.	https://www.mesbonbons.net/fr/shop/monster-energy-lando-norris-zero-sugar-500-ml	https://fladis.azureedge.net/erp/cfeeb25b-490e-4367-a461-c5f240f1d20f.png	in_stock	3.00 EUR	Monster Energy	5056784907351	yes	new
6566	Squid Game Biscuit au Fromage - 158 g	Les Naziba Enjoyment Cheese Crisps sont des biscuits ronds au goût de fromage.Chaque paquet de 158 g contient des biscuits avec des formes à découper, telles que le cercle, l'étoile, l'umbrella et le triangle, rappelant le défi du Dalgona de la série.Un petit outil est inclus pour aider à découper les formes sans les briser.	https://www.mesbonbons.net/fr/shop/squid-game-biscuit-au-fromage-158-g	https://fladis.azureedge.net/erp/d20803cc-d21b-4164-a9a3-afa2e6989c18.png	out_of_stock	4.49 EUR	Naziba	4712867851461	yes	new
6569	Ice Talk Kiwi Ade - 230 ml	L’ Ice Talk Kiwi Ade est une boisson pétillante et rafraîchissante au bon goût de kiwi. Douce, acidulée et fruitée, elle offre une explosion de fraîcheur idéale pour les pauses gourmandes et estivales.	https://www.mesbonbons.net/fr/shop/ice-talk-kiwi-ade-230-ml	https://fladis.azureedge.net/erp/f543b01e-87cb-419e-8f39-ce3da1b27990.png	in_stock	2.50 EUR	Ice Talk	8809344668844	yes	new
6570	Ice Talk Raisin Vert Ade - 230 ml	Cette boisson rafraîchissante au raisin vert combine douceur et acidité pour une expérience fruitée et pétillante. Parfaite pour se désaltérer à tout moment, elle offre un goût vif et gourmand de raisin frais dans un format pratique à emporter.	https://www.mesbonbons.net/fr/shop/ice-talk-raisin-vert-ade-230-ml	https://fladis.azureedge.net/erp/dd1c8d06-ed7a-4b47-ac10-58a711892e41.png	in_stock	2.50 EUR	Ice Talk	8809344668905	yes	new
6571	Fanta Korean Melon - 350 ml	La Fanta Korean Melon est une boisson gazeuse aromatisée au melon coréen, également connu sous le nom de chamoe .Elle offre une saveur douce et sucrée, rappelant le goût du melon mûr, avec une effervescence légère et rafraîchissante.	https://www.mesbonbons.net/fr/shop/fanta-korean-melon-350-ml	https://fladis.azureedge.net/erp/5802fe08-1a40-45ad-89c6-b5da9dda36fb.png	in_stock	3.00 EUR	Fanta	8801094000387	yes	new
6576	Quick Milk Forest Fruit 5 x 6 g - 30 g	Le Quick Milk Magic Straw Sipper Forest Fruit est une paille aromatisée qui transforme le lait en une boisson fruitée au goût de fruits des bois.	https://www.mesbonbons.net/fr/shop/quick-milk-forest-fruit-5-x-6-g-30-g	https://fladis.azureedge.net/erp/f830cdfc-ab57-4d44-a5c1-d30ea5abe7c6.png	in_stock	1.50 EUR	Quick Milk	5996071667745	yes	new
6577	Quick Milk Bubblegum 5 x 6 g - 30 g	Le Quick Milk Magic Sipper Bubblegum est une paille aromatisée qui transforme le lait en une boisson au goût de chewing-gum.	https://www.mesbonbons.net/fr/shop/quick-milk-bubblegum-5-x-6-g-30-g	https://fladis.azureedge.net/erp/0d4a645a-b04d-4835-afa9-c9032d28bed2.png	in_stock	1.50 EUR	Quick Milk	5996071709872	yes	new
6597	Grand Sachet Mix Confiserie - 200 g	Le Grand sachet mix confiserie Halloween est un assortiment festif de bonbons spécialement conçu pour célébrer Halloween.Ce mélange comprend une variété de friandises colorées et thématiques, idéales pour les fêtes ou la collecte de bonbons.	https://www.mesbonbons.net/fr/shop/grand-sachet-mix-confiserie-200-g	https://fladis.azureedge.net/erp/5b5c53fa-5b46-4a30-a090-c3cdec0ebc78.png	in_stock	3.99 EUR	Candydou	5413128352732	yes	new
6606	Trolli Halloween Mix - 360 g	Le Trolli Halloween est un mélange festif de bonbons gélifiés acidulés, comprenant des mini sachets individuels aux formes effrayantes telles que des yeux, des dents de vampire et des têtes de mort.	https://www.mesbonbons.net/fr/shop/trolli-halloween-mix-360-g	https://fladis.azureedge.net/erp/714d7223-6877-4610-a9b7-500d292bb4c9.png	in_stock	6.49 EUR	Trolli	4000512365020	yes	new
6613	Sweet Pack Montre Dextrose - 100 pcs	Retrouvez toute la nostalgie des bonbons d’antan avec ces célèbres montres en dextrose ! Ces friandises colorées en forme de montre sont à la fois un jeu et un plaisir gourmand.	https://www.mesbonbons.net/fr/shop/sweet-pack-montre-dextrose-100-pcs	https://fladis.azureedge.net/erp/bf7402ae-0c6a-463e-ac48-f7f532818bb7.png	in_stock	14.99 EUR	Sweet Pack	5425039371078	yes	new
6623	Ravazzi Piment Acidulé - 1 kg	Un assortiment de délicieux bonbons Ravazzi Piment Acidulé, idéal pour apporter une touche ludique et piquante à vos événements festifs. Avec leurs saveurs acidulées et intenses.	https://www.mesbonbons.net/fr/shop/ravazzi-piment-acidule-1-kg	https://fladis.azureedge.net/erp/118c3c5a-c1da-4a9c-8505-60821cc902e7.png	in_stock	8.99 EUR	Ravazzi	8000068229698	yes	new
6624	Lollywood Crâne Bubblegum Acidulé - 1 kg	Plongez dans une explosion de saveurs acidulées avec les célèbres crânes Bubblegum de Lollywood ! Leur texture moelleuse et leur goût intensément fruité séduisent aussi bien les enfants que les adultes.	https://www.mesbonbons.net/fr/shop/lollywood-crane-bubblegum-acidule-1-kg	https://fladis.azureedge.net/erp/395f05c4-75aa-4655-8235-db427abb59ce.png	in_stock	8.99 EUR	Lollywood	5420001599672	yes	new
6625	Lollywood Araignée XL Cola - 1 kg	Succombez à ces bonbons araignée XL goût cola qui combinent une saveur classique et irrésistible de cola avec une forme originale et amusante d’araignée. Idéal pour les fêtes, Halloween.	https://www.mesbonbons.net/fr/shop/copy-lollywood-batons-de-reglisse-mix-1-kg	https://fladis.azureedge.net/erp/0b3e6350-37bc-4a7b-97ec-8c197f32da03.png	in_stock	8.99 EUR	Lollywood	5420001599634	yes	new
6632	Amos Gummy Dinosaur - 65 g	Les Amos Gummy Dinosaur sont des bonbons gélifiés en forme de dinosaures, fabriqués à partir de vrais jus de fruits. Chaque sachet de 65 g contient des bonbons aux saveurs fruitées variées, offrant une expérience gustative agréable.	https://www.mesbonbons.net/fr/shop/amos-gummy-dinosaur-65-g	https://fladis.azureedge.net/erp/972ab882-234e-4039-be7c-45119a2d112b.png	out_of_stock	2.49 EUR		6936756275994	yes	new
6637	Fanta Pomme Rouge - 320 ml	Fanta Pomme Rouge est une boisson gazeuse au goût sucré et légèrement acidulé de pomme rouge, avec une couleur vive et rafraîchissante. Idéale pour les amateurs de saveurs fruitées.	https://www.mesbonbons.net/fr/shop/fanta-pomme-rouge-320-ml	https://fladis.azureedge.net/erp/497eaf35-d210-4edc-824b-e1a8899fe203.png	out_of_stock	2.50 EUR	Fanta	5449000322494	yes	new
6646	Pringles Sel & Vinaigre - 165 g	Retrouvez le goût intense et acidulé qui fait le succès des Pringles avec cette version Sel & Vinaigre . Leur saveur relevée et piquante.	https://www.mesbonbons.net/fr/shop/pringles-sel-vinaigre-165-g	https://fladis.azureedge.net/erp/506d0e82-aa26-47f3-a923-5ae02a932900.png	out_of_stock	3.49 EUR	Pringles	5053990127733	yes	new
6650	Sweet Party Spaghetti Cola Citrique - 1 kg	Apportez une touche pétillante et acidulée à vos fêtes avec ces spaghettis de bonbons au goût cola citronné ! Chaque fil long et souple est enrobé d’une saveur sucrée et légèrement acidulée qui rappelle le goût classique du cola avec une pointe de citron.	https://www.mesbonbons.net/fr/shop/sweet-party-spaghetti-cola-citrique-1-kg	https://fladis.azureedge.net/erp/8e83ada0-e8d9-4dc6-8cec-66afd70c4da0.png	in_stock	9.99 EUR	Sweet Party	5413128354934	yes	new
6652	Frisia Cœur Brisé Citrique - 3 kg	Faites fondre de plaisir vos papilles avec ces bonbons Frisia au goût intense et acidulé ! Chaque pièce en forme de cœur “brisé” offre une explosion de saveur citronnée, légèrement piquante, parfaite pour ceux qui aiment les sensations acidulées.	https://www.mesbonbons.net/fr/shop/frisia-cur-brise-citrique-3-kg	https://fladis.azureedge.net/erp/0e7da669-1ab9-4405-917d-95a943e5759a.png	in_stock	19.99 EUR	Frisia	5411011561360	yes	new
6653	Lutti Oh-la-la Mini Mix - 3 kg	Un assortiment irrésistible de bonbons fruités et acidulés, parfait pour les fêtes, les événements ou les moments de partage. Chaque bonbon offre une explosion de saveurs et de couleurs, apportant une touche de fun à chaque dégustation.	https://www.mesbonbons.net/fr/shop/lutti-oh-la-la-mini-mix-3-kg	https://fladis.azureedge.net/erp/8045128d-f816-4619-b471-53b4fe258bcd.png	in_stock	30.99 EUR	Lutti	5400787050475	yes	new
6656	Lutti Bubblizz Balls - 3kg	Des bonbons gélifiés ronds surprenants, au goût bubble gum pétillant, avec une légère touche acidulée. Idéal pour les gourmands qui aiment les bonbons fruités et chatouillants !	https://www.mesbonbons.net/fr/shop/lutti-bubblizz-balls-3kg	https://fladis.azureedge.net/erp/21cd55f1-980d-4d2a-bc26-98f4fae73f6d.png	in_stock	37.99 EUR	Lutti	3664346354110	yes	new
6674	Snickers Pecan - 40 g	Le Snickers Pecan revisite le classique Snickers en remplaçant les cacahuètes par des pacanes croquantes, offrant ainsi une texture riche et un goût légèrement sucré et beurré. Il combine le nougat moelleux, le caramel fondant et le chocolat au lait, pour une expérience gourmande unique.	https://www.mesbonbons.net/fr/shop/snickers-pecan-40-g	https://fladis.azureedge.net/erp/a59a7fad-991d-42df-8a84-a52cdf663446.png	in_stock	2.49 EUR	Snickers	040000595373	yes	new
6676	Kinder Crispy - 14 x 34 g	Le Kinder Crispy est une barre chocolatée composée d’une fine gaufrette croustillante, garnie d’une crème au lait et noisette, le tout enrobé de chocolat au lait. Cette combinaison offre une texture légère et un goût doux, idéale pour une pause gourmande.	https://www.mesbonbons.net/fr/shop/kinder-crispy-14-x-34-g	https://fladis.azureedge.net/erp/ad93c7d5-4e7d-4911-84c9-28b6cb769323.png	in_stock	19.99 EUR	Kinder	8000500434130	yes	new
6679	Cha-Cha Maxx - 34,3 g	Le Cha-Cha Maxx est une gaufrette croustillante fourrée au caramel, enrobée de chocolat au lait fondant. Chaque bouchée offre une combinaison parfaite de textures et de saveurs, idéale pour une pause gourmande.	https://www.mesbonbons.net/fr/shop/cha-cha-maxx-343-g	https://fladis.azureedge.net/erp/4ebfdf38-911e-4dce-8ae2-a211dc6179b7.png	in_stock	1.50 EUR	Lu	54074019	yes	new
6683	Reese's Big Cup With Reese's Puffs - 68 g	Le Reese's Big Cup avec Reese's Puffs est une barre généreuse composée d'une coque de chocolat au lait fondant, renfermant une couche de beurre de cacahuète crémeux et des morceaux de céréales Reese's Puffs croquantes.	https://www.mesbonbons.net/fr/shop/reeses-big-cup-with-reeses-puffs-68-g	https://fladis.azureedge.net/erp/0e22f9d5-88e3-418b-b71f-a64aad871c92.png	out_of_stock	2.99 EUR	Reese's	034000229178	yes	new
6684	Reese's Nutrageous - 87 g	Reese's Nutrageous est une barre chocolatée avec beurre de cacahuète crémeux, chocolat au lait et cacahuètes croquantes. Parfait pour les amateurs de Reese's.	https://www.mesbonbons.net/fr/shop/reeses-nutrageous-87-g	https://fladis.azureedge.net/erp/f124510a-d936-475c-99f1-50141f499f10.png	out_of_stock	2.99 EUR	Reese's	034000109395	yes	new
6685	Fanta Bouteille Japon Raisin - 300 ml	La Fanta Grape Japon offre une expérience gustative unique avec une saveur de raisin intense et sucrée, accompagnée d'une effervescence rafraîchissante. Cette version japonaise se distingue par son goût riche et sa douceur.	https://www.mesbonbons.net/fr/shop/fanta-bouteille-japon-raisin-300-ml	https://fladis.azureedge.net/erp/e4a3ea6c-099b-4324-ab96-f9e3bede80ac.png	in_stock	3.00 EUR	Fanta	4902102038720	yes	new
6686	Reese's 4 White Peanut Butter Cups - 79 g	Les Reese's White Peanut Butter Cups King Size offrent une expérience gourmande avec une généreuse couche de beurre de cacahuète enveloppée dans une coque de crème blanche sucrée.	https://www.mesbonbons.net/fr/shop/reeses-4-white-peanut-butter-cups-79-g	https://fladis.azureedge.net/erp/3ab4b62d-3d2a-42b7-8fa9-7e01f5e2099e.png	out_of_stock	2.49 EUR	Reese's	034000480128	yes	new
6690	Bulgari Marshmallow Papillon Rose - 900 g	Les Bulgari Marshmallow Papillon Rose sont des guimauves douces et moelleuses en forme de papillon, parfumées à la vanille. Idéales pour décorer des gâteaux, des brochettes sucrées ou pour ajouter une touche festive à vos événements.	https://www.mesbonbons.net/fr/shop/bulgari-marshmallow-papillon-rose-900-g	https://fladis.azureedge.net/erp/ea185955-4c2d-4394-8a59-2f85adfaf66a.png	in_stock	10.99 EUR	Bulgari	8006908010686	yes	new
6697	Roodthooft Mocha & Caramel - 1 kg	Les Mokatines sont d'excellents caramels au goût de mocha & caramel . Elles ont été créées en 1934, dans la région d'Anvers en Belgique. Elles sont connues pour leur célèbre emballage illustré d'une tête de bédouin.	https://www.mesbonbons.net/fr/shop/roodthooft-mocha-caramel-1-kg	https://fladis.azureedge.net/erp/b487d195-01e7-4ad1-9c31-6364e25cc73a.png	in_stock	15.99 EUR	Confiserie Roodthooft	5410628200020	yes	new
6699	Lutti Mega Bubble Bubblizz - 200 pièces	Les Lutti Mega Bubble Bubblizz sont des chewing-gums emblématiques de la marque Lutti, appréciés pour leur goût sucré rappelant le bubble-gum classique et leur capacité à produire de grandes bulles.	https://www.mesbonbons.net/fr/shop/lutti-mega-bubble-bubblizz-200-pieces	https://fladis.azureedge.net/erp/d554cc05-0969-4e5b-9069-102e528235f0.png	in_stock	19.99 EUR	Lutti	3664346347631	yes	new
6700	Trolli Dinorex - 1 kg	Les Trolli Dinorex sont des bonbons gélifiés en forme de dinosaures, fruités et légèrement acidulés, 100 % végétariens et sans gélatine.	https://www.mesbonbons.net/fr/shop/trolli-dinorex-1-kg	https://fladis.azureedge.net/erp/c4abeb26-fa32-4c21-9638-2f6180fa65c0.png	in_stock	8.99 EUR	Trolli	4003084812732	yes	new
6701	Sac cabas - One Piece V2	Le sac cabas One Piece V2 est un tote bag pratique avec un design inspiré de l’équipage du Chapeau de Paille, idéal pour transporter vos affaires au quotidien.	https://www.mesbonbons.net/fr/shop/sac-cabas-one-piece-v2	https://fladis.azureedge.net/erp/84de227e-12c0-4273-8056-f89741a9eebd.png	out_of_stock	3.00 EUR		3700891705509	yes	new
6708	Nutella Pouch - 1 kg	Agrémentez votre petit déjeuner avec l'incontournable pâte à tartiner aux noisettes, Nutella !	https://www.mesbonbons.net/fr/shop/nutella-pouch-1-kg	https://fladis.azureedge.net/erp/dad58d6e-8c90-462a-9522-0f0a59c154d2.png	in_stock	13.99 EUR	Nutella	8000500436882	yes	new
6730	Roodthooft Café - 200 g	Bonbons durs au goût intense de café, fondants et aromatiques, parfaits pour les amateurs de café.	https://www.mesbonbons.net/fr/shop/roodthooft-cafe-200-g	https://fladis.azureedge.net/erp/7ea2cf23-c79b-4ffd-a6ff-46c645a59824.png	in_stock	3.49 EUR	Confiserie Roodthooft	5410628200051	yes	new
6731	Kinder Cookies - 136 g	Les Kinder Cookies – 136 g sont des biscuits croquants enrichis de pépites de chocolat au lait et au chocolat blanc, offrant une texture délicieusement croquante et une douceur chocolatée, idéaux pour une pause gourmande.	https://www.mesbonbons.net/fr/shop/kinder-cookies-136-g	https://fladis.azureedge.net/erp/976898c1-7428-4ac4-840b-eb817116c400.png	in_stock	5.99 EUR	Kinder	8000500426449	yes	new
6732	Kinder Cards - 128 g	Chaque biscuit se compose de deux gaufrettes fines et croustillantes, l'une au chocolat au lait et l'autre au cacao, renfermant un cœur fondant au goût Kinder. Cette combinaison offre une expérience gustative surprenante et agréable. De plus, la gaufrette ne fond pas et ne fait pas de miettes, ce qui la rend idéale pour une consommation en déplacement.​	https://www.mesbonbons.net/fr/shop/kinder-cards-128-g	https://fladis.azureedge.net/erp/4ded1e6c-f350-4ace-be82-1a498b7f466a.png	in_stock	4.99 EUR	Kinder	8000500269169	yes	new
6733	Kinder Tronky - 90 g	Une gourmandise chocolatée avec un cœur crémeux aux noisettes et un biscuit croustillant, parfaite pour une pause douce et gourmande.	https://www.mesbonbons.net/fr/shop/kinder-tronky-90-g	https://fladis.azureedge.net/erp/2b72aeae-ecf0-43bb-9dc8-18e625efe9f9.png	in_stock	3.99 EUR	Kinder	8000500384794	yes	new
6734	Kinder Kinderini -250 g	Le Kinder Kinderini est un biscuit sablé au lait et au cacao, conçu pour offrir une expérience ludique avec des expressions faciales variées. Chaque biscuit est orné de décorations crémeuses, apportant une touche unique au goût classique de Kinder.	https://www.mesbonbons.net/fr/shop/kinder-kinderini-250-g	https://fladis.azureedge.net/erp/db9d16db-3adc-4f38-a99a-6b2b215e8e2b.png	in_stock	5.99 EUR	Kinder	8000500391228	yes	new
6737	Sweet Party Bâtonnets Colorés - 4 kg	Les Sweet Party Bâtonnets Colorés sont des bonbons multicolores coupés en petits morceaux, fabriqués à partir de sucre, réglisse, concentrés de fruits et d’ingrédients naturels. Ils ont une texture moelleuse, un goût sucré et légèrement aromatique.	https://www.mesbonbons.net/fr/shop/sweet-party-batonnets-colores-4-kg	https://fladis.azureedge.net/erp/7f7f7704-3fb0-473e-b262-0bf4c21d680c.png	in_stock	29.99 EUR	Sweet Party	8712514359032	yes	new
6742	Lutti Bubblizz Fizz Candy Paper - 24 x 15 g	Des feuilles sucrées et acidulées au bon goût Bubblizz, à croquer ou à laisser fondre pour un maximum de fun pétillant !	https://www.mesbonbons.net/fr/shop/lutti-bubblizz-fizz-candy-paper-24-x-15-g	https://fladis.azureedge.net/erp/b5d9da07-f92d-42ce-9781-23e0a4723da1.png	out_of_stock	27.99 EUR	Lutti	3664346354196	yes	new
6751	Skeletons Candies - 18 x 25 g	Les Skeletons Candies sont des bonbons durs en forme d'ossements de squelette, parfaits pour Halloween.	https://www.mesbonbons.net/fr/shop/skeletons-candies-18-x-25-g	https://fladis.azureedge.net/erp/2f40ee78-7b6c-422f-b805-245ec98f97dc.png	in_stock	34.99 EUR	Funny Candy	6931722308027	yes	new
6753	Croky Patatas Fritas Paprika - 100 g	Les Croky Patatas Fritas Paprika sont des chips croustillantes au goût intense de paprika, idéales pour vos apéritifs ou moments de détente.	https://www.mesbonbons.net/fr/shop/croky-patatas-fritas-paprika-100-g	https://fladis.azureedge.net/erp/3bbb0355-e3a2-4b32-8230-b8ea72a64a05.png	in_stock	2.39 EUR	Croky	5414359985164	yes	new
6756	Roodthooft Mocha & Caramel - 3 kg	Les Mokatines sont d'excellents caramels au goût de mocha & caramel . Elles ont été créées en 1934, dans la région d'Anvers en Belgique. Elles sont connues pour leur célèbre emballage illustré d'une tête de bédouin.	https://www.mesbonbons.net/fr/shop/roodthooft-mocha-caramel-3-kg	https://fladis.azureedge.net/erp/c2dcac37-1902-4b01-a70a-14b53da1327c.png	in_stock	53.99 EUR	Confiserie Roodthooft	5410628200006	yes	new
6757	Yippy Ice Tea Pêche - 330 ml	Découvrez la fraîcheur fruitée du Yippy Ice Tea à la pêche. Cette boisson rafraîchissante allie la douceur et la saveur délicate de la pêche à la légèreté d’un thé glacé parfaitement équilibré.	https://www.mesbonbons.net/fr/shop/yippy-ice-tea-peche-330-ml	https://fladis.azureedge.net/erp/b186404f-0803-4a96-850a-5ca3812238fd.png	out_of_stock	1.59 EUR	Rauch	9008700238281	yes	new
6762	Cafe Mio Cappuccino - 250 ml	Un cappuccino glacé prêt à boire, alliant la douceur du lait alpin autrichien à un extrait de café léger, pour une pause caféine pratique et savoureuse.	https://www.mesbonbons.net/fr/shop/cafe-mio-cappuccino-250-ml	https://fladis.azureedge.net/erp/dd3e44ee-8b05-4d73-af6e-9cbd6f94c795.png	in_stock	2.50 EUR	Rauch	9008700231367	yes	new
6763	Cafe Mio Macchiato - 250 ml	Café Mio Macchiato : Un macchiato glacé prêt à boire, alliant la douceur du lait alpin à un espresso léger, parfait pour une pause café pratique et savoureuse.	https://www.mesbonbons.net/fr/shop/cafe-mio-macchiato-250-ml	https://fladis.azureedge.net/erp/23a6a56c-f6fd-4c94-86c3-069523441d09.png	in_stock	2.50 EUR	Rauch	9008700231428	yes	new
6764	Cafe Mio Latte Macchiato Vanilla - 250 ml	Café Mio Latte Macchiato Vanilla : Un latte macchiato glacé prêt à boire, alliant lait alpin crémeux, café léger et une touche douce de vanille, parfait pour une pause gourmande et pratique.	https://www.mesbonbons.net/fr/shop/cafe-mio-latte-macchiato-vanilla-250-ml	https://fladis.azureedge.net/erp/b685f043-adf8-437a-ac39-91b0cd54da5a.png	in_stock	2.50 EUR	Rauch	9008700231404	yes	new
6765	Lutti Sucette Cerise Double Tige - 75 pièces	Les Lutti Sucette Cerise Double Tige sont des bonbons emblématiques au goût intense de cerise, présentés sous une forme ludique et rétro. Chaque sucette est dotée de deux boules rouges reliées par des tiges, permettant de les partager ou de les savourer simultanément.	https://www.mesbonbons.net/fr/shop/lutti-sucette-cerise-double-tige-75-pieces	https://fladis.azureedge.net/erp/d170fc80-3b43-4c17-91de-d0549be7da9c.jpg	out_of_stock	22.99 EUR	Lutti	8724900266022	yes	new
6766	Lutti Massues Cola - 100 pièces	Des sucettes au goût classique de cola, idéales à partager ou à déguster à tout moment.	https://www.mesbonbons.net/fr/shop/lutti-massues-cola-100-pieces	https://fladis.azureedge.net/erp/3b920603-0f39-4fea-b419-8cad877c2431.png	in_stock	34.99 EUR	Lutti	8724900266008	yes	new
6767	Joris Ourson Sans Sucre - 130 g	Joris Ourson Sans Sucre : Des oursons moelleux au goût fruité, 100 % sans sucre, parfaits pour les amateurs de bonbons souhaitant une alternative plus légère.	https://www.mesbonbons.net/fr/shop/joris-ourson-sans-sucre-25-kg	https://fladis.azureedge.net/erp/fd600bac-6c86-4cd5-ab5f-01ff729abc44.png	in_stock	2.49 EUR	Joris	5410404341510	yes	new
6774	Monster Munch Original - 75 g	Les Monster Munch Original - 75 g sont des snacks croustillants à base de pommes de terre, légèrement salés, avec une saveur classique de fromage et paprika, appréciés pour leur texture aérienne et leur goût léger.	https://www.mesbonbons.net/fr/shop/monster-munch-original-75-g	https://fladis.azureedge.net/erp/30b39686-97eb-48b1-8adc-5c43c81e37b6.png	out_of_stock	2.50 EUR	Lorenz	4018077632006	yes	new
6775	Sweet Party Brique Fraise Huilée - 1 kg	Les Briques Fraise Huilée sont des bonbons gélifiés au goût intense de fraise, enrobés d’une fine couche d’huile végétale qui leur confère une texture lisse et légèrement brillante.	https://www.mesbonbons.net/fr/shop/sweet-party-brique-fraise-huilee-1-kg	https://fladis.azureedge.net/erp/443531ea-7682-49ac-9bbe-17aad9e297e6.png	in_stock	9.99 EUR	Sweet Party	5413128355023	yes	new
6776	Napoléon Mix Fruit - 2,5 kg	Les Napoléon Fruitmix sont de délicieux bonbons acidulés offrant une variétés offrant une variété de saveurs fruitées. Chaque bonbon offre une explosion de goûts vifs et rafraîchissants avec leur texture à la fois douce et légèrement acidulée en fait une expérience gustative irrésistible pour les amateurs de bonbons fruités.	https://www.mesbonbons.net/fr/shop/napoleon-mix-fruit-25-kg	https://fladis.azureedge.net/erp/be78d0b5-1417-4afe-ad77-5eb67938f214.png	out_of_stock	30.99 EUR	Napoléon	8721077490045	yes	new
6781	Trinketto Coca - 3 x 70 ml	Boisson à base d'eau aromatisée au coca. Les enfants l'adorent.	https://www.mesbonbons.net/fr/shop/trinketto-coca-3-x-70-ml	https://fladis.azureedge.net/erp/7408065d-922b-47bb-b584-950e4938255c.png	out_of_stock	1.50 EUR	Casa del Dolce	8005533001304	yes	new
6782	Vidal Tranche Framboise Citrique - 1 kg	Les Tranches de Framboise Citrique Vidal sont des bonbons gélifiés en forme de tranches, offrant une combinaison de saveurs fruitées et acidulées.	https://www.mesbonbons.net/fr/shop/vidal-tranche-framboise-citrique-1-kg	https://fladis.azureedge.net/erp/e6b30d00-c838-46d1-901a-7f78a7367bbc.png	out_of_stock	8.99 EUR	Vidal	8413178397360	yes	new
6788	Frisia Vegan Winegum - 3 kg	Les Frisia Vegan Winegum sont de gros sachets de bonbons gélifiés vegan , sans gélatine animale. C’est un assortiment de petites gommes fruitées aux formes variées, avec des saveurs de fruits classiques (fraise, orange, citron, pomme, etc.).	https://www.mesbonbons.net/fr/shop/frisia-vegan-winegum-3-kg	https://fladis.azureedge.net/erp/2635d323-55d0-465b-91c0-796cd3219c7b.jpg	in_stock	19.99 EUR	Frisia	5411011514939	yes	new
6797	Fruit-tella Garden Fruits - 4 x 41 g	Les Fruit-tella Garden Fruits sont de délicieux bonbons fruités à la texture tendre, inspirés des saveurs authentiques du jardin, parfaits pour une pause sucrée et naturelle à tout moment de la journée. Idéal à partager ou à emporter avec soi pour une collation fruitée.	https://www.mesbonbons.net/fr/shop/fruit-tella-garden-fruits-4-x-41-g	https://fladis.azureedge.net/erp/0e732c32-f862-4412-816c-33ff5b98a99f.png	out_of_stock	2.00 EUR	Fruit-tella	8723400797685	yes	new
6800	Skittles Desserts - 152 g	Les Skittles Desserts sont une édition spéciale de Skittles qui s’inspire des saveurs de desserts populaires. Chaque dragée associe le croquant coloré typique des Skittles avec un goût sucré et gourmand rappelant une pâtisserie ou un dessert.	https://www.mesbonbons.net/fr/shop/skittles-desserts-152-g	https://fladis.azureedge.net/erp/166ebcaa-a969-4524-aa52-b9dd230f9115.png	in_stock	3.49 EUR	Skittles	4009900544788	yes	new
6804	KitKat Chunky Funky - 40 g	Le KitKat Chunky Funky est une barre chocolatée composée d'une gaufrette au cacao croustillante, enrobée de chocolat au lait et d'un glaçage blanc marbré.	https://www.mesbonbons.net/fr/shop/kitkat-chunky-funky-40-g	https://fladis.azureedge.net/erp/1a4dc575-8f25-4202-96bc-cf1dbee6eef9.png	in_stock	2.49 EUR	KitKat	3800020401538	yes	new
6805	KitKat Chunky Funky - 24 x 40 g	Le KitKat Chunky Funky est une barre chocolatée composée d'une gaufrette au cacao croustillante, enrobée de chocolat au lait et d'un glaçage blanc marbré.	https://www.mesbonbons.net/fr/shop/kitkat-chunky-funky-24-x-40-g	https://fladis.azureedge.net/erp/10e47039-f78c-4133-9619-c72a1be713eb.png	in_stock	43.99 EUR	KitKat	03800020406021	yes	new
6809	Fanta Ananas Sans Caféine - 355 ml	Le Fanta Ananas Sans Caféine est une boisson gazeuse rafraîchissante au goût tropical d’ananas. Sans caféine, elle offre une expérience fruitée et pétillante, idéale pour une pause sucrée à tout moment de la journée.	https://www.mesbonbons.net/fr/shop/fanta-ananas-sans-cafeine-355-ml	https://fladis.azureedge.net/erp/044b43fd-6711-48a4-8516-e129d6ef478c.png	in_stock	2.50 EUR	Fanta	067000011061	yes	new
6819	AirHeads Sour Pastèque Punch - 15,6 g	Les Airheads Sour Pastèque Punch sont des bares de bonbons aux saveurs fruitées intenses, connus pour leur texture chewy et leur goût vibrant. Disponibles en plusieurs saveurs, ils offrent une explosion de saveurs en chaque bouchée.	https://www.mesbonbons.net/fr/shop/airheads-sour-pasteque-punch-156-g	https://fladis.azureedge.net/erp/c81267ac-9ef7-45ee-91f8-e16367c3ca05.png	in_stock	1.00 EUR	AirHeads	073390013127	yes	new
6821	Bergen Cookies Peanut Butter Cocoa Biscuit & Milk Chocolate - 128 g	Les Bergen Cookies Peanut Butter Cocoa Biscuit & Milk Chocolate – 128 g sont des biscuits fondants et généreusement fourrés au beurre de cacahuète, enrobés de chocolat au lait et agrémentés de morceaux de cacahuètes croquantes.	https://www.mesbonbons.net/fr/shop/bergen-cookies-peanut-butter-cocoa-biscuit-milk-chocolate-128-g	https://fladis.azureedge.net/erp/4ce93fb2-deaf-4c59-9d0d-bce7f0a192a8.png	in_stock	1.79 EUR	Bergen	5902379105636	yes	new
6822	Lollywood Papillon Fraise - 1 kg	Bonbons en forme de papillon au goût de fraise.	https://www.mesbonbons.net/fr/shop/lollywood-papillon-fraise-1-kg	https://fladis.azureedge.net/erp/4fbe1321-111e-4cae-9a3f-57c0591adc62.png	in_stock	8.99 EUR	Lollywood	5420001599696	yes	new
6823	Geldhof Tétines Citriques - 3 kg	Les Tétines Citriques de Geldhof – 3 kg sont des bonbons gélifiés acidulés en forme de tétine, appréciés pour leur goût fruité et leur texture moelleuse.	https://www.mesbonbons.net/fr/shop/geldhof-tetines-citriques-3-kg	https://fladis.azureedge.net/erp/a90d4363-c600-430c-a5f0-7082c6ba2216.png	in_stock	26.99 EUR	Geldhof	5410391002142	yes	new
6844	Juicy Drop Gummies - 12 x 57 g	Les Juicy Drop Gummies, sont des bonbons gélifiés amusants et acidulés qui offrent une expérience interactive. Chaque sachet contient des gummies tendres accompagnés d'une gelée acidulée à verser dessus, permettant de personnaliser l'intensité du goût. Parfaits pour les amateurs de sensations sucrées et aigres, ces bonbons ajoutent une touche ludique à vos pauses gourmandes !	https://www.mesbonbons.net/fr/shop/juicy-drop-gummies-12-x-57-g	https://fladis.azureedge.net/erp/0894c403-82f5-4423-9cbd-8b1c641a3a95.png	in_stock	35.49 EUR	Bazooka	5011053022265	yes	new
6878	Red Bull Energy Drink - 473 ml	Le **Red Bull Energy Drink** est une boisson énergisante emblématique qui booste votre énergie avec sa formule unique de caféine, taurine et vitamines. Son goût légèrement sucré et pétillant vous aide à rester concentré et dynamique tout au long de la journée.	https://www.mesbonbons.net/fr/shop/red-bull-energy-drink-473-ml	https://fladis.azureedge.net/erp/b682889c-9761-49dc-81de-ecdd9b1527a1.png	out_of_stock	3.00 EUR	Red Bull	9002490211028	yes	new
6888	Cheetos American Turkey - 90 g	Snack croustillant au maïs au goût original de dinde américaine, parfait pour une collation savoureuse et gourmande.	https://www.mesbonbons.net/fr/shop/cheetos-american-turkey-90-g	https://fladis.azureedge.net/erp/3abd3342-a5c3-4e2f-a195-d829a1138442.jpg	in_stock	2.49 EUR	Cheetos	6924743913738	yes	new
6890	Takis Zombie - 100 g	Les Takis Zombie sont des chips de maïs roulées, offrant une combinaison audacieuse de saveurs : habanero piquant, concombre rafraîchissant et une touche de lime acidulée. Ce mélange crée une expérience gustative intense et originale.	https://www.mesbonbons.net/fr/shop/takis-zombie-100-g	https://fladis.azureedge.net/erp/46ad690c-df41-4b59-8aee-aba033c56f04.png	out_of_stock	3.99 EUR	Takis	8412600061831	yes	new
6902	Horror Surprise Pop - 15 x 10 g	Plongez dans l’ambiance terrifiante d’Halloween avec ces sucettes Horror Surprise Pop ! Chaque sucette renferme une surprise monstrueuse à découvrir, pour un effet effrayant et amusant à chaque ouverture.	https://www.mesbonbons.net/fr/shop/horror-surprise-pop-15-x-10-g	https://fladis.azureedge.net/erp/cf867d94-3f88-4adc-bdb3-7829cef03d4a.png	in_stock	10.99 EUR	Funny Candy	6931722319672	yes	new
6904	Horror Finger Dip - 18 x 40 g	Amuse-toi à tremper ton doigt monstrueux dans une poudre fruitée et acidulée ! Ces sucettes en forme de doigt “Horror Finger Dip” offrent une expérience gourmande et effrayante, parfaite pour Halloween ou les fans de bonbons rigolos.	https://www.mesbonbons.net/fr/shop/horror-finger-dip-18-x-40-g	https://fladis.azureedge.net/erp/aae38de9-f8b4-4ea4-8e6c-6436af97d9de.png	in_stock	8.99 EUR	Funny Candy	6931722315643	yes	new
6906	Kinder Chocolat - 50g	Kinder Chocolat est une délicieuse gourmandise composée de barres de chocolat au lait renfermant un cœur fondant au lait, spécialement conçue pour les enfants et appréciée de toute la famille.	https://www.mesbonbons.net/fr/shop/kinder-chocolat-50g	https://fladis.azureedge.net/erp/e4becbfc-86ce-4beb-9ecf-03d04aa0f8f1.png	in_stock	1.50 EUR	Kinder	4008400202525	yes	new
6940	Toast'em Pop-ups Frosted S'mores - 288 g	Les Toast’em Pop-Ups Frosted S’mores sont de délicieuses gaufres garnies d’une crème chocolatée et de morceaux de marshmallow, recouvertes d’un glaçage sucré. Prêtes à déguster ou à toaster pour un moment de pure gourmandise.	https://www.mesbonbons.net/fr/shop/toastem-pop-ups-frosted-smores-288-g	https://fladis.azureedge.net/erp/a54d8109-d7eb-4dbe-8912-3e0721191371.png	out_of_stock	4.99 EUR	Toast'em Pop-Ups	5061039210032	yes	new
6941	Toast'em Pop-ups Frosted Myrtille - 288 g	Les Toast’em Pop-Ups Frosted Blueberry sont de délicieuses gaufres garnies d’une crème fruitée à la myrtille et recouvertes d’un glaçage sucré. Prêtes à déguster ou à toaster pour un moment de pure gourmandise.	https://www.mesbonbons.net/fr/shop/toastem-pop-ups-frosted-myrtille-288-g	https://fladis.azureedge.net/erp/22f88e90-1115-4365-b788-9d54ad9b42ff.png	in_stock	4.99 EUR	Toast'em Pop-Ups	5061039210216	yes	new
6945	Sweet Party Mignonette - 3 kg	Les Sweet Party Mignonette sont des bonbons gélifiés de forme ronde, souvent enrobés d'une fine couche de sucre cristallisé, offrant une texture moelleuse et un goût fruité.	https://www.mesbonbons.net/fr/shop/sweet-party-mignonette-3-kg	https://fladis.azureedge.net/erp/46941c0d-131e-486f-8621-ce7f50ba2edf.png	in_stock	20.99 EUR	Sweet Party	5413128351032	yes	new
6947	Buenos Dias Crème de Coco - 55 g	Les bâtonnets Buenos Dias à la crème de coco sont un en-cas gourmand, composés de croustillants bâtonnets de pain garnis d’une délicieuse crème de coco.	https://www.mesbonbons.net/fr/shop/buenos-dias-creme-de-coco-55-g	https://fladis.azureedge.net/erp/b9dc8ecd-646a-4ba1-bc9b-2d7fe05bf345.png	in_stock	1.99 EUR	Iconiksweet	3770034105947	yes	new
6949	Lay's Big Wave Hot Chicken Noodle Flavor - 70 g	Des chips épaisses et ondulées au goût intense de nouilles au poulet épicé. Une explosion de saveurs relevées et croustillantes pour les amateurs de sensations fortes !	https://www.mesbonbons.net/fr/shop/lays-big-wave-hot-chicken-noodle-flavor-70-g	https://fladis.azureedge.net/erp/b76e4b17-5735-4308-a508-bb347655b0ac.png	in_stock	3.29 EUR	Lay's China	6924743935426	yes	new
6952	Buenos Dias Crème de Pistache - 55 g	Les bâtonnets Buenos Dias à la crème de pistache offrent un en-cas gourmand, alliant des bâtonnets de pain croustillants à une délicieuse crème de pistache.	https://www.mesbonbons.net/fr/shop/buenos-dias-creme-de-pistache-55-g	https://fladis.azureedge.net/erp/0df54894-eba7-4513-a7c8-fd469bfd2053.png	out_of_stock	1.99 EUR	Iconiksweet	3770034105954	yes	new
6954	Buenos Dias Crème de Fraise - 55 g	Les bâtonnets Buenos Dias à la crème de fraise sont un en-cas gourmand, combinant des bâtonnets de pain croustillants avec une savoureuse crème de fraise.	https://www.mesbonbons.net/fr/shop/buenos-dias-creme-de-fraise-55-g	https://fladis.azureedge.net/erp/3b7c57fd-4ced-4bea-aef3-77d86bcad349.png	in_stock	1.99 EUR	Iconiksweet	3770034105961	yes	new
6955	Buenos Dias Crème de Speculoos - 55 g	Les bâtonnets Buenos Dias à la crème de spéculoos offrent un en-cas gourmand, alliant des bâtonnets de pain croustillants à une délicieuse crème de spéculoos.	https://www.mesbonbons.net/fr/shop/buenos-dias-creme-de-speculoos-55-g	https://fladis.azureedge.net/erp/3987afa8-1ea1-4c88-89e0-6ce039510114.png	in_stock	1.99 EUR	Iconiksweet	3760434470080	yes	new
6957	Felko Mega Gummies Brochette - 120 g	Les Felko Mega Gummies Brochette de Viande sont de gros bonbons gélifiés en forme de brochette au goût de cola, fraise et pomme. Leur texture moelleuse et leurs arômes fruités apportent une touche ludique et originale à chaque bouchée, parfaite pour les fêtes, les goûters ou les moments de plaisir sucré.	https://www.mesbonbons.net/fr/shop/felko-mega-gummies-brochette-120-g	https://fladis.azureedge.net/erp/641fe3e5-406a-4e80-8eac-b7c4fca93373.png	in_stock	2.59 EUR	Felko Holland	8721042683212	yes	new
6958	Felko Mega Gummies Pilon de Poulet Cola & Fraise - 120 g	Les Felko Mega Gummies Pilon de Poulet sont de gros bonbons gélifiés en forme de pilon, aux saveurs gourmandes de cola et de fraise. Leur texture moelleuse et leur goût sucré offrent une expérience amusante et originale, parfaite pour les fêtes, les goûters ou les moments de plaisir sucré.	https://www.mesbonbons.net/fr/shop/felko-mega-gummies-pilon-de-poulet-cola-fraise-120-g	https://fladis.azureedge.net/erp/ac1d8771-a47f-4297-a5df-1a472be61677.png	in_stock	2.59 EUR	Felko Holland	8721042683632	yes	new
6960	Monsterz Pop - 20 x 40 g	Le Monsterz Pop est une sucette effrayante avec un design de monstre, parfaite pour les fêtes d'Halloween. Elle présente des couleurs vives et des détails amusants, accompagnés d'une saveur fruitée et sucrée. Sa forme unique et son allure monstrueuse en font une friandise aussi visuellement attrayante que délicieuse à savourer.	https://www.mesbonbons.net/fr/shop/monsterz-pop-20-x-40-g	https://fladis.azureedge.net/erp/2a095b0d-54d8-4771-9d85-d045246f571d.png	out_of_stock	23.49 EUR	Funny Candy	6931722308058	yes	new
6964	Felko Mega Gummies Poisson Fraise - 120 g	Les Felko Mega Gummies Poisson sont de gros bonbons gélifiés en forme de poisson, au délicieux goût de fraise. Leur texture tendre et leur saveur sucrée offrent une expérience ludique et originale, parfaite pour les fêtes, les goûters ou les moments de plaisir sucré.	https://www.mesbonbons.net/fr/shop/felko-mega-gummies-poisson-fraise-120-g	https://fladis.azureedge.net/erp/6afe21a5-f2ab-4927-b822-a02dab64f08b.png	in_stock	2.59 EUR	Felko Holland	8721042683601	yes	new
6965	Dr. Sour Jelly Beans X-Taste - 1 kg	Les Dr. Sour Jelly Beans X-Taste sont des dragées gélifiées au goût intensément acide, idéales pour les amateurs de bonbons acidulés. Chaque bonbon offre une explosion de saveurs fruitées et une texture tendre.	https://www.mesbonbons.net/fr/shop/dr.-sour-jelly-beans-x-taste-1-kg	https://fladis.azureedge.net/erp/f102382f-19fb-4418-b521-cce8a0a73f80.png	in_stock	10.49 EUR	Dr. Sour	8721042682857	yes	new
6966	Geldhof Escargots Cola Citriques - 3 kg	Les Escargots Cola Citriques de Geldhof sont des bonbons gélifiés en forme d'escargot, recouverts d'une fine couche de sucre acidulé. Ils offrent une combinaison unique de saveurs sucrées et acidulées au goût de cola.	https://www.mesbonbons.net/fr/shop/geldhof-escargots-cola-citriques-3-kg	https://fladis.azureedge.net/erp/f91d2646-3dd5-4d22-ad74-a28c3f495f40.png	in_stock	26.99 EUR	Geldhof	5410391002258	yes	new
6967	The Belgian Truffes Saupoudrées de Cacao - 200 g	Les truffes enrobées de cacao belge Original 200g sont une délicieuse spécialité chocolatée, fabriquée en Belgique par The Belgian. Chaque truffe présente un cœur fondant au chocolat, délicatement enrobé d'une fine couche de cacao en poudre de haute qualité.	https://www.mesbonbons.net/fr/shop/the-belgian-truffes-saupoudrees-de-cacao-200-g	https://fladis.azureedge.net/erp/33d9dee1-9e7c-4e87-b473-90cab2c77b48.png	out_of_stock	4.99 EUR	The Belgian	5413121359035	yes	new
6968	Maison Perrier Daiqui'Red Sans Alcool - 250 ml	La boisson pétillante Maison Perrier Chic Daiqui’Red (250 ml) est une option sans alcool inspirée du cocktail classique Daiquiri. Elle combine des saveurs fruitées avec les bulles caractéristiques de Perrier, offrant une expérience rafraîchissante et sophistiquée.	https://www.mesbonbons.net/fr/shop/maison-perrier-daiquired-250-ml	https://fladis.azureedge.net/erp/9f11ebbd-1f6a-44a4-9920-8dd96b9ed39e.png	in_stock	2.00 EUR	Maison Perrier	8445291642744	yes	new
6969	Dr. Sweet Evil Body Parts - 24 x 128 g	Les Dr. Sweet Evil Body Parts sont des bonbons gélifiés en forme de parties du corps humain, présentés dans un paquet de 24 sachets de 128 g. Chaque sachet contient environ 16 bonbons individuels, emballés séparément.	https://www.mesbonbons.net/fr/shop/dr.-sweet-evil-body-parts-24-x-128-g	https://fladis.azureedge.net/erp/ac70c476-0ad2-4bce-8b41-e07352c8764f.png	in_stock	51.99 EUR	Dr. Sweet	8721042683823	yes	new
6971	Dr. Sweet Evil Body Parts - 128 g	Les Dr. Sweet Evil Body Parts sont des bonbons gélifiés en forme de parties du corps humain. Chaque sachet contient environ 16 bonbons individuels, emballés séparément.	https://www.mesbonbons.net/fr/shop/dr.-sweet-evil-body-parts-128-g	https://fladis.azureedge.net/erp/d0377fe3-8ae5-40b5-a359-e82e842ae51f.png	in_stock	2.50 EUR	Dr. Sweet	8721042683816	yes	new
6977	Dr. Sweet Evil Brain Sludge - 60 g	Les Dr. Sweet Evil Brain Sludge sont des bonbons gélifiés en forme de cervelle, présentés dans des tubes de 60 g. Chaque tube contient environ 12 bonbons individuels, emballés séparément.	https://www.mesbonbons.net/fr/shop/dr.-sweet-evil-brain-sludge-60-g	https://fladis.azureedge.net/erp/89439a9e-0a3e-4eb3-af02-29227f5971b9.png	in_stock	1.50 EUR	Dr. Sweet	8721042682734	yes	new
6982	Toxic Waste Nuclear Fusion - 42 g	Les Toxic Waste Nuclear Fusion sont des bonbons durs extrêmement acides, offrant une double saveur explosive dans chaque bouchée. Chaque bonbon combine deux saveurs fruitées, telles que framboise-citron, ananas-fruit de la passion, myrtille-banane, orange-pomme ou fraise-raisin.	https://www.mesbonbons.net/fr/shop/toxic-waste-nuclear-fusion-42-g	https://fladis.azureedge.net/erp/80a4e727-0f20-41a6-9d64-f8e54cd1f141.png	in_stock	2.50 EUR	Toxic Waste	5060045051936	yes	new
6990	Ice Talk Framboise Bleue et Citron - 230 ml	Une boisson à la framboise bleue et citron, alliant douceur et acidité pour une pause fruitée et rafraîchissante à tout moment.	https://www.mesbonbons.net/fr/shop/ice-talk-framboise-bleue-et-citron-230-ml	https://fladis.azureedge.net/erp/6dd4c5ed-205b-4ac2-b2b8-08e55a557573.png	in_stock	2.50 EUR	Ice Talk	8809344668875	yes	new
6991	Ice Talk Passion Mangue - 230 ml	Une boisson à la mangue et au fruit de la passion alliant douceur exotique et légère acidité pour une pause fruitée et rafraîchissante à tout moment.	https://www.mesbonbons.net/fr/shop/ice-talk-passion-mangue-230-ml	https://fladis.azureedge.net/erp/e4058c0c-39d0-46f9-ad10-e95451369a1d.png	in_stock	2.50 EUR	Ice Talk	8809344668837	yes	new
6992	Chupa Chups Babol Tutti Frutti - 27,6 g	Chewing-gum fruité et moelleux au goût sucré de tutti frutti, idéal pour créer de grosses bulles.	https://www.mesbonbons.net/fr/shop/chupa-chups-babol-tutti-frutti-276-g	https://fladis.azureedge.net/erp/7831562d-e1c0-48cc-8d95-d31ebdf25b13.png	in_stock	1.00 EUR	Chupa Chups	80759096	yes	new
7006	Surprise Drinks Reine des Neiges Fraise - 300 ml	La Surprise Drinks Reine des Neiges Saveur Fraise est une boisson rafraîchissante au bon goût de fraise, inspirée du monde magique de la Reine des Neiges. Présentée dans une bouteille colorée et amusante, elle contient une surprise à collectionner qui ravira les enfants. Un mélange parfait de plaisir, douceur et fantaisie à chaque gorgée.	https://www.mesbonbons.net/fr/shop/surprise-drinks-reine-des-neiges-fraise-300-ml	https://fladis.azureedge.net/erp/1ce97741-8693-4bfe-82f5-ba2d9f183e0b.png	in_stock	1.99 EUR	Surprise Drinks	8594023923214	yes	new
7010	Sac cabas - Hello Kitty	Ce sac cabas arbore un design coloré représentant Hello Kitty en version asiatique.	https://www.mesbonbons.net/fr/shop/sac-cabas-hello-kitty	https://fladis.azureedge.net/erp/5e14f86a-52d5-43d1-8bec-b45643f177bc.png	out_of_stock	3.00 EUR		3700891710534	yes	new
7011	Monster Energy Zero Sugar - 500 ml	La Monster Energy Zero Sucre est une boisson énergisante gazeuse sans sucres ajoutés, offrant le goût et la puissance emblématiques de Monster, sans les calories. Enrichie en caféine, taurine, ginseng, L-carnitine et vitamines B, elle procure un coup de boost idéal pour rester concentré et énergique tout au long de la journée.	https://www.mesbonbons.net/fr/shop/monster-energy-zero-sugar-500-ml	https://fladis.azureedge.net/erp/561ca1fc-e9f7-4843-a7d6-d058bc216914.png	in_stock	3.00 EUR	Monster Energy	5060947549715	yes	new
7012	Kinder Country - 141 g	Le Kinder Country associe chocolat au lait, crème lactée et céréales croustillantes pour une pause gourmande et équilibrée.	https://www.mesbonbons.net/fr/shop/kinder-country-141g	https://fladis.azureedge.net/erp/6998b9c6-7588-4111-a940-498151675c28.png	in_stock	2.49 EUR	Kinder	80050834	yes	new
7017	Ravazzi Oursons Géants - 1 kg	Plongez dans un monde de fantaisie avec les oursons géants gélifiés de Ravazzi ! Leur texture moelleuse et leur format impressionnant en font un bonbon aussi amusant que savoureux.	https://www.mesbonbons.net/fr/shop/ravazzi-oursons-geants-1-kg	https://fladis.azureedge.net/erp/6b5b93bf-802d-4c3e-a4b0-e301b3a47c1b.png	in_stock	7.99 EUR	Ravazzi	8000068018643	yes	new
7019	Thijs Gomme Gin Tonic - 1 kg	Savourez le goût rafraîchissant du célèbre cocktail sous forme de bonbons gélifiés ! Ces gommes au parfum gin tonic combinent une légère acidité à une douceur fruitée.	https://www.mesbonbons.net/fr/shop/thijs-gomme-gin-tonic-1-kg	https://fladis.azureedge.net/erp/dd5f3f20-90f5-44a4-8287-ae1c940db1ae.png	in_stock	10.79 EUR	Thijs	5412132121280	yes	new
7020	Thijs Gomme Fraise Prosecco - 1 kg	Bonbons gélifiés saveur fraise prosecco , à la texture tendre et enrobés de sucre, pour une touche gourmande et pétillante.	https://www.mesbonbons.net/fr/shop/thijs-gomme-fraise-prosecco-1-kg	https://fladis.azureedge.net/erp/af07a268-3f7e-4b4f-a50a-f736d879bffd.png	in_stock	10.79 EUR	Thijs	5412132121297	yes	new
7021	Thijs Gomme Pêche Bellini - 1 kg	Bonbons gélifiés à la saveur pêche Bellini, enrobés de sucre, à la texture tendre et fruitée — parfait pour une gourmandise élégante et festive.	https://www.mesbonbons.net/fr/shop/thijs-gomme-peche-bellini-1-kg	https://fladis.azureedge.net/erp/1ea05e57-ebd9-4bd1-a16d-ef6e75b4349a.png	in_stock	10.79 EUR	Thijs	5412132120313	yes	new
7022	Geldhof Bouteille Cherry Cola Citrique - 3 kg	Les Geldhof Cherry Cola Citrique sont délicieusement acidulées et alléchantes au palais. Une délicieuse combinaison du goût sucré des cerises et du Coca Cola !	https://www.mesbonbons.net/fr/shop/geldhof-bouteille-cherry-cola-citrique-3-kg	https://fladis.azureedge.net/erp/af2c718d-cfd8-4d98-81c1-d8ca85c2c680.jpg	in_stock	26.99 EUR	Geldhof	5410391002326	yes	new
7023	Amos Peelerz Zombies - 65 g	Plongez dans l’univers déjanté des Zombies Peelerz ! Ces bonbons gélifiés prennent la forme de drôles de petits zombies à peler avant de les déguster.	https://www.mesbonbons.net/fr/shop/amos-peelerz-zombies-65-g	https://fladis.azureedge.net/erp/dc8b83dd-2b45-45b4-8398-eb00f53b96a5.png	out_of_stock	1.50 EUR	Amos	6936756284668	yes	new
7024	Amos 4D Arithmetic Gummy - 85 g	Ce son des bonbons gélifiés fruités en forme de chiffres et de symboles mathématiques (opérations, chiffres) — conçus pour être à la fois ludiques et comestibles.	https://www.mesbonbons.net/fr/shop/amos-4d-arithmetic-gummy-85-g	https://fladis.azureedge.net/erp/08bd2132-f327-4949-a6b1-2d90cb600db0.png	in_stock	1.50 EUR		6936756265162	yes	new
7142	Gâteau au Chocolat et à la Crème Baileys - 195 g	Gâteau moelleux au cacao, recouvert d’une couche croustillante de chocolat, avec une garniture crémeuse au goût de Baileys Irish Cream.	https://www.mesbonbons.net/fr/shop/gateau-au-chocolat-et-a-la-creme-baileys-195-g	https://fladis.azureedge.net/erp/c4e29cf1-ddfa-495f-9179-afa1ef68d672.png	out_of_stock	3.49 EUR	Freddi Dolciara SpA	8005380010832	yes	new
7145	Pringles Everything Bagel - 158 g	Chips Pringles aromatisées avec le goût « everything bagel » : un mélange salé de graines (sésame, pavot), oignon, ail et une touche de cream cheese, le tout dans une boisson croustillante classique.	https://www.mesbonbons.net/fr/shop/pringles-everything-bagel-158-g	https://fladis.azureedge.net/erp/c1895d3b-aa51-4537-b0fe-c2377c58de2f.png	out_of_stock	4.99 EUR	Pringles	038000293122	yes	new
7155	Lion Brownie Style - 5 x 30 g	Lion Brownie Style est une barre chocolatée avec céréales croustillantes, caramel fondant et chocolat au lait, rappelant le goût riche du brownie.	https://www.mesbonbons.net/fr/shop/lion-brownie-style-5-x-30-g	https://fladis.azureedge.net/erp/02386211-b2b3-4000-8add-e03e9fbcba4a.png	out_of_stock	2.49 EUR	Lion	8445290470454	yes	new
7163	Bâtonnets Pomme Sucrés Tubo - 1 kg	Ces bâtonnets sucrés sont des bonbons gélifiés, torsadés et sucrés au goût de pomme.	https://www.mesbonbons.net/fr/shop/batonnets-sucres-pomme-tubo-1-kg	https://fladis.azureedge.net/erp/e7dbebe0-aec8-4014-95f1-431c692ed461.png	out_of_stock	5.99 EUR	Eurobis	8716100082953	yes	new
7165	Jimmy's Popcorn Chicago Style Caramel & Cheese - 110g	Un mélange de popcorn croustillant soufflé à l’air, combinant le goût sucré du caramel doré et la saveur salée et fromagée du fromage. Ce snack offre un contraste original entre douceur et caractère salé, idéal pour les moments de détente comme devant un film.	https://www.mesbonbons.net/fr/shop/jimmys-pop-corn-chicago-style-caramel-cheese-110g	https://fladis.azureedge.net/erp/3bf80bfd-c606-4319-8bae-ec4a6ea4bab9.png	out_of_stock	3.49 EUR	JIMMY's	8713276111371	yes	new
7168	Kinder Chocolat - 200 g	Kinder Chocolat est une délicieuse gourmandise composée de barres de chocolat au lait renfermant un cœur fondant au lait, spécialement conçue pour les enfants et appréciée de toute la famille.	https://www.mesbonbons.net/fr/shop/kinder-chocolat-200-g	https://fladis.azureedge.net/erp/9cc7babd-c2ec-4a4e-9bf9-ef424902c516.png	out_of_stock	5.25 EUR	Kinder	3017627101604	yes	new
7171	Pure Monin Concentré de Citron & Citron vert Non Sucré - 70 cl	Un concentré rafraîchissant aux saveurs vives et acidulées de citron et citron vert, sans sucre ajouté. Parfait pour parfumer vos cocktails, boissons sans alcool, smoothies et thés glacés avec une touche naturelle et fruitée.	https://www.mesbonbons.net/fr/shop/pure-monin-concentre-de-citron-citron-vert-non-sucre-70-cl	https://fladis.azureedge.net/erp/d3ceba2c-0ba7-4420-b1f1-4c597dd45101.png	out_of_stock	13.99 EUR	Monin	3052911513039	yes	new
7178	Amos Peelerz Gummy Trees - 65 g	Des bonbons gélifiés en forme d’arbres, au goût fruité, avec une coque extérieure à “peler” pour révéler un intérieur moelleux — un snack ludique et gourmand, parfait pour les pauses sucrées ou les moments fun à partager.	https://www.mesbonbons.net/fr/shop/amos-peelerz-gummy-trees-65-g	https://fladis.azureedge.net/erp/359de835-ec14-499c-90b2-2f11117f28d6.png	in_stock	1.50 EUR	Amos	6936756286570	yes	new
7207	Nutella Biscuits - 193 g	Les Nutella Biscuits sont des petites bouchées délicieuses qui allient la douceur du biscuit croustillant à un cœur fondant de Nutella. Chaque biscuit est un petit moment de gourmandise, avec une texture croquante à l'extérieur et une pâte à tartiner onctueuse à l'intérieur. Idéal pour une pause sucrée à tout moment de la journée !	https://www.mesbonbons.net/fr/shop/nutella-biscuits-193-g	https://fladis.azureedge.net/erp/3baec02e-fdfb-4352-b188-32833e837b2d.png	in_stock	3.99 EUR	Nutella	8000500390306	yes	new
7208	The Belgian Pralines Fraise Giftbox - 150 g	La “Belgian Pralines Fraise Giftbox” est une boîte cadeau de pralines belges au chocolat, garnies d’un intérieur crémeux/fruité à la fraise.	https://www.mesbonbons.net/fr/shop/the-belgian-pralines-fraise-giftbox-150-g	https://fladis.azureedge.net/erp/a1c8eb49-c9b5-46bd-b0bd-02db30b24a45.png	out_of_stock	4.99 EUR	The Belgian	5413121372720	yes	new
7209	The Belgian Pralines Pistache Giftbox - 150 g	La „Pistache Giftbox“ est une boîte cadeau de pralines belges enveloppées de chocolat (lait, blanc ou noir), contenant une ganache ou crème à la pistache.	https://www.mesbonbons.net/fr/shop/the-belgian-pralines-pistache-giftbox-150-g	https://fladis.azureedge.net/erp/82552c6f-a964-45a6-a458-e9e8c9944827.png	out_of_stock	4.99 EUR	The Belgian	5413121372737	yes	new
7211	Trefin Eclair - 3 kg	Le Trefin Eclair est une confiserie belge : ce sont des toffees / bonbons au caramel au chocolat, avec un cœur fondant mêlant douceur, caramel et chocolat.	https://www.mesbonbons.net/fr/shop/trefin-eclair-3-kg	https://fladis.azureedge.net/erp/b41ece5e-79e6-428a-b076-caf7331f6624.png	in_stock	41.49 EUR	Trefin	5410381001438	yes	new
7265	Maison Perrier Chic Pina Beach Sans Alcool - 250 ml	Maison Perrier Chic Piña Beach est une boisson pétillante sans alcool, aromatisée façon cocktail tropical — goût ananas et noix de coco, pétillance légère.	https://www.mesbonbons.net/fr/shop/maison-perrier-chic-pina-beach-sans-alcool-250-ml	https://fladis.azureedge.net/erp/b767db86-8fe8-4c5b-8ae3-c651e71ca8a7.png	in_stock	2.00 EUR	Maison Perrier	8445291656949	yes	new
7267	Hot Chip Mr Twister Challenge - 120 g	Défie tes papilles avec le Hot Chip Mr Twister Challenge : un snack épicé et croustillant qui tourne la tête.	https://www.mesbonbons.net/fr/shop/hot-chip-mr-twister-challenge-120-g	https://fladis.azureedge.net/erp/f8dc6eac-8268-4880-af1d-0ab21dcb16a9.png	out_of_stock	8.99 EUR	Hot Chip	8594205493061	yes	new
7281	Hot Chocolate Dubaï Style – Saveur Pistache Feuilletine – 30 g	Laissez‑vous tenter par ce Hot Chocolate® Dubaï Style saveur Pistache Feuilletine, un chocolat chaud gourmand à base de chocolat blanc relevé par de délicieuses pistaches croquantes et de petits éclats de biscuit. Sa texture riche et son arôme délicat offrent une pause douce et savoureuse, parfaite pour réchauffer vos moments de détente.	https://www.mesbonbons.net/fr/shop/hot-chocolate-dubai-style-saveur-pistache-feuilletine-30-g	https://fladis.azureedge.net/erp/167a7266-1b56-4668-a0ee-487eacef93cc.png	in_stock	3.49 EUR	Le Comptoir de Mathilde	3700961322407	yes	new
7285	Schweppes Agrumes - 330 ml	Schweppes Agrumes 330 ml est une boisson pétillante rafraîchissante au goût d’agrumes, associant subtilement citron, orange et pamplemousse. Idéale pour une pause désaltérante, elle offre un équilibre parfait entre douceur et légère amertume.	https://www.mesbonbons.net/fr/shop/schweppes-agrumes-330-ml	https://fladis.azureedge.net/erp/32a6f199-9a20-456d-9488-e6c3defea25f.png	in_stock	2.00 EUR	Schweppes	5410221305085	yes	new
7286	Kinder Delice - 39 g	Kinder Délice est un délicieux gâteau moelleux au cacao, fourré d’une crème lactée fondante et recouvert d’un fin nappage chocolaté. Une douceur gourmande et réconfortante, idéale pour une petite pause plaisir à tout moment de la journée.	https://www.mesbonbons.net/fr/shop/kinder-delice-39-g	https://fladis.azureedge.net/erp/a5c608ec-0df2-4568-8afc-29120085e2f0.png	out_of_stock	1.00 EUR	Kinder	8000500267035	yes	new
7294	Pâte à Tartiner Crema Pistache - 200 g	Découvrez une pâte à tartiner artisanale à la pistache : onctueuse, riche en goût et idéale pour tartines, desserts ou pâtisseries. Elle est élaborée à partir de pistaches soigneusement sélectionnées pour une saveur intense et authentique	https://www.mesbonbons.net/fr/shop/pate-a-tartiner-crema-pistache-200-g	https://fladis.azureedge.net/erp/37bab820-9f13-49a3-97f0-5fb08c939b56.png	in_stock	6.59 EUR	ARACAO	3760411270023	yes	new
7299	Chupa Chups Cherry Stix - 10 g	Bonbon gélifié au goût cerise, avec un extérieur tendre et légèrement acidulé et un cœur fondant sucré, parfait comme friandise individuelle ou pour garnir des sachets de fête pour enfants.	https://www.mesbonbons.net/fr/shop/chupa-chups-cherry-stix-10-g	https://fladis.azureedge.net/erp/f3a344fb-a418-452f-9fe0-b81e04be28fd.png	in_stock	0.50 EUR	Chupa Chups	84198402	yes	new
7300	Chupa Chups Cola Stix - 10 g	Bonbon gélifié au goût cola, avec un extérieur tendre et légèrement acidulé et un cœur fondant sucré, parfait comme friandise individuelle ou pour garnir des sachets de fête pour enfants.	https://www.mesbonbons.net/fr/shop/chupa-chups-cola-stix-10-g	https://fladis.azureedge.net/erp/105d0784-6746-4508-927f-e95a95f6d113.png	out_of_stock	0.50 EUR	Chupa Chups	80803553	yes	new
7318	Milka Max Choco Swing - 300 g	Milka Max Choco Swing est une tablette de chocolat au lait généreuse (300 g) combinant le chocolat au lait crémeux Milka avec une garniture onctueuse et une couche de biscuit croustillant.	https://www.mesbonbons.net/fr/shop/milka-max-choco-swing-300-g	https://fladis.azureedge.net/erp/8935aea5-6a6e-46f9-a1a5-ce890c1e5043.png	out_of_stock	3.99 EUR	Milka	9012200872739	yes	new
7321	Chupa Chups XXL Bubble Gum - 5 x 29 g	Gros chewing-gum fruité Chupa Chups, format XXL pour des bulles géantes et un plaisir prolongé.	https://www.mesbonbons.net/fr/shop/chupa-chups-xxl-bubble-gum-5-x-29-g	https://fladis.azureedge.net/erp/b6be2df5-073f-4849-b922-463b5133ff77.png	out_of_stock	1.50 EUR	Chupa Chups	8723400824626	yes	new
7324	Jimmy's Popcorn Sweet & Salt - 100 g	Popcorn Jimmy’s alliant le sucré et le salé, pour un en-cas croustillant et gourmand à tout moment.	https://www.mesbonbons.net/fr/shop/jimmys-popcorn-sweet-salt-100-g	https://fladis.azureedge.net/erp/587fdeca-8671-44dd-880a-add9ffbdf2c9.png	in_stock	2.49 EUR	JIMMY's	8713276011329	yes	new
7325	Jimmy's Popcorn Sweet - 100 g	Popcorn Jimmy’s sucré, léger et croustillant, parfait pour une pause gourmande.	https://www.mesbonbons.net/fr/shop/jimmys-popcorn-sweet-100-g	https://fladis.azureedge.net/erp/493d73f9-704f-4271-aced-2c5fed369988.png	in_stock	2.49 EUR	JIMMY's	8713276011312	yes	new
7328	Toast'em Pop-ups Frosted Brown Sugar Cinnamon - 288 g	Petites tartines moelleuses fourrées à la cannelle et recouvertes de sucre brun glacé, idéales pour un goûter sucré et rapide.	https://www.mesbonbons.net/fr/shop/toastem-pop-ups-frosted-brown-sugar-cinnamon-288-g	https://fladis.azureedge.net/erp/e441e395-48c8-4b7b-a960-a080c84895a8.png	out_of_stock	4.99 EUR	Toast'em Pop-Ups	5061039210230	yes	new
7331	Royal Mini Mochi Pancake à l'Erable - 40 g	Petites bouchées moelleuses inspirées des pancakes, parfumées à l’érable, pour une pause gourmande et originale.	https://www.mesbonbons.net/fr/shop/royal-mini-mochi-pancake-a-lerable-40-g	https://fladis.azureedge.net/erp/d6b41901-209c-42fb-acc4-2dd08fd5eb55.png	in_stock	2.29 EUR	Royal Family Custard	4711931037404	yes	new
7332	Royal Mini Mochi Vanilla Cream - 40 g	Bouchées moelleuses japonaises à base de riz gluant, fourrées à la crème vanille, pour un snack doux et gourmand.	https://www.mesbonbons.net/fr/shop/royal-mini-mochi-vanilla-cream-40-g	https://fladis.azureedge.net/erp/244a4262-31de-439b-90e7-a6a58e9003f6.png	in_stock	2.29 EUR	Royal Family Custard	4711931037411	yes	new
7333	Royal Mini Mochi Tiramisu - 40 g	Bouchées moelleuses japonaises à base de riz gluant, inspirées du tiramisu italien, pour un snack gourmand et raffiné.	https://www.mesbonbons.net/fr/shop/royal-mini-mochi-tiramisu-40-g	https://fladis.azureedge.net/erp/2964bfe5-d851-4c9b-88f5-58969948f703.png	in_stock	2.29 EUR	Royal Family Custard	4711931037398	yes	new
7334	Royal Mini Mochi Cheesecake Fraise - 40 g	Bouchées moelleuses japonaises à base de riz gluant, fourrées à la crème cheesecake à la fraise, pour un snack fruité et gourmand.	https://www.mesbonbons.net/fr/shop/royal-mini-mochi-cheesecake-fraise-40-g	https://fladis.azureedge.net/erp/3ea00149-76e1-4029-b239-a6fba1c22c98.png	in_stock	2.29 EUR	Royal Family Custard	4711931037381	yes	new
7344	Oyakata Yakisoba Poulet Epicé & Fromage - 97 g	Nouilles sautées instantanées japonaises aux saveurs de poulet épicé et fromage , prêtes en quelques minutes : texture moelleuse et goût relevé équilibré par une touche fromagère crémeuse, parfaites pour un repas rapide et savoureux.	https://www.mesbonbons.net/fr/shop/oyakata-yakisoba-poulet-epice-fromage-97-g	https://fladis.azureedge.net/erp/5cf831ec-3e40-4057-8142-f3672dcbb242.png	in_stock	2.50 EUR	Oyakata	5901384510473	yes	new
7345	Oyakata Yakisoba Kimchi Coréen - 92 g	Nouilles sautées instantanées inspirées du goût du kimchi coréen , combinant saveurs piquantes et légèrement acidulées des légumes fermentés avec des nouilles moelleuses — prêt en quelques minutes pour un repas rapide et savoureux.	https://www.mesbonbons.net/fr/shop/oyakata-yakisoba-kimchi-coreen-92-g	https://fladis.azureedge.net/erp/c1720a6e-f10c-47f1-b856-d7d9ff0ca862.png	in_stock	2.50 EUR	Oyakata	5901384510480	yes	new
7346	Oyakata Yakisoba Poulet Yakitori - 93 g	Nouilles sautées instantanées japonaises inspirées des saveurs sucrées-salées des brochettes de poulet yakitori , prêtes en quelques minutes avec de l’eau bouillante pour un repas rapide et savoureux.	https://www.mesbonbons.net/fr/shop/oyakata-yakisoba-poulet-yakitori-93-g	https://fladis.azureedge.net/erp/54601992-e706-455b-b525-31484aa6483e.png	in_stock	2.50 EUR	Oyakata	5901384510466	yes	new
7353	Mr Beast Feastables 2 Cups Chocolat Crémeux Noisette - 40 g	Un petit duo de « cups » de chocolat au lait onctueux fourrés à une crème de noisette riche et fondante, parfait pour une pause gourmande chocolatée	https://www.mesbonbons.net/fr/shop/mr-beast-feastables-2-cups-chocolat-cremeux-noisette-40-g	https://fladis.azureedge.net/erp/f1710c97-3491-48ce-a5cf-9f5673499d94.png	in_stock	3.99 EUR	MrBeast	1230000168861	yes	new
7354	Mr Beast Feastables 2 Cups Beurre de cacahuète Crémeux - 40 g	Délicieuses bouchées de chocolat au lait onctueux fourrées d’un cœur crémeux au beurre de cacahuète , parfaites pour une pause gourmande ou un petit encas sucré.	https://www.mesbonbons.net/fr/shop/mr-beast-feastables-2-cups-beurre-de-cacahuete-cremeux-40-g	https://fladis.azureedge.net/erp/713d41a3-0efd-4b6d-94a8-28751639329d.png	in_stock	3.99 EUR	MrBeast	1230000168885	yes	new
7356	KitKat Citron Vert - 41,5 g	Édition limitée de la barre chocolatée emblématique KitKat avec gaufrettes croustillantes enrobées de chocolat blanc parfum citron vert rafraîchissant, parfaite pour une pause sucrée aux notes d’agrumes.	https://www.mesbonbons.net/fr/shop/kitkat-citron-vert-415-g	https://fladis.azureedge.net/erp/4878a6a8-bbb7-4b2d-95fc-c396baf8ccbf.png	in_stock	2.49 EUR	KitKat	7891000435755	yes	new
7358	Twix Triple Chocolat - 40 g	Barre chocolatée gourmande composée d’une gaufrette croustillante , d’un cœur caramel fondant et d’une couche chocolatée riche , revisitée en format Triple Chocolat pour intensifier la saveur cacao.	https://www.mesbonbons.net/fr/shop/twix-triple-chocolat-40-g	https://fladis.azureedge.net/erp/099053f4-4a11-4efb-b7fe-ebe1884d20ba.png	out_of_stock	2.49 EUR	Twix	7896423405491	yes	new
7359	Bounty Crispy Rolls - 5 x 23,4 g	Les Bounty Crispy Rolls sont de délicieuses barres croustillantes composées de fines couches de gaufrettes enrobées de chocolat au lait, avec une garniture à la noix de coco fondante. Elles offrent un équilibre parfait entre le croquant léger et la douceur exotique, pour retrouver tout le plaisir du Bounty dans un format plus aéré et croustillant.	https://www.mesbonbons.net/fr/shop/bounty-crispy-rolls-5-x-234-g	https://fladis.azureedge.net/erp/d98737e1-8c57-49bc-aa93-a4f681569420.png	out_of_stock	3.49 EUR	Bounty	6221134013702	yes	new
7366	Pringles Black Truffle Velvet Mashed Potatoes - 80 g	Chips Pringles saveur purée de pommes de terre veloutée à la truffe noire, au goût riche et gourmand.	https://www.mesbonbons.net/fr/shop/pringles-black-truffle-velvet-mashed-potatoes-80-g	https://fladis.azureedge.net/erp/1056a82f-5c41-43f8-a750-f6f35c3667f2.png	in_stock	2.99 EUR	Pringles	6958652303397	yes	new
7367	Jack Link's Beef Jerky Original High Protein - 40 g	Jack Link's Beef Jerky Original snack de bœuf séché riche en protéines, au goût fumé et salé, idéal comme encas nomade ou après le sport.	https://www.mesbonbons.net/fr/shop/jack-links-beef-jerky-original-high-protein-40-g	https://fladis.azureedge.net/erp/450f499e-26c7-4ffb-9702-c7ce583a2353.png	out_of_stock	6.49 EUR	Jack Link's	4251097406756	yes	new
7370	Twix Wafer Rolls - 12 x 22,5 g	Une gaufrette croustillante garnie de crème au caramel et enrobée de chocolat au lait. Une version légère et gourmande du classique Twix, parfaite pour une pause sucrée !	https://www.mesbonbons.net/fr/shop/twix-wafer-rolls-12-x-225-g	https://fladis.azureedge.net/erp/a36619bc-371a-4f5e-8cf0-4504095ec5f7.png	out_of_stock	13.99 EUR	Twix	6221134010749	yes	new
7378	Buldak Ramen Cup HOT Chicken - 70 g	Nouilles instantanées coréennes épicées Hot Chicken en version cup – une ramen pratique à préparer avec de l’eau chaude, au goût intense, relevé et savoureux, parfait pour un repas rapide relevé !	https://www.mesbonbons.net/fr/shop/buldak-ramen-cup-hot-chicken-70-g	https://fladis.azureedge.net/erp/b2d92247-0a5c-46bf-8163-703552d98b3f.png	in_stock	3.99 EUR	Samyang	8801073210776	yes	new
7380	Pocky Strawberry Peach Yogurt - 38 g	Bâtonnets biscuités Pocky Strawberry Peach Yogurt enrobés d’un nappage crémeux saveur yaourt à la fraise et à la pêche, avec de petits morceaux de fruits pour une touche fruitée et gourmande.	https://www.mesbonbons.net/fr/shop/pocky-strawberry-peach-yogurt-38-g	https://fladis.azureedge.net/erp/91193bd1-a7d7-4ae6-9c6e-bddae49d0307.png	out_of_stock	2.99 EUR	Pocky	8851019001258	yes	new
7381	Harry Potter Tablette Choco Grenouille - 200 g	Tablette de chocolat au lait Harry Potter Choco Grenouille , inspirée des fameuses grenouilles magiques du film, au goût doux et crémeux, idéale pour les fans ou pour partager un moment gourmand.	https://www.mesbonbons.net/fr/shop/harry-potter-tablette-choco-grenouille-200-g	https://fladis.azureedge.net/erp/802c96c9-c98a-489b-82ad-9b81f9aaa9e9.png	in_stock	7.25 EUR	Witor's	8003535086619	yes	new
7382	Fanta Banana Chocolate - 500 ml	Une boisson gazeuse pétillante aux saveurs banane et chocolat , rafraîchissante avec une combinaison originale et sucrée de fruit et note chocolatée, idéale pour une pause fraîcheur unique.	https://www.mesbonbons.net/fr/shop/fanta-banana-chocolate-500-ml	https://fladis.azureedge.net/erp/df8e5fad-0a48-46f5-bede-295dd02b9e31.png	in_stock	3.00 EUR	Fanta	4897148040045	yes	new
7384	Fanta Passion Fruit Grape Fruit - 500 ml	Une boisson gazeuse pétillante aux saveurs fruit de la passion et pamplemousse , fruitée, rafraîchissante et légèrement acidulée, parfaite pour étancher la soif avec une touche exotique.	https://www.mesbonbons.net/fr/shop/fanta-passion-fruit-grape-fruit-500-ml	https://fladis.azureedge.net/erp/82fe9823-9719-41e4-bd86-cccd73128a7e.png	out_of_stock	3.00 EUR	Fanta	4897148040038	yes	new
7385	Fanta Hami Melon - 500 ml	Une boisson gazeuse pétillante au goût melon Hami exotique , doux et rafraîchissant, idéale pour étancher la soif avec une touche fruitée originale.	https://www.mesbonbons.net/fr/shop/fanta-hami-melon-500-ml	https://fladis.azureedge.net/erp/0c238891-ca41-44a5-b0a6-2ed20ee0a54a.png	in_stock	3.00 EUR	Fanta	4897148040021	yes	new
7389	Barre Chocolat Cadbury Oreo - 35 g	La barre Chocolat Cadbury Oreo combine le délicieux chocolat au lait Cadbury avec des morceaux croquants de biscuits Oreo. Chaque bouchée offre un contraste parfait entre le fondant du chocolat et le croquant des biscuits.	https://www.mesbonbons.net/fr/shop/barre-chocolat-cadbury-oreo-35-g	https://fladis.azureedge.net/erp/59879dfc-b134-48ad-a507-c4e514854351.png	out_of_stock	1.50 EUR	Milka	7622201510671	yes	new
7394	Carambar Caramel - 320 g	Le Carambar Caramel c'est le classique de chez Carambar, Cette friandises est connue depuis des générations notamment pour ses blagues et devinettes amusantes.	https://www.mesbonbons.net/fr/shop/carambar-caramel-320-g	https://fladis.azureedge.net/erp/4ec558bf-f7a6-4ead-8f0e-f41ddb1b5154.png	out_of_stock	4.99 EUR	Carambar	3664346300780	yes	new
7409	The Belgian Pralines Mango - 150 g	Une délicieuse boîte de pralines belges saveur mangue , mêlant chocolat au lait, blanc et noir à une note exotique de mangue pour un goût fruité et équilibré.	https://www.mesbonbons.net/fr/shop/the-belgian-pralines-mango-150-g	https://fladis.azureedge.net/erp/7f787dbf-7e38-4edc-b9d2-6728faf4d1c3.png	in_stock	4.99 EUR	The Belgian	5413121372744	yes	new
7410	Sweet Party Spaghetti Cola - 1,35 kg	Spaghettis de bonbons souples au goût cola classique.	https://www.mesbonbons.net/fr/shop/sweet-party-spaghetti-cola-135-kg	https://fladis.azureedge.net/erp/79af4ec9-7c0a-4407-b87d-c8febd209cf3.png	in_stock	13.99 EUR	Sweet Party	5413128355047	yes	new
7414	Kinder Brioss - 270 g	Brioche moelleuse et légère, parfaite pour le petit-déjeuner ou une pause gourmande.	https://www.mesbonbons.net/fr/shop/kinder-brioss-270-g	https://fladis.azureedge.net/erp/6218fbc2-606f-4834-8584-b95eb44a9234.png	out_of_stock	5.99 EUR	Kinder	8000500283158	yes	new
7415	Kinder Brioss Cacao - 280 g	Brioche moelleuse au cacao, idéale pour un petit-déjeuner ou une pause gourmande chocolatée.	https://www.mesbonbons.net/fr/shop/kinder-brioss-cacao-280-g	https://fladis.azureedge.net/erp/cd45e828-7313-4bde-b422-79e7b2c6f070.png	out_of_stock	5.99 EUR	Kinder	8000500283189	yes	new
7418	Boisson AirHeads Orange - 355 ml	Boisson rafraîchissante au goût vif d’orange, inspirée des célèbres bonbons AirHeads.	https://www.mesbonbons.net/fr/shop/boisson-airheads-orange-355-ml	https://fladis.azureedge.net/erp/a9a89014-3c71-4f0c-a811-c63faf2be67d.png	in_stock	2.50 EUR	AirHeads	860013906207	yes	new
7419	Boisson AirHeads Fraise - 355 ml	Boisson rafraîchissante au goût sucré et fruité de fraise, inspirée des bonbons AirHeads.	https://www.mesbonbons.net/fr/shop/boisson-airheads-fraise-355-ml	https://fladis.azureedge.net/erp/d3f0cdfc-f52e-4233-a969-bb59e3c4da47.png	in_stock	2.50 EUR	AirHeads	860013906221	yes	new
7432	Jimmy's Popcorn Salé - 17 g	Légères grains de maïs soufflé salé croquants dans un sachet pratique, parfaits pour une pause snack ou à emporter partout.	https://www.mesbonbons.net/fr/shop/jimmys-popcorn-sale-17-g	https://fladis.azureedge.net/erp/46b73c2b-262f-4f84-839d-a120322b96e1.png	in_stock	0.50 EUR	JIMMY's	8713276092038	yes	new
7434	Oyakata Ramen Crevette Tempura - 61 g	Soupe japonaise instantanée rapide et savoureuse avec des nouilles de blé et une saveur inspirée des crevettes tempura, combinant des notes umami de soja, ail et gingembre pour une pause-repas chaude et réconfortante en quelques minutes.	https://www.mesbonbons.net/fr/shop/oyakata-ramen-crevette-tempura-61-g	https://fladis.azureedge.net/erp/be2c9b6b-29a3-4f0a-a221-4faebe2943cb.png	in_stock	2.00 EUR	Oyakata	5901384510633	yes	new
7435	Oyakata Ramen Porc - 62 g	Nouilles ramen instantanées en cup à saveur de porc tonkotsu, prêtes en ~3 minutes avec de l’eau bouillante pour une soupe chaude réconfortante inspirée des classiques japonais.	https://www.mesbonbons.net/fr/shop/oyakata-ramen-porc-62-g	https://fladis.azureedge.net/erp/bf530e73-bd82-4103-b5ad-3e37b9c86bcb.png	in_stock	2.00 EUR	Oyakata	5901384504731	yes	new
7440	Nerds Gummy Clusters Rainbow - 85 g	Bonbons gélifiés fruités avec un cœur tendre entouré de petites perles croquantes colorées Nerds, offrant un contraste sucré-acidulé unique et une texture amusante à chaque bouchée !	https://www.mesbonbons.net/fr/shop/nerds-gummy-clusters-rainbow-85-g	https://fladis.azureedge.net/erp/2720de5b-35f6-47fb-ad77-f756f83595f3.png	out_of_stock	3.99 EUR	Nerds	079200049058	yes	new
7442	Lay's Algues - 70 g	Chips de pommes de terre croustillantes parfumées au goût umami de nori / algues marines , offrant une saveur salée et légèrement iodée inspirée des snacks asiatiques classiques, idéale pour ceux qui aiment goûter des saveurs nouvelles et audacieuses.	https://www.mesbonbons.net/fr/shop/lays-algues-70-g	https://fladis.azureedge.net/erp/45f72135-5498-4d1c-946b-da4cdb6f6660.png	in_stock	3.29 EUR	Lay's China	6924743919297	yes	new
7443	Lay's Concombre - 70 g	Chips de pommes de terre croustillantes à la saveur rafraîchissante de concombre , offrant une expérience légère et originale qui allie le croquant classique de Lay’s à une touche subtilement fraîche et herbacée inspirée des saveurs asiatiques.	https://www.mesbonbons.net/fr/shop/lays-concombre-70-g	https://fladis.azureedge.net/erp/cbfc318f-bba9-46cd-82e7-10468bed7628.png	out_of_stock	3.29 EUR	Lay's China	6924743919259	yes	new
7444	Lay's Ailes de Poulet Rainurées - 70 g	Chips de pommes de terre à fortes crêtes au goût intense de ailes de poulet grillées, associant une texture extra‑croustillante à un assaisonnement salé, fumé et savoureux inspiré des épices classiques des ailes de poulet.	https://www.mesbonbons.net/fr/shop/lays-ailes-de-poulet-rainurees-70-g	https://fladis.azureedge.net/erp/508c9590-290b-45a5-aab6-bc5237ad84d8.png	in_stock	3.29 EUR	Lay's China	6924743918658	yes	new
7445	Lay's Écrevisses épicées - 70 g	Chips de pommes de terre croustillantes à la saveur épicée de crayfish (petits crustacés), combinant notes umami de fruits de mer et piment pour une collation audacieuse et exotique inspirée des assaisonnements asiatiques.	https://www.mesbonbons.net/fr/shop/lays-ecrevisses-epicees-70-g	https://fladis.azureedge.net/erp/06e36ce3-62d6-4b83-9534-c33c795219a6.png	out_of_stock	3.29 EUR	Lay's China	6924743923430	yes	new
7453	Kinder Milkredible Milk - 46,8 g	Bonbons moelleux au goût laitier doux, avec une texture tendre qui fond en bouche, rappelant les saveurs crémeuses emblématiques des produits Kinder classiques.	https://www.mesbonbons.net/fr/shop/kinder-milkredible-milk-468-g	https://fladis.azureedge.net/erp/b12c9dac-217e-4c46-9f7e-eafe02a5a26c.png	in_stock	6.49 EUR	Kinder	6973213210457	yes	new
7454	Kinder Milkredible Choco & Milk - 46,8 g	Bonbons moelleux Kinder avec une couche extérieure lactée et une garniture chocolatée/cacao crémeuse, offrant un goût doux et onctueux qui rappelle les classiques de la marque Kinder.	https://www.mesbonbons.net/fr/shop/kinder-milkredible-choco-milk-468-g	https://fladis.azureedge.net/erp/132bca25-21d3-457c-82ad-fcb6b6932d08.png	in_stock	6.49 EUR	Kinder	6973213210495	yes	new
7455	Côte d'Or Bâton Chocolat Noir - 32 x 47 g	Côte d'Or Chocolat Noir est une barre de chocolat noir intense, fabriquée avec du cacao de qualité pour une saveur riche et authentique. Avec son goût profond et sa texture fondante, cette barre est idéale pour les amateurs de chocolat qui recherchent une expérience de dégustation pure et intense.	https://www.mesbonbons.net/fr/shop/cote-dor-baton-chocolat-noir-32-x-47-g	https://fladis.azureedge.net/erp/280386d2-7818-445b-aba7-c573629e20a5.png	in_stock	35.99 EUR	Côte d'or	7622200892839	yes	new
7460	Dr. Sour Jelly Beans Mix - 1 kg	Petits bonbons jelly beans multicolores aux saveurs fruitées sucrées et légèrement acidulées, idéals pour remplir des sachets, candy bars ou fêtes.	https://www.mesbonbons.net/fr/shop/dr.-sour-jelly-beans-mix-1-kg	https://fladis.azureedge.net/erp/51a6bfb6-23a6-4a0a-8303-5cbe09a2f5c9.png	in_stock	10.49 EUR	Dr. Sour	8721042681577	yes	new
7461	Dr. Sweet Fruit Salad - 1 kg	Mélange de bonbons fruités type salade de fruits, petits cubes/bonbons multicolores aux saveurs fruitées sucrées, parfaits en vrac pour fêtes, sachets ou candy bars.	https://www.mesbonbons.net/fr/shop/dr.-sweet-fruit-salad-1-kg	https://fladis.azureedge.net/erp/e2dfbf75-c7a9-420f-aa5a-78119d382ba3.png	in_stock	9.99 EUR	Dr. Sweet	8721042682512	yes	new
7463	Lay's Calamars Rainurés - 70 g	Chips croustillantes et ondulées, au goût salé unique inspiré du calmar grillé pour une expérience snack audacieuse et umami.	https://www.mesbonbons.net/fr/shop/lays-calamars-rainures-70-g	https://fladis.azureedge.net/erp/14de8ef1-3443-4013-a7a7-e4a001926f4b.png	in_stock	3.29 EUR	Lay's China	6924743918610	yes	new
7469	Brainrot Soda Seven - 250 ml	Boisson gazeuse Brainrot Soda Six Seven 7 en canette de 250 ml soda original avec une saveur fruitée et intense, proposée comme partie de la série Six Seven pour une expérience rafraîchissante différente des sodas traditionnels.	https://www.mesbonbons.net/fr/shop/brainrot-soda-six-seven-7-250-ml	https://fladis.azureedge.net/erp/af2d96ee-ce50-4fa3-82d1-e4b13d660a9e.png	out_of_stock	3.00 EUR	Brainrot	7391047209703	yes	new
7497	AirHeads Sour Blue Blast - 16 g	Bonbons AirHeads acidulés au goût intense de bleu, pour une explosion de saveurs fruitées et sucrées.	https://www.mesbonbons.net/fr/shop/airheads-acidules-bleu-explosif-16-g	https://fladis.azureedge.net/erp/eb64bb67-f892-491e-ae62-b2b6144b7f5a.png	out_of_stock	1.00 EUR	AirHeads	073390013110	yes	new
7505	Bifi Roll - 45 g	Snack Bifi Roll, saucisse enrobée de pâte croustillante.	https://www.mesbonbons.net/fr/shop/bifi-roll-45-g	https://fladis.azureedge.net/erp/2ece4129-fd99-4dcc-9c5b-6e00fd8394bd.png	in_stock	1.49 EUR	Bifi	4251097410289	yes	new
7516	Tic Tac Goût Ananas et Fruit de la Passion - 49 g	Tic Tac aux saveurs tropicales d’ananas et de fruit de la passion, à savourer à tout moment.	https://www.mesbonbons.net/fr/shop/tic-tac-gout-ananas-et-fruit-de-la-passion-49-g	https://fladis.azureedge.net/erp/0d44bc3a-3120-44f6-8a87-38842ee2fa43.png	in_stock	2.99 EUR	Tic Tac	8000500451885	yes	new
7525	Pocky Amande & Chocolat Noir – 25 g	Les Pocky Amande Chocolat Noir sont de fins bâtonnets biscuités croustillants, enrobés de chocolat noir et parsemés d’éclats d’amandes. Une gourmandise élégante et intense, idéale pour une pause chocolatée.	https://www.mesbonbons.net/fr/shop/pocky-amande-chocolat-noir-25-g	https://fladis.azureedge.net/erp/8f26827c-071b-4302-84e2-274fe9664c73.png	in_stock	1.69 EUR	Pocky	8990044000222	yes	new
7527	Milka Choco Moo Biscuits au chocolat – 40 g	Les Milka Choco Moo sont de délicieux biscuits croustillants au chocolat, élaborés avec le tendre chocolat au lait Milka. Une pause gourmande et réconfortante, idéale à tout moment de la journée.	https://www.mesbonbons.net/fr/shop/milka-choco-moo-biscuits-au-chocolat-40-g	https://fladis.azureedge.net/erp/d8214f79-bad1-46ed-8196-b400c56d172c.png	in_stock	1.00 EUR	Milka	7622210248428	yes	new
7528	Milka Sensations Biscuits au chocolat Oreo – 52 g	Les Milka Sensations Oreo sont de généreux biscuits au chocolat, associant la douceur du chocolat Milka au croquant emblématique des biscuits Oreo. Une gourmandise intense et ultra-fondante.	https://www.mesbonbons.net/fr/shop/milka-sensations-biscuits-au-chocolat-oreo-52-g	https://fladis.azureedge.net/erp/513fc331-3ff6-4750-9158-0ab4b7d58b6d.png	in_stock	1.50 EUR	Milka	7622201402402	yes	new
7529	Milka Sensations Biscuits au chocolat – 52 g	Les Milka Sensations sont de généreux biscuits au chocolat, alliant une texture fondante à la douceur inimitable du chocolat Milka. Une pause gourmande et intense pour les amateurs de chocolat.	https://www.mesbonbons.net/fr/shop/milka-sensations-biscuits-au-chocolat-52-g	https://fladis.azureedge.net/erp/fb456ef3-8dd4-432c-bfcc-e8599bcb6075.png	in_stock	1.50 EUR	Milka	7622210659682	yes	new
7530	Milka Choco Brookie Brownie & Biscuit au chocolat – 132 g	Le Milka Choco Brookie associe un brownie fondant à une base biscuitée croustillante, le tout enrobé de chocolat Milka. Une gourmandise généreuse mêlant moelleux et croquant.	https://www.mesbonbons.net/fr/shop/milka-choco-brookie-brownie-biscuit-au-chocolat-132-g	https://fladis.azureedge.net/erp/b154246f-3b22-4533-be9b-3f6e5af08a7e.png	in_stock	4.99 EUR	Milka	7622201514754	yes	new
7531	Milka Nussini Barres de chocolat au lait – 31,5 g	Les barres Milka Nussini associent un chocolat au lait fondant à un cœur croustillant aux noisettes. Une barre gourmande et équilibrée, idéale pour une pause chocolatée.	https://www.mesbonbons.net/fr/shop/milka-nussini-barres-de-chocolat-au-lait-315-g	https://fladis.azureedge.net/erp/040e7b6e-2c41-4e7a-8a27-ff44a72723b0.png	in_stock	1.50 EUR	Milka	7622210696878	yes	new
7532	Milka Choco Brownie Gâteaux – 50 g	Les Milka Choco Brownie sont de moelleux gâteaux type brownie, enrobés de tendre chocolat Milka. Une gourmandise fondante et intense, parfaite pour une pause sucrée.	https://www.mesbonbons.net/fr/shop/milka-choco-brownie-gateaux-50-g	https://fladis.azureedge.net/erp/d6d3e172-1de4-4629-8542-7bd97b8a6886.png	in_stock	1.50 EUR	Milka	7622210788573	yes	new
7533	Milka Barres de chocolat au lait – 25 g	Les barres Milka au chocolat au lait offrent une texture fondante et la douceur inimitable du chocolat Milka. Une barre classique et gourmande, idéale pour une pause sucrée à tout moment.	https://www.mesbonbons.net/fr/shop/milka-barres-de-chocolat-au-lait-25-g	https://fladis.azureedge.net/erp/a43c3fb1-076a-499a-8a37-d551a1cece0c.png	in_stock	1.50 EUR	Milka	7622210430816	yes	new
7534	Milka Tablette de chocolat au lait Oreo – 100 g	La tablette Milka Oreo combine le tendre chocolat au lait Milka avec le croquant emblématique des biscuits Oreo. Une gourmandise fondante et généreuse, parfaite pour partager ou se faire plaisir.	https://www.mesbonbons.net/fr/shop/milka-tablette-de-chocolat-au-lait-oreo-100-g	https://fladis.azureedge.net/erp/b4743575-00e3-4b24-bf5f-fa117c12fcee.png	in_stock	2.50 EUR	Milka	7622210656490	yes	new
7536	Milka Mini Cookies Biscuits au chocolat – 110 g	Les Milka Mini Cookies sont de petits biscuits croustillants au chocolat, élaborés avec le tendre chocolat au lait Milka. Une pause gourmande et délicieuse, idéale à partager ou à savourer en solo.	https://www.mesbonbons.net/fr/shop/copy-milka-choco-brookie-brownie-biscuit-au-chocolat-132-g	https://fladis.azureedge.net/erp/cf4e6e15-afb1-4f89-aeea-9c358975403d.png	in_stock	3.50 EUR	Milka	7622201137052	yes	new
7537	Milka Choco Supreme Biscuits au chocolat – 30 g	Les Milka Choco Supreme sont de petits biscuits croustillants au chocolat, enrobés de tendre chocolat au lait Milka. Une gourmandise fondante et délicieuse, idéale pour une pause sucrée.	https://www.mesbonbons.net/fr/shop/milka-choco-supreme-biscuits-au-chocolat-30-g	https://fladis.azureedge.net/erp/5a244bf9-1ae8-4757-9c19-86e1b4f9db93.png	in_stock	1.00 EUR	Milka	76224935	yes	new
7577	Nerds Gummy Clusters Fruits - 45 g	Les Nerds Gummy Clusters Fruits sont des bonbons composés de petites grappes gélifiées aux saveurs variées de fruits, enrobées de bonbons Nerds croquants et acidulés. L’extérieur est légèrement acidulé et sucré, tandis que l’intérieur reste tendre et fruité.	https://www.mesbonbons.net/fr/shop/nerds-gummy-clusters-fruits-45-g	https://fladis.azureedge.net/erp/c9717a4d-0878-42e4-b8dd-f1134b2a8c87.png	in_stock	1.99 EUR	Nerds	1230000131056	yes	new
7578	Nerds Gummy Clusters Berries - 45 g	Les Nerds Gummy Clusters Berries sont des bonbons composés de petites grappes gélifiées aux saveurs de fruits rouges, enrobées de bonbons Nerds croquants et acidulés. L’extérieur est légèrement acidulé et sucré, tandis que l’intérieur reste tendre et fruité.	https://www.mesbonbons.net/fr/shop/nerds-gummy-clusters-berries-45-g	https://fladis.azureedge.net/erp/db4a3191-ec88-48de-aed0-aa1a9f3d9926.png	in_stock	1.99 EUR	Nerds	1230000131070	yes	new
7603	Lotus Biscoff & Go - 8 x45 g	Lotus Biscoff & Go est un snack composé de bâtonnets de biscuit croustillants à tremper dans une pâte à tartiner crémeuse au goût de spéculoos. Ce combo allie le croquant des biscuits à la douceur caramelisée de la pâte, offrant une expérience gourmande et pratique à emporter. Parfait pour une petite pause sucrée à tout moment de la journée !	https://www.mesbonbons.net/fr/shop/lotus-biscoff-go-8-x45-g	https://fladis.azureedge.net/erp/07888c8d-dc75-4b7e-b953-734a8179af2d.png	in_stock	27.99 EUR	Lotus	5410126656978	yes	new
7606	Capri-Sun Cola - 200 ml	Boisson rafraîchissante au goût cola, sans caféine et non gazeuse. Sucrée avec du sucre et sans édulcorants artificiels ni conservateurs. Conditionnée en poche souple de 200 ml avec paille intégrée.	https://www.mesbonbons.net/fr/shop/capri-sun-cola-200-ml	https://fladis.azureedge.net/erp/6d4f6259-4fc8-4953-868e-ba63d8c9999b.png	out_of_stock	1.00 EUR	Capri-Sun	4000177035627	yes	new
7611	PaperMints Cool Caps - 60 Billes	Les Papermints Cool Caps sont des bonbons à la menthe sous forme de petites capsules. Ces bonbons se distinguent par leur texture croquante et leur goût frais et intense de menthe, offrant une sensation de fraîcheur immédiate. En forme de capsules, ils sont pratiques à emporter et à consommer à tout moment de la journée pour un rafraîchissement rapide. Leur goût mentholé est puissant et agréable, idéal pour ceux qui recherchent une explosion de fraîcheur. Ces bonbons sont parfaits pour nettoyer l'haleine tout en apportant une agréable sensation de fraîcheur.	https://www.mesbonbons.net/fr/shop/copy-papermints-cool-caps-40-billes	https://fladis.azureedge.net/erp/963c55d0-f3b6-4c27-9554-2311b9d53605.png	in_stock	3.99 EUR	PaperMints	5425010096457	yes	new
7612	Red Bull Energy Drink Original glass bottle - 250 ml	Boisson énergisante contenant de la caféine, de la taurine et des vitamines ajoutées. Boisson gazeuse avec sucres et édulcorants. Conditionnée en bouteille en verre de 250 ml.	https://www.mesbonbons.net/fr/shop/red-bull-energy-drink-original-glass-bottle-250-ml	https://fladis.azureedge.net/erp/ff67dadd-cdb5-4d5c-9847-b6ac035a50e4.png	in_stock	3.00 EUR	Red Bull	9002490100056	yes	new
7613	Red Bull Organics Fizzy Peach - 330 ml	Boisson énergisante contenant de la caféine, de la taurine et des vitamines ajoutées. Boisson gazeuse avec sucres et édulcorants. Conditionnée en bouteille en verre de 250 ml.	https://www.mesbonbons.net/fr/shop/red-bull-organics-fizzy-peach-330-ml	https://fladis.azureedge.net/erp/4c8fd5ea-64ad-4a99-abad-793628ce1945.png	in_stock	3.00 EUR	Red Bull	9002490278953	yes	new
7614	Red Bull Organics Black Orange - 330ml	Boisson gazeuse biologique aromatisée à l’orange. Élaborée à partir d’ingrédients d’origine naturelle. Conditionnée en canette de 330 ml.	https://www.mesbonbons.net/fr/shop/red-bull-organics-black-orange-330ml	https://fladis.azureedge.net/erp/e1f9772b-8ad8-43e8-9330-5f82465182b1.png	in_stock	3.00 EUR	Red Bull	9002490278960	yes	new
7615	Red Bull Organics Easy Lemon - 330ml	Boisson gazeuse biologique aromatisée au citron. Élaborée à partir d’ingrédients d’origine naturelle. Conditionnée en canette de 330 ml.	https://www.mesbonbons.net/fr/shop/red-bull-organics-easy-lemon-330ml	https://fladis.azureedge.net/erp/78a19983-700e-4968-931c-ce782e2a9be7.png	in_stock	3.00 EUR	Red Bull	9002490278977	yes	new
7616	Red Bull Organics Simply Cola Big - 330ml	Boisson gazeuse biologique au goût cola. Élaborée à partir d’ingrédients d’origine naturelle. Conditionnée en canette de 330 ml.	https://www.mesbonbons.net/fr/shop/red-bull-organics-simply-cola-big-330ml	https://fladis.azureedge.net/erp/016b80eb-9628-4afd-a881-8f86c5573c3f.png	in_stock	3.00 EUR	Red Bull	9002490278984	yes	new
7619	Candy Amos Peelerz Gummy Carrots Easter - 65g	Bonbons gélifiés en forme de carottes au goût mangue. Fabriqués avec du vrai jus de fruit et aromatisés naturellement. Conditionnés en sachet de 65 g, adaptés comme confiserie saisonnière	https://www.mesbonbons.net/fr/shop/candy-amos-peelerz-gummy-carrots-easter-65g	https://fladis.azureedge.net/erp/baadbf0a-97f3-4d1e-98c8-27d01008d793.png	out_of_stock	2.99 EUR		6936756294391	yes	new
7625	Fruit-tella Yogurt Flavour Bonbons Tendre - 100 g	Bonbons tendres à mâcher au goût yaourt et fruits. Association d’arômes fruités et de saveur yaourt en pièces emballées individuellement. Conditionnés en sachet de 100 g.	https://www.mesbonbons.net/fr/shop/fruit-tella-yogurt-flavour-bonbons-tendre-100-gg	https://fladis.azureedge.net/erp/fea03061-5d07-44bd-9080-a597632268d9.png	out_of_stock	3.49 EUR	Fruit-tella	8990800002675	yes	new
7626	Sprite Raspberry Lemon Zero China - 330ml	Boisson gazeuse aromatisée citron et framboise. Formule sans sucres avec édulcorants. Conditionnée en canette de 330 ml.	https://www.mesbonbons.net/fr/shop/sprite-raspberry-lemon-zero-china-330ml	https://fladis.azureedge.net/erp/c646fd72-3929-4f71-bcc6-8c43b0218f7d.png	in_stock	2.50 EUR	Coca-Cola China	6954767442051	yes	new
7636	Milka Choco Cookies - 135 g	Biscuits croustillants aux morceaux de chocolat au lait des Alpes. Cookies à base de farine de blé avec pépites de chocolat visibles. Conditionnés en sachet de 135 g.	https://www.mesbonbons.net/fr/shop/milka-choco-cookies-135-g	https://fladis.azureedge.net/erp/b6c53d92-2672-4ebc-bfad-cc42d0237fe9.png	in_stock	1.99 EUR	Milka	7622202265693	yes	new
7638	Milka Choco Sticks - 112 g	Bâtonnets de biscuit enrobés de chocolat au lait Milka au lait des Alpes. Chaque stick est composé d’un cœur biscuit croustillant recouvert de chocolat au lait. Conditionnés en sachet contenant plusieurs portions individuelles.	https://www.mesbonbons.net/fr/shop/milka-choco-sticks-112-g	https://fladis.azureedge.net/erp/a94d3266-7ce3-4370-8187-ea4779f1020f.png	in_stock	1.99 EUR	Milka	7622210406354	yes	new
7639	Milka Sensations Cookies Oreo Crème -156g	Cookies moelleux au cacao avec morceaux de chocolat au lait et fourrage saveur crème Oreo (12%). Les biscuits associent chocolat au lait des Alpes et une garniture aromatisée à la vanille. Conditionnés en sachet de 156 g contenant plusieurs cookies.	https://www.mesbonbons.net/fr/shop/milka-sensations-cookies-oreo-creme-156g	https://fladis.azureedge.net/erp/132c3905-1047-44fd-b504-fe266a5d1b57.png	in_stock	2.49 EUR	Milka	7622202265884	yes	new
7642	Milka Choco Dessert Orange - 147 g	Génoise moelleuse saveur orange (5%) enrobée de chocolat au lait des Alpes (15%). Le gâteau associe une base biscuitée légère à une couche aromatisée à l’orange, recouverte de chocolat au lait. Conditionné par 2 pièces dans un emballage de 147 g.	https://www.mesbonbons.net/fr/shop/milka-choco-dessert-orange-147-g	https://fladis.azureedge.net/erp/9e4346f5-3d4b-4d0a-8fe5-50b7d7b18e8f.png	out_of_stock	1.99 EUR	Milka	7622300479138	yes	new
7644	Milka Tender Milk - 185 g	Génoise roulée moelleuse fourrée d’une crème au lait, enrobée de chocolat au lait des Alpes. Le gâteau associe une base biscuitée légère à une crème lactée, recouverte de chocolat au lait. Conditionné en boîte de 5 portions individuelles (5 x 37 g).	https://www.mesbonbons.net/fr/shop/milka-tender-milk-185-g	https://fladis.azureedge.net/erp/542f034b-e7b9-41bc-8fe5-60cfd8ef760b.png	out_of_stock	1.99 EUR	Milka	7622400004483	yes	new
7665	KitKat Cookie Dough - 41,5g	Gaufrettes croustillantes enrobées de chocolat au lait et fourrées saveur pâte à cookie. Une combinaison gourmande de chocolat et cookie dough. Idéal pour une pause sucrée.	https://www.mesbonbons.net/fr/shop/kitkat-cookie-dough-415g	https://fladis.azureedge.net/erp/e65c3dc6-31f7-40a4-81ca-e513dd20f53e.png	in_stock	2.49 EUR	KitKat	3800020401774	yes	new
7669	Frisia Smiley - 3 kg	Bonbons gélifiés colorés en forme de smiley. Texture tendre aux saveurs fruitées variées. Idéal pour vente en vrac ou à la pièce.	https://www.mesbonbons.net/fr/shop/frisia-smiley-3-kg	https://fladis.azureedge.net/erp/baf174f2-3101-46fe-9f33-6bd76797134f.png	in_stock	17.99 EUR	Frisia	5411011561391	yes	new
7671	Guylian Chocolats Coquillages - 65 g	Les Guylian Chocolats Coquillages - sont une gourmandise emblématique alliant raffinement et tradition belge. Ces délicieux chocolats en forme de coquillage marient un enrobage de chocolat onctueux à un praliné fondant.	https://www.mesbonbons.net/fr/shop/guylian-chocolats-coquillages-65-g	https://fladis.azureedge.net/erp/d1395260-b82e-4cee-ba98-d4cb72f9c6dc.png	out_of_stock	2.49 EUR	Guylian	5410976080428	yes	new
7672	Monster Energy Nitro Cosmic Peach - 500 ml	Boisson énergisante gazeuse à la pêche avec technologie Nitro (infusion d’azote) pour une texture plus douce et crémeuse. Contient taurine, caféine, vitamines B, L-Carnitine et extraits végétaux (ginseng & guarana).	https://www.mesbonbons.net/fr/shop/monster-energy-nitro-cosmic-peach-500-ml	https://fladis.azureedge.net/erp/a51b5e92-46c2-4bb8-b88d-aee4f07821a4.png	out_of_stock	3.00 EUR	Monster Energy	5060947546844	yes	new
7673	Monster Energy Ultra Red - 500 ml	Boisson énergisante gazeuse sans sucre , au goût fruité et rafraîchissant (profil fruits rouges). Fait partie de la gamme Ultra de Monster : zéro sucre, faible teneur en calories, avec taurine, caféine, vitamines B et extraits végétaux.	https://www.mesbonbons.net/fr/shop/monster-energy-ultra-red-500-ml	https://fladis.azureedge.net/erp/5cab3142-bf31-470b-81d3-c52b247955e4.png	out_of_stock	3.00 EUR	Monster Energy	5060337501378	yes	new
7678	Toxic Waste Green Sour Soda - 330 ml	Boisson gazeuse verte au goût acidulé intense. Inspirée de la célèbre marque de bonbons Toxic Waste, cette soda offre une saveur sucrée et fortement acidifiée pour une expérience “sour” marquée.	https://www.mesbonbons.net/fr/shop/toxic-waste-green-sour-soda-330-ml	https://fladis.azureedge.net/erp/42be976b-cf90-41ba-86fc-5757ada00319.png	in_stock	2.50 EUR	Toxic Waste	7350162620060	yes	new
7679	Toxic Waste Purple Sour Soda - 330 ml	Boisson gazeuse violette au goût intensément acidulé. Inspirée de la célèbre gamme de bonbons Toxic Waste, cette soda offre une saveur sucrée avec une forte touche acide pour une expérience “sour” prononcée.	https://www.mesbonbons.net/fr/shop/toxic-waste-purple-sour-soda-330-ml	https://fladis.azureedge.net/erp/a73c11e6-d3e2-456f-b54b-dd7c6e8d82c2.png	out_of_stock	2.50 EUR	Toxic Waste	7350162620077	yes	new
7680	Pringles Team Buffalo Chicken Wings Flavour - 165 g	Chips de pommes de terre saveur ailes de poulet Buffalo. Édition limitée “Stadium Snacks”, inspirée du célèbre goût américain Buffalo : épicé, légèrement fumé et relevé, avec une touche pimentée typique des chicken wings.	https://www.mesbonbons.net/fr/shop/pringles-team-buffalo-chicken-wings-flavour-165-g	https://fladis.azureedge.net/erp/ec3873c9-882f-4344-9606-80ab24beb08c.png	in_stock	4.99 EUR	Pringles	5053990188765	yes	new
7681	Pringles Team Cheeseburger Flavour - 165 g	Chips de pommes de terre saveur cheeseburger. Édition limitée “Stadium Snacks”, inspirée du goût classique d’un burger au fromage : notes de viande grillée, fromage fondant, oignon et cornichon.	https://www.mesbonbons.net/fr/shop/pringles-team-cheeseburger-flavour-165-g	https://fladis.azureedge.net/erp/27903435-858f-46d3-a9f7-a37718f6b007.png	in_stock	4.99 EUR	Pringles	5053990188819	yes	new
7682	Pringles Team Loaded Fries Flavour - 165 g	Chips de pommes de terre saveur “Loaded Fries”. Édition limitée Stadium Snacks inspirée des frites garnies : notes de fromage fondu, oignon, bacon fumé et sauce relevée.	https://www.mesbonbons.net/fr/shop/pringles-team-loaded-fries-flavour-165-g	https://fladis.azureedge.net/erp/d4edd990-a6d0-40db-96ba-1132f0a56719.png	in_stock	4.99 EUR	Pringles	5053990188710	yes	new
7689	M&M’s Cookie Dough - 176 g	Dragées M&M’s en chocolat au lait (51 %) fourrées d’un cœur tendre saveur pâte à cookie (22 %), enrobées d’une fine coque sucrée colorée. Un mélange gourmand associant chocolat fondant et goût authentique de pâte à biscuits.	https://www.mesbonbons.net/fr/shop/mms-cookie-dough-176-g	https://fladis.azureedge.net/erp/e653247d-46ee-4dcc-8561-a5cbc07688d7.png	in_stock	4.99 EUR	M&M's	5900951357329	yes	new
7711	Pop’s Ice Tea Saveur Mangue Passion - 33 cl	Boisson rafraîchissante au thé noir aromatisée à la mangue et au fruit de la passion. Saveur exotique, fruitée et légèrement acidulée, idéale à déguster bien fraîche.	https://www.mesbonbons.net/fr/shop/pops-ice-tea-saveur-mangue-passion-33-cl	https://fladis.azureedge.net/erp/490009e3-331b-4632-a320-3d8435c102f2.png	in_stock	3.00 EUR		3701650200273	yes	new
7713	Ice Talk Saveur Grenade - 230 ml	Boisson glacée rafraîchissante saveur grenade dans un sachet pratique à congeler. Idéale à déguster partiellement congelée pour obtenir une texture granitée rafraîchissante au goût fruité et légèrement acidulé.	https://www.mesbonbons.net/fr/shop/ice-talk-saveur-grenade-230-ml	https://fladis.azureedge.net/erp/8a6b10ea-aac0-4a86-989c-fa800da25247.png	in_stock	2.50 EUR	Ice Talk	8809344667021	yes	new
7719	Brainrot Soda Trippi Troppi – 250 ml	Le Brainrot Soda Trippi Troppi est un soda pétillant inspiré de l’univers Brainrot, conçu pour les amateurs de pop culture et de références virales. Cette boisson gazeuse se distingue par son identité visuelle originale et son nom décalé directement issu des tendances internet.	https://www.mesbonbons.net/fr/shop/brainrot-soda-trippi-troppi-250-ml	https://fladis.azureedge.net/erp/cfb784e7-ef4b-43a6-91a0-14562d7dcb0d.png	in_stock	3.00 EUR	Brainrot	7391047209673	yes	new
7720	Brainrot Soda Lirili Larila - 250ml	Le Brainrot Soda Lirili Larila est un soda pétillant inspiré de l’univers Brainrot, conçu pour séduire les amateurs de références digitales et de produits décalés. Cette boisson gazeuse se distingue par son design accrocheur et son nom viral directement inspiré de la culture internet.	https://www.mesbonbons.net/fr/shop/brainrot-soda-lirili-larila-250ml	https://fladis.azureedge.net/erp/96001cf1-a368-4c39-b684-9d12e2f2a782.png	in_stock	3.00 EUR	Brainrot	7391047209659	yes	new
7721	Brainrot Soda Udin Din Din Dun - 250ml	Le Brainrot Soda Udin Din Din Dun est un soda pétillant inspiré de l’univers Brainrot, pensé pour une génération connectée et adepte des tendances virales. Cette boisson gazeuse se distingue par son identité visuelle décalée et son positionnement fun directement lié à la culture internet.	https://www.mesbonbons.net/fr/shop/brainrot-soda-udin-din-din-dun-250ml	https://fladis.azureedge.net/erp/af6ca76f-75c6-4d73-badf-de3ad8d2ecb7.png	in_stock	3.00 EUR	Brainrot	7391047209666	yes	new
7722	Brainrot Soda Cappuccino Assassino - 250ml	Le Brainrot Soda Cappuccino Assassino est un soda pétillant inspiré de l’univers Brainrot, conçu pour séduire les amateurs de pop culture et de références virales. Cette boisson gazeuse se démarque par son design original et son univers visuel décalé directement inspiré de la culture internet.	https://www.mesbonbons.net/fr/shop/brainrot-soda-cappuccino-assassino-250ml	https://fladis.azureedge.net/erp/25bbe2bf-1a25-4861-a6e4-5b8d76d9859d.png	in_stock	3.00 EUR	Brainrot	7391047242809	yes	new
7724	Brainrot Soda Brr Brr Patapim - 250ml	Le Brainrot Soda Brr Brr Patapim est un soda pétillant inspiré de l’univers Brainrot, conçu pour séduire les amateurs de pop culture et de tendances virales. Cette boisson gazeuse se distingue par son design original et son univers visuel décalé directement inspiré de la culture internet.	https://www.mesbonbons.net/fr/shop/copy-brainrot-soda-tralalero-tralalala-250ml	https://fladis.azureedge.net/erp/520d4ec1-b53f-42c4-ab28-e99e645b6194.png	in_stock	3.00 EUR	Brainrot	7391047242779	yes	new
7725	Pringles saveur fromage frais et fines herbes - 165 g	Les Pringles Cream Cheese & Herbs associent la texture croustillante emblématique des chips Pringles à une saveur crémeuse de fromage frais relevée par un mélange délicat de fines herbes. Cette recette offre un équilibre entre douceur fromagère et notes aromatiques, idéal pour l’apéritif ou les moments de snacking. Le format tube refermable de 165 g permet de préserver la fraîcheur et de partager facilement ces chips entre amis ou en famille.	https://www.mesbonbons.net/fr/shop/pringles-saveur-fromage-frais-et-fines-herbes-165-g	https://fladis.azureedge.net/erp/11e4fbae-85ac-4f5c-8ccf-404c4a223c61.png	in_stock	2.99 EUR	Pringles	5053990182862	yes	new
7728	Kinder Kornetti Crema al Latte – Mini croissants fourrés à la crème de lait - 252 g	Les Kinder Kornetti Crema al Latte sont de délicieux mini croissants moelleux garnis d’une onctueuse crème au lait. Préparés avec du levain naturel, ils offrent une texture légère et aérée accompagnée d’une garniture douce et crémeuse typique des produits Kinder. Ce paquet contient 6 mini croissants emballés individuellement , parfaits pour le petit-déjeuner, une pause gourmande ou un snack à emporter.	https://www.mesbonbons.net/fr/shop/kinder-kornetti-crema-al-latte-mini-croissants-fourres-a-la-creme-de-lait-252-g	https://fladis.azureedge.net/erp/31d71a35-e0f6-450d-8296-4b4e95751280.png	out_of_stock	6.99 EUR	Kinder	8000500457672	yes	new
7738	Disney Wispie Drink Le Roi Lion Kiwi Pineapple & Apple - 450 ml	La Disney Wispie Drink The Lion King Kiwi Pineapple & Apple est une boisson fruitée rafraîchissante inspirée de l’univers du Roi Lion . Elle associe les saveurs exotiques de kiwi, d’ananas et de pomme pour offrir une boisson douce et fruitée appréciée par les enfants comme les adultes. Présentée dans une bouteille colorée illustrée avec les personnages emblématiques du film, cette boisson est idéale pour une pause rafraîchissante ou pour accompagner les goûters.	https://www.mesbonbons.net/fr/shop/disney-wispie-drink-le-roi-lion-kiwi-pineapple-apple-450-ml	https://fladis.azureedge.net/erp/ebde7f5d-9c77-4177-8c9c-49f2086eddc3.png	out_of_stock	3.00 EUR	Disney	3770035055036	yes	new
7739	Disney Wispie Drink Princesses Fraise Banane - 450 ml	La Disney Wispie Drink Princesses Fraise Banane est une boisson fruitée rafraîchissante inspirée de l’univers des Princesses Disney . Elle associe la douceur de la fraise à la saveur exotique de la banane pour une boisson gourmande et fruitée appréciée des enfants. Présentée dans une bouteille colorée illustrée avec les célèbres princesses Disney, cette boisson est idéale pour les goûters, les pauses rafraîchissantes ou les moments de détente.	https://www.mesbonbons.net/fr/shop/disney-wispie-drink-princesses-fraise-banane-450-ml	https://fladis.azureedge.net/erp/f8b8ab51-2f9f-4e42-8c72-df769f093050.png	out_of_stock	3.00 EUR	Disney	3770035055043	yes	new
7740	Disney Wispie Drink Vaiana Fruit de la Passion Mangue - 450 ml	La Disney Wispie Drink Vaiana Fruit de la Passion Mangue est une boisson fruitée rafraîchissante inspirée de l’univers du film Disney Vaiana . Elle associe les saveurs exotiques du fruit de la passion et de la mangue pour offrir une boisson douce, tropicale et désaltérante. Présentée dans une bouteille colorée illustrée avec les personnages emblématiques du film, cette boisson est idéale pour les enfants et pour une pause rafraîchissante à tout moment de la journée.	https://www.mesbonbons.net/fr/shop/disney-wispie-drink-vaiana-fruit-de-la-passion-mangue-450-ml	https://fladis.azureedge.net/erp/286a7779-5e4c-4187-94f8-26df287be650.png	out_of_stock	3.00 EUR	Disney	3770035055074	yes	new
7741	Disney Wispie Drink Toy Story Orange Ananas - 450 ml	La Disney Wispie Drink Toy Story Orange Ananas est une boisson fruitée rafraîchissante inspirée de l’univers du célèbre film Toy Story . Elle combine la fraîcheur de l’orange avec la douceur exotique de l’ananas pour offrir une boisson fruitée et désaltérante. Présentée dans une bouteille colorée illustrée avec les personnages emblématiques comme Woody et Jessie, cette boisson est idéale pour les enfants et parfaite pour une pause rafraîchissante ou un goûter gourmand.	https://www.mesbonbons.net/fr/shop/disney-wispie-drink-toy-story-orange-ananas-450-ml	https://fladis.azureedge.net/erp/b83adc65-5615-4bf3-92ff-66b6128c52c5.png	out_of_stock	3.00 EUR	Disney	3770035055050	yes	new
7742	Disney Wispie Drink Mickey Mouse Multifruits - 450 ml	La Disney Wispie Drink Mickey Mouse Multifruits est une boisson fruitée rafraîchissante inspirée de l’univers du célèbre personnage Mickey Mouse . Elle associe plusieurs saveurs de fruits pour offrir une boisson douce, gourmande et désaltérante. Présentée dans une bouteille colorée illustrée avec Mickey, cette boisson est idéale pour les enfants et parfaite pour accompagner les goûters ou les pauses rafraîchissantes.	https://www.mesbonbons.net/fr/shop/disney-wispie-drink-mickey-mouse-multifruits-450-ml	https://fladis.azureedge.net/erp/f53ce0b5-d614-4881-8b7c-3109f758dceb.png	in_stock	3.00 EUR	Disney	3770035055067	yes	new
7744	Disney Wispie Drink La Reine des Neiges Pomme Ananas - 450 ml	La Disney Wispie Drink La Reine des Neiges Pomme Ananas est une boisson fruitée rafraîchissante inspirée de l’univers du célèbre film Disney La Reine des Neiges . Elle associe la douceur de la pomme à la saveur tropicale de l’ananas pour offrir une boisson gourmande et désaltérante. Présentée dans une bouteille colorée illustrée avec les personnages emblématiques Elsa et Anna, cette boisson est idéale pour les enfants et parfaite pour accompagner les goûters ou les pauses rafraîchissantes.	https://www.mesbonbons.net/fr/shop/disney-wispie-drink-la-reine-des-neiges-pomme-ananas-450-ml	https://fladis.azureedge.net/erp/b88867d9-fc80-4d05-8e4c-44d96ec42fda.png	out_of_stock	3.00 EUR	Disney	3770035055029	yes	new
7746	Fanta China Pineapple - 330 ml	Le Fanta China Ananas est une boisson gazeuse fruitée originaire d’Asie qui propose une saveur intense et exotique d’ananas. Cette version internationale du célèbre soda Fanta se distingue par son goût sucré et rafraîchissant ainsi que par son design de canette unique destiné au marché chinois. Idéal pour les amateurs de boissons originales et de saveurs tropicales, ce soda pétillant se déguste bien frais pour profiter pleinement de son arôme fruité et de son effervescence.	https://www.mesbonbons.net/fr/shop/fanta-china-pineapple-330-ml	https://fladis.azureedge.net/erp/10edf994-af49-4b01-acbe-6734eae1a457.png	out_of_stock	2.50 EUR	Fanta China	6928804025224	yes	new
7755	Milka Choco Grain - 126 g	Les Milka Choco Grain sont de délicieux biscuits croustillants aux céréales, associés au tendre chocolat au lait alpin Milka. Leur texture croquante et leur goût gourmand combinent la richesse du chocolat et la douceur des céréales pour une pause sucrée équilibrée. Idéals pour accompagner un café, un thé ou pour une petite gourmandise à tout moment de la journée.	https://www.mesbonbons.net/fr/shop/milka-choco-grain-126-g	https://fladis.azureedge.net/erp/f60ae2b0-db4a-4cda-aabd-91c591a109af.png	out_of_stock	1.99 EUR	Milka	7622210403919	yes	new
7757	Calypso Sunset Peach Lemonade - 473 ml	La Calypso Limonade Pêche Sunset est une limonade rafraîchissante inspirée des saveurs tropicales des Caraïbes. Elle combine le goût acidulé du citron avec la douceur fruitée de la pêche pour une boisson équilibrée et gourmande. Élaborée avec de véritables morceaux de citron , cette limonade offre une expérience authentique et naturelle. Idéale à déguster bien fraîche lors des journées chaudes ou pour accompagner une pause rafraîchissante.	https://www.mesbonbons.net/fr/shop/calypso-sunset-peach-lemonade-473-ml	https://fladis.azureedge.net/erp/043b6d80-71be-4af9-98ea-50af080d6139.png	in_stock	3.00 EUR	Calypso	8059558540072	yes	new
7762	DeBron Ourson réglisse Sans Sucre - 1 kg	Les oursons réglisse sans sucre DeBron sont de délicieux bonbons gélifiés au goût intense de réglisse, spécialement conçus pour les amateurs de confiseries souhaitant limiter leur consommation de sucre. Élaborés avec des édulcorants à la place du sucre , ils offrent toute la gourmandise des bonbons traditionnels tout en étant adaptés aux régimes sans sucres ajoutés . Leur texture moelleuse et leur saveur authentique de réglisse en font une friandise idéale pour une pause sucrée sans culpabilité.	https://www.mesbonbons.net/fr/shop/debron-ourson-reglisse-sans-sucre-1-kg	https://fladis.azureedge.net/erp/4084b1a8-141c-45ff-999c-1665064c75af.png	in_stock	14.99 EUR	deBron Sugarfree / deBron Lifestyle Candy	8712514610522	yes	new
7767	Dr. Sour Powder Balls Citron & Citron Vert - 1 kg	Les Dr. Sour Powder Balls Citron & Citron Vert sont de délicieuses billes de bonbons gélifiés recouvertes d’une poudre intensément acidulée. Leur combinaison de citron et citron vert offre une explosion de fraîcheur et d’acidité à chaque bouchée. Leur texture moelleuse à l’intérieur et leur enrobage acidulé en font une friandise idéale pour les amateurs de bonbons très acidulés. Format 1 kg , parfait pour la vente en vrac, les candy bars ou le partage.	https://www.mesbonbons.net/fr/shop/dr.-sour-powder-balls-citron-citron-vert-1-kg	https://fladis.azureedge.net/erp/d494123a-7666-431f-b503-af8788198d65.png	in_stock	8.99 EUR	Dr. Sour	8721042685278	yes	new
7771	Milka Œufs Coque Chocolat au Lait - 136 g	Les Milka Œufs Coque Lait sont de délicieux petits œufs en chocolat au lait alpin Milka , réputé pour sa texture fondante et son goût doux et crémeux. Présentés dans un emballage en forme de boîte d’œufs , ces chocolats sont parfaits pour célébrer Pâques , garnir les chasses aux œufs ou simplement pour une pause gourmande. Leur chocolat au lait onctueux offre une expérience douce et irrésistible pour les amateurs de chocolat.	https://www.mesbonbons.net/fr/shop/milka-ufs-coque-chocolat-au-lait-136-g	https://fladis.azureedge.net/erp/1894c1d1-dec6-4425-9944-d788fffd37eb.png	out_of_stock	6.99 EUR	Milka	7622400817199	yes	new
7774	Croky Snackbar Fricandelle Spéciale - 130 g	Les Croky Snackbar Fricandelle Spéciale sont des chips croustillantes inspirées du célèbre snack hollandais fricandelle spéciale . Cette saveur originale combine des notes épicées, légèrement sucrées et acidulées rappelant la fricandelle servie avec mayonnaise, ketchup et oignons . Grâce à leur texture croustillante et leur goût typique des snacks de friterie, ces chips offrent une expérience gourmande et surprenante pour les amateurs de saveurs street food.	https://www.mesbonbons.net/fr/shop/croky-snackbar-fricandelle-speciale-130-g	https://fladis.azureedge.net/erp/95dd3f88-c783-41d7-930e-100b4e758012.png	in_stock	2.39 EUR	Croky	5414359964695	yes	new
7778	Mr. Mallo Mini Tubes Blanc - 1 kg	Les Mr. Mallo Mini Tubes Blanc sont de petits marshmallows moelleux au format mini (11 mm), parfaits pour une multitude d’utilisations. Leur texture légère et aérienne en fait un ingrédient idéal pour les boissons chaudes, les desserts ou les toppings. Ils sont particulièrement appréciés dans le chocolat chaud, les pâtisseries, ou comme décoration gourmande pour glaces et cupcakes. Leur format en vrac 1 kg est idéal pour les professionnels ou les grands consommateurs.	https://www.mesbonbons.net/fr/shop/mr.-mallo-mini-tubes-blanc-1-kg	https://fladis.azureedge.net/erp/045bcda2-f565-4b83-97d8-be7e0590853e.png	in_stock	8.49 EUR	Mr. Mallo	5410768024685	yes	new
7779	Croky Original Mexicano Vegan Sans Gluten - 200 g	Les Croky Original Mexicano sont des chips croustillantes au goût épicé inspiré de la cuisine mexicaine. Leur assaisonnement relevé mêle des notes de paprika, d’épices et une légère touche piquante pour une expérience intense. Certifiées vegan et sans gluten , elles conviennent à un large public. Leur format 200 g est idéal pour le partage, les apéros ou les amateurs de snacks au caractère bien affirmé.	https://www.mesbonbons.net/fr/shop/copy-croky-snackbar-fricandelle-speciale-130-g	https://fladis.azureedge.net/erp/07eaf058-5220-4f0b-9788-790c8e565a9d.png	in_stock	3.49 EUR	Croky	5414359931949	yes	new
7780	MilkyWay - 43 g x 30 pièces	Redécouvrez le célèbre chocolat MilkyWay : une délicieuse barre chocolatée délicatement fourrée d'une légère mousse.	https://www.mesbonbons.net/fr/shop/milkyway-43-g-x-30-pieces	https://fladis.azureedge.net/erp/8835c019-ae75-46b9-9f70-c8f00f73cd2e.png	in_stock	21.49 EUR	MilkyWay	5000159604970	yes	new
7788	Quick Milk Magic Sipper Pistache & Chocolat - 30 g	Pailles aromatisées contenant des billes qui parfument le lait au goût pistache et chocolat. Le produit fonctionne par dissolution des granulés lors de l’aspiration. Conçu pour être utilisé avec du lait froid afin d’obtenir une boisson aromatisée.	https://www.mesbonbons.net/fr/shop/quick-milk-magic-sipper-pistache-chocolat-30-g	https://fladis.azureedge.net/erp/6208f0ad-3cea-4942-b6d9-e60f4f55812e.png	in_stock	1.50 EUR	Quick Milk	5996071714067	yes	new
7797	Dr Pepper Cream Swirl - 330 ml	Boisson gazeuse associant des arômes de fruits et de crème. Contient du sucre et des édulcorants pour un goût sucré. Conditionnée en canette aluminium de 330 ml.	https://www.mesbonbons.net/fr/shop/dr-pepper-cream-swirl-330-ml	https://fladis.azureedge.net/erp/cd0a314b-a300-43e2-915e-6471460da758.png	in_stock	2.00 EUR	Dr Pepper	5449000346315	yes	new
7799	Red Bull Organics Minty Blackberry - 330 ml	Boisson gazeuse biologique aux arômes de mûre et de menthe. Élaborée à partir d’ingrédients d’origine naturelle et sans alcool. Conditionnée en canette aluminium de 330 ml.	https://www.mesbonbons.net/fr/shop/red-bull-organics-minty-blackberry-330-ml	https://fladis.azureedge.net/erp/c0fef3b8-0e05-4a11-8df3-12592be61254.png	out_of_stock	3.00 EUR	Red Bull	9002490292584	yes	new
7801	Buenos Dias Pâte à tartiner aux noisettes - 350 g	Pâte à tartiner aux noisettes à la texture onctueuse et au goût sucré. Idéale pour les tartines ou les desserts. Conditionnée en pot de 350 g.	https://www.mesbonbons.net/fr/shop/iconik-sweet-buenos-dias-pate-a-tartiner-aux-noisettes-350-g	https://fladis.azureedge.net/erp/689eef3b-de56-4273-927e-12eaba0f0f77.png	in_stock	7.99 EUR	Iconiksweet	3770034105046	yes	new
7804	Royal Mochi Strawberry Cheesecake - 120 g	Un mochi chic et gourmand , enveloppé d’une pâte de riz gluant légère, garni d’une crème inspirée du cheesecake à la fraise.	https://www.mesbonbons.net/fr/shop/royal-mochi-strawberry-cheesecake-120-g	https://fladis.azureedge.net/erp/36c54a84-1ce9-49ec-94dd-bad170f09b38.png	in_stock	4.49 EUR	Royal Family Custard	4711931037060	yes	new
7807	Bergen Obsession Cookies Caramel & Delicacies - 128 g	Biscuits fourrés au caramel avec inclusions de fruits secs, enrobés de chocolat au lait. Texture croustillante à l’extérieur avec un cœur fondant et sucré. Conditionnés en boîte de 128 g.	https://www.mesbonbons.net/fr/shop/bergen-obsession-cookies-caramel-delicacies-128-g	https://fladis.azureedge.net/erp/b699f1f1-b690-4298-abbf-4482da0d736e.png	in_stock	1.99 EUR	Bergen	5902379843835	yes	new
7808	Bergen Cookies Matcha Milk Glaze Strawberry Cream - 128 g	Biscuits enrobés de glaçage au matcha avec fourrage à la crème de fraise. Texture croustillante avec un cœur fondant et fruité. Conditionnés en boîte de 128 g.	https://www.mesbonbons.net/fr/shop/bergen-cookies-matcha-milk-glaze-strawberry-cream-128-g	https://fladis.azureedge.net/erp/540b992b-0144-4d5f-a94b-65939c78c43a.png	in_stock	1.99 EUR	Bergen	5902379795622	yes	new
7823	Red Bull The Lilac Edition Boisson Énergisante - 250 ml	Boisson énergisante gazeuse au goût fruité (aspérule & pamplemousse). Contient de la caféine et des vitamines ajoutées. Conditionnée en canette de 250 ml.	https://www.mesbonbons.net/fr/shop/red-bull-the-lilac-edition-boisson-energisante-250-ml	https://fladis.azureedge.net/erp/1b850472-6c58-4a79-a1ed-42be27e9bef0.png	in_stock	2.00 EUR	Red Bull	90474460	yes	new
7824	Red Bull Zero Energy Drink - 250 ml	Boisson énergisante gazeuse sans sucre et sans calories. Contient de la caféine et des édulcorants. Conditionnée en canette de 250 ml.	https://www.mesbonbons.net/fr/shop/red-bull-zero-energy-drink-250-ml	https://fladis.azureedge.net/erp/6ff754a2-35ae-4ba2-a46f-25c43dc1a7d0.png	in_stock	2.00 EUR	Red Bull	90435898	yes	new
7842	Fanta China Litchi - 330 ml	Boisson gazeuse saveur litchi en provenance de Chine. Boisson rafraîchissante au goût fruité. Canette de 330 ml.	https://www.mesbonbons.net/fr/shop/fanta-china-litchi-330-ml	https://fladis.azureedge.net/erp/ee398ad3-b817-460c-a9b8-558f44d551ae.png	in_stock	2.50 EUR	Fanta	6954767442143	yes	new
7843	Red Bull Organics Tonic Water - 250 ml	Tonic biologique élaboré à partir d’ingrédients d’origine naturelle. Boisson gazeuse rafraîchissante aux extraits de plantes. Canette de 250 ml.	https://www.mesbonbons.net/fr/shop/red-bull-organics-tonic-water-250-ml	https://fladis.azureedge.net/erp/eedc8983-b50b-40f5-ac7a-11725059bd0a.png	out_of_stock	3.00 EUR	Red Bull	9002490239305	yes	new
7844	Brainrot Soda Tralaleritos - 250 ml	Boisson gazeuse sans sucre aux arômes de pomme et citron. Édition limitée avec édulcorants. Canette de 250 ml.	https://www.mesbonbons.net/fr/shop/brainrot-soda-tralaleritos-250-ml	https://fladis.azureedge.net/erp/c5953b66-de18-4d27-9f33-673d29c39ec9.png	out_of_stock	3.00 EUR	Brainrot	7391047209642	yes	new
7846	Croky Tortilla Nacho Cheese - 160 g	Chips de maïs goût fromage nacho, croustillants et intenses. Idéal pour l’apéritif, les soirées ou à tremper. Sachet de 160 g.	https://www.mesbonbons.net/fr/shop/croky-tortilla-nacho-cheese-160-g	https://fladis.azureedge.net/erp/d793497e-7fc3-42e2-ac3d-51a50be07596.png	in_stock	1.99 EUR	Croky	5414359995668	yes	new
7847	Croky Snackbox Sauce Saté - 130 g	Chips de pommes de terre goût sauce saté, inspirés des snacks de friterie. Croustillants et savoureux avec une note de cacahuète. Sachet de 130 g.	https://www.mesbonbons.net/fr/shop/croky-snackbox-sauce-sate-130-g	https://fladis.azureedge.net/erp/7a21387a-4b91-4c80-8084-470b0a222ed6.png	out_of_stock	2.49 EUR	Croky	5414359964688	yes	new
7851	Croky Explosions Pickles - 150 g	Chips de pommes de terre goût pickles, acidulés et épicés. Croustillants et intenses pour les amateurs de saveurs relevées. Sachet de 150 g.	https://www.mesbonbons.net/fr/shop/croky-explosions-pickles-150-g	https://fladis.azureedge.net/erp/0c882967-045b-4764-856a-078a8cc33ad7.png	in_stock	2.99 EUR	Croky	5414359972645	yes	new
7852	Croky Tortilla Paprika - 160 g	Chips de maïs goût paprika, légèrement épicés et savoureux. Tortillas croustillantes idéales à l’apéritif. Sachet de 160 g.	https://www.mesbonbons.net/fr/shop/croky-tortilla-paprika-160-g	https://fladis.azureedge.net/erp/88704881-2f28-45f4-b27c-3165758bfaf8.png	in_stock	2.49 EUR	Croky	5414359995613	yes	new
7853	Playboy Energy Drink Razz Bunny - 330 ml	Boisson énergisante goût framboise bleue avec vitamines. Rafraîchissante et légèrement sucrée pour un boost d’énergie. Canette de 330 ml.	https://www.mesbonbons.net/fr/shop/playboy-energy-drink-razz-bunny-330-ml	https://fladis.azureedge.net/erp/77b922b6-0697-46fa-9bb2-53237ea467d3.png	out_of_stock	2.00 EUR	Playboy	850070832076	yes	new
7854	Playboy Energy Drink Lovely Melons - 330 ml	Boisson énergisante gazeuse au goût pastèque, avec sucre et édulcorants. Conditionnée en canette de 330 ml. Contient de la caféine et des vitamines du groupe B.	https://www.mesbonbons.net/fr/shop/playboy-energy-drink-lovely-melons-330-ml	https://fladis.azureedge.net/erp/1e278e16-08ea-40cb-b790-5b3e3682e835.png	out_of_stock	2.00 EUR	Playboy	850070832106	yes	new
7855	Playboy Energy Drink Sexy Peaches - 330 ml	Boisson énergisante goût pêche et mangue avec vitamines. Rafraîchissante et légèrement sucrée pour un boost d’énergie. Canette de 330 ml.	https://www.mesbonbons.net/fr/shop/playboy-energy-drink-sexy-peaches-330-ml	https://fladis.azureedge.net/erp/3c6d764d-e455-4e84-8e8d-3aa0a041f257.png	out_of_stock	2.00 EUR	Playboy	850070832069	yes	new
7856	Playboy Energy Drink Naughty Berry - 330 ml	Boisson énergisante goût fruits des bois avec vitamines. Rafraîchissante et légèrement sucrée pour un boost d’énergie. Canette de 330 ml.	https://www.mesbonbons.net/fr/shop/playboy-energy-drink-naughty-berry-330-ml	https://fladis.azureedge.net/erp/c001c449-5c45-4cb4-b145-b04eb87d243e.png	out_of_stock	2.00 EUR	Playboy	850070832113	yes	new
7857	Playboy Energy Drink Tropic Passion - 330 ml	Boisson énergisante goût ananas avec vitamines. Rafraîchissante et légèrement sucrée pour un boost d’énergie tropical. Canette de 330 ml.	https://www.mesbonbons.net/fr/shop/playboy-energy-drink-tropic-passion-330-ml	https://fladis.azureedge.net/erp/28ae2b1c-fdec-4d99-aeeb-9fec7e0be9bf.png	in_stock	2.00 EUR	Playboy	850070832090	yes	new
7858	Bomba Blue Energy Drink - 250 ml	Boisson énergisante avec caféine et vitamines. Goût sucré et rafraîchissant typique des boissons énergétiques. Bouteille de 250 ml.	https://www.mesbonbons.net/fr/shop/bomba-blue-energy-drink-250-ml	https://fladis.azureedge.net/erp/8e88ffe0-2073-42fe-8a68-004bc9daa7a1.png	out_of_stock	2.00 EUR	BOMBA	9002349038325	yes	new
7860	Bomba Pink Energy Drink - 250 ml	Boisson énergisante au goût fruité avec haute teneur en caféine. Saveur sucrée et rafraîchissante avec une touche fruitée. Bouteille de 250 ml.	https://www.mesbonbons.net/fr/shop/bomba-pink-energy-drink-250-ml	https://fladis.azureedge.net/erp/89a03c6a-5423-4668-8ea5-8e08823a3419.png	in_stock	2.00 EUR	BOMBA	9002349039261	yes	new
7862	Bomba Classic Energy Drink - 250 ml	Boisson énergisante classique avec une teneur élevée en caféine. Goût traditionnel, équilibré entre douceur et acidité. Format bouteille 250 ml.	https://www.mesbonbons.net/fr/shop/bomba-classic-energy-drink-250-ml	https://fladis.azureedge.net/erp/f2541482-8214-4577-811b-22524b3e3169.png	out_of_stock	2.00 EUR	BOMBA	9002349038295	yes	new
7863	Bomba Cherry Energy Drink - 250 ml	Boisson énergisante goût cerise avec une teneur élevée en caféine. Saveur fruitée et intense avec une touche sucrée. Format bouteille 250 ml.	https://www.mesbonbons.net/fr/shop/copy-bomba-classic-energy-drink-250-ml	https://fladis.azureedge.net/erp/c78553a3-f643-498e-b9dd-c4628b0b1824.png	in_stock	2.00 EUR	BOMBA	9002349039148	yes	new
7864	M&M’s Peanut - 82 g	Dragées au chocolat au lait fourrées d’une cacahuète croquante. Enrobées d’une coque colorée et croustillante. Format pratique de 82 g à partager ou à emporter.	https://www.mesbonbons.net/fr/shop/mms-peanut-82-g	https://fladis.azureedge.net/erp/9d531bea-9dfb-451a-a97d-5ca9314a0923.png	out_of_stock	1.99 EUR	M&M's	5000159504355	yes	new
7865	M&M’s Chocolate - 82 g	Dragées au chocolat au lait fondant. Enrobées d’une coque sucrée colorée et croquante. Format pratique de 82 g à partager ou à emporter.	https://www.mesbonbons.net/fr/shop/mms-chocolate-82-g	https://fladis.azureedge.net/erp/2104abd5-227a-430d-94ee-072adfd49c7b.png	in_stock	1.99 EUR	M&M's	5000159503983	yes	new
7868	MARS Miniature 250p - 2.5 kg	Les Mars Miniatures sont des versions réduites de la célèbre barre chocolatée classique, conçues pour être consommées en une bouchée. Elles sont vendues individuellement emballées, souvent en grands sachets (tubos) destinés au partage, aux réceptions, ou comme accompagnement de café.	https://www.mesbonbons.net/fr/shop/mars-miniature-250p-2.5-kg	https://fladis.azureedge.net/erp/959049c7-b361-40e2-bdeb-b5ede702ea87.png	in_stock	83.49 EUR	Mars	05000159558679	yes	new
7869	Monster Juiced Viking Berry - 500 ml	Boisson énergisante aux fruits avec jus de fruits et saveur baies nordiques. Association de caféine, taurine et vitamines B pour un effet énergisant. Format 500 ml pour une consommation prolongée.	https://www.mesbonbons.net/fr/shop/monster-juiced-viking-berry-500-ml	https://fladis.azureedge.net/erp/6a61dae0-13f9-4218-9ae5-fff1496cc47c.png	out_of_stock	3.00 EUR	Monster Energy	5056784911761	yes	new
7870	Monster Rehab Tea + Peach - 500 ml	Boisson énergisante au thé et à la pêche, non gazeuse. Association rafraîchissante avec caféine, taurine et vitamines B. Format 500 ml idéal pour une hydratation énergisante.	https://www.mesbonbons.net/fr/shop/monster-rehab-tea-peach-500-ml	https://fladis.azureedge.net/erp/c13e1f73-5613-478d-b218-6dbee6e3bce0.png	out_of_stock	3.00 EUR	Monster Energy	5056784912713	yes	new
7871	Monster Energy VR46 Zero Sugar - 500 ml	Boisson énergisante sans sucre avec saveur d’agrumes. Formule avec caféine, taurine et vitamines B pour un boost d’énergie. Format 500 ml pour une consommation prolongée.	https://www.mesbonbons.net/fr/shop/monster-energy-vr46-zero-sugar-500-ml	https://fladis.azureedge.net/erp/d4bcb1d7-ffe3-408e-94de-ed7a7512d64b.png	in_stock	3.00 EUR	Monster Energy	5056784909034	yes	new
7872	Mega Monster Energy - 553 ml	Boisson énergisante classique au goût sucré et légèrement acidulé. Enrichie en caféine, taurine, ginseng et vitamines B. Grand format 553 ml pour un apport énergétique prolongé.	https://www.mesbonbons.net/fr/shop/mega-monster-energy-553-ml	https://fladis.azureedge.net/erp/5c4632ba-b09f-49a9-af60-697d924b506c.png	in_stock	3.00 EUR	Monster Energy	5060335634429	yes	new
7874	Coca-Cola Zero Zero - 330 ml	Boisson rafraîchissante au cola sans sucre ni caféine. Conserve le goût classique avec une formule sans calories. Format pratique 330 ml.	https://www.mesbonbons.net/fr/shop/coca-cola-zero-zero-330-ml	https://fladis.azureedge.net/erp/2f633185-d845-44de-a6c8-83c3711bde8a.png	in_stock	1.50 EUR	Coca-Cola	5449000233295	yes	new
7876	Croky Snackbar Boulette Apéro - 130 g	Chips de pommes de terre au goût typique de bitterballen. Saveur riche et épicée inspirée de la spécialité apéritive. Texture croustillante idéale pour le snacking.	https://www.mesbonbons.net/fr/shop/croky-snackbar-boulette-apero-130-g	https://fladis.azureedge.net/erp/eaa984bd-acf5-41e5-911c-1404a3e35150.png	out_of_stock	2.49 EUR	Croky	5414359964657	yes	new
7877	Calypso Berry Bloom Sans Sucre - 330 ml	Boisson pétillante au citron et fruits rouges sans sucre. Saveur rafraîchissante et fruitée avec une touche florale. Idéale pour une pause légère et désaltérante.	https://www.mesbonbons.net/fr/shop/calypso-berry-bloom-sans-sucre-330-ml	https://fladis.azureedge.net/erp/e19aca5e-a1ed-475b-960a-117db9380d10.png	in_stock	2.00 EUR	Calypso	8059558540119	yes	new
7878	Calypso Blood Orange Breeze Sans Sucre - 330 ml	Boisson pétillante au citron, orange sanguine et gingembre sans sucre. Saveur fruitée et légèrement épicée pour une sensation rafraîchissante. Idéale pour une pause désaltérante et originale.	https://www.mesbonbons.net/fr/shop/calypso-blood-orange-breeze-sans-sucre-330-ml	https://fladis.azureedge.net/erp/dc10e85c-9082-45cb-8d09-efd74688696d.png	in_stock	2.00 EUR	Calypso	8059558540003	yes	new
7879	Calypso Apple Oasis Sans Sucre - 330 ml	Boisson pétillante au citron, pomme et matcha sans sucre. Saveur fruitée avec une touche végétale légère et rafraîchissante. Idéale pour une pause originale et désaltérante.	https://www.mesbonbons.net/fr/shop/calypso-apple-oasis-sans-sucre-330-ml	https://fladis.azureedge.net/erp/c38fd096-32a9-4a21-afe5-9d16adabbe6a.png	in_stock	2.00 EUR	Calypso	8059558540126	yes	new
7880	Frisia Lèvres Rouges -  2 kg	Confiserie gélifiée en forme de lèvres au goût fruité et acidulé. Texture tendre et mousseuse avec enrobage sucré. Idéal pour les amateurs de bonbons acidulés.	https://www.mesbonbons.net/fr/shop/frisia-levres-rouges-2-kg	https://fladis.azureedge.net/erp/beac7741-2c33-4a48-97b8-c150013be2ab.png	in_stock	14.99 EUR	Frisia	5411011563487	yes	new
7884	Felko Mega Gummies Macaron - 120 g	Bonbons gélifiés en forme de macarons colorés. Texture tendre et moelleuse avec des saveurs sucrées variées. Une confiserie ludique inspirée du célèbre dessert français.	https://www.mesbonbons.net/fr/shop/felko-mega-gummies-macaron-120-g	https://fladis.azureedge.net/erp/76474598-7956-4866-bff4-2abf09315a68.png	out_of_stock	2.99 EUR	Felko Holland	8721042684202	yes	new
7894	Van Holten’s Pickle Puffed Snacks Saveur Ail Garlic Joe - 90 g	Snacks soufflés à base de lentilles avec une saveur intense d’ail et de cornichon. Texture légère et croustillante avec un goût relevé et original. Source de protéines et de fibres, parfait pour un snack différent.	https://www.mesbonbons.net/fr/shop/van-holtens-pickle-puffed-snacks-saveur-ail-garlic-joe-90-g	https://fladis.azureedge.net/erp/64ae2be8-0866-4ecb-a047-494b9cb1bc60.png	out_of_stock	3.99 EUR	Van Holten's	5060318667598	yes	new
7895	Van Holten’s Pickle Puffed Snacks Saveur Cornichon Aneth Big Papa - 90 g	Snacks soufflés à base de lentilles avec une saveur de cornichon à l’aneth intense et acidulée. Texture légère et croustillante avec un goût frais et relevé. Source de protéines et de fibres, idéal pour une pause snack originale.	https://www.mesbonbons.net/fr/shop/van-holtens-pickle-puffed-snacks-saveur-cornichon-aneth-big-papa-90-g	https://fladis.azureedge.net/erp/dee1973e-f88a-4587-a036-8bb32ae65813.png	out_of_stock	3.99 EUR	Van Holten's	5060318667574	yes	new
7896	Van Holten’s Pickle Puffed Snacks Saveur Cornichon Piquant Hot Mama - 90 g	Snacks soufflés à base de lentilles avec une saveur de cornichon relevée et épicée. Texture légère et croustillante associée à une touche piquante. Source de protéines et de fibres, idéal pour les amateurs de sensations fortes.	https://www.mesbonbons.net/fr/shop/van-holtens-pickle-puffed-snacks-saveur-cornichon-piquant-hot-mama-90-g	https://fladis.azureedge.net/erp/6c6b962a-3d51-4903-8739-5d4a35bb95cd.png	in_stock	3.99 EUR	Van Holten's	5060318667611	yes	new
7897	Kinder Maxi - 42 g	Kinder Maxi c'est un grand cœur au lait délicieusement fondant dans une barre de tendre chocolat Kinder.	https://www.mesbonbons.net/fr/shop/kinder-maxi-42-g	https://fladis.azureedge.net/erp/75b721d6-6270-4bc2-9855-8501065fb064.png	in_stock	1.49 EUR	Kinder	4008400224022	yes	new
7901	Maxi Rainbow Pops Sucettes - 100 p - 2 kg	Sucettes multicolores aux saveurs fruitées avec un aspect arc-en-ciel attrayant. Goût sucré et acidulé avec une texture dure classique. Parfaites pour les fêtes, les événements ou la revente en vrac.	https://www.mesbonbons.net/fr/shop/maxi-rainbow-pops-sucettes-100-p-2-kg	https://fladis.azureedge.net/erp/6e409701-11f9-418c-b88d-984b769449d9.png	out_of_stock	45.99 EUR	Thijs	5412132110765	yes	new
7905	Nestlé Nesquik Barre Gaufrette Chocolat - 26 g	Barre de gaufrette croustillante enrobée de chocolat au lait. Fourrage léger et croquant avec plusieurs couches fines de biscuit. Snack pratique et gourmand au goût iconique Nesquik.	https://www.mesbonbons.net/fr/shop/nestle-nesquik-barre-gaufrette-chocolat-26-g	https://fladis.azureedge.net/erp/43671ad6-c60f-429b-b715-3d64f3fd626a.png	in_stock	0.99 EUR	Nesquik	7613036078627	yes	new
7906	Dr Fire Flamin' Dragon Chips Piquantes - 80 g	Chips croustillantes au goût intensément épicé inspiré du piment et des saveurs relevées. Texture fine et croquante avec un assaisonnement puissant. Snack idéal pour les amateurs de sensations fortes.	https://www.mesbonbons.net/fr/shop/dr-fire-flamin-dragon-chips-piquantes-80-g	https://fladis.azureedge.net/erp/d328bfe2-8cda-45a1-a6c8-14d7e4affeb4.png	out_of_stock	3.49 EUR	Dr. Fire	8721042685018	yes	new
7907	Dr Fire After Burner Chips Extra Piquantes - 80 g	Chips croustillantes au goût extrêmement épicé avec des notes de piment intense. Texture légère et croquante avec un assaisonnement puissant. Snack conçu pour les amateurs de sensations très relevées.	https://www.mesbonbons.net/fr/shop/dr-fire-after-burner-chips-extra-piquantes-80-g	https://fladis.azureedge.net/erp/23df0452-213a-4ff0-ac6f-3d9c370320f0.png	out_of_stock	3.49 EUR	Dr. Fire	8721042685056	yes	new
7908	Dr Fire Cheesy Jalapeño Chips Fromage & Piment - 80 g	Chips croustillantes au goût intense de fromage relevé par le piment jalapeño. Association savoureuse entre crémeux et piquant pour une expérience équilibrée. Snack idéal pour les amateurs de saveurs épicées et fromagères.	https://www.mesbonbons.net/fr/shop/dr-fire-cheesy-jalapeno-chips-fromage-piment-80-g	https://fladis.azureedge.net/erp/23df0452-213a-4ff0-ac6f-3d9c370320f0.png	out_of_stock	3.49 EUR	Dr. Fire	8721042685032	yes	new
7910	Pringles Classic M5 Saveur Steak et Foie Gras - 80 g	Chips croustillantes au goût raffiné de steak et foie gras inspiré de la gastronomie française. Une combinaison riche et savoureuse entre viande grillée et notes délicates de foie gras. Snack premium pour une expérience gourmande et originale.	https://www.mesbonbons.net/fr/shop/pringles-classic-m5-saveur-steak-et-foie-gras-80-g	https://fladis.azureedge.net/erp/6b7190c6-ce92-4e97-a647-0c52439a4acb.png	in_stock	4.99 EUR	Pringles	6958652303496	yes	new
7914	Felko Mega Gummies Petit Déjeuner Anglais Bonbons - 120 g	Bonbons gélifiés originaux en forme de petit déjeuner anglais avec œuf, saucisses et bacon. Un assortiment ludique et gourmand aux saveurs fruitées. Parfait pour un moment fun ou comme idée cadeau décalée.	https://www.mesbonbons.net/fr/shop/felko-mega-gummies-petit-dejeuner-anglais-bonbons-120-g	https://fladis.azureedge.net/erp/fbf03a92-cf5f-4b70-bc8b-051bbb130a4c.png	in_stock	2.99 EUR	Felko Holland	8721042684264	yes	new
7917	Capri-Sun Ice Pops Fruit Mix - 10 x 40 ml	Bâtonnets glacés à base de jus de fruits Capri-Sun, à congeler pour une pause rafraîchissante. Plusieurs saveurs fruitées comme orange, cerise, cola et multi-fruits. Parfait pour se rafraîchir en été avec une touche fruitée.	https://www.mesbonbons.net/fr/shop/capri-sun-ice-pops-fruit-mix-10-x-40-ml	https://fladis.azureedge.net/erp/a9606b48-0524-4907-851e-71b6d609a9ff.png	in_stock	3.99 EUR	Capri-Sun	4262518327000	yes	new
7928	Mega Moustache Lollipops - 15 g	Sucettes colorées en forme de moustache aux saveurs fruitées. Produit ludique avec différentes moustaches à porter pour s’amuser. Format multipack idéal pour fêtes, anniversaires ou partage.	https://www.mesbonbons.net/fr/shop/mega-moustache-lollipops-15-g	https://fladis.azureedge.net/erp/9b9be697-75e1-404a-bac9-2be41e2687c7.png	in_stock	0.99 EUR	Funny Candy	8435124854147	yes	new
7929	Candy Fountain Gel Candy - 51 g x 12	Bonbon en gel ludique avec embout type fontaine pour une consommation amusante. Trois saveurs fruitées : fraise, framboise et mangue. Format pratique et coloré, idéal pour les enfants et le partage.	https://www.mesbonbons.net/fr/shop/candy-fountain-gel-candy-51-g-x-12	https://fladis.azureedge.net/erp/6ea4d315-2d0a-4184-a865-478f5323df0f.png	in_stock	10.99 EUR	Funny Candy	6970738801467	yes	new
7930	Candy Fountain Gel Candy - 51 g	Bonbon en gel ludique avec embout type fontaine pour une consommation amusante. Trois saveurs fruitées : fraise, framboise et mangue. Format pratique et coloré, idéal pour les enfants et le partage.	https://www.mesbonbons.net/fr/shop/candy-fountain-gel-candy-51-g	https://fladis.azureedge.net/erp/6ea4d315-2d0a-4184-a865-478f5323df0f.png	in_stock	0.99 EUR	Funny Candy	6970738801450	yes	new
7931	Screamers Gummy Shake & Snack - 70 g x 12	Bonbon interactif combinant gummies, bonbons acidulés et gel à mélanger. Concept ludique en trois étapes : verser, secouer puis ouvrir pour déguster. Expérience fun et gourmande avec textures variées et goût acidulé.	https://www.mesbonbons.net/fr/shop/screamers-gummy-shake-snack-70-g-x-12	https://fladis.azureedge.net/erp/93ab9630-e63a-4260-8557-b6abb5af990e.png	in_stock	22.49 EUR	Funny Candy	05011061027931	yes	new
7932	Screamers Gummy Shake & Snack - 70 g	Bonbon interactif combinant gummies, bonbons acidulés et gel à mélanger. Concept ludique en trois étapes : verser, secouer puis ouvrir pour déguster. Expérience fun et gourmande avec textures variées et goût acidulé..	https://www.mesbonbons.net/fr/shop/screamers-gummy-shake-snack-70-g	https://fladis.azureedge.net/erp/6bed0130-8a13-4859-b2d3-7833802ed899.png	in_stock	1.99 EUR	Funny Candy	5011061127938	yes	new
7933	Hot Rage Bonbons Assortis - 50 g x 24	Assortiment de bonbons durs aux saveurs intenses et épicées. Trois parfums : mangue pimentée, cannelle intense et citron vert piquant. Bonbons au goût explosif pour les amateurs de sensations fortes.	https://www.mesbonbons.net/fr/shop/hot-rage-bonbons-assortis-50-g-x-24	https://fladis.azureedge.net/erp/0b26fa47-8160-47fa-9fb1-c6139463801e.png	out_of_stock	20.49 EUR	Funny Candy	5011061025883	yes	new
7937	Play Pop Chat & Chien Sucette - 9 g x 18	Sucette ludique avec embout en forme de chat ou chien. Saveurs fruitées : fraise, framboise et cerise. Produit combinant bonbon et jouet pour une expérience amusante.	https://www.mesbonbons.net/fr/shop/copy-hot-rage-bonbons-assortis-50-g-x-24	https://fladis.azureedge.net/erp/238e0928-b131-4670-a6da-2f193580698b.png	out_of_stock	14.99 EUR	Funny Candy	6931722322009	yes	new
7939	Pop Gun Lollipop - 5 g x 16	Sucette ludique avec pistolet jouet intégré. Saveurs fruitées : fraise, framboise et pastèque. Produit combinant bonbon et jouet interactif pour une expérience amusante.	https://www.mesbonbons.net/fr/shop/pop-gun-lollipop-5-g-x-16	https://fladis.azureedge.net/erp/23d0ea22-9301-4d3a-acea-98b693652ee7.png	out_of_stock	9.99 EUR	Funny Candy	6931722331872	yes	new
7941	Jelly Gum Bubble Gum Gel - 50 g x 16	Gel de chewing-gum aux saveurs fruitées fraise, framboise et tutti frutti. Texture douce et ludique à consommer directement en tube. Produit original combinant plaisir sucré et format amusant.	https://www.mesbonbons.net/fr/shop/jelly-gum-bubble-gum-gel-50-g-x-16	https://fladis.azureedge.net/erp/aa9b5c63-3dfc-4680-878a-5cef819e2af4.png	in_stock	11.49 EUR	Funny Candy	6931722325109	yes	new
7943	Funny candy Mallow Cream - 35 g x 12	Crème de guimauve onctueuse accompagnée de bonbons confettis. Saveurs fraise et vanille pour une expérience sucrée et gourmande. Produit ludique à déguster seul ou à personnaliser avec les toppings.	https://www.mesbonbons.net/fr/shop/funny-candy-mallow-cream-35-g-x-12	https://fladis.azureedge.net/erp/6e601c16-f023-4ab7-a8f7-dfc8835da5c4.png	in_stock	10.49 EUR	Funny Candy	3587362165945	yes	new
7945	MyPhone Candy - 14 g x 12	Bonbons dextrose en forme de smartphone avec design ludique. Saveurs fruitées : fraise, orange, pomme et framboise. Produit amusant combinant confiserie et univers digital.	https://www.mesbonbons.net/fr/shop/myphone-candy-14-g-x-12	https://fladis.azureedge.net/erp/2ece1f5b-ed0b-471e-b033-290d489382dd.png	in_stock	10.49 EUR	Funny Candy	3587361166363	yes	new
7951	Carambar Sucettes - 156 g	Assortiment de sucettes Carambar aux saveurs classiques et gourmandes. Parfums variés incluant cola, caramel, fraise et citron. Chaque sucette contient une blague emblématique Carambar.	https://www.mesbonbons.net/fr/shop/carambar-sucettes-156-g	https://fladis.azureedge.net/erp/268a1e4c-5bf2-4d96-bb8f-af7c6a40a164.png	in_stock	2.49 EUR	Carambar	3664346316507	yes	new
7957	Milka Choco Biscuits - 150 g	Biscuits croustillants recouverts de chocolat au lait Milka avec un cœur biscuité. Alliance de biscuit croquant et de chocolat fondant pour une pause gourmande. Format pratique à partager ou à déguster individuellement.	https://www.mesbonbons.net/fr/shop/milka-choco-biscuits-150-g	https://fladis.azureedge.net/erp/0fbc6058-20d3-4d81-b18a-3b2a20d98135.png	in_stock	2.49 EUR	Milka	7622300590970	yes	new
7958	Milka Choco Wafer - 150 g	Gaufrette croustillante garnie de crème cacao et enrobée de chocolat au lait Milka. Texture légère et croustillante avec une couche fondante de chocolat. Snack gourmand idéal pour une pause sucrée.	https://www.mesbonbons.net/fr/shop/milka-choco-wafer-150-g	https://fladis.azureedge.net/erp/2dd3aa5a-b784-4ac8-b408-4fbf4e72149c.png	in_stock	3.49 EUR	Milka	7622210984678	yes	new
7959	Lutti Balls Fizz - 2 kg	Bonbons gélifiés en forme de billes, enrobés de sucre acidulé. Saveurs fruitées variées avec une texture moelleuse et un goût légèrement piquant. Confiserie ludique et colorée idéale pour le partage.	https://www.mesbonbons.net/fr/shop/lutti-balls-fizz-2-kg	https://fladis.azureedge.net/erp/710bc5b6-c406-4d12-ba81-18592d3f3010.png	in_stock	19.49 EUR	Lutti	3664346356831	yes	new
7960	Display Joris Curix - 13 g x 42	Les Joris Curix sont des petites pastilles de réglisse et de menthol idéale pour vous rafraichir la bouche.	https://www.mesbonbons.net/fr/shop/display-joris-curix-13-g-x-42	https://fladis.azureedge.net/erp/0bda6f68-e2be-4f52-8b44-7b1442becf4f.png	in_stock	92.99 EUR	Joris	5410404119287	yes	new
7961	Brets Chips BBQ à la Mexicaine - 125 g	Chips de pommes de terre ondulées au goût barbecue mexicain relevé. Assaisonnement aux épices et piment chipotle pour une saveur fumée et légèrement piquante. Texture croustillante avec un profil aromatique intense.	https://www.mesbonbons.net/fr/shop/brets-chips-bbq-a-la-mexicaine-125-g	https://fladis.azureedge.net/erp/916abffa-c55f-4fc2-a2ea-4ababc138a82.png	in_stock	2.69 EUR	Bret's	3497917004769	yes	new
7962	Brets Chips BBQ & Jalapeño - 125 g	Chips ondulées au goût barbecue relevé avec une touche de piment jalapeño. Saveur fumée et épicée équilibrée par des notes aromatiques intenses. Texture croustillante avec une sensation légèrement piquante.	https://www.mesbonbons.net/fr/shop/brets-chips-bbq-jalapeno-125-g	https://fladis.azureedge.net/erp/a29959bc-2ff8-42c8-830b-6e5eec4c4990.png	in_stock	2.69 EUR	Bret's	3497917004776	yes	new
7964	Chips Bret’s Camembert & Truffe - 125 g	Chips ondulées croustillantes au goût raffiné de camembert et de truffe, offrant une saveur riche et légèrement boisée pour un apéritif gourmand.	https://www.mesbonbons.net/fr/shop/chips-brets-camembert-truffe-125-g	https://fladis.azureedge.net/erp/c18e2bbb-116f-485d-ab25-d04e01eb7ceb.png	in_stock	2.69 EUR	Bret's	3497917004790	yes	new
7965	Chips Bret’s Tajine de poulet aux épices - 125 g	Chips ondulées croustillantes au goût inspiré du tajine de poulet, relevées par un mélange d’épices chaudes pour une saveur exotique et parfumée.	https://www.mesbonbons.net/fr/shop/chips-brets-tajine-de-poulet-aux-epices-125-g	https://fladis.azureedge.net/erp/5bce266b-c154-4291-ae50-b7e9e834c3c4.png	in_stock	2.69 EUR	Bret's	3497917004752	yes	new
7966	Chips Bret’s BBQ Whisky - 125 g	Chips ondulées croustillantes au goût intense de barbecue relevé par des notes fumées façon whisky sans alcool. Une saveur riche et grillée avec des touches de paprika fumé et d’épices. Parfaites pour un apéritif gourmand au goût barbecue authentique.	https://www.mesbonbons.net/fr/shop/copy-chips-brets-tajine-de-poulet-aux-epices-125-g	https://fladis.azureedge.net/erp/4ea13cba-9648-48bf-95bc-c49f70e69be4.png	in_stock	2.69 EUR	Bret's	3497917004783	yes	new
7967	Mini sucettes fruits Lollywood - 4 g x 500	Mini sucettes colorées aux arômes de fruits, idéales pour les fêtes, événements ou distribution en vrac. Une texture croquante avec des saveurs sucrées et fruitées variées. Parfaites pour petits et grands amateurs de bonbons classiques.	https://www.mesbonbons.net/fr/shop/mini-sucettes-fruits-lollywood-4-g-x-500	https://fladis.azureedge.net/erp/6c81203d-d854-49aa-b1e5-e41db5995e47.png	in_stock	30.99 EUR	Lollywood	5420001518802	yes	new
7972	Boîte jeu Stitch avec biscuits pépites de chocolat - 10 g	Petite boîte ludique Stitch contenant des biscuits aux pépites de chocolat et un jeu. Un format compact combinant divertissement et gourmandise. Parfait comme petite surprise pour enfants ou cadeau amusant.	https://www.mesbonbons.net/fr/shop/boite-jeu-stitch-avec-biscuits-pepites-de-chocolat-10-g	https://fladis.azureedge.net/erp/54d7eeff-3170-4b2f-a3fe-c3eff99ac19b.png	in_stock	3.99 EUR	Disney	5901986037927	yes	new
7973	Capsule surprise Stitch avec biscuits x2 - 11 g	Capsule surprise Stitch contenant des biscuits aux pépites de chocolat et un jouet. Format double pack pour encore plus de plaisir et de découverte. Un produit ludique qui combine gourmandise et effet surprise.	https://www.mesbonbons.net/fr/shop/capsule-surprise-stitch-avec-biscuits-x2-11-g	https://fladis.azureedge.net/erp/e83c5dd4-373f-4872-a4a7-bb8bd3bad9ec.png	in_stock	2.99 EUR	Disney	5901986037965	yes	new
7974	Stitch biscuits pépites de chocolat sachets x5 - 100 g	Sachet familial de biscuits aux pépites de chocolat à l’effigie de Stitch. Contient 5 portions individuelles pratiques à emporter ou à partager. Idéal pour les pauses gourmandes avec une touche ludique Disney.	https://www.mesbonbons.net/fr/shop/copy-capsule-surprise-stitch-avec-biscuits-x2-11-g	https://fladis.azureedge.net/erp/a469d7c0-f7fb-48b0-b4f2-f784e37575b1.png	in_stock	1.99 EUR	Disney	5901986037897	yes	new
7979	Dr Pepper Strawberries & Cream - 330 ml	Boisson gazeuse saveur fraise & crème, version Zero sucre . Édition aromatisée combinant le goût iconique de Dr Pepper avec une touche gourmande de fraise et de crème, sans sucres ajoutés.	https://www.mesbonbons.net/fr/shop/dr-pepper-strawberries-cream-330-ml	https://fladis.azureedge.net/erp/3d0a0e79-1dfc-4919-9a7c-c38a48ea2764.png	out_of_stock	1.50 EUR	Dr Pepper	5904741660026	yes	new
7980	Batman Soda Drink Sour Green Apple 250 ml	Boisson gazeuse au goût de pomme verte acidulée. Elle présente un profil sucré-acidulé avec des arômes fruités. Conditionnée en canette de 250 ml avec un design Batman.	https://www.mesbonbons.net/fr/shop/batman-soda-drink-sour-green-apple-250-ml	https://fladis.azureedge.net/erp/be1f02c8-fc59-4920-be40-07ec198de251.png	in_stock	2.00 EUR	DC Comics	7350162620008	yes	new
7983	Superman Soda Drink Sour Blue Raspberry - 250 ml	Boisson gazeuse au goût de framboise bleue et framboise. Elle présente un profil sucré-acidulé avec des arômes fruités marqués. Conditionnée en canette de 250 ml avec un design Superman.	https://www.mesbonbons.net/fr/shop/superman-soda-drink-sour-blue-raspberry-250-ml	https://fladis.azureedge.net/erp/4ab70620-f044-4f1a-aa91-1e331944400b.png	out_of_stock	2.00 EUR	DC Comics	7350162620015	yes	new
7984	MatchaMi Berry Berry Lady - 250 ml	Boisson glacée à base d’avoine avec saveur de baies et matcha. Elle associe des notes fruitées à une légère touche de thé. Conditionnée en canette de 250 ml, à consommer fraîche.	https://www.mesbonbons.net/fr/shop/matchami-berry-berry-lady-250-ml	https://fladis.azureedge.net/erp/7bffd2f3-c5c7-4d60-ab02-ac83a06d61b0.png	in_stock	3.50 EUR	Matchami	4262560720019	yes	new
7985	MatchaMi Matcha Matcha - 250 ml	Boisson glacée à base d’avoine avec saveur de matcha. Elle contient du thé vert matcha et présente un profil légèrement végétal. Conditionnée en canette de 250 ml, à consommer fraîche.	https://www.mesbonbons.net/fr/shop/matchami-matcha-matcha-250-ml	https://fladis.azureedge.net/erp/09a8432b-d05d-4882-89d7-84a922a0214e.png	in_stock	3.50 EUR	Matchami	4262560720002	yes	new
7986	Estathé Peach Tea - 330 ml	Boisson au thé noir aromatisée à la pêche. Elle est élaborée à partir d’une infusion de feuilles de thé avec ajout de sucre et de jus de pêche. Conditionnée en canette de 330 ml, à consommer fraîche.	https://www.mesbonbons.net/fr/shop/estathe-peach-tea-330-ml	https://fladis.azureedge.net/erp/39f40dc4-b2ce-494e-923c-b837b56e1c87.png	in_stock	2.00 EUR	Estathé	80051503	yes	new
7987	Estathé Pêche - 400 ml	Boisson au thé noir aromatisée à la pêche. Elle est préparée à partir d’une infusion de feuilles de thé avec ajout de sucre et de jus de pêche. Conditionnée en bouteille plastique de 400 ml, à consommer fraîche..	https://www.mesbonbons.net/fr/shop/estathe-peche-400-ml	https://fladis.azureedge.net/erp/26452ddc-029c-470c-ab48-d57c508a422a.png	in_stock	4.00 EUR	Estathé	80948971	yes	new
7988	Coca Pear Blossom Flavour - 400 ml	Boisson gazeuse aromatisée saveur fleur de poirier. Elle contient de l’eau gazéifiée avec sucre et arômes ajoutés. Conditionnée en bouteille plastique de 400 ml, à consommer fraîche.	https://www.mesbonbons.net/fr/shop/coca-pear-blossom-flavour-400-ml	https://fladis.azureedge.net/erp/d164b302-4ad3-46e7-8cf6-93086c70bf94.png	in_stock	2.50 EUR	Huang Dong	6931301047330	yes	new
7991	Buenos Dias Pâte à tartiner aux noisettes - 200 g	Pâte à tartiner aux noisettes à la texture onctueuse et au goût sucré. Idéale pour les tartines ou les desserts. Conditionnée en pot de 200 g.	https://www.mesbonbons.net/fr/shop/buenos-dias-pate-a-tartiner-aux-noisettes-200-g	https://fladis.azureedge.net/erp/3994f4ed-c427-4442-81a6-bf5123a0da1f.png	out_of_stock	4.49 EUR	Iconiksweet	3760434470172	yes	new
7994	OMG Bubble Tea Dragon Fruit Mood + Mango Bubbles - 265 ml	Boisson rafraîchissante au goût fruit du dragon avec extrait de thé et billes éclatantes saveur mangue. Contient des édulcorants et présente une teneur réduite en sucres par rapport aux versions classiques. Produit prêt à boire avec paille incluse, conditionné en format 265 ml.	https://www.mesbonbons.net/fr/shop/omg-bubble-tea-dragon-fruit-mood-mango-bubbles-265-ml	https://fladis.azureedge.net/erp/f004b5a4-8fff-47c7-9bcd-e0dc0769cc04.png	out_of_stock	3.99 EUR	OMG Bubble Tea	4779056911306	yes	new
7996	Capri-Sun Electrolytes Mango & Pêche - 330 ml	Boisson aux fruits saveur mangue et pêche enrichie en électrolytes et vitamines. Contient du magnésium ainsi que les vitamines C, B1 et B6. Conditionnée dans une gourde refermable de 330 ml.	https://www.mesbonbons.net/fr/shop/capri-sun-electrolytes-mango-peche-330-ml	https://fladis.azureedge.net/erp/661ef3a9-40f5-4df8-8cc5-63b5a89ac580.png	out_of_stock	2.50 EUR	Capri-Sun	4000177037324	yes	new
7997	Capri-Sun Electrolytes Mûre & Framboise - 330 ml	Boisson aux fruits saveur mûre et framboise enrichie en électrolytes et vitamines. Contient du magnésium ainsi que les vitamines C, B1 et B6. Conditionnée dans une gourde refermable de 330 ml.	https://www.mesbonbons.net/fr/shop/capri-sun-electrolytes-mure-framboise-330-ml	https://fladis.azureedge.net/erp/1233b73c-a1a5-4f50-9cb2-ea358375714a.png	out_of_stock	2.50 EUR	Capri-Sun	4000177037423	yes	new
8002	Tangle Garlic Oil Pasta - 100 g	Nouilles instantanées en forme de pâtes avec sauce à l’huile à l’ail. Produit prêt en environ 4 minutes, conditionné en portion individuelle. Contient un mélange d’assaisonnement, une huile aromatisée et des flocons de légumes.	https://www.mesbonbons.net/fr/shop/tangle-garlic-oil-pasta-100-g	https://fladis.azureedge.net/erp/0aeb3be6-52a7-479b-bf1c-5f9b5c7c0115.png	out_of_stock	2.49 EUR	Samyang	8801073116849	yes	new
8003	Tangle Creamy Bulgogi Flavour Pasta - 105 g	Nouilles instantanées en forme de pâtes avec saveur bulgogi crémeuse. Produit prêt en environ 5½ minutes, conditionné en portion individuelle. Comprend un mélange d’assaisonnement, une sauce et des ingrédients déshydratés.	https://www.mesbonbons.net/fr/shop/tangle-creamy-bulgogi-flavour-pasta-105-g	https://fladis.azureedge.net/erp/01930cca-939c-4176-8b31-8398c2415e87.png	out_of_stock	2.49 EUR	Samyang	8801073116863	yes	new
8004	Tangle Creamy Mushroom Flavour Pasta - 105 g	Nouilles instantanées en forme de pâtes avec saveur champignon crémeuse. Produit prêt en environ 4 minutes, conditionné en portion individuelle. Contient une sauce, un mélange d’assaisonnement et des morceaux de champignons.	https://www.mesbonbons.net/fr/shop/tangle-creamy-mushroom-flavour-pasta-105-g	https://fladis.azureedge.net/erp/a5f63c38-ae4f-4d69-a8e4-4e924596fce9.png	out_of_stock	2.49 EUR	Samyang	8801073116832	yes	new
8005	Tangle Chunky Tomato Pasta - 105 g	Nouilles instantanées en forme de pâtes avec sauce tomate aux morceaux. Produit prêt en environ 4 minutes, conditionné en portion individuelle. Contient une sauce tomate, un mélange d’assaisonnement et des ingrédients déshydratés.	https://www.mesbonbons.net/fr/shop/tangle-chunky-tomato-pasta-105-g	https://fladis.azureedge.net/erp/e05ded23-550f-4ba2-800f-15661c2382f4.png	out_of_stock	2.49 EUR	Samyang	8801073116825	yes	new
8006	Samyang Buldak Nouilles plates original - 155,5 g	Nouilles plates instantanées à base de fécule, accompagnées d’une sauce épicée typique de la gamme Buldak. Produit prêt en quelques minutes avec ajout d’eau chaude et cuisson rapide. Texture élastique et large, conçue pour absorber une sauce pimentée intense.	https://www.mesbonbons.net/fr/shop/samyang-buldak-nouilles-plates-original-1555-g	https://fladis.azureedge.net/erp/b6f899ed-11b7-4283-9eff-6398a80b3da5.png	out_of_stock	4.99 EUR	Samyang	8801073312685	yes	new
8009	Olly’s Sweet Chilli Pretzel Thins - 140 g	Bretzels fins cuits au four avec un assaisonnement au piment doux. Produit croustillant à base de farine de blé et d’arômes épicés. Convient à une alimentation vegan selon l’emballage.	https://www.mesbonbons.net/fr/shop/ollys-sweet-chilli-pretzel-thins-140-g	https://fladis.azureedge.net/erp/245e7b39-5d0e-4c8f-8c4f-0bdd36ca788f.png	out_of_stock	3.49 EUR	OLLY'S	5060530210565	yes	new
8011	Olly’s Sour Cream & Onion Pretzel Thins - 140 g	Bretzels fins cuits au four avec un assaisonnement crème acidulée et oignon. Produit croustillant à base de farine de blé avec des arômes salés. Convient à une alimentation vegan selon l’emballage.	https://www.mesbonbons.net/fr/shop/ollys-sour-cream-onion-pretzel-thins-140-g	https://fladis.azureedge.net/erp/4156e300-2b68-4caf-9378-ffb315dad243.png	out_of_stock	3.49 EUR	OLLY'S	5060530210541	yes	new
8012	Lay’s Fresh Baked Rice Cracker Original - 80 g	Crackers de riz cuits au four, à base de riz avec une texture légère et croustillante. Produit nature sans ajout d’arômes sucrés, avec une composition simple. Conditionné en portions individuelles à l’intérieur du sachet.	https://www.mesbonbons.net/fr/shop/lays-fresh-baked-rice-cracker-original-80-g	https://fladis.azureedge.net/erp/a7248b69-ca97-432c-bc47-fc36200c8a81.png	in_stock	3.49 EUR	Lay's China	6924743934115	yes	new
8014	Lays Deep Ridged Squid - 70 g	Chips de pommes de terre à coupe ondulée avec arôme de calmar. Produit à base de pommes de terre frites avec assaisonnement aromatisé. Texture épaisse et croustillante, conditionné en sachet individuel.	https://www.mesbonbons.net/fr/shop/lays-deep-squid-70-g	https://fladis.azureedge.net/erp/a4079ea2-4837-4251-9cfe-359291395007.png	in_stock	3.49 EUR	Lay's China	6924743918610	yes	new
8016	Reese’s Chocolate Lava Big Cup - 16 x 79 g - 1.27 kg	Confiserie composée de chocolat au lait avec un fourrage au beurre de cacahuète et un cœur fondant au chocolat. Format “Big Cup” avec une texture contrastée entre enrobage, intérieur crémeux et centre liquide. Produit conditionné en portion individuelle, issu d’un assortiment en boîte.	https://www.mesbonbons.net/fr/shop/reeses-chocolate-lava-big-cup-16-x-79-g-1.27-kg	https://fladis.azureedge.net/erp/5c086461-003e-420f-a106-eb02b9d47f60.png	in_stock	58.49 EUR	Reese's	034000953417	yes	new
8017	Reese’s Big Cup Strawberry PB&J - 16 x 79 g - 1.27 kg	Confiserie composée de chocolat au lait avec un fourrage au beurre de cacahuète et un cœur aromatisé à la fraise. Format “Big Cup” avec une combinaison de textures entre chocolat, pâte de cacahuète et garniture fruitée. Produit conditionné en portion individuelle issu d’un assortiment en boîte.	https://www.mesbonbons.net/fr/shop/reeses-big-cup-strawberry-pbj-16-x-79-g-1.27-kg	https://fladis.azureedge.net/erp/9046ea82-1679-4210-a967-f12156d2dcd5.png	in_stock	58.49 EUR	Reese's	034000455218	yes	new
8018	Reese’s Chocolate Lava Big Cup - 79 g	Confiserie composée de chocolat au lait avec un fourrage au beurre de cacahuète et un cœur fondant au chocolat. Format “Big Cup” avec une texture contrastée entre enrobage, intérieur crémeux et centre liquide. Produit conditionné en portion individuelle, issu d’un assortiment en boîte.	https://www.mesbonbons.net/fr/shop/reeses-chocolate-lava-big-cup-79-g	https://fladis.azureedge.net/erp/5c086461-003e-420f-a106-eb02b9d47f60.png	in_stock	3.49 EUR	Reese's	034000953424	yes	new
8020	M&M’s Peanut - 200 g	Dragées au chocolat au lait fourrées d’une cacahuète croquante. Enrobées d’une coque colorée et croustillante. Format pratique de 200 g à partager ou à emporter.	https://www.mesbonbons.net/fr/shop/mms-peanut-200-g	https://fladis.azureedge.net/erp/75c418f4-b2e8-4ea0-97a8-7f46bd24a00e.png	out_of_stock	1.99 EUR	M&M's	5000159386821	yes	new
8023	Iconiksweet Pop-In Chicken Chocolate saveur pistache - 50 g	Confiserie en forme de pilon composée de chocolat au lait et chocolat blanc avec un fourrage à la crème aromatisée à la pistache. Le produit est enrobé de morceaux de biscuit apportant une texture croquante. Il s’agit d’un produit sucré associant chocolat, crème parfumée à la pistache et inclusions de biscuit.	https://www.mesbonbons.net/fr/shop/iconiksweet-pop-in-chicken-chocolate-saveur-pistache-50-g	https://fladis.azureedge.net/erp/bbf07101-860c-48cd-80d4-86e24be72461.png	in_stock	3.49 EUR	Iconiksweet	3760434470639	yes	new
8024	Iconiksweet Pop-In Chicken Chocolate saveur fraise - 50 g	Confiserie en forme de pilon composée de chocolat au lait et chocolat blanc avec un fourrage à la crème aromatisée à la fraise. Le produit est enrobé de morceaux de biscuit apportant une texture croquante. Il s’agit d’un produit sucré associant chocolat, crème parfumée à la fraise et inclusions de biscuit.	https://www.mesbonbons.net/fr/shop/iconiksweet-pop-in-chicken-chocolate-saveur-fraise-50-g	https://fladis.azureedge.net/erp/624eecbc-b02e-4a77-9f9c-20162d002ebf.png	out_of_stock	3.49 EUR	Iconiksweet	3760434470615	yes	new
8026	Hitschies Hitschies Original Mix - 150 g	Bonbons à mâcher dragéifiés aux arômes de fruits. Le produit se présente sous forme de bâtonnets colorés avec un enrobage sucré croquant. Il s’agit d’une confiserie gélifiée combinant une texture tendre à cœur et une coque extérieure.	https://www.mesbonbons.net/fr/shop/hitschies-hitschies-original-mix-150-g	https://fladis.azureedge.net/erp/1fb855dc-027d-4d94-81a2-f4f4de1a3ae9.png	out_of_stock	3.49 EUR	Hitschies	4100250006534	yes	new
8027	Nippers Sour Candy Crunch Grape Cherry - 50 g	Bonbons durs acidulés à base de dextrose aux arômes de fruits. Le produit propose une combinaison de saveurs raisin et cerise avec un effet acidulé. La texture est croquante et se présente sous forme de petits bonbons compacts.	https://www.mesbonbons.net/fr/shop/nippers-sour-candy-crunch-grape-cherry-50-g	https://fladis.azureedge.net/erp/3949efdd-4172-45fc-acb8-460db753c7c1.png	in_stock	1.49 EUR	ZED Candy	5011061127266	yes	new
8029	Bardollini Matcha Rolls Green Tea Flavour - 120 g	Gaufrettes roulées fourrées à la crème aromatisée au thé vert matcha. Le produit présente une texture croustillante à l’extérieur et une garniture crémeuse à l’intérieur. Il est aromatisé au thé vert avec une coloration associée et contient des ingrédients laitiers et du blé.	https://www.mesbonbons.net/fr/shop/bardollini-matcha-rolls-green-tea-flavour-120-g	https://fladis.azureedge.net/erp/2822cc7e-79d8-46a3-a0c0-3b29e3395282.png	in_stock	2.99 EUR	Bardollini	8721082479639	yes	new
8034	Bazooka Juicy Drop Gummies Xtreme Sour Gel - 57g	Bonbons gélifiés à mâcher accompagnés d’un gel acide Le produit combine des gummies sucrés avec un gel liquide très acide à appliquer. Conditionné avec un applicateur pour ajouter le gel sur les bonbons.	https://www.mesbonbons.net/fr/shop/bazooka-juicy-drop-gummies-xtreme-sour-gel-57g	https://fladis.azureedge.net/erp/304d80f3-3faf-4398-b9b4-2bcd7900a8e4.png	in_stock	3.99 EUR	Bazooka	5011053025129	yes	new
8037	OVIDIAS Assortiment de pralines belges édition fête des mères - 250 g	Assortiment de pralines en chocolat contenant différentes garnitures. Le produit comprend des chocolats au lait avec diverses textures et saveurs. Peut contenir des traces d’autres ingrédients en raison de la production.	https://www.mesbonbons.net/fr/shop/copy-ovidias-assortiment-de-pralines-belges-edition-printemps-250-g	https://fladis.azureedge.net/erp/58bd3e5a-817a-43e5-b260-59041a6f68db.png	in_stock	7.99 EUR	OVIDIAS	5425000624516	yes	new
8039	Pops Ice Tea saveur goyave - 330 ml	Boisson plate rafraîchissante à base d’extrait de thé noir et arôme goyave. Contient du sucre et un édulcorant avec fibres solubles. Boisson pasteurisée à faible teneur calorique, sans matières grasses.	https://www.mesbonbons.net/fr/shop/pops-ice-tea-saveur-goyave-330-ml	https://fladis.azureedge.net/erp/6475d361-2811-4490-a665-352d6f967fb5.png	in_stock	3.00 EUR		3701650200693	yes	new
8047	Red Bull The Summer Edition Sudachi-Citron vert - 250 ml	Boisson énergisante gazeuse aromatisée au sudachi et citron vert. Contient de la caféine et des vitamines du groupe B. Produit pasteurisé destiné à être consommé frais.	https://www.mesbonbons.net/fr/shop/red-bull-the-summer-edition-sudachi-citron-vert-250-ml	https://fladis.azureedge.net/erp/42071ac0-ddeb-4e08-a9f2-3e20e06ca89c.png	out_of_stock	2.00 EUR	Red Bull	90493270	yes	new
8052	Sweet Party Spaghetti Fraise Citrique - 1 kg	Apportez une touche pétillante et acidulée à vos fêtes avec ces spaghettis de bonbons au goût cola citronné ! Chaque fil long et souple est enrobé d’une saveur sucrée et légèrement acidulée qui rappelle le goût classique du cola avec une pointe de citron.	https://www.mesbonbons.net/fr/shop/copy-sweet-party-spaghetti-cola-citrique-1-kg	https://fladis.azureedge.net/erp/01b69b14-8aa4-46f2-a3ad-e46ea75ce8a9.png	in_stock	9.99 EUR	Sweet Party	5413128354828	yes	new
8053	Vidal tranches kiwi réglisse - 1 kg	Confiserie sous forme de tranches aromatisées kiwi avec base réglisse. Produit sucré de type bonbon gélifié et pâteux. Convient pour consommation occasionnelle comme friandise.	https://www.mesbonbons.net/fr/shop/vidal-tranches-kiwi-reglisse-1-kg	https://fladis.azureedge.net/erp/f690a2f0-bf9c-4c79-83fe-5984bb56ac56.png	in_stock	6.99 EUR	Vidal	8413178397346	yes	new
8055	Croky Explosions Paprika - 40 g	Les Croky Explosion Paprika sont des chips légères et croquantes, au goût intense de paprika. Elles offrent une saveur épicée et légèrement fumée, avec un mélange parfait de piquant et de douceur. Ces chips sont idéales pour ceux qui recherchent une collation savoureuse et un peu relevée, parfaite pour accompagner vos moments de détente.	https://www.mesbonbons.net/fr/shop/croky-explosions-paprika-40-g	https://fladis.azureedge.net/erp/fa585c29-4c5e-4edb-8705-c2cd9958707c.png	in_stock	0.99 EUR	Croky	5414359971617	yes	new
8058	Lollywood papillons Fraise - 550 g	Confiseries gélifiées en forme de papillons. Bonbons à texture tendre avec goût de fraise. Produit présenté dans une boîte plastique refermable.	https://www.mesbonbons.net/fr/shop/lollywood-papillons-fraise-550-g	https://fladis.azureedge.net/erp/27c4d448-7820-49a6-8f74-17609c4c0c7e.png	in_stock	10.49 EUR	Lollywood	5420001501408	yes	new
8059	Côte d'Or Bâton Double Lait - 32 x 46 g	Côte d'Or Double Lait est une barre chocolatée connue pour sa combinaison unique de deux couches de chocolat au lait. Elle offre une expérience gustative riche et crémeuse, parfaitement équilibrée entre la douceur du chocolat au lait et l'intensité du cacao. Cette tablette est appréciée pour sa texture fondante et son goût délicieux, faisant d'elle un choix populaire parmi les amateurs de chocolat.	https://www.mesbonbons.net/fr/shop/cote-dor-baton-double-lait-32-x-46-g	https://fladis.azureedge.net/erp/ff6b1c5a-a278-4cc6-8d1c-50191603d146.png	in_stock	44.99 EUR	Côte d'or	7622210825896	yes	new
8060	Côte d'Or Bâton Chocolat au Lait Noisette Entière - 32 x 45 g	Côte d'Or Chocolat au Lait Noisette est une tablette de chocolat mariant harmonieusement la douceur du chocolat au lait avec le croquant des éclats de noisettes. Ce chocolat est apprécié pour sa texture fondante et ses saveurs équilibrées, offrant une expérience gustative gourmande et satisfaisante. Parfait pour les moments de plaisir personnel ou comme petite douceur à partager, le Côte d'Or Chocolat au Lait Noisette séduit par son goût délicieux et sa qualité reconnue.	https://www.mesbonbons.net/fr/shop/cote-dor-baton-chocolat-au-lait-noisette-entiere-32-x-45-g	https://fladis.azureedge.net/erp/111b085e-4af0-46b8-a511-9d27f2b1f3f8.png	in_stock	50.49 EUR	Côte d'or	7622200427635	yes	new
8061	Côte d'Or Bâton Chocolat au Lait - 32 x 47 g	Côte D'Or Chocolat au Lait est une barre de chocolat au lait onctueux, confectionnée avec le savoir-faire belge. Offrant une texture fondante et un goût riche, cette barre est parfaite pour une pause gourmande à tout moment de la journée.	https://www.mesbonbons.net/fr/shop/cote-dor-baton-chocolat-au-lait-32-x-47-g	https://fladis.azureedge.net/erp/1b87de56-3492-4774-87f1-59dcabf539e8.png	in_stock	44.99 EUR	Côte d'or	7622200426928	yes	new
8063	Côte d'Or Bâton Chocolat au Lait Banane - 32 x 47,5 g	Côte D'Or Chocolat au Lait Banane est une barre de chocolat au lait onctueux associée à un cœur fondant à la saveur de banane. Cette combinaison unique offre une expérience gourmande mêlant la douceur du chocolat belge à une touche fruitée, parfaite pour une pause plaisir.	https://www.mesbonbons.net/fr/shop/cote-dor-baton-chocolat-au-lait-banane-32-x-475-g	https://fladis.azureedge.net/erp/9278be6f-2871-44af-8791-f591e89e658c.png	in_stock	44.99 EUR	Côte d'or	7622200427086	yes	new
8065	Côte d'Or Bâton Chocolat Noir Noisette - 32 x 45 g	Côte D'Or Chocolat Noir Noisette est une barre de chocolat noir au goût intense, enrichie de morceaux croquants de noisettes. Elle allie la richesse du cacao à la douceur des noisettes pour une expérience savoureuse et texturée, parfaite pour une pause gourmande à tout moment.	https://www.mesbonbons.net/fr/shop/cote-dor-baton-chocolat-noir-noisette-32-x-45-g	https://fladis.azureedge.net/erp/3cbd2e0e-3e40-42d8-8600-6d4dbd5eff0e.png	in_stock	50.49 EUR	Côte d'or	7622200892891	yes	new
8066	Côte d'Or Bâton Chocolat Blanc Praliné - 32 x 46 g	Côte D'Or Chocolat Blanc Praliné est une barre de chocolat blanc délicieusement fondant, associée à un cœur onctueux de praliné. Cette combinaison unique offre une douceur crémeuse et une saveur de noisette, idéale pour un moment de plaisir gourmand.	https://www.mesbonbons.net/fr/shop/cote-dor-baton-chocolat-blanc-praline-32-x-46-g	https://fladis.azureedge.net/erp/0edde8e4-5f49-435c-a80d-3532b60ec891.png	in_stock	44.99 EUR	Côte d'or	7622200426973	yes	new
8067	Côte d'Or Bâton Chocolat Lait Coco - 32 x 44 g	Côte d’Or Lait-Coco est une barre de chocolat au lait intensément fondant, enrichie d’éclats de noix de coco croquants. Cette alliance gourmande offre une texture généreuse et une touche exotique, parfaite pour un instant de plaisir authentique.	https://www.mesbonbons.net/fr/shop/cote-dor-baton-chocolat-lait-coco-32-x-44-g	https://fladis.azureedge.net/erp/afc6dea1-2913-4321-8278-5205e286b12d.png	in_stock	44.99 EUR	Côte d'or	7622201514365	yes	new
8068	Côte d'Or Bâton Chocolat Lait Noisettes - 32 x 45 g	Un bâtonnet gourmand de chocolat au lait Côte d’Or, généreusement garni de noisettes entières croquantes.	https://www.mesbonbons.net/fr/shop/cote-dor-baton-chocolat-lait-noisettes-32-x-45-g	https://fladis.azureedge.net/erp/45cfd733-12e9-41bb-9d7a-4b23818cc692.png	in_stock	44.99 EUR	Côte d'or	7622200426959	yes	new
8069	Bifi Roll - 24 X 45 g	Snack Bifi Roll, saucisse enrobée de pâte croustillante.	https://www.mesbonbons.net/fr/shop/bifi-roll-24-x-45-g	https://fladis.azureedge.net/erp/35a4df17-4502-4fab-9aaf-94b24839afde.png	in_stock	35.49 EUR	Bifi	4251097410296	yes	new
8072	BiFi The Original - 20 g	Snack de saucisse fumée séchée à base de viande de porc et de bœuf. Produit prêt à consommer conditionné sous atmosphère protectrice. Format individuel de 20 g.	https://www.mesbonbons.net/fr/shop/bifi-the-original-20-g	https://fladis.azureedge.net/erp/9cbe7e3e-ac38-44c3-a48a-dabc11f06676.png	in_stock	0.99 EUR	Bifi	4251097420783	yes	new
8073	BiFi The Original -  40 x 20 g	Snack de saucisse fumée séchée à base de viande de porc et de bœuf. Produit prêt à consommer conditionné sous atmosphère protectrice. Format individuel de 20 g.	https://www.mesbonbons.net/fr/shop/bifi-the-original-40-x-20-g	https://fladis.azureedge.net/erp/1c979d6b-7805-416c-8876-8f7e468775b8.png	in_stock	30.99 EUR	Bifi	4251097420790	yes	new
8074	Pringles Cheese & Onion - 165 g	Snack salé à base de pommes de terre déshydratées avec goût fromage et oignon. Chips empilées conditionnées dans un tube refermable. Produit emballé sous atmosphère protectrice.	https://www.mesbonbons.net/fr/shop/pringles-cheese-onion-165-g	https://fladis.azureedge.net/erp/6c50522b-2466-401e-bfcc-c1aa0322b986.png	in_stock	3.49 EUR	Pringles	5053990127641	yes	new
8075	Hitschies Blue Sour - 1 kg	Bonbons dragéifiés à mâcher au goût framboise avec enrobage acidulé. Confiserie tendre avec texture moelleuse et surface sucrée. Produit conditionné en sachet de 1 kg.	https://www.mesbonbons.net/fr/shop/hitschies-blue-sour-1-kg	https://fladis.azureedge.net/erp/7e561459-9bc9-412b-93b2-28f46d88f493.jpg	in_stock	15.49 EUR	Hitschies	4100250058106	yes	new
8076	Carlier Nougat aux pistaches - 12 x 100 g	Confiserie de nougat contenant des pistaches. Produit fabriqué en Belgique. Conditionné en portions de 100 g.	https://www.mesbonbons.net/fr/shop/carlier-nougat-aux-pistaches-12-x-100-g	https://fladis.azureedge.net/erp/6dccae4c-be85-4921-bd88-bc1c44423a8e.png	in_stock	35.49 EUR	Carlier	5410481112522	yes	new
8078	Milka Choco Cow - 120 g	Biscuits en forme de vache avec chocolat au lait alpin. Produit de biscuit enrobé partiellement de chocolat. Conditionné en paquet de 120 g.	https://www.mesbonbons.net/fr/shop/milka-choco-cow-120-g	https://fladis.azureedge.net/erp/7c1d82f5-b223-4f92-b94b-bcc9a31f2e2b.png	out_of_stock	1.99 EUR	Milka	7622300864057	yes	new
8080	Doritos Mexican-Style Taco Flavour - 170 g	Chips de maïs saveur taco à la mexicaine. Snack salé à base de maïs avec mélange d’épices et aromates. Conditionné sous atmosphère protectrice.	https://www.mesbonbons.net/fr/shop/doritos-mexican-style-taco-flavour-170-g	https://fladis.azureedge.net/erp/7fa881ae-60f5-4e82-ac4c-318dbe35b81b.png	in_stock	2.99 EUR	Doritos	8710398536341	yes	new
8081	Feastables Cookies & Creme - 60 g	Délicieuses bouchées de chocolat au lait onctueux fourrées d’un cœur crémeux au beurre de cacahuète , parfaites pour une pause gourmande ou un petit encas sucré.	https://www.mesbonbons.net/fr/shop/feastables-cookies-creme-60-g	https://fladis.azureedge.net/erp/cff6613e-25cc-49f1-8c56-3af074543c6f.png	in_stock	2.99 EUR	MrBeast	1230000168847	yes	new
8082	Feastables Cookies & Creme - 10 x 60 g	Délicieuses bouchées de chocolat au lait onctueux fourrées d’un cœur crémeux au beurre de cacahuète , parfaites pour une pause gourmande ou un petit encas sucré.	https://www.mesbonbons.net/fr/shop/feastables-cookies-creme-10-x-60-g	https://fladis.azureedge.net/erp/d86ba6ef-b816-454e-bf11-0f0c6ddfb588.png	in_stock	26.99 EUR	MrBeast	1230000168854	yes	new
8083	Feastables Caramel - 10 x 60 g	Tablette de chocolat au lait avec fourrage caramel. Produit composé de chocolat au lait et de caramel fondant. Conditionné en boîte contenant 10 barres individuelles de 60 g.	https://www.mesbonbons.net/fr/shop/feastables-caramel-10-x-60-g	https://fladis.azureedge.net/erp/b835ec59-6c8e-4f6e-b1b8-5fda2fc26e5d.png	in_stock	26.99 EUR	MrBeast	1230000265058	yes	new
8085	Feastables Milk Chocolate - 10 x 60 g	Tablette de chocolat au lait. Produit composé de chocolat au lait à base de cacao et de lait entier en poudre. Conditionné en boîte contenant 10 barres individuelles de 60 g.	https://www.mesbonbons.net/fr/shop/feastables-milk-chocolate-10-x-60-g	https://fladis.azureedge.net/erp/12ed5b77-3d78-4b95-8d0a-c6917c305807.png	in_stock	26.99 EUR	MrBeast	1230000168052	yes	new
8086	Feastables Milk Chocolate - 60 g	Tablette de chocolat au lait. Produit composé de chocolat au lait à base de cacao et de lait entier en poudre. Conditionné en boîte contenant 10 barres individuelles de 60 g.	https://www.mesbonbons.net/fr/shop/feastables-milk-chocolate-60-g	https://fladis.azureedge.net/erp/49fd5bb4-76cf-4ef0-805a-8b9de90a12c0.png	in_stock	2.99 EUR	MrBeast	1230000168045	yes	new
8087	Pringles Burger King Chicken Royale - 165 g	Snack salé à base de pommes de terre saveur Chicken Royale Burger King. Produit à base de pommes de terre déshydratées avec assaisonnement goût burger au poulet. Conditionné en tube de 165 g.	https://www.mesbonbons.net/fr/shop/pringles-burger-king-chicken-royale-165-g	https://fladis.azureedge.net/erp/94f5e578-73de-4595-bb2e-134804ca7b82.png	out_of_stock	5.99 EUR	Pringles	5053990194629	yes	new
8088	Pringles Burger King Bacon Double Cheese XL - 165 g	Snack salé à base de pommes de terre saveur Bacon Double Cheese XL Burger King. Produit élaboré à partir de pommes de terre déshydratées avec assaisonnement goût bacon et cheeseburger. Conditionné en tube de 165 g.	https://www.mesbonbons.net/fr/shop/pringles-burger-king-bacon-double-cheese-xl-165-g	https://fladis.azureedge.net/erp/8359e3c3-05ab-4ec3-842b-7bd6261164b8.png	in_stock	5.99 EUR	Pringles	5053990194551	yes	new
8089	Samyang 4 Flavors Cheese Fire Chicken Noodle - 110 g	Nouilles instantanées épicées au poulet et aux quatre fromages. Produit à base de nouilles de blé avec sauce pimentée et poudre de fromage. Conditionné en bol de 110 g.	https://www.mesbonbons.net/fr/shop/copy-samyang-buldak-nouilles-plates-original-1555-g	https://fladis.azureedge.net/erp/49be0504-a412-496a-acc4-1f1d69f07716.png	out_of_stock	3.49 EUR	Samyang	8801073212596	yes	new
8092	Pringles Original - 40 g	Les Pringles Original offrent une texture croustillante et une saveur salée classique. Parfaites pour toutes les occasions, ces chips légendaires sont conditionnées dans un tube pratique qui préserve leur fraîcheur. Idéales pour partager ou se faire plaisir.	https://www.mesbonbons.net/fr/shop/pringles-original-40-g	https://fladis.azureedge.net/erp/49f8ae3f-28ef-491d-81b0-e310a7173f39.png	out_of_stock	1.50 EUR	Pringles	5053990107339	yes	new
8093	Pringles Texas BBQ Sauce - 40 g	Chips à base de pommes de terre déshydratées au goût sauce barbecue texane. Snack salé en format individuel. Conditionné sous atmosphère protectrice.	https://www.mesbonbons.net/fr/shop/pringles-texas-bbq-sauce-40-g	https://fladis.azureedge.net/erp/22b45f2e-173c-4d0d-975a-010a340b7acd.png	out_of_stock	1.50 EUR	Pringles	5053990161935	yes	new
8095	Pringles Sour Cream & Onion - 40 g	Chips à base de pommes de terre déshydratées au goût crème acidulée et oignon. Snack salé en format individuel. Conditionné sous atmosphère protectrice.	https://www.mesbonbons.net/fr/shop/pringles-sour-cream-onion-40-g	https://fladis.azureedge.net/erp/09ac00fb-e2b6-4c15-83bf-04e99d7fb1aa.png	out_of_stock	1.50 EUR	Pringles	5053990107384	yes	new
8096	Pringles Hot & Spicy - 40 g	Chips à base de pommes de terre déshydratées au goût épicé. Snack salé avec arômes de piment et épices. Conditionné sous atmosphère protectrice.	https://www.mesbonbons.net/fr/shop/pringles-hot-spicy-40-g	https://fladis.azureedge.net/erp/68f2dbc4-0f96-4f7f-9921-ed23f63960be.png	in_stock	1.50 EUR	Pringles	5053990107292	yes	new
8097	Kinder Bueno Dark - 30 x 43 g	Barre gaufrée fourrée au lait et aux noisettes, enrobée de chocolat noir. Snack sucré composé de deux barres individuelles. Produit contenant du cacao, du lait et des noisettes.	https://www.mesbonbons.net/fr/shop/kinder-bueno-dark-30-x-43-g	https://fladis.azureedge.net/erp/be2efd23-c8d3-411e-8dba-4dddb0642ad6.png	out_of_stock	64.99 EUR	Kinder	8000500454107	yes	new
8098	Kinder Bueno Dark - 43 g	Barre gaufrée fourrée au lait et aux noisettes, enrobée de chocolat noir. Snack sucré composé de deux barres individuelles. Produit contenant du cacao, du lait et des noisettes.	https://www.mesbonbons.net/fr/shop/kinder-bueno-dark-43-g	https://fladis.azureedge.net/erp/81faf7e7-22ea-4ca2-9af5-4f9e24c34103.png	in_stock	2.49 EUR	Kinder	80867067	yes	new
8100	Frisia Bouteille Cola Citrique - 1.5 kg	La Bouteille Cola Citrique de chez Frisia est un bonbon au goût de cola avec une touche acidulée et une texture moelleuse.	https://www.mesbonbons.net/fr/shop/frisia-bouteille-cola-citrique-1.5-kg	https://fladis.azureedge.net/erp/21ef6700-4c54-44e2-af81-eeba8e20ec1e.jpg	in_stock	10.49 EUR	Frisia	5411011562688	yes	new
8106	Hojicha Latte Thé vert grillé - 90 g	Préparation en poudre pour boisson au lait et hojicha. Boisson instantanée à base de thé vert torréfié à mélanger avec de l’eau chaude ou froide. Produit sucré contenant du lactosérum et du lait écrémé en poudre.	https://www.mesbonbons.net/fr/shop/copy-sakura-latte-cherry-blossom-flavour-90-g	https://fladis.azureedge.net/erp/8ea0af18-43a6-47a9-bcdd-79a9efb6c94a.png	in_stock	4.49 EUR	Bardollini	8721082479653	yes	new
8112	Arizona Spicy Mucho Mango with Mike’s Hot Honey - 650 ml	Boisson à base de jus de mangue avec une saveur épicée et sucrée. Contient du miel piquant Mike’s Hot Honey et du jus de fruits concentré. Boisson gazeuse sans colorants artificiels, à servir fraîche.	https://www.mesbonbons.net/fr/shop/arizona-spicy-mucho-mango-with-mikes-hot-honey-650-ml	https://fladis.azureedge.net/erp/1407632a-fb04-4c77-a90c-4a319fabb05b.png	out_of_stock	3.49 EUR	AriZona	613008774479	yes	new
8116	Schweppes Virgin Orange Spritz - 330 ml	Boisson rafraîchissante gazeuse sans alcool à base de jus d’orange concentré et d’extraits de plantes. Contient 3 % de jus d’orange concentré. Boisson au goût d’orange et d’herbes, adaptée à une consommation sans alcool.	https://www.mesbonbons.net/fr/shop/schweppes-virgin-orange-spritz-330-ml	https://fladis.azureedge.net/erp/5237debd-0910-4989-8ebe-1402beb6e9a0.png	in_stock	2.00 EUR	Schweppes	4000140721540	yes	new
8118	Fanta Orange - 500 ml	Boisson rafraîchissante gazeuse à l’orange. Contient 3 % de jus d’orange à base de concentré. Boisson aromatisée à l’orange avec sucres et arômes naturels.	https://www.mesbonbons.net/fr/shop/fanta-orange-500-ml	https://fladis.azureedge.net/erp/043875dd-20c7-4320-90ba-2cb01b2a613e.png	in_stock	3.00 EUR	Fanta	5449000028570	yes	new
8122	Schweppes grenade- 300 ml	Boisson gazeuse aromatisée à la grenade. Contient de la pulpe de fruit et des arômes de grenade. Conditionnée en canette de 300 ml.	https://www.mesbonbons.net/fr/shop/schweppes-grenade-300-ml	https://fladis.azureedge.net/erp/73c9ffa5-ddbc-4f93-aa91-8005ffa996e6.png	out_of_stock	3.00 EUR	Schweppes	5449000289193	yes	new
8123	KitKat Chunky Caramel - 24 x 40 g	Barres de gaufrette croustillante enrobées de chocolat au lait avec fourrage saveur caramel. Conditionnées en boîte de 24 barres de 40 g. Produit chocolaté avec texture croustillante et garniture fondante.	https://www.mesbonbons.net/fr/shop/kitkat-chunky-caramel-24-x-40-g	https://fladis.azureedge.net/erp/0b542e4e-2131-49ed-bba9-cae98d70f6fd.png	in_stock	51.49 EUR	KitKat	03800020405406	yes	new
8124	KitKat Chunky Caramel - 40 g	Barres de gaufrette croustillante enrobées de chocolat au lait avec fourrage saveur caramel. Conditionnées en boîte de 24 barres de 40 g. Produit chocolaté avec texture croustillante et garniture fondante.	https://www.mesbonbons.net/fr/shop/kitkat-chunky-caramel-40-g	https://fladis.azureedge.net/erp/2fc72b4d-9f8c-4bfd-b31b-0afa2bdf6688.png	in_stock	2.49 EUR	KitKat	3800020401965	yes	new
8125	Cadbury Dairy Milk Biscoff & More - 195 g	Tablette de chocolat au lait avec inclusions de biscuit caramélisé Biscoff. Produit composé de chocolat Cadbury avec morceaux croquants et fourrage biscuité. Conditionné en tablette de 195 g refermable.	https://www.mesbonbons.net/fr/shop/cadbury-dairy-milk-biscoff-more-195-g	https://fladis.azureedge.net/erp/64fa9950-3600-4790-9834-c409b399c1d5.png	in_stock	5.49 EUR	Cadbury	7622202037122	yes	new
8137	Milka Choco Crème - 260 g	Biscuits sandwichs fourrés avec une crème au chocolat au lait. Produit sucré à base de farine de blé et de cacao. Les biscuits présentent une texture croquante avec un fourrage chocolaté fondant. Conditionné en rouleau de 260 g contenant environ 13 biscuits.	https://www.mesbonbons.net/fr/shop/milka-choco-creme-260-g	https://fladis.azureedge.net/erp/6a2dc675-a239-4c7a-a4b8-078cf962a438.png	in_stock	2.99 EUR	Milka	7622210717696	yes	new
8141	Frisk Pastilles sans sucre goût menthe poivrée - 35 g	Pastilles sans sucre pour rafraîchir l’haleine avec édulcorants au goût menthe. Conditionnées dans une boîte plastique refermable de poche. Format display contenant 12 boîtes individuelles de 35 g.	https://www.mesbonbons.net/fr/shop/frisk-pastilles-sans-sucre-gout-menthe-poivree-35-g	https://fladis.azureedge.net/erp/2d03a183-24a4-496c-8839-fd793e6c4dc1.png	out_of_stock	2.49 EUR	FRISK	87311495	yes	new
8147	Frisk Defense Clean Breath Orange Mint Zinc + Vitamin C - 12 x 35 g	Pastilles sans sucre avec édulcorants, zinc et vitamine C ajoutée. Goût orange et menthe pour rafraîchir l’haleine. Format display contenant 12 boîtes individuelles de 35 g.	https://www.mesbonbons.net/fr/shop/frisk-defense-clean-breath-orange-mint-zinc-vitamin-c-12-x-35-g	https://fladis.azureedge.net/erp/22843a55-4c47-40b7-a521-24293b261f95.png	in_stock	27.00 EUR	FRISK	8723400793618	yes	new
8148	Frisk Defense Clean Breath Orange Mint Zinc + Vitamin C - 35 g	Pastilles sans sucre avec édulcorants, zinc et vitamine C ajoutée. Goût orange et menthe pour rafraîchir l’haleine. Format display contenant 12 boîtes individuelles de 35 g.	https://www.mesbonbons.net/fr/shop/frisk-defense-clean-breath-orange-mint-zinc-vitamin-c-35-g	https://fladis.azureedge.net/erp/a5a89597-6d7f-4897-ab6b-4de78db618a9.png	out_of_stock	2.99 EUR	FRISK	87353969	yes	new
8149	Sweet Party Barbe à papa - 20 g	Barbe à papa sucrée à texture légère et filamenteuse. Produit prêt à consommer au goût sucré classique. Conditionné en pot plastique de 20 g.	https://www.mesbonbons.net/fr/shop/sweet-party-barbe-a-papa-20-g	https://fladis.azureedge.net/erp/00411be3-41bc-42cf-b023-ccea1c51c489.png	in_stock	0.99 EUR	Sweet Party	5413128353081	yes	new
8150	Snickers Creamy Peanut Butter - 24 x 36,5  g	Snickers Creamy Peanut Butter est une délicieuse barre chocolatée avec une garniture de beurre de cacahuète crémeux. Chaque bouchée offre une combinaison parfaite de caramel fondant, de cacahuètes croquantes et de beurre de cacahuète onctueux, enrobée de chocolat au lait. C'est une gourmandise savoureuse pour les amateurs de Snickers et de beurre de cacahuète.	https://www.mesbonbons.net/fr/shop/snickers-creamy-peanut-butter-24-x-365-g	https://fladis.azureedge.net/erp/29836938-8e28-4aeb-b4c1-1856fdceab6a.png	in_stock	21.99 EUR	Snickers	5900951310386	yes	new
8151	Coca-Cola Cherry Float - 330 ml	Boisson gazeuse aromatisée à la cerise et à la vanille. Contient des extraits végétaux et de la caféine. Conditionnée en canette de 330 ml.	https://www.mesbonbons.net/fr/shop/coca-cola-cherry-float-330-ml	https://fladis.azureedge.net/erp/46d3322f-b6df-4f3e-980f-130c710dc50b.png	out_of_stock	2.00 EUR	Coca-Cola	5449000344724	yes	new
8152	Capri-Sun Cherry & Pomegranate - 330 ml	Boisson aux fruits à base d’eau de source avec saveurs de cerise et de grenade. Contient 10 % de jus de fruits à base de concentré. Conditionnée en gourde souple refermable de 330 ml.	https://www.mesbonbons.net/fr/shop/capri-sun-cherry-pomegranate-330-ml	https://fladis.azureedge.net/erp/ea6c4a9f-a2bf-4fcf-975c-5f5f7de21c87.png	in_stock	2.50 EUR	Capri-Sun	4000177172629	yes	new
8153	Capri-Sun Mango & Maracuja - 330 ml	Boisson aux fruits à base d’eau de source avec saveurs de mangue et de fruit de la passion. Contient 10 % de jus de fruits à base de concentré. Conditionnée en gourde souple refermable de 330 ml.	https://www.mesbonbons.net/fr/shop/capri-sun-mango-maracuja-330-ml	https://fladis.azureedge.net/erp/1e05e1fc-8777-4e0e-8624-136734ff0303.png	in_stock	2.50 EUR	Capri-Sun	4000177172650	yes	new
8155	Sour Patch Kids Original - 99 g	Bonbons tendres et acidulés en forme de petits personnages. Assortiment de confiseries aux goûts fruités avec texture moelleuse. Boîte contenant environ 3,5 portions de 12 pièces.	https://www.mesbonbons.net/fr/shop/sour-patch-kids-original-99-g	https://fladis.azureedge.net/erp/1be4d68f-d62e-4002-81b1-bf92f3d07183.png	in_stock	3.49 EUR	Sour Patch Kids	070462098358	yes	new
8156	Caraïbos Lychee - 33 cl	Boisson au litchi aromatisée avec une teneur en fruits de 12 %. Boisson non gazeuse à base de jus et purée de litchi. À consommer fraîche et à agiter avant ouverture.	https://www.mesbonbons.net/fr/shop/caraibos-lychee-33-cl	https://fladis.azureedge.net/erp/9c608942-23ae-40f4-8b17-94039b1bce93.png	in_stock	2.50 EUR	Caraïbos	3287123301338	yes	new
8157	Caraïbos Banana - 33 cl	Boisson à la banane aromatisée avec une teneur en fruits de 12 %. Boisson non gazeuse à base de purée de banane. À agiter avant ouverture et à servir frais.	https://www.mesbonbons.net/fr/shop/caraibos-banana-33-cl	https://fladis.azureedge.net/erp/d56a62ea-f18d-4045-bc65-eac5d61b93a2.png	in_stock	2.50 EUR	Caraïbos	3287123301048	yes	new
8158	Royal Family Mochi Chocolate Flavor - 120 g	Un mochi gourmand , enrobé d’une pâte de riz tendre et garni d’un cœur riche au chocolat.	https://www.mesbonbons.net/fr/shop/royal-family-mochi-chocolate-flavor-120-g	https://fladis.azureedge.net/erp/c116b004-37c9-4634-8e56-0578ebbffff8.png	in_stock	4.99 EUR	Royal Family Custard	4711931037015	yes	new
8163	Brainrot Soda Ballerina Cappuccina - 250 ml	Boisson gazeuse sans sucre au goût pêche et fruit de la passion avec édulcorants. Contient des arômes naturels et du concentré de carotte noire. Conditionnée en canette de 250 ml.	https://www.mesbonbons.net/fr/shop/brainrot-soda-ballerina-cappuccina-250-ml	https://fladis.azureedge.net/erp/1e3b429e-e522-4e3f-bee3-dd6ea8d42da7.png	in_stock	3.00 EUR	Brainrot	7391047242793	yes	new
8170	KitKat Chunky White - 24 x 40 g	Le KitKat Chunky White est une barre chocolatée composée de gaufrettes croustillantes recouvertes d'un chocolat blanc crémeux. Elle combine le croquant des gaufrettes avec la douceur du chocolat blanc pour un goût irrésistible.	https://www.mesbonbons.net/fr/shop/copy-kitkat-chunky-white---40-g	https://fladis.azureedge.net/erp/3389036f-6359-4ce0-8973-3cf592deb6e3.png	in_stock	33.99 EUR	KitKat	3800020436806	yes	new
8174	Carlier Nougat Amande Noisette -  12 x 100 g	Dégustez le Carlier Nougat Amande Noisette, une confiserie artisanale de qualité supérieure. Ce nougat combine la douceur du miel, le croquant des amandes et la richesse des noisettes pour une expérience gourmande irrésistible. Parfait pour une pause sucrée raffinée.	https://www.mesbonbons.net/fr/shop/carlier-nougat-amande-noisette-12-x-100-g	https://fladis.azureedge.net/erp/49cff279-4423-46d8-a377-d8afc8baa88e.jpg	in_stock	35.49 EUR	Carlier	5410481112508	yes	new
8177	Nutella Biscuits - 10 x 193 g	Les Nutella Biscuits sont des petites bouchées délicieuses qui allient la douceur du biscuit croustillant à un cœur fondant de Nutella. Chaque biscuit est un petit moment de gourmandise, avec une texture croquante à l'extérieur et une pâte à tartiner onctueuse à l'intérieur. Idéal pour une pause sucrée à tout moment de la journée !	https://www.mesbonbons.net/fr/shop/nutella-biscuits-10-x-193-g	https://fladis.azureedge.net/erp/3baec02e-fdfb-4352-b188-32833e837b2d.png	in_stock	41.49 EUR	Nutella	8000500390313	yes	new
8178	Kinder Tronky - 20 x 90 g	Une gourmandise chocolatée avec un cœur crémeux aux noisettes et un biscuit croustillant, parfaite pour une pause douce et gourmande.	https://www.mesbonbons.net/fr/shop/kinder-tronky-20-x-90-g	https://fladis.azureedge.net/erp/2b72aeae-ecf0-43bb-9dc8-18e625efe9f9.png	in_stock	63.49 EUR	Kinder	8000500384800	yes	new
8179	Kinder Cards - 30 x 25,6 g	Chaque biscuit se compose de deux gaufrettes fines et croustillantes, l'une au chocolat au lait et l'autre au cacao, renfermant un cœur fondant au goût Kinder. Cette combinaison offre une expérience gustative surprenante et agréable. De plus, la gaufrette ne fond pas et ne fait pas de miettes, ce qui la rend idéale pour une consommation en déplacement.​	https://www.mesbonbons.net/fr/shop/kinder-cards-30-x-256-g	https://fladis.azureedge.net/erp/ef220bed-db5b-4b0c-b795-d24c52b4561b.png	in_stock	25.99 EUR	Kinder	8000500290897	yes	new
8182	Côte d'Or Bouchée Lait - 48 x 25 g	Tout le savoir-faire de Côte d'Or concentré en une seule bouchée. Un cœur praliné fondant à l'intérieur et un délicieux chocolat à l'extérieur.	https://www.mesbonbons.net/fr/shop/cote-dor-bouchee-lait-48-x-25-g	https://fladis.azureedge.net/erp/539db253-6491-4c7d-a4c6-652e9d7e530c.png	in_stock	76.49 EUR	Côte d'or	7622210120809	yes	new
8183	M&M’s Chocolate -  16 x 82 g	Dragées au chocolat au lait fondant. Enrobées d’une coque sucrée colorée et croquante. Format pratique de 82 g à partager ou à emporter.	https://www.mesbonbons.net/fr/shop/copy-mms-chocolate-82-g	https://fladis.azureedge.net/erp/2104abd5-227a-430d-94ee-072adfd49c7b.png	in_stock	42.99 EUR	M&M's	5000159503976	yes	new
8187	Tic Tac Two - Framboise & Citron - 16 x 38,5 g	Pastilles Tic Tac Two - Framboise & Citron qui associent la douceur de la framboise à la fraîcheur du citron, pour transformer chaque instant en une explosion de saveurs légères et rafraîchissantes.	https://www.mesbonbons.net/fr/shop/tic-tac-two-framboise-citron-16-x-385-g	https://fladis.azureedge.net/erp/167333ea-aa64-46cb-ae13-ed94b3773d4a.png	in_stock	55.49 EUR	Tic Tac	8000500438282	yes	new
8188	Tic Tac Goût Ananas et Fruit de la Passion - 16 x 49 g	Tic Tac aux saveurs tropicales d’ananas et de fruit de la passion, à savourer à tout moment.	https://www.mesbonbons.net/fr/shop/tic-tac-gout-ananas-et-fruit-de-la-passion-16-x-49-g	https://fladis.azureedge.net/erp/0d44bc3a-3120-44f6-8a87-38842ee2fa43.png	in_stock	41.49 EUR	Tic Tac	08000500454503	yes	new
8189	Tic Tac Orange - 16 x 49 g	Pastilles au goût d'orange qui transforment n'importe quel moment de votre journée en un instant doux et frais.	https://www.mesbonbons.net/fr/shop/tic-tac-orange-16-x-49-g	https://fladis.azureedge.net/erp/4a7981b8-b7c2-458d-884e-326d5d9de46a.jpg	in_stock	41.49 EUR	Tic Tac	04008400652603	yes	new
8190	Tic Tac Festival - 16 x 49 g	Pastilles au goût de cerise, fruit de la passion, citron vert et fraise qui transforment n'importe quel moment de votre journée en un instant doux et frais.	https://www.mesbonbons.net/fr/shop/tic-tac-festival-16-x-49-g	https://fladis.azureedge.net/erp/35eb9125-5ef1-40ba-b768-33fb39f4fea3.jpg	in_stock	41.49 EUR	Tic Tac	08000500245590	yes	new
8191	Tic Tac Menthe - 16 x 49 g	Pastilles au goût de menthe qui transforment n'importe quel moment de votre journée en un instant doux et frais.	https://www.mesbonbons.net/fr/shop/tic-tac-menthe-16-x-49-g	https://fladis.azureedge.net/erp/f10a4e9e-e369-4e00-a630-8a2f61089c22.jpg	in_stock	41.49 EUR	Tic Tac	4008400651606	yes	new
8192	Tic Tac Menthe Intense - 16 x 49 g	Les Tic Tac Menthe Intense sont de petites pastilles au goût puissant de menthe, offrant une fraîcheur longue durée dans un format pratique à emporter partout.	https://www.mesbonbons.net/fr/shop/tic-tac-menthe-intense-16-x-49-g	https://fladis.azureedge.net/erp/e5764627-e687-4c5a-81bf-b75c5acf89d5.png	in_stock	55.49 EUR	Tic Tac	4008400651606	yes	new
8193	Bebeto Bonbons Banane Halal - 2 kg	Confiseries gélifiées halal au goût de banane. Bonbons moelleux à texture tendre enrobés de sucre. Produit fabriqué avec de la gélatine bovine et conditionné en sachet de 2 kg.	https://www.mesbonbons.net/fr/shop/bebeto-bonbons-banane-halal-2-kg	https://fladis.azureedge.net/erp/f014e703-8e57-4c87-a069-a4a70c5c88ae.png	in_stock	5.99 EUR	Bebeto	8690146192299	yes	new
8202	Felko Mega Gummies Pilon de Poulet Cola & Fraise - 10 x 120 g	Les Felko Mega Gummies Pilon de Poulet sont de gros bonbons gélifiés en forme de pilon, aux saveurs gourmandes de cola et de fraise. Leur texture moelleuse et leur goût sucré offrent une expérience amusante et originale, parfaite pour les fêtes, les goûters ou les moments de plaisir sucré.	https://www.mesbonbons.net/fr/shop/felko-mega-gummies-pilon-de-poulet-cola-fraise-10-x-120-g	https://fladis.azureedge.net/erp/ac1d8771-a47f-4297-a5df-1a472be61677.png	out_of_stock	26.99 EUR	Felko Holland	8721042683649	yes	new
8205	Felko Mega Gummies Hot Dog - 13 x 120 g	Les Felko Holland Mega Gummies Hot Dog est un gros bonbon gélifié à la forme gourmande de hot dog, offrant une texture moelleuse et une saveur douce. Parfait pour une pause sucrée.	https://www.mesbonbons.net/fr/shop/felko-mega-gummies-hot-dog-13-x-120-g	https://fladis.azureedge.net/erp/835eafe8-0cc3-403d-a917-1d65e41dd1c9.png	in_stock	35.49 EUR	Felko Holland	8721042680754	yes	new
8206	Felko Mega Gummies American Donut - 13 x 120 g	Les Felko Mega Gummies American Donut (120 g) sont des bonbons gélifiés en forme de donuts, inspirés des célèbres pâtisseries américaines. Chaque bouchée offre une texture moelleuse et un goût sucré, avec des saveurs qui rappellent les douceurs classiques des donuts, souvent accompagnées d'un glaçage fruité ou crémeux. Ces bonbons sont ludiques et délicieux, parfaits pour les amateurs de sucreries originales à la recherche d'une expérience gourmande et amusante.	https://www.mesbonbons.net/fr/shop/felko-mega-gummies-american-donut-13-x-120-g	https://fladis.azureedge.net/erp/db2e1606-8337-4969-ae6b-a7ee3afd72df.png	in_stock	35.49 EUR	Felko Holland	8721042682222	yes	new
8207	Felko Mega Gummies French Croissant - 11 x 120 g	Bonbon gélifié en forme de croissant au chocolat. Texture tendre et ludique avec un goût sucré inspiré du célèbre croissant chocolaté. Une confiserie originale et gourmande à partager.	https://www.mesbonbons.net/fr/shop/felko-mega-gummies-french-croissant-11-x-120-g	https://fladis.azureedge.net/erp/88d2b533-9110-443d-adfd-2ee452c429f3.png	in_stock	29.99 EUR	Felko Holland	8721042684189	yes	new
8208	Felko Mega Gummies American Milkshake - 9 x 120 g	Les Felko Holland Mega Gummies American Milkshake est un gros bonbon gélifié à la forme gourmande de milkshake, offrant une texture moelleuse et une saveur douce et crémeuse. Parfait pour une pause sucrée.	https://www.mesbonbons.net/fr/shop/felko-mega-gummies-american-milkshake-9-x-120-g	https://fladis.azureedge.net/erp/318adf5f-fc97-42d3-9334-0edf0610771c.png	in_stock	24.49 EUR	Felko Holland	8721042680815	yes	new
8209	Felko Mega Gummies Poisson Fraise - 14 x 120 g	Les Felko Mega Gummies Poisson sont de gros bonbons gélifiés en forme de poisson, au délicieux goût de fraise. Leur texture tendre et leur saveur sucrée offrent une expérience ludique et originale, parfaite pour les fêtes, les goûters ou les moments de plaisir sucré.	https://www.mesbonbons.net/fr/shop/felko-mega-gummies-poisson-fraise-14-x-120-g	https://fladis.azureedge.net/erp/6afe21a5-f2ab-4927-b822-a02dab64f08b.png	in_stock	37.99 EUR	Felko Holland	8721042683618	yes	new
8210	Felko Mega Gummies Bubble Tea - 12 x 120 g	Le Mega Gummies Bubble Tea est donc un bonbon géant en forme de bubble tea. Il ressemble à un bubble tea classique, mais sous forme de gélatine géante. Ce bonbon a souvent une couche de gélatine qui imite la tasse de bubble tea, avec des perles de tapioca en gomme ou en sucre. C’est une façon amusante et sucrée de retrouver l’apparence du bubble tea dans un bonbon !	https://www.mesbonbons.net/fr/shop/felko-mega-gummies-bubble-tea-12-x-120-g	https://fladis.azureedge.net/erp/52df7835-cef6-40ca-a5b9-eaaca529c85a.png	in_stock	32.49 EUR	Felko Holland	8721042683137	yes	new
8211	Felko Mega Gummies Ice Cream - 17 x 120 g	Les Felko Holland Mega Gummies ice Cream est un bonbon gélifié en forme de glace, avec une texture moelleuse. Il combine une saveur fruitée et rafraîchissante pour une expérience sucrée originale.	https://www.mesbonbons.net/fr/shop/felko-mega-gummies-ice-cream-17-x-120-g	https://fladis.azureedge.net/erp/55cec90e-7cfc-47a2-8f2a-48b3345e5a1e.png	in_stock	45.99 EUR	Felko Holland	8717371588373	yes	new
8213	Felko Mega Gummies Noodles - 10 x 120 g	Les Mega Gummies Noodles sont des bonbons gélifiés originaux en forme de nouilles. Leur texture moelleuse et leur saveur fruitée offrent une expérience sucrée et amusante, idéale pour les amateurs de bonbons qui cherchent une collation unique et ludique.	https://www.mesbonbons.net/fr/shop/felko-mega-gummies-noodles-10-x-120-g	https://fladis.azureedge.net/erp/a1ecd8bb-900f-4a38-96b7-173153d29df5.png	in_stock	26.99 EUR	Felko Holland	8721042683298	yes	new
8214	Felko Mega Gummies English Breakfast Candy - 13 x 120 g	Bonbons gélifiés originaux en forme de petit déjeuner anglais avec œuf, saucisses et bacon. Un assortiment ludique et gourmand aux saveurs fruitées. Parfait pour un moment fun ou comme idée cadeau décalée.	https://www.mesbonbons.net/fr/shop/felko-mega-gummies-english-breakfast-candy-13-x-120-g	https://fladis.azureedge.net/erp/fbf03a92-cf5f-4b70-bc8b-051bbb130a4c.png	in_stock	35.49 EUR	Felko Holland	8721042684271	yes	new
8215	Felko Mega Gummies Macaron - 13 x 120 g	Bonbons gélifiés en forme de macarons colorés. Texture tendre et moelleuse avec des saveurs sucrées variées. Une confiserie ludique inspirée du célèbre dessert français.	https://www.mesbonbons.net/fr/shop/felko-mega-gummies-macaron-13-x-120-g	https://fladis.azureedge.net/erp/76474598-7956-4866-bff4-2abf09315a68.png	in_stock	35.49 EUR	Felko Holland	8721042684219	yes	new
8216	Felko Holland Mega Gummies American Fries - 11 x 120 g	Des bonbons gélifiés en forme de frites, avec une saveur sucrée et légèrement acidulée au bon gout de tutti frutti, rappelant les frites américaines. Ils sont enrobés d’une poudre sucrée pour un effet croquant et gourmand.	https://www.mesbonbons.net/fr/shop/felko-holland-mega-gummies-american-fries-11-x-120-g	https://fladis.azureedge.net/erp/8b79ab90-db63-401b-a46f-d56a13198da4.png	in_stock	29.99 EUR	Felko Holland	8721042683106	yes	new
8219	Felko Mega Gummies Japanese Sushi - 13 x 120 g	Les Mega Gummies Sushi Felko sont des bonbons gélifiés inspirés des sushis, fabriqués par la marque Felko. Ces bonbons ont l'apparence de sushis, avec des textures et des saveurs fruitées et sucrées. Ils sont conçus pour offrir une expérience ludique et délicieuse, parfaits pour les amateurs de sucreries originales. Felko crée des bonbons amusants et visuellement intrigants, et les Mega Gummies Sushi ne font pas exception, avec des saveurs variées qui surprennent à chaque bouchée.	https://www.mesbonbons.net/fr/shop/felko-mega-gummies-japanese-sushi-13-x-120-g	https://fladis.azureedge.net/erp/c6ddca75-ad7a-4a56-b7f3-7f0ef41d0294.png	in_stock	35.49 EUR	Felko Holland	8721042683267	yes	new
8221	Dr. Sour Shock Balls - 24 x 72 g	Les Dr. Sour Shock Balls sont des bonbons gélifiés enrobés d'une poudre acidulée, offrant une explosion de saveurs intenses. Parfaits pour les amateurs de sensations fortes, ces bonbons combinent le plaisir du gélifié avec une touche acidulée pour une expérience gustative audacieuse.	https://www.mesbonbons.net/fr/shop/dr.-sour-shock-balls-24-x-72-g	https://fladis.azureedge.net/erp/6ef617d2-276b-4d41-80df-53789cdc104c.jpg	in_stock	54.49 EUR	Dr. Sour	8717371584511	yes	new
8222	Felko Dinosaur Lollipop - 24 x 50 g	Sucette avec un dinosaure.	https://www.mesbonbons.net/fr/shop/felko-dinosaur-lollipop-24-x-50-g	https://fladis.azureedge.net/erp/24b6ea61-c5ef-41c8-9f98-1f0d6bdec62e.png	in_stock	41.99 EUR	Felko Holland	8717371584764	yes	new
8224	Felko Sucette Emoji - 24 x 40 g	Sucettes multicolores avec un emoji.	https://www.mesbonbons.net/fr/shop/felko-sucette-emoji-24-x-40-g	https://fladis.azureedge.net/erp/2a7797a3-19c7-4c8b-8855-3a7020216e8d.png	in_stock	30.49 EUR	Felko Holland	8717371586607	yes	new
8225	Felko Sucette Pastèque - 24 x 50 g	Sucette en forme de fruits.	https://www.mesbonbons.net/fr/shop/felko-sucette-pasteque-24-x-50-g	https://fladis.azureedge.net/erp/8aa31eb4-37fc-4eda-b7b3-96819352168d.png	in_stock	35.49 EUR	Felko Holland	8717371588120	yes	new
8226	Felko Multicolored Poo Lollipop - 16 x 65 g	Sucette avec un poo multicolore.	https://www.mesbonbons.net/fr/shop/felko-multicolored-poo-lollipop-16-x-65-g	https://fladis.azureedge.net/erp/74c2be3b-56a3-45c3-a215-a17b43f92638.png	in_stock	27.99 EUR	Felko Holland	8717371590048	yes	new
8233	Trolli Big Burger (Display) - 180 x 50 g	Le repas ne vous a pas suffit et vous avez encore envie d'une douceur? Laissez vous tenter par le maxi hamburger Trolli !	https://www.mesbonbons.net/fr/shop/trolli-big-burger-180-x-50-g	https://fladis.azureedge.net/erp/9ec1df62-6a50-4e44-87e6-1c9ca5388f6c.jpg	in_stock	232.99 EUR	Trolli	4003084812053	yes	new
8235	Joris Carré Menthe - 16 x 125 g	Les bonbons Joris Carré Menthe sont des petits carrés de sucre fondant à la menthe. Retrouvez le goût authentique d'une fabrication artisanale belge qui vous rappellera de nombreux souvenirs!	https://www.mesbonbons.net/fr/shop/joris-carre-menthe-16-x-125-g	https://fladis.azureedge.net/erp/b5f267dc-cd2c-4644-83a1-da47959c6015.png	in_stock	21.49 EUR	Joris	5410404001483	yes	new
8236	Joris Souris - 16 x 125 g	Les bonbons Joris Souris sont des petites gommes tendres huilées au goût de fruits très prononcé. Retrouvez le goût authentique d'une fabrication artisanale belge qui vous rappellera de nombreux souvenirs!	https://www.mesbonbons.net/fr/shop/joris-souris-16-x-125-g	https://fladis.azureedge.net/erp/1549147e-156f-418f-b691-a85eecad5605.png	in_stock	21.49 EUR	Joris	5410404001445	yes	new
8237	Joris Souris Noire - 16 x 125 g	Les bonbons Joris Souris noires sont des petites souris tendres au goût d'anis. Retrouvez le goût authentique d'une fabrication artisanale belge qui vous rappellera de nombreux souvenirs!	https://www.mesbonbons.net/fr/shop/joris-souris-noire-16-x-125-g	https://fladis.azureedge.net/erp/d761a802-4c6c-4c4b-8192-9e57cf7192f0.png	in_stock	21.49 EUR	Joris	5410404001506	yes	new
8238	Joris Belga - 16 x 130 g	Les bonbons Joris Belgas sont des petites gommes noires au goût de réglisse. Retrouvez le goût authentique d'une fabrication artisanale belge qui vous rappellera de nombreux souvenirs!	https://www.mesbonbons.net/fr/shop/joris-belga-16-x-130-g	https://fladis.azureedge.net/erp/36ed7f3b-4033-49c5-a266-31a5bbbd9917.png	in_stock	21.49 EUR	Joris	5410404013189	yes	new
8242	deBron Winegums Sans Sucres - 1 kg	Confiseries gélifiées sans sucres aux arômes de fruits assortis. Bonbons moelleux édulcorés avec édulcorants. Produit conditionné en sachet de 1 kg.	https://www.mesbonbons.net/fr/shop/debron-winegums-sans-sucres-1-kg	https://fladis.azureedge.net/erp/23e58d55-30fe-4452-a0b6-bc2b362cd78e.png	in_stock	14.99 EUR	deBron Sugarfree / deBron Lifestyle Candy	8712514602190	yes	new
8248	Bubs Skalle Framboise Acide - 90 g	Bonbons mousse acidulés au goût framboise. Confiseries vegan sans gélatine avec texture moelleuse. Produit conditionné en sachet refermable.	https://www.mesbonbons.net/fr/shop/bubs-skalle-framboise-acide-90-g	https://fladis.azureedge.net/erp/d489789a-c0b5-4462-a7b8-77da2e2d0e9b.png	in_stock	2.99 EUR	BUBS	7393077181707	yes	new
8249	Bubs Ovals Acides goût Fraise Vanille - 90 g	Bonbons mousse acidulés au goût fraise et vanille. Confiseries vegan sans gélatine avec texture moelleuse. Produit conditionné en sachet refermable.	https://www.mesbonbons.net/fr/shop/bubs-ovals-acides-gout-fraise-vanille-90-g	https://fladis.azureedge.net/erp/09611ab8-c95c-4d3b-adcc-1bb761546a79.png	in_stock	2.99 EUR	BUBS	7393077181578	yes	new
8250	Bubs Skalle Acidulé Saveurs Citronnées Fruitées - 90 g	Bonbons mousse acidulés aux saveurs citronnées fruitées. Confiseries vegan sans gélatine avec texture moelleuse. Produit conditionné en sachet refermable.	https://www.mesbonbons.net/fr/shop/bubs-skalle-acidule-saveurs-citronnees-fruitees-90-g	https://fladis.azureedge.net/erp/4480d062-f738-4479-9ca7-5ddb7ebc47c7.png	in_stock	2.99 EUR	BUBS	7393077181684	yes	new
8251	Bubs Skalle Acidulé Framboise Réglisse Salée - 90 g	Confiserie gélifiée acidulée au goût de framboise et de réglisse salée. Bonbons mousseux à texture tendre avec enrobage légèrement acidulé. Produit vegan sans gélatine avec arômes fruités et notes salées de réglisse.	https://www.mesbonbons.net/fr/shop/bubs-skalle-acidule-framboise-reglisse-salee-90-g	https://fladis.azureedge.net/erp/0fcc4820-79a9-47e3-bf2e-b2d35e56407b.png	in_stock	2.99 EUR	BUBS	7393077181653	yes	new
8253	Chupa Chups The Best Of Sucettes Assorties - 120 g	Assortiment de sucettes aux goûts cola, fraise, pomme et fraise-crème. Confiseries avec bâtonnet en papier et colorants d’origine naturelle. Mélange de saveurs fruitées et gourmandes dans un format individuel.	https://www.mesbonbons.net/fr/shop/chupa-chups-the-best-of-sucettes-assorties-120-g	https://fladis.azureedge.net/erp/d447d448-41b4-4aa4-a968-3ce5309ef8d0.png	in_stock	1.99 EUR	Chupa Chups	8410031917734	yes	new
8257	Mega Gummies Colossal Cola - 2 kg	Gel gélifié géant en forme de bouteille de cola au goût cola. Confiserie sucrée à texture gélifiée et moelleuse. Produit conditionné en grand format de 2 kg à partager.	https://www.mesbonbons.net/fr/shop/mega-gummies-colossal-cola-2-kg	https://fladis.azureedge.net/erp/c93e0860-a28a-46aa-88a9-1d7ec111d914.png	in_stock	23.49 EUR	Felko Holland	8721042684912	yes	new
8262	Capri Sun Monster Alarm Sour Soft Chews - 147 g	Confiseries moelleuses acidulées aux goûts fruits assortis. Bonbons avec jus de fruits et vitamine C. Saveurs visibles : fruits rouges acidulés, pomme acidulée et cerise acidulée.	https://www.mesbonbons.net/fr/shop/capri-sun-monster-alarm-sour-soft-chews-147-g	https://fladis.azureedge.net/erp/ccfd24f7-50ed-459e-a238-d55f9d680aec.png	out_of_stock	4.99 EUR	Capri-Sun	4262564150768	yes	new
8263	Capri Sun Soft Chews Fruit Mix - 147 g	Bonbons tendres aromatisés aux fruits avec vitamine C et jus de fruits. Contient plusieurs saveurs : cerise, orange et multifruits. Texture moelleuse avec enrobage acidulé.	https://www.mesbonbons.net/fr/shop/capri-sun-soft-chews-fruit-mix-147-g	https://fladis.azureedge.net/erp/8ae7240d-dcc3-4a08-8297-bdcc30050997.png	out_of_stock	4.99 EUR	Capri-Sun	4262564150744	yes	new
8264	Nippers Bonbon Croquant Acidulé Pastèque Fraise - 50 g	Bonbons durs acidulés aux saveurs pastèque et fraise. Texture croquante à base de dextrose et de sucre. Produit conditionné en boîte de 50 g.	https://www.mesbonbons.net/fr/shop/nippers-bonbon-croquant-acidule-pasteque-fraise-50-g	https://fladis.azureedge.net/erp/8696220a-3dbd-4de6-bdd2-c4cf89fbee02.png	in_stock	1.49 EUR	ZED Candy	5011061127273	yes	new
8265	Nerds Juicy Gummy Clusters Punch à la Fraise - 75 g	Confiserie gélifiée croquante à la saveur fraise. Produit composé de morceaux gommeux enrobés de bonbons croquants. Conditionné en sachet de 75 g.	https://www.mesbonbons.net/fr/shop/nerds-juicy-gummy-clusters-punch-a-la-fraise-75-g	https://fladis.azureedge.net/erp/a67d9918-6724-4704-8075-e670b7e88b60.png	out_of_stock	3.99 EUR	Nerds	079200085629	yes	new
8267	Côte d'Or Mignonnette Mix - 3 kg	Assortiment de chocolats miniatures au lait, double lait et noir. Boîte contenant environ 300 mignonnettes emballées individuellement. Produit à base de cacao avec lait, fruits à coque et cacao maigre en poudre.	https://www.mesbonbons.net/fr/shop/cote-dor-mignonnette-mix-3-kg	https://fladis.azureedge.net/erp/8cca1a76-3bac-4aa8-a27c-e90acfb92cb6.png	out_of_stock	37.09 EUR	Côte d'or	7622202215438	yes	new
8268	Côte d'Or Mignonnette Lait - 3 kg	Chocolat au lait extra-fin en portions individuelles. Boîte contenant environ 300 mignonnettes emballées individuellement. Produit à base de cacao et de lait avec arômes et émulsifiant au soja.	https://www.mesbonbons.net/fr/shop/cote-dor-mignonnette-lait-3-kg	https://fladis.azureedge.net/erp/5f2aebcd-88c5-438f-974c-b97cf0a5249b.png	out_of_stock	34.99 EUR	Côte d'or	7622201100025	yes	new
8269	Vidal Tranches de Pastèque Sucrées - 1 kg	Bonbons gélifiés en forme de tranches de pastèque avec enrobage sucré. Confiserie à texture moelleuse avec arômes et colorants. Produit conditionné en sachet de 1 kg.	https://www.mesbonbons.net/fr/shop/vidal-tranches-de-pasteque-sucrees-1-kg	https://fladis.azureedge.net/erp/5be3496a-29ae-4748-ad74-203317de422e.png	in_stock	8.99 EUR	Vidal	8413178143868	yes	new
8270	Capri-Sun Mystic Dragon - 200 ml	Boisson rafraîchissante aux jus de fruits à base de concentré. Boisson aromatisée avec pomme, banane, fraise et fruit du dragon. Conditionnée en poche souple avec paille, format 200 ml.	https://www.mesbonbons.net/fr/shop/capri-sun-mystic-dragon-200-ml	https://fladis.azureedge.net/erp/89d5f664-b42a-41e2-8066-0f86cfa7a3cc.png	in_stock	1.00 EUR	Capri-Sun	3760079798310	yes	new
8271	Capri-Sun Orange - 200 ml	Boisson rafraîchissante à l’orange à base de jus de fruits concentrés. Boisson aromatisée contenant du jus d’orange et du citron. Conditionnée en poche souple avec paille, format 200 ml.	https://www.mesbonbons.net/fr/shop/capri-sun-orange-200-ml	https://fladis.azureedge.net/erp/23958985-bf9d-4328-b795-1e1ad8e958fb.png	in_stock	1.00 EUR	Capri-Sun	4000177158210	yes	new
8272	Milka Choco Moo Biscuits au chocolat – 24 x 40 g	Les Milka Choco Moo sont de délicieux biscuits croustillants au chocolat, élaborés avec le tendre chocolat au lait Milka. Une pause gourmande et réconfortante, idéale à tout moment de la journée.	https://www.mesbonbons.net/fr/shop/milka-choco-moo-biscuits-au-chocolat-24-x-40-g	https://fladis.azureedge.net/erp/d8214f79-bad1-46ed-8196-b400c56d172c.png	in_stock	26.49 EUR	Milka	7622210248435	yes	new
8275	Brets La Chips de Crêpes Nature - 50 g	Chips de froment au goût nature. Produit croustillant à base de farine de blé, d’œuf et de lait écrémé. Conditionné sous atmosphère protectrice en sachet de 50 g.	https://www.mesbonbons.net/fr/shop/brets-la-chips-de-crepes-nature-50-g	https://fladis.azureedge.net/erp/e9b98ea0-22cb-412d-82eb-6d938e081a55.png	out_of_stock	2.99 EUR	Bret's	3497917004806	yes	new
8284	Lay’s Creamy Forest Mushroom - 130 g	Chips de pommes de terre au goût de crème fraîche et aux champignons. Préparées avec des pommes de terre, des huiles végétales et un assaisonnement aux champignons. Conditionnées sous atmosphère protectrice en sachet de 130 g.	https://www.mesbonbons.net/fr/shop/lays-creamy-forest-mushroom-130-g	https://fladis.azureedge.net/erp/f63ad072-fc6c-4133-b7fa-9d4e1a5c72ba.png	out_of_stock	2.99 EUR	Lay's	5900259130716	yes	new
8288	Estathé Limone - 330 ml	Boisson au thé noir aromatisée au citron. Préparée avec une infusion de feuilles de thé noir. Contient du jus de citron et du sucre.	https://www.mesbonbons.net/fr/shop/estathe-limone-330-ml	https://fladis.azureedge.net/erp/0ce33fe9-6832-4bac-85fe-07ef2c5c30e6.png	in_stock	2.00 EUR	Estathé	80177685	yes	new
8290	Royal Mochi Peanut Butter - 120 g	Un mochi gourmand et exotique , où une pâte de riz gluant douce et chewy enveloppe une généreuse crème de beurre de cacahuètes.	https://www.mesbonbons.net/fr/shop/royal-mochi-peanut-butter-120-g	https://fladis.azureedge.net/erp/d7de141e-e70b-48a3-b3ed-08c6598242a2.png	out_of_stock	4.99 EUR	Royal Family Custard	4711931036988	yes	new
8291	Royal Mochi Salted Caramel - 120 g	Un mochi fondant et gourmand , enveloppé d’une pâte de riz moelleuse, renfermant un cœur crémeux au caramel au beurre salé.	https://www.mesbonbons.net/fr/shop/copy-royal-mochi-caramel-beurre-sale-180-g	https://fladis.azureedge.net/erp/ee4db1c3-852a-4955-9b34-33a46e8ffd27.png	in_stock	5.99 EUR	Royal Family Custard	4711931036995	yes	new
8321	Hitschies Langues de Dragon Acidulées Crispies - 270 g	Céréales extrudées croustillantes au goût fruité acidulé. Produit à base de farine de riz et de flocons de maïs complet. Céréales colorées adaptées à une alimentation végane.	https://www.mesbonbons.net/fr/shop/hitschies-langues-de-dragon-acidulees-crispies-270-g	https://fladis.azureedge.net/erp/d5b70f38-b39e-47aa-a85f-ef03be2b9027.png	out_of_stock	3.99 EUR	Hitschies	4003840007099	yes	new
8326	Fanta Mango - 330 ml	Boisson gazeuse aromatisée à la mangue. Contient du jus d’orange à base de concentré et des extraits d’agrumes. Conditionnée en canette de 330 ml.	https://www.mesbonbons.net/fr/shop/fanta-mango-330-ml	https://fladis.azureedge.net/erp/baba7181-e684-4cef-9eef-6ffe074d9a42.png	in_stock	2.00 EUR	Fanta	5449000081674	yes	new
8327	Matcha Coconut - 90 g	Boisson instantanée en poudre à base de lait et de thé matcha aromatisée à la noix de coco. À mélanger avec de l’eau chaude ou froide. Conditionnée en sachet de 90 g correspondant à environ 6 portions.	https://www.mesbonbons.net/fr/shop/matcha-coconut-90-g	https://fladis.azureedge.net/erp/7b41a02f-dcd9-4beb-ac40-01421ef5c231.png	in_stock	4.49 EUR	Bardollini	8721082479608	yes	new
8328	Matcha Latte Classic - 90 g	Boisson instantanée en poudre à base de lait et de thé matcha. Préparation pour latte au thé vert matcha. Conditionnée en sachet de 90 g correspondant à environ 6 portions.	https://www.mesbonbons.net/fr/shop/matcha-latte-classic-90-g	https://fladis.azureedge.net/erp/dfc2d7e5-922c-46cd-aa28-0163d94dda1d.png	in_stock	4.49 EUR	Bardollini	8721082479356	yes	new
8330	Kinder Milkredible Chocolate - 23,4 g	Confiserie au lait en forme de gouttes avec fourrage au cacao. Produit à base de chocolat blanc et d’ingrédients laitiers. Conditionnement individuel de 23,4 g.	https://www.mesbonbons.net/fr/shop/kinder-milkredible-chocolate-234-g	https://fladis.azureedge.net/erp/b94d9494-69fd-46e4-8e43-02596d0474af.png	out_of_stock	2.99 EUR	Kinder	6973213210488	yes	new
8331	Kinder Milkredible White - 23,4 g	Confiserie au lait en forme de gouttes avec fourrage au goût lacté. Produit à base de chocolat blanc et d’ingrédients laitiers. Conditionnement individuel de 23,4 g.	https://www.mesbonbons.net/fr/shop/kinder-milkredible-white-234-g	https://fladis.azureedge.net/erp/943edc49-8a93-4559-97d4-d8ad233cf034.png	out_of_stock	2.99 EUR	Kinder	6973213210440	yes	new
8335	Lay's Ondulées Saveur Steak Grillé à la Flamme - 120 g	Chips de pommes de terre ondulées saveur steak grillé. Assaisonnées avec des arômes et épices évoquant une cuisson à la flamme. Conditionnées en sachet de 120 g.	https://www.mesbonbons.net/fr/shop/lays-ondulees-saveur-steak-grille-a-la-flamme-120-g	https://fladis.azureedge.net/erp/70aee74c-a170-4cb5-bba4-335d3f9079f1.png	in_stock	2.99 EUR	Lay's	3168930179702	yes	new
8336	Lay's Saveur Poulet au Thym Inspiration France - 120 g	Chips de pommes de terre ondulées saveur poulet au thym. Assaisonnées avec un mélange d'herbes, d'épices et d'arômes. Conditionnées sous atmosphère protectrice en sachet de 120 g.	https://www.mesbonbons.net/fr/shop/lays-saveur-poulet-au-thym-inspiration-france-120-g	https://fladis.azureedge.net/erp/94ca7937-ebe0-4b28-ada4-76c70ceed006.png	in_stock	2.99 EUR	Lay's	3168930180104	yes	new
8337	Lay's Saveur Poulet Frit inspirée par KFC - 120 g	Chips ondulées à base de pommes de terre saveur poulet frit. Assaisonnées avec un mélange d'épices, d'arômes et de poudres aromatiques. Conditionnées sous atmosphère protectrice en sachet de 120 g.	https://www.mesbonbons.net/fr/shop/lays-saveur-poulet-frit-inspiree-par-kfc-120-g	https://fladis.azureedge.net/erp/a4ef2e8c-8cd1-4ca3-9996-d488b0109a9e.png	in_stock	2.99 EUR	Lay's	3168930179054	yes	new
8338	Lay's Saveur Pizza Pepperoni inspirée par Pizza Hut - 120 g	Chips ondulées à base de pommes de terre saveur pizza pepperoni. Assaisonnées avec un mélange d'épices, de poudres aromatiques et d'herbes. Conditionnées sous atmosphère protectrice en sachet de 120 g.	https://www.mesbonbons.net/fr/shop/lays-saveur-pizza-pepperoni-inspiree-par-pizza-hut-120-g	https://fladis.azureedge.net/erp/e02c1cb6-985d-4fe7-a1cb-7504b7811bda.png	in_stock	2.99 EUR	Lay's	3168930178996	yes	new
8346	Frisia yeux bleus - 1,5 kg	Confiserie gélifiée au goût de cassis. Bonbons bleus sucrés à texture tendre. Produit vegan avec enrobage brillant.	https://www.mesbonbons.net/fr/shop/frisia-yeux-bleus-15-kg	https://fladis.azureedge.net/erp/2efe61b2-3577-4b4d-b3fd-09f5affac8d5.png	in_stock	9.99 EUR	Frisia	5411011563005	yes	new
8347	Haribo Big Bag Passion Fruit Party - 1 kg	Confiserie gélifiée fantaisie avec mousse et enrobage sucré. Assortiment de gommes aux saveurs fruitées et acidulées. Bonbons de différentes couleurs et textures à base de gélatine.	https://www.mesbonbons.net/fr/shop/haribo-big-bag-passion-fruit-party-1-kg	https://fladis.azureedge.net/erp/2b4cb992-5bb7-463e-8bba-2b388b09ef0b.png	in_stock	9.99 EUR	Haribo	4001686026823	yes	new
8348	Frisia Sour Cola Briquettes - 2 kg	Confiserie gélifiée acidulée au goût de cola. Bonbons bicolores à texture tendre avec enrobage sucré. Produit vegan à base d’amidons et d’arôme cola.	https://www.mesbonbons.net/fr/shop/frisia-sour-cola-briquettes-2-kg	https://fladis.azureedge.net/erp/44f5b699-6127-48cf-88af-1ed542094c68.png	in_stock	14.99 EUR	Frisia	5411011563715	yes	new
8349	Frisia Strawberry Briquettes - 2 kg	Confiserie gélifiée aérée au goût de fraise. Bonbons bicolores rose et blanc à texture mousseuse. Produit vegan avec enrobage brillant et saveur fruitée.	https://www.mesbonbons.net/fr/shop/frisia-strawberry-briquettes-2-kg	https://fladis.azureedge.net/erp/074bac2a-a59a-45b5-a0b0-ee094c7fa5ba.png	in_stock	14.99 EUR	Frisia	5411011563647	yes	new
8404	The ORGANICS by Red Bull Tonic Water - 250 ml	Boisson gazeuse biologique de type tonic élaborée à partir d’ingrédients d’origine naturelle. Contient des arômes naturels issus d’extraits de plantes ainsi que de la quinine d’origine végétale. Produit pasteurisé à base d’eau gazéifiée et de jus de citron concentré.	https://www.mesbonbons.net/fr/shop/the-organics-by-red-bull-tonic-water-250-ml	https://fladis.azureedge.net/erp/002c3ddf-7a42-41f4-b4f2-8eb07e0d071b.png	out_of_stock	3.50 EUR	Red Bull	9002490249601	yes	new
8405	The ORGANICS by Red Bull Ginger Beer - 250 ml	Boisson gazeuse biologique aux arômes naturels de gingembre, d’orange et de capsicum. Élaborée à partir d’ingrédients d’origine naturelle et sans alcool. Produit pasteurisé à base d’eau gazéifiée et de jus de citron concentré.	https://www.mesbonbons.net/fr/shop/copy-the-organics-by-red-bull-tonic-water-250-ml	https://fladis.azureedge.net/erp/7d532e43-053c-4f30-bde2-2d33c66dc06b.png	out_of_stock	3.50 EUR	Red Bull	9002490255381	yes	new
8409	KitKat The Hero Tutti-Frutti - 41,5 g	Gaufrette fourrée enrobée d’un nappage saveur tutti-frutti. Composée de couches croustillantes et d’une crème aromatisée aux fruits. Produit sucré au format individuel de 41,5 g.	https://www.mesbonbons.net/fr/shop/kitkat-the-hero-tutti-frutti-415-g	https://fladis.azureedge.net/erp/e7b9a7f7-e05d-44e0-951a-29909fdf1108.png	out_of_stock	2.49 EUR	KitKat	7891000455296	yes	new
8411	Nerds Gummy Clusters Cerise Framboise Touchdown - 113 g	Bonbon aux fruits composé d’un cœur gélifié enrobé de petits bonbons croquants. Association de saveurs cerise et framboise avec une texture contrastée. Confiserie en sachet de 113 g.	https://www.mesbonbons.net/fr/shop/nerds-gummy-clusters-cerise-framboise-touchdown-113-g	https://fladis.azureedge.net/erp/9bc009b0-d43d-4c1e-92c3-3558b45d1533.png	in_stock	3.49 EUR	Nerds	1230000131186	yes	new
8412	Mississippi Belle Original All American Pancake Mix - 454 g	Préparation en poudre pour pancakes de style américain. Mélange sec à base de farine de blé contenant du sucre, du sel et des agents levants. Destiné à être mélangé avec du lait, un œuf et de l’huile pour réaliser environ 10 à 12 pancakes.	https://www.mesbonbons.net/fr/shop/mississippi-belle-original-all-american-pancake-mix-454-g	https://fladis.azureedge.net/erp/3709e449-b01d-4331-990f-1f6d443a7583.png	out_of_stock	5.99 EUR	MISSISSIPPI Belle	613668024129	yes	new
8417	Football candy clap - 12 x 15 g	Sucette avec mécanisme clap en forme de main et ballon de football. Parfums fraise, framboise et cola. Confiserie conditionnée en unité de 15 g.	https://www.mesbonbons.net/fr/shop/football-candy-clap-12-x-15-g	https://fladis.azureedge.net/erp/175b0aef-0734-4894-8423-843208486764.png	in_stock	9.99 EUR	Funny Candy	6931722334767	yes	new
8418	Football candy clap - 15 g	Sucette avec mécanisme clap en forme de main et ballon de football. Parfums fraise, framboise et cola. Confiserie conditionnée en unité de 15 g.	https://www.mesbonbons.net/fr/shop/football-candy-clap-15-g	https://fladis.azureedge.net/erp/97d2b731-3a3a-4ce3-b12e-7081cf67cfb7.png	in_stock	1.49 EUR	Funny Candy	6931722334750	yes	new
8419	Yoyo Candy - 12 x 26 g	Bonbons dextrose dans un boîtier yoyo en plastique. Confiserie au goût tutti frutti. Le produit contient un jouet intégré et des billes de bonbon.	https://www.mesbonbons.net/fr/shop/yoyo-candy-12-x-26-g	https://fladis.azureedge.net/erp/e7f7ca2c-5713-4edd-a3fe-89920dbfbee3.png	in_stock	17.99 EUR	Funny Candy	6931722331841	yes	new
8420	Yoyo Candy - 26 g	Bonbons dextrose dans un boîtier yoyo en plastique. Confiserie au goût tutti frutti. Le produit contient un jouet intégré et des billes de bonbon.	https://www.mesbonbons.net/fr/shop/yoyo-candy-26-g	https://fladis.azureedge.net/erp/e7f7ca2c-5713-4edd-a3fe-89920dbfbee3.png	in_stock	1.49 EUR	Funny Candy	6931722331834	yes	new
8421	Football Spray - 12 x 30 ml	Bonbon liquide à pulvériser avec arômes fraise, framboise et cola. Confiserie liquide avec édulcorants. Présenté dans un contenant en forme de ballon de football.	https://www.mesbonbons.net/fr/shop/football-spray-12-x-30-ml	https://fladis.azureedge.net/erp/0b12dca2-3095-4959-8523-5e864808c302.png	in_stock	18.49 EUR	Funny Candy	6931722334712	yes	new
8423	Frisia Peach Briquettes - 2 kg	Confiserie gélifiée aérée au goût de pêche. Bonbons bicolores rose et blanc à texture mousseuse. Produit vegan avec enrobage brillant et saveur fruitée.	https://www.mesbonbons.net/fr/shop/copy-frisia-strawberry-briquettes-2-kg	https://fladis.azureedge.net/erp/9217ea01-648e-401b-9dda-c6ed83dad0b7.jpg	in_stock	14.99 EUR	Frisia	5411011563722	yes	new
8426	Brets Ail confit et Herbes de Provence - 125 g	Chips de pommes de terre ondulées saveur ail confit et herbes de Provence. Élaborées à partir de pommes de terre françaises et d’huile de tournesol. Conditionnées sous atmosphère protectrice.	https://www.mesbonbons.net/fr/shop/brets-ail-confit-et-herbes-de-provence-125g	https://fladis.azureedge.net/erp/f8921336-a101-46bb-8f07-f3ec2b7d2887.png	in_stock	2.69 EUR	Bret's	3497917005209	yes	new
8427	Brets Oignons caramélisés et vinaigre balsamique - 125 g	Chips de pommes de terre ondulées saveur oignons caramélisés et vinaigre balsamique. Élaborées à partir de pommes de terre françaises et d’huile de tournesol. Conditionnées sous atmosphère protectrice.	https://www.mesbonbons.net/fr/shop/brets-oignons-caramelises-et-vinaigre-balsamique-125-g	https://fladis.azureedge.net/erp/ff13b993-ea8d-4277-bd0f-339bec2035b6.png	in_stock	2.69 EUR	Bret's	3497917005186	yes	new
8430	Fanta Mango - 500 ml	Boisson rafraîchissante à la mangue avec sucre et édulcorants. Contient du jus d’orange à base de concentré et des arômes naturels de mangue. Boisson gazeifiée conditionnée en bouteille de 500 ml.	https://www.mesbonbons.net/fr/shop/fanta-mango-500-ml	https://fladis.azureedge.net/erp/174bb8e5-3f65-452a-9853-755e091899c0.png	in_stock	3.00 EUR	Fanta	5449000348487	yes	new
8431	Fanta Fruit Twist - 500 ml	Boisson rafraîchissante gazeuse aux fruits mélangés avec sucre et édulcorants. Contient des jus de fruits à base de concentré et des arômes naturels. Conditionnée en bouteille plastique de 500 ml.	https://www.mesbonbons.net/fr/shop/fanta-fruit-twist-500-ml	https://fladis.azureedge.net/erp/46339782-46eb-49a3-ad1a-37ccf9ae7934.png	in_stock	3.00 EUR	Fanta	54493957	yes	new
8432	San Pellegrino Ciao! Pesca - 33 cl	Boisson gazeuse aromatisée à la pêche avec jus de fruits à base de concentré. Contient du jus de pêche, d’orange sanguine et de citron. Version sans sucres et sans calories, conditionnée en canette de 33 cl.	https://www.mesbonbons.net/fr/shop/san-pellegrino-ciao-pesca-33-cl	https://fladis.azureedge.net/erp/e8d88f63-7ff0-4a5d-b501-3b2db3e719d9.png	in_stock	2.00 EUR	SANPELLEGRINO	8002270666957	yes	new
8434	Snickers Mousse de Maracujá - 42 g	Barre chocolatée composée de caramel, arachides et nougat. Contient une préparation aromatisée mousse de fruit de la passion. Conditionnée en portion individuelle de 42 g.	https://www.mesbonbons.net/fr/shop/snickers-mousse-de-maracuja-42-g	https://fladis.azureedge.net/erp/24a2ea97-4a77-4a57-8afc-406dfd34477d.png	in_stock	2.49 EUR	Snickers	7896423456561	yes	new
8435	Croky Explosions Sel & Poivre - 40 g	La saveur merveilleusement épicée du poivre noir, une touche de sel doux et une expérience gustative pleine et riche.	https://www.mesbonbons.net/fr/shop/croky-explosions-sel-poivre-40-g	https://fladis.azureedge.net/erp/faf85461-1239-40c6-ba17-6e544643d844.jpg	in_stock	0.99 EUR	Croky	5414359971624	yes	new
8436	Doritos Bits Goût Pizza Pepperoni - 35 g	Snack de maïs soufflé aromatisé goût pizza pepperoni. Produit croustillant à base de maïs avec assaisonnement saveur pizza. Conditionné en sachet individuel de 35 g.	https://www.mesbonbons.net/fr/shop/doritos-bits-gout-pizza-pepperoni-35-g	https://fladis.azureedge.net/erp/44bcf219-617f-4808-bd96-cb80fc6f7b27.png	in_stock	0.99 EUR	Doritos	8710398535450	yes	new
8437	Sweet Party Barbe à Papa Bubble Gum - 40 g	Barbe à papa aromatisée au chewing-gum. Confiserie à base de sucre filé de couleur bleue. Produit sans gluten conditionné en pot de 40 g.	https://www.mesbonbons.net/fr/shop/sweet-party-barbe-a-papa-bubble-gum-40-g	https://fladis.azureedge.net/erp/381f5193-bbb9-4397-b6ec-fb46190e101d.png	in_stock	1.99 EUR	Sweet Party	5413128356914	yes	new
8438	Dr Pepper Zero Sugar - 33 cl	Boisson gazeuse sans sucres avec édulcorants. Contient de la caféine et des arômes caractéristiques de Dr Pepper. Conditionnée en canette de 33 cl.	https://www.mesbonbons.net/fr/shop/dr-pepper-zero-sugar-33-cl	https://fladis.azureedge.net/erp/eb2e5d7b-4784-4506-949a-afdcb20db710.png	in_stock	1.50 EUR	Dr Pepper	8435185981196	yes	new
8439	Crispy Noodle Snacks Curry Ramen Flavour - 60 g	Snack croustillant à base de blé sous forme de nouilles frites. Assaisonné avec un mélange d’épices au curry inspiré des ramen. Produit prêt à consommer en sachet de 60 g.	https://www.mesbonbons.net/fr/shop/crispy-noodle-snacks-curry-ramen-flavour-60-g	https://fladis.azureedge.net/erp/2536a61a-05f6-4190-88a9-6d94a80d3c01.png	in_stock	2.49 EUR	SNAXS CO.	7350060704695	yes	new
8447	Krusty Krunch Popcorn Crushed Coconut - 140 g	Popcorn enrobé de caramel avec chocolat blanc et copeaux de noix de coco. Snack sucré à base de maïs soufflé. Conditionné en sachet refermable de 140 g.	https://www.mesbonbons.net/fr/shop/krusty-krunch-popcorn-crushed-coconut-140-g	https://fladis.azureedge.net/erp/4eea9a20-9695-4aee-b00b-b8d1ae586409.png	in_stock	4.99 EUR	KRUSTY KRUNCH	4262369988207	yes	new
8449	Krusty Krunch Popcorn Krispy Peanut - 140 g	Popcorn enrobé de beurre de cacahuète avec cacahuètes grillées. Snack sucré et croustillant à base de maïs soufflé. Conditionné en sachet refermable de 140 g.	https://www.mesbonbons.net/fr/shop/krusty-krunch-popcorn-krispy-peanut-140-g	https://fladis.azureedge.net/erp/3dc807aa-808f-4f78-b1b9-08dce70b92ed.png	in_stock	4.99 EUR	KRUSTY KRUNCH	4262485922956	yes	new
8450	Krusty Krunch Popcorn Classic Caramel - 120 g	Popcorn sucré enrobé d’un nappage caramel. Snack croustillant à base de maïs soufflé. Conditionné en sachet refermable de 120 g.	https://www.mesbonbons.net/fr/shop/krusty-krunch-popcorn-classic-caramel-120-g	https://fladis.azureedge.net/erp/d1c86a1b-8709-4f1a-b4ee-ae07c924142c.png	in_stock	4.99 EUR	KRUSTY KRUNCH	4262485922758	yes	new
8451	Krusty Krunch Popcorn Smashed Strawberry - 140 g	Popcorn caramélisé enrobé de chocolat blanc et de poudre de fraise. Snack croustillant à base de maïs soufflé. Conditionné en sachet refermable de 140 g.	https://www.mesbonbons.net/fr/shop/krusty-krunch-popcorn-smashed-strawberry-140-g	https://fladis.azureedge.net/erp/a80d8696-781d-45ae-9f4e-04c84d3e437d.png	in_stock	4.99 EUR	KRUSTY KRUNCH	4262369988184	yes	new
8459	Tokimeki Peelable Fluffy Bread Banane - 65 g	Pain moelleux pelable fourré au goût banane. Produit de boulangerie emballé individuellement. Contient une garniture sucrée aromatisée à la banane.	https://www.mesbonbons.net/fr/shop/tokimeki-peelable-fluffy-bread-banane-65-g	https://fladis.azureedge.net/erp/e4b1b234-862b-48ac-8092-e6546398f260.png	in_stock	3.49 EUR	TOKIMEKI	8720812774112	yes	new
8460	Tokimeki Peelable Fluffy Bread Mango Flavour - 50 g	Pain moelleux pelable avec garniture saveur mangue. Produit de boulangerie sucré avec fourrage aromatisé à la mangue. Conditionné en portion individuelle de 50 g.	https://www.mesbonbons.net/fr/shop/tokimeki-peelable-fluffy-bread-mango-flavour-50-g	https://fladis.azureedge.net/erp/de274b8f-013a-4d49-a570-539cc4312ebd.png	in_stock	3.49 EUR	TOKIMEKI	8720812774105	yes	new
8467	Lay's Chips goût Kumquat - 56 g	Chips de pommes de terre aromatisées au kumquat. Produit à base de pommes de terre et d’huile de colza avec mélange d’épices. Contient des édulcorants et des correcteurs d’acidité.	https://www.mesbonbons.net/fr/shop/lays-chips-gout-kumquat-56-g	https://fladis.azureedge.net/erp/8e202c32-dcdb-4cc9-a743-3d495786eb2a.png	in_stock	3.49 EUR	Lay's China	6924743937116	yes	new
8469	Rituel Saveur Pêche - 33 cl	Boisson pétillante à base d’infusion de houblon. Produit sans alcool avec arôme naturel de pêche. Conditionnée en bouteille de 33 cl.	https://www.mesbonbons.net/fr/shop/rituel-saveur-peche-33-cl	https://fladis.azureedge.net/erp/06cb18da-da6b-4bd2-b48f-33e3f2cd09a6.png	in_stock	5.99 EUR	L'Élixir Des 3 Sorciers	3800477250260	yes	new
8470	Rituel Framboise - 33 cl	Boisson pétillante sans alcool à base d’infusion de houblon. Aromatisée à la framboise. Conditionnée en bouteille en verre de 33 cl.	https://www.mesbonbons.net/fr/shop/rituel-framboise-33-cl	https://fladis.azureedge.net/erp/010ec877-b2b9-42bf-97e0-34d158e96b8c.png	in_stock	5.99 EUR	L'Élixir Des 3 Sorciers	3800477250246	yes	new
8471	Rituel Blanche Originale - 33 cl	Boisson pétillante sans alcool à base d’infusion de houblon. Version nature sans arôme de fruit ajouté. Conditionnée en bouteille en verre de 33 cl.	https://www.mesbonbons.net/fr/shop/rituel-blanche-originale-33-cl	https://fladis.azureedge.net/erp/66e1d695-c02f-4ca1-9c00-6615493400d4.png	in_stock	5.99 EUR	L'Élixir Des 3 Sorciers	3800477250239	yes	new
8472	Rituel Gingembre - 33 cl	Boisson pétillante sans alcool à base d’infusion de houblon. Aromatisée au gingembre. Conditionnée en bouteille en verre de 33 cl.	https://www.mesbonbons.net/fr/shop/rituel-gingembre-33-cl	https://fladis.azureedge.net/erp/c13a7539-83ac-4ce5-8cc2-7f9cd4e0ecb8.png	in_stock	5.99 EUR	L'Élixir Des 3 Sorciers	3800477250253	yes	new
8475	Mountain Dew Pitch Black - 330 ml	Boisson gazeuse aromatisée aux agrumes noirs. Contient de la caféine et des sucres. Conditionnée en canette de 330 ml.	https://www.mesbonbons.net/fr/shop/mountain-dew-pitch-black-330-ml	https://fladis.azureedge.net/erp/12e2e740-6870-4778-ba92-4025f1b19ef9.png	in_stock	2.50 EUR	MOUNTAIN DEW	5900497049924	yes	new
8476	OMG Bubble Tea Bubble Gum Sour Blast + Lychee Bubbles - 265 ml	Boisson rafraîchissante saveur bubble gum acidulé avec extrait de fleur d’hibiscus. Contient des billes éclatantes saveur litchi. Prête à boire avec paille incluse.	https://www.mesbonbons.net/fr/shop/omg-bubble-tea-bubble-gum-sour-blast-lychee-bubbles-265-ml	https://fladis.azureedge.net/erp/5835be0d-2db7-4bc2-902b-c315df75099d.png	in_stock	3.99 EUR	OMG Bubble Tea	4779056910590	yes	new
8477	OMG Bubble Tea Passion Fruit + Popping Apple Flavour Bubbles - 270 ml	Boisson aromatisée au fruit de la passion avec extrait de thé. Contient des billes éclatantes au goût de pomme. Boisson prête à boire avec paille incluse.	https://www.mesbonbons.net/fr/shop/omg-bubble-tea-passion-fruit-popping-apple-flavour-bubbles-270-ml	https://fladis.azureedge.net/erp/31058193-9cf6-4629-8862-e4fd38d067bd.png	in_stock	3.99 EUR	OMG Bubble Tea	4779033974218	yes	new
8478	Skittles Flavour Flip - 136 g	Bonbons dragéifiés aux fruits et aux saveurs acidulées. Chaque bonbon associe deux saveurs dans un même produit. Assortiment de confiseries à coque croquante et cœur tendre.	https://www.mesbonbons.net/fr/shop/skittles-flavour-flip-136-g	https://fladis.azureedge.net/erp/c2349b9b-3906-4acc-aa2c-256b0344ea47.png	in_stock	3.49 EUR	Skittles	4009900585422	yes	new
8480	Oreo Roll Goyave et Raisin Vert - 50 g	Biscuit roulé croustillant au cacao avec fourrage saveur goyave et raisin vert. Produit de confiserie à base de cacao et de céréales. Édition saisonnière présentée en format individuel de 50 g.	https://www.mesbonbons.net/fr/shop/copy-oreo-cup-30-g	https://fladis.azureedge.net/erp/a5e36441-516a-488a-88c7-b4d07814ff87.png	in_stock	2.49 EUR	Oreo	6901668942425	yes	new
8491	Lutti Party Toppers - 1 kg	Mélange de confiseries gélifiées acidulées aux goûts de fruits. Bonbons enrobés de sucre avec différentes formes et textures. Colorants d'origine naturelle.	https://www.mesbonbons.net/fr/shop/lutti-party-toppers-1-kg	https://fladis.azureedge.net/erp/5e0d8d4f-0967-4e20-b02e-8d5733d923ee.png	in_stock	7.99 EUR	Lutti	5400787047390	yes	new
8493	Frisia Sour Cola Skulls - 2 kg	Confiserie gélifiée acidulée au goût cola. Bonbons mousseux en forme de crâne enrobés de sucre. Texture tendre avec saveur cola acidulée.	https://www.mesbonbons.net/fr/shop/frisia-sour-cola-skulls-2-kg	https://fladis.azureedge.net/erp/89b581ca-4df4-459f-a9a7-c07e3a35ebd1.png	in_stock	14.99 EUR	Frisia	5411011563494	yes	new
8495	Frisia Sour Bubblegum Skulls - 2 kg	Confiserie gélifiée acidulée au goût chewing-gum. Bonbons mousseux en forme de crâne enrobés de sucre. Texture tendre avec saveur bubblegum et note acidulée.	https://www.mesbonbons.net/fr/shop/frisia-sour-bubblegum-skulls-2-kg	https://fladis.azureedge.net/erp/69d5eba1-3ec6-4f35-99e6-d22a107d56e5.png	in_stock	14.99 EUR	Frisia	5411011563470	yes	new
8497	Frisia Sour Tunes - 2 kg	Confiserie gélifiée acidulée aux goûts de fruits. Bonbons mousseux en forme de petites notes enrobées de sucre. Assortiment de saveurs fruitées avec texture tendre et aérée.	https://www.mesbonbons.net/fr/shop/frisia-sour-tunes-2-kg	https://fladis.azureedge.net/erp/8ae7e125-b095-477a-9349-4bc4eeedf8d1.png	in_stock	14.99 EUR	Frisia	5411011561537	yes	new
8502	Frisia Sour Mini UFO - 1.25 kg	Confiserie gélifiée acidulée aux goûts de fruits. Bonbons mousseux en forme de soucoupes volantes enrobées de sucre. Texture tendre et aérée avec assortiment de saveurs fruitées.	https://www.mesbonbons.net/fr/shop/frisia-sour-mini-ufo-1.25-kg	https://fladis.azureedge.net/erp/2b573239-8780-4a8c-a408-79f07d3bef98.png	in_stock	9.99 EUR	Frisia	5411011563630	yes	new
8504	Frisia Outils en réglisse - 3 kg	Confiserie à base de réglisse. Bonbons en forme d’outils avec goût caractéristique de réglisse. Produit vegan à texture ferme et légèrement élastique.	https://www.mesbonbons.net/fr/shop/frisia-outils-en-reglisse-3-kg	https://fladis.azureedge.net/erp/537cdb26-389f-454b-a5d6-52cea41faadf.png	in_stock	19.99 EUR	Frisia	5411011562206	yes	new
8506	Yippy Fraise- 330 ml	Boisson à la fraise avec 5 vitamines et calcium. Contient 12 % de fruits à base de concentrés. Boisson prête à boire au goût de fraise.	https://www.mesbonbons.net/fr/shop/yippy-fraise-330-ml	https://fladis.azureedge.net/erp/985c29ef-8e1f-41ea-8e36-150c38a74311.png	in_stock	2.00 EUR	Rauch	9008700238083	yes	new
8509	Monin Saveur Chocolat Ruby - 70 cl	Sirop concentré aromatisé chocolat ruby à diluer. Préparation liquide sucrée destinée aux boissons et recettes. Coloré à l’aide de concentrés végétaux et aromatisé naturellement.	https://www.mesbonbons.net/fr/shop/monin-saveur-chocolat-ruby-70-cl	https://fladis.azureedge.net/erp/b0ad0407-bb8b-4206-98c3-5fc9d2ceade0.png	in_stock	13.99 EUR	Monin	3052911761454	yes	new
8518	Joris Boules picotées mûre - 1 kg	Confiserie à base de gommes dures aromatisées à la mûre. Produit de confiserie présenté en vrac en boîte de 1 kg. Texture ferme avec enrobage procurant une sensation légèrement piquante.	https://www.mesbonbons.net/fr/shop/copy-joris-meli-melo-blanc-ananas-25-kg	https://fladis.azureedge.net/erp/8da2c0e0-8dfd-4741-8ff5-3a98bac8855c.png	in_stock	18.49 EUR	Joris	5410404000196	yes	new
8519	Roothooft Candy Coffee - 1 kg	Confiserie de type toffee au goût de café. Bonbons durs emballés individuellement. Produit fabriqué en Belgique et conditionné en sachet de 1 kg.	https://www.mesbonbons.net/fr/shop/roothooft-candy-coffee-1-kg	https://fladis.azureedge.net/erp/3984a72e-ae77-4e6d-a0ef-3ccde1be8fc8.png	in_stock	15.99 EUR	Confiserie Roodthooft	5410628200037	yes	new
8521	Vidal Bombes Acidulées Framboise Bleue - 1 kg	Bonbons gélifiés acidulés fourrés à saveur framboise bleue. Confiserie en forme de demi-sphère enrobée de sucre. Produit conditionné en sachet de 1 kg.	https://www.mesbonbons.net/fr/shop/vidal-bombes-acidulees-framboise-bleue-1-kg	https://fladis.azureedge.net/erp/cc93c19c-a041-4939-99bc-91431d9d058e.png	in_stock	7.99 EUR	Vidal	8413178394031	yes	new
8523	Reese's Miniature Cups - 131 g	Petites coupelles de chocolat au lait fourrées au beurre de cacahuète. Confiserie emballée individuellement. Sachet de 131 g contenant plusieurs mini portions.	https://www.mesbonbons.net/fr/shop/reeses-miniature-cups-131-g	https://fladis.azureedge.net/erp/e20703b8-cadf-4a2e-86f1-d89b19656e14.png	out_of_stock	5.49 EUR	Reese's	034000432905	yes	new
8524	Dulceplus Outils bleus super acides - 1 kg	Confiseries gélifiées en forme d'outils, enrobées de sucre acidulé. Texture moelleuse avec une saveur intensément acidulée. Conditionnées en sachet de 1 kg.	https://www.mesbonbons.net/fr/shop/dulceplus-outils-bleus-super-acides-1-kg	https://fladis.azureedge.net/erp/664f88d6-cadd-43ff-badb-605b4601b477.png	out_of_stock	6.99 EUR	Dulceplus	8436546513353	yes	new
8525	Croky Bolognese - 40 g	Ce goût incomparable est notre plus belle trouvaille. Depuis son arrivée en 1984, ils connaissent un énorme succès auprès des jeunes et moins jeunes.	https://www.mesbonbons.net/fr/shop/croky-bolognese-40-g	https://fladis.azureedge.net/erp/bef91a3c-06d7-4f03-82eb-8ca48f53f3ae.png	in_stock	0.99 EUR	Croky	5414359910524	yes	new
8526	Croky Pickles - 40 g	Légèrement amer mais en même temps délicieusement sucré. Les mots manquent pour décrire le goût unique et intense de Croky Pickles.	https://www.mesbonbons.net/fr/shop/croky-pickles-40-g	https://fladis.azureedge.net/erp/29c5d056-463d-44d2-9297-ea2fdfe14d89.png	in_stock	0.99 EUR	Croky	5414359910548	yes	new
8527	Croky Ketchup - 40 g	Les Croky Ketchup sont des snacks croustillants au bon goût de ketchup, alliant une texture légère et croquante à une saveur acidulée et légèrement sucrée. Parfaits pour une pause salée pleine de gourmandise, ils raviront les amateurs de chips au goût original et savoureux.	https://www.mesbonbons.net/fr/shop/croky-ketchup-40-g	https://fladis.azureedge.net/erp/a158d39b-e010-4969-a1a7-a7c2cc9012a1.png	in_stock	0.99 EUR	Croky	5414359910531	yes	new
8528	Croky Bicky - 40 g	Croky Bicky combine le meilleur de deux mondes: des chips croustillantes et la star des friteries. De cette façon, vous n'avez plus à vous casser la tête à savoir laquelle des deux vous voulez manger.	https://www.mesbonbons.net/fr/shop/croky-bicky-40-g	https://fladis.azureedge.net/erp/96f97346-7dbf-4e89-9cfb-234efc25deed.png	in_stock	0.99 EUR	Croky	5414359910579	yes	new
8530	Croky Paprika - 40 g	Chips de pommes de terre goût paprika conditionnées en carton de 20 sachets de 40 g. Produit vegan élaboré à base de pommes de terre et d’huile de tournesol. Sans gluten, sans lactose et sans produits laitiers.	https://www.mesbonbons.net/fr/shop/croky-paprika-40-g	https://fladis.azureedge.net/erp/4b4b7845-74f6-4638-a1b2-d26188bcfa5d.png	in_stock	0.99 EUR	Croky	5414359910517	yes	new
8533	7 Stick Jellies Ananas sucrés - 1 kg	Confiserie gélifiée en forme d’ananas avec une texture moelleuse. Chaque bonbon est aromatisé à l’ananas et élaboré avec du jus de fruits concentré. Le produit est destiné au partage ou à la consommation comme friandise.	https://www.mesbonbons.net/fr/shop/7-stick-jellies-ananas-sucres-1-kg	https://fladis.azureedge.net/erp/9e92fc56-b873-4c0c-b408-24522140109f.png	in_stock	6.99 EUR	7 STICK JELLY	8684207820641	yes	new
8534	7 Stick Jellies Dents - 1 kg	Assortiment de confiseries gélifiées en forme de dents. Les bonbons présentent une texture moelleuse et des saveurs fruitées variées. Ils sont élaborés avec du jus de fruits concentré et conviennent au partage.	https://www.mesbonbons.net/fr/shop/7-stick-jellies-dents-1-kg	https://fladis.azureedge.net/erp/b3fb8c40-85b6-4f07-8b3e-dcbaed2481d4.png	in_stock	6.99 EUR	7 STICK JELLY	8684207820603	yes	new
8535	7 Stick Jellies Dents de Dracula - 1 kg	Confiseries gélifiées en forme de dents de vampire. Les bonbons présentent une texture moelleuse et des saveurs fruitées variées. Ils sont élaborés avec du jus de fruits concentré et conviennent au partage.	https://www.mesbonbons.net/fr/shop/7-stick-jellies-dents-de-dracula-1-kg	https://fladis.azureedge.net/erp/abe1b52f-66be-4201-ab3c-435d6ba0af46.png	in_stock	6.99 EUR	7 STICK JELLY	8684207819539	yes	new
8538	FRISK Fresh Effect Strong Menthol - 35 g	Pastilles sans sucre au fort goût de menthol. Elles procurent une sensation intense de fraîcheur pour l'haleine, le nez et la gorge. Présentées dans une boîte distributrice refermable de 35 g.	https://www.mesbonbons.net/fr/shop/frisk-fresh-effect-strong-menthol-35-g	https://fladis.azureedge.net/erp/bd7ae757-17d8-41fe-8a75-99328bc055b4.png	in_stock	2.49 EUR	FRISK	54138452	yes	new
8539	Coca-Cola Original Taste - 500 ml	Boisson gazeuse rafraîchissante à base d'extraits végétaux. Contient du sucre et de la caféine. À consommer de préférence bien fraîche.	https://www.mesbonbons.net/fr/shop/coca-cola-original-taste-500-ml	https://fladis.azureedge.net/erp/07cc8b84-53a2-4442-89a6-72244f4acdb6.png	in_stock	2.50 EUR	Coca-Cola	5000112642896	yes	new
8540	Coca-Cola Zero Sugar - 500 ml	Boisson gazeuse rafraîchissante à base d'extraits végétaux. Édulcorée, sans sucres et avec caféine. À consommer de préférence bien fraîche.	https://www.mesbonbons.net/fr/shop/coca-cola-zero-sugar-500-ml	https://fladis.azureedge.net/erp/bb2c0414-afaa-4a7f-9223-f246218906e6.png	in_stock	2.50 EUR	Coca-Cola	5449000131836	yes	new
8543	Schweppes Orange Passion - 330 ml	Boisson gazeuse aux saveurs d'orange et de fruit de la passion. Contient du sucre et des édulcorants. Faible en calories.	https://www.mesbonbons.net/fr/shop/schweppes-orange-passion-330-ml	https://fladis.azureedge.net/erp/c28a77d9-6e0c-4dd7-977d-b93426d5aa10.png	in_stock	1.50 EUR	Schweppes	5410221309823	yes	new
8547	Vidal Tranches de réglisse au fruit de la passion - 1 kg	Confiserie gélifiée en forme de tranches au goût de fruit de la passion avec un cœur de réglisse. Fabriquée à base de sirop de glucose, farine de blé et gélatine. Convient comme confiserie à partager ou à consommer individuellement.	https://www.mesbonbons.net/fr/shop/vidal-tranches-de-reglisse-au-fruit-de-la-passion-1-kg	https://fladis.azureedge.net/erp/8c3be7c7-85ad-4e55-9c7d-981d456902a2.png	in_stock	6.99 EUR	Vidal	8413178299442	yes	new
8555	Sprite Zero Sugar Mint - 330 ml	Boisson rafraîchissante gazeuse sans sucres aux arômes de menthe et de citron-citron vert. Édulcorée avec des édulcorants et contenant des arômes naturels. À consommer fraîche.	https://www.mesbonbons.net/fr/shop/sprite-zero-sugar-mint-330-ml	https://fladis.azureedge.net/erp/f6b50cdf-5cd7-4b31-954f-f6c5e3d1ce9b.png	in_stock	2.00 EUR	Sprite	5449000348654	yes	new
8556	Lay's Saveur Barbecue Ribs Inspiration États-Unis - 120 g	Chips de pommes de terre ondulées saveur travers de bœuf grillé au barbecue. Préparées à base de pommes de terre et d'huiles végétales avec un assaisonnement barbecue. Conditionnées sous atmosphère protectrice.	https://www.mesbonbons.net/fr/shop/lays-saveur-barbecue-ribs-inspiration-etats-unis-120-g	https://fladis.azureedge.net/erp/61e7726a-a42e-4c69-b0da-7e4e364b5fd9.png	in_stock	2.99 EUR	Lay's	3168930180111	yes	new
8558	Robot Pop - 12 x 10 g	Sucette mécanique avec distributeur en forme de robot. Contient une sucette aux goûts pomme, fraise ou framboise. Le produit comprend un jouet réutilisable et une sucette.	https://www.mesbonbons.net/fr/shop/robot-pop-12-x-10-g	https://fladis.azureedge.net/erp/b2b92473-70ce-489d-bb7f-736513a47f44.png	in_stock	10.99 EUR	Funny Candy	6931722313304	yes	new
8559	Mentos Pure Fresh mini Strawberry - 24 g	Chewing-gum sans sucres au goût fraise. Édulcoré avec plusieurs édulcorants. Conditionné en petit pot refermable contenant 12 dragées.	https://www.mesbonbons.net/fr/shop/mentos-pure-fresh-mini-strawberry-24-g	https://fladis.azureedge.net/erp/b6bcb523-6ee1-4931-b92a-751e25b81d3a.png	in_stock	1.49 EUR	Mentos	80967798	yes	new
8563	Durkee Fluff Marshmallow - 213g	Pâte sucrée à base de marshmallow avec une texture légère et onctueuse. Utilisée comme garniture à tartiner ou comme ingrédient en pâtisserie. Conditionnée en pot refermable pour un usage pratique.	https://www.mesbonbons.net/fr/shop/durkee-fluff-marshmallow-213g	https://fladis.azureedge.net/erp/e7d3e4df-fc33-410f-b320-16642ab59529.png	in_stock	4.49 EUR	Fluffy Stuff	0052600751219	yes	new
8564	Skittles Baies Sauvages - 136 g	Bonbons à mâcher enrobés d'une coque croquante aux saveurs de baies sauvages. Assortiment de plusieurs parfums fruités dans un sachet refermable. Confiserie adaptée aux végétariens.	https://www.mesbonbons.net/fr/shop/skittles-baies-sauvages-136-g	https://fladis.azureedge.net/erp/6938ac34-1607-4296-b7d4-ce72b665d87a.png	out_of_stock	3.49 EUR	Skittles	4009900546041	yes	new
8565	Skittles Tropical - 136 g	Bonbons à mâcher enrobés d'une coque croquante aux saveurs de fruits tropicaux. Assortiment de plusieurs parfums fruités dans un sachet refermable. Confiserie adaptée aux végétariens.	https://www.mesbonbons.net/fr/shop/skittles-tropical-136-g	https://fladis.azureedge.net/erp/85187e9c-fa00-4114-958a-7625b0f9d434.png	in_stock	3.49 EUR	Skittles	4009900546126	yes	new
8566	Cornets gaufrés fourrés au chocolat noir - 120 g	Mini cornets gaufrés garnis de chocolat noir. Le produit est composé d'une gaufrette croustillante et d'une garniture au chocolat noir. Conditionné en sachet refermable de 120 g.	https://www.mesbonbons.net/fr/shop/cornets-gaufres-fourres-au-chocolat-noir-120-g	https://fladis.azureedge.net/erp/eda4c844-1975-4d93-9310-b78044c596a2.png	in_stock	3.99 EUR	JUST THE FUN PART	191414012014	yes	new
8568	Haribo Starmix - 175 g	Assortiment de bonbons gélifiés et de confiseries à la mousse aux arômes de fruits et de cola. Le mélange comprend plusieurs formes emblématiques telles que les oursons, anneaux, biberons, œufs et cœurs. Conditionné en sachet Share Size à partager.	https://www.mesbonbons.net/fr/shop/haribo-starmix-175-g	https://fladis.azureedge.net/erp/a652c5c1-7633-48e9-a4e3-2dd03ad5f924.png	in_stock	2.99 EUR	Haribo	5012035927592	yes	new
8570	Vidal Bonbons gélifiés Piments - 1 kg	Bonbons gélifiés en forme de piments aux arômes de fruits. Le sachet contient un assortiment de confiseries moelleuses aux couleurs variées. Convient au partage ou à la vente en vrac.	https://www.mesbonbons.net/fr/shop/vidal-bonbons-gelifies-piments-1-kg	https://fladis.azureedge.net/erp/389ded8c-e296-489f-a8b5-cb19aaf4198a.png	in_stock	7.49 EUR	Vidal	840017601391	yes	new
8571	American Style Barbecue Marshmallows - 300 g	Guimauves moelleuses spécialement conçues pour être grillées au barbecue ou au feu de camp. Leur texture légère permet d'obtenir un extérieur doré et un cœur fondant après cuisson. Peuvent également être dégustées telles quelles ou utilisées en pâtisserie.	https://www.mesbonbons.net/fr/shop/american-style-barbecue-marshmallows-300-g	https://fladis.azureedge.net/erp/e672b21c-a222-44ff-b437-9f5ca7c0dca1.png	in_stock	4.49 EUR	REXIM	4009211021978	yes	new
8574	Moloko Mango + Kalamansi - 250 g	Boisson rafraîchissante à base d'eau avec du jus concentré de mangue et d'orange. Contient du sucre, des arômes naturels et un extrait de caroube comme stabilisant. À consommer fraîche, sans colorants artificiels.	https://www.mesbonbons.net/fr/shop/moloko-mango-kalamansi-250-g	https://fladis.azureedge.net/erp/3950826d-db82-4043-b1e2-953235cd63c3.png	in_stock	1.50 EUR	MOLOKO	4051454000852	yes	new
8575	Moloko Lemonade - 250 ml	Boisson gazeuse rafraîchissante à base d'eau avec du jus de citron concentré et du jus d'orange concentré. Contient du sucre, des arômes naturels et un stabilisant d'origine végétale. À consommer fraîche.	https://www.mesbonbons.net/fr/shop/moloko-lemonade-250-ml	https://fladis.azureedge.net/erp/cc88ac42-487e-42b7-a25c-edc0fb2adbf9.png	in_stock	1.50 EUR	MOLOKO	4051454000098	yes	new
8576	Nippers Sour Candy Crunch Blue Razz & Purple Razz - 50 g	Bonbons durs acidulés à base de dextrose. Association de deux saveurs : Blue Razz et Purple Razz. Texture croquante avec une finition acidulée.	https://www.mesbonbons.net/fr/shop/nippers-sour-candy-crunch-blue-razz-purple-razz-50-g	https://fladis.azureedge.net/erp/7d2a8ea8-639b-4ddc-829c-15a5fd3167e0.png	in_stock	1.49 EUR	ZED Candy	5011061127259	yes	new
8585	Milka XL Choco Cookies - 184 g	Biscuits généreux contenant 36 % de morceaux de chocolat au lait des Alpes. Préparés à base de farine de blé et de lait entier en poudre. Conditionnés en paquet de 184 g.	https://www.mesbonbons.net/fr/shop/milka-xl-choco-cookies-184-g	https://fladis.azureedge.net/erp/756cb5f0-3bf9-4560-ba5a-b8c6431759b7.png	out_of_stock	2.49 EUR	Milka	7622210063113	yes	new
8586	Trefin Cristal - 3 kg	Le Trefin Cristal est un bonbon aux fruits et aux saveurs gourmandes de : framboise, citron, pêche et mangue. Retrouvez le goût authentique d'une fabrication artisanale belge !	https://www.mesbonbons.net/fr/shop/trefin-cristal-3-kg	https://fladis.azureedge.net/erp/cf4466fa-df18-4618-9d18-41767b682ecb.png	in_stock	35.99 EUR	Trefin	5410381001339	yes	new
8587	Milka Choco Mini Stars - 150 g	Biscuits en forme d’étoiles avec un fourrage au lait et un enrobage de chocolat au lait. Préparés à base de farine de blé et de chocolat au lait des Alpes. Boîte contenant 4 sachets individuels de biscuits. Date courte 27/07/26 - 1.49€	https://www.mesbonbons.net/fr/shop/milka-choco-mini-stars-150-g	https://fladis.azureedge.net/erp/0d8f6319-da43-4229-ab1e-c1e3295d662a.png	in_stock	1.49 EUR	Milka	7622300441715	yes	new
8595	Florbú Cookies Citron - 130 g	Biscuits au citron avec édulcorant. Élaborés à base de farine de blé, de farine d’avoine, d’orge et de seigle. Sans sucres ajoutés et source de fibres.	https://www.mesbonbons.net/fr/shop/florbu-cookies-citron-130-g	https://fladis.azureedge.net/erp/a9570d65-13dc-4a3c-872d-a4ddce75d675.png	in_stock	1.99 EUR	FLORBU	8411414014729	yes	new
8596	Florbú Mix Assortis - 270 g	Assortiment de biscuits et de gaufrettes fourrées avec édulcorants. Contient différents biscuits et gaufrettes élaborés à base de céréales, chocolat et fibres. Sans sucres ajoutés. Contient des sucres naturellement présents.	https://www.mesbonbons.net/fr/shop/florbu-mix-assortis-270-g	https://fladis.azureedge.net/erp/d7d91468-391a-460f-a434-89388ce8bcf5.png	in_stock	4.49 EUR	FLORBU	8411414014651	yes	new
8597	Florbu Wafer Mix - 270 g	Assortiment de gaufrettes fourrées sans sucres ajoutés avec édulcorants. Le produit contient plusieurs saveurs de gaufrettes garnies. Conditionné en sachet de portions individuelles.	https://www.mesbonbons.net/fr/shop/florbu-wafer-mix-270-g	https://fladis.azureedge.net/erp/42eb734a-b75a-4556-b141-e7bb6bdfc859.png	in_stock	4.49 EUR	FLORBU	8411414014019	yes	new
8605	Gullón Gaufrettes saveur vanille sans sucres ajoutés - 180 g	Gaufrettes croustillantes fourrées à la crème saveur vanille avec édulcorants. Sans sucres ajoutés, riches en fibres et adaptées à une alimentation végétalienne. Conditionnées en trois sachets individuels de 60 g.	https://www.mesbonbons.net/fr/shop/gullon-gaufrettes-saveur-vanille-sans-sucres-ajoutes-180-g	https://fladis.azureedge.net/erp/fc1b6eae-b92c-47aa-84d8-ee93a6a74999.png	in_stock	1.49 EUR	Gullón	8410376059380	yes	new
8608	Gullón Zero Sandwich fourré saveur yaourt aux céréales complètes - 220 g	Biscuits sandwich fourrés à la saveur yaourt avec des céréales complètes. Sans sucres ajoutés, avec édulcorants et sucres naturellement présents. Source de fibres, élaborés avec des céréales complètes et de l'huile de tournesol riche en acide oléique.	https://www.mesbonbons.net/fr/shop/gullon-zero-sandwich-fourre-saveur-yaourt-aux-cereales-completes-220-g	https://fladis.azureedge.net/erp/1c7b9694-9f5f-4b65-927e-3cc19457a9f4.png	in_stock	2.49 EUR	Gullón	8410376042481	yes	new
8610	Gullón Zero Biscuits Ronditas enrobés de chocolat noir - 186 g	Biscuits ronds recouverts de chocolat noir avec édulcorants. Sans sucres ajoutés, ils contiennent des sucres naturellement présents. Source de fibres et élaborés avec de l'huile de tournesol riche en acide oléique.	https://www.mesbonbons.net/fr/shop/gullon-zero-biscuits-ronditas-enrobes-de-chocolat-noir-186-g	https://fladis.azureedge.net/erp/edeea703-8420-4f20-b8bf-20f4ec18710e.png	in_stock	2.49 EUR	Gullón	8410376029079	yes	new
8614	Zero No Sugar Added Twins Cocoa Sandwich with Filling - 210 g	Biscuits sandwich au cacao garnis d'une crème. Préparés avec de la farine de blé et une garniture représentant 29 % du produit. Conditionnés en boîte de 5 sachets pour un poids net de 210 g.	https://www.mesbonbons.net/fr/shop/zero-no-sugar-added-twins-cocoa-sandwich-with-filling-210-g	https://fladis.azureedge.net/erp/2ee0910b-ea8e-4eee-8e45-07381b25e62d.png	in_stock	2.49 EUR	Gullón	8410376044393	yes	new
8615	Choco Bom Cacao & Chips Sans Gluten - 120 g	Biscuits sans gluten au cacao avec pépites de chocolat. Élaborés à base de farines de riz et de maïs, spécialement formulés pour les personnes intolérantes au gluten. Conditionnés en 3 sachets de 40 g, soit 120 g au total.	https://www.mesbonbons.net/fr/shop/choco-bom-cacao-chips-sans-gluten-120-g	https://fladis.azureedge.net/erp/9a193b91-3d70-48af-b7eb-503b3b1cfece.png	in_stock	2.49 EUR	Gullón	8410376075915	yes	new
8617	M&M's Crispy - 340 g	Bonbons au chocolat au lait avec un cœur de riz soufflé croustillant. Enrobés d'une fine coque de sucre colorée. Conditionnés en sachet familial de 340 g.	https://www.mesbonbons.net/fr/shop/mms-crispy-340-g	https://fladis.azureedge.net/erp/73bed077-6dd5-4128-a2d7-de3b3ec2f5c3.png	in_stock	8.99 EUR	M&M's	5000159561808	yes	new
8620	Cookies au cacao avec pépites de chocolat sans gluten - 200 g	Cookies au cacao sans gluten avec pépites de chocolat. Élaborés à partir de farines de riz et de maïs avec huile de tournesol riche en acide oléique. Riches en fibres, ils sont sans œuf et sans fruits à coque.	https://www.mesbonbons.net/fr/shop/cookies-au-cacao-avec-pepites-de-chocolat-sans-gluten-200-g	https://fladis.azureedge.net/erp/e7cbe0d3-da50-4565-9fb3-15e96b251992.png	in_stock	2.99 EUR	Gullón	8410376017342	yes	new
8621	Barres de céréales enrobées de chocolat noir sans sucres ajoutés - 150 g	Barres de céréales complètes enrobées de chocolat noir avec édulcorant. Préparées avec des flocons d'avoine, de l'épeautre complet et du seigle complet. Riches en fibres et sans sucres ajoutés, en portions individuelles de 25 g.	https://www.mesbonbons.net/fr/shop/copy-cookies-au-cacao-avec-pepites-de-chocolat-sans-gluten-200-g	https://fladis.azureedge.net/erp/010ed86c-31eb-4cfc-bf4b-0d2bfe278e3f.png	in_stock	2.49 EUR	Gullón	8410376064469	yes	new
8628	BiFi Hot - 20 g	Bâtonnet de saucisson de porc fumé au goût relevé. Assaisonné avec des épices et du piment. Conditionné en format individuel de 20 g.	https://www.mesbonbons.net/fr/shop/bifi-hot-20-g	https://fladis.azureedge.net/erp/b1dae6d9-8f73-4dab-8de4-69c6cb9acba2.png	in_stock	0.99 EUR	Bifi	4251097420813	yes	new
8629	M&M's Minis Chocolat - 176 g	Petites billes de chocolat au lait enrobées d'une fine couche de sucre colorée. Conditionnées en sachet refermable de 176 g. Conviennent au partage et à la consommation en collation.	https://www.mesbonbons.net/fr/shop/mms-minis-chocolat-176-g	https://fladis.azureedge.net/erp/5d528ce2-05a4-4def-8a38-45e9a3eec66d.png	in_stock	6.49 EUR	M&M's	5900951314933	yes	new
8631	Dulceplus Outils Rouge Super Acide - 1 kg	Confiseries gélifiées en forme d'outils, enrobées d'une couche acidulée. Bonbons à base de gélatine bovine halal avec arôme artificiel. Conditionnés en sachet de 1 kg.	https://www.mesbonbons.net/fr/shop/dulceplus-outils-rouge-super-acide-1-kg	https://fladis.azureedge.net/erp/9d5ca73d-cfe8-49f6-afbd-9f044a472548.png	in_stock	6.99 EUR	Dulceplus	8436626000735	yes	new
8633	AriZona Rizzler Berry! - 650 ml	Boisson gazeuse aux fruits contenant 5 % de jus. Élaborée à partir d'un mélange de jus de fruits et d'arômes. Conditionnée en canette de 650 ml.	https://www.mesbonbons.net/fr/shop/arizona-rizzler-berry-650-ml	https://fladis.azureedge.net/erp/9debf822-560d-43fe-bfc9-02eb11cd2068.png	in_stock	3.50 EUR	AriZona	613008775728	yes	new
8636	BUBS Ovales sucrés goût banane caramel - 90 g	Confiserie mousse végétalienne à la saveur banane et caramel. Bonbons à texture moelleuse sans gélatine. Conditionnés en sachet de 90 g.	https://www.mesbonbons.net/fr/shop/bubs-ovales-sucres-gout-banane-caramel-90-g	https://fladis.azureedge.net/erp/b8cc8683-cb7f-4712-8152-5e03f03401a2.png	in_stock	2.99 EUR	BUBS	7393077181608	yes	new
8638	Toppie Bonbon en cire Ours Fraise - 40 g	Bonbon en cire en forme d’ours avec une coque de cire comestible et un cœur liquide au goût de fraise. La cire est destinée à être mâchée tandis que le liquide aromatisé est consommé. Conditionné en sachet de 40 g contenant plusieurs pièces individuelles.	https://www.mesbonbons.net/fr/shop/toppie-bonbon-en-cire-ours-fraise-40-g	https://fladis.azureedge.net/erp/6938716b-6ece-4bcd-8299-9f9505ff13e8.png	in_stock	3.99 EUR	TOPPIE	8721398881249	yes	new
8641	Long Chips Snack de pommes de terre saveur piment ardent - 75 g	Snack à base de flocons de pommes de terre aromatisé au piment fort. Le produit est élaboré à partir de pommes de terre déshydratées puis frit brièvement. Il présente une texture croustillante et une saveur épicée relevée.	https://www.mesbonbons.net/fr/shop/long-chips-snack-de-pommes-de-terre-saveur-piment-ardent-75-g	https://fladis.azureedge.net/erp/15a00d95-f884-4965-836f-dd60a6d1a7cd.png	in_stock	1.99 EUR	TOPPIE	4750127000648	yes	new
8642	Long Chips Snack de pommes de terre saveur bacon - 75 g	Snack croustillant élaboré à partir de flocons de pommes de terre. Le produit est brièvement frit puis assaisonné avec un arôme bacon. Sa texture est légère et croustillante avec une saveur fumée et salée.	https://www.mesbonbons.net/fr/shop/long-chips-snack-de-pommes-de-terre-saveur-bacon-75-g	https://fladis.azureedge.net/erp/eca9d2ba-863a-4aa4-b624-c8e069827ce9.png	in_stock	1.99 EUR	TOPPIE	4750127300694	yes	new
8643	Long Chips Snack de pommes de terre saveur crème fraîche & oignon - 75 g	Snack croustillant élaboré à partir de flocons de pommes de terre. Le produit est brièvement frit puis assaisonné avec un mélange de crème fraîche et d'oignon. Il offre une texture légère et croustillante avec une saveur crémeuse et légèrement relevée.	https://www.mesbonbons.net/fr/shop/long-chips-snack-de-pommes-de-terre-saveur-creme-fraiche-oignon-75-g	https://fladis.azureedge.net/erp/70930e35-7870-4057-9d2c-427e8c467356.png	in_stock	1.99 EUR	TOPPIE	4750127300601	yes	new
8644	Long Chips Snack de pommes de terre saveur paprika grillé - 75 g	Snack croustillant élaboré à partir de flocons de pommes de terre. Le produit est brièvement frit puis assaisonné avec un mélange d'épices au paprika grillé. Il offre une texture légère et croustillante avec une saveur fumée et légèrement épicée.	https://www.mesbonbons.net/fr/shop/long-chips-snack-de-pommes-de-terre-saveur-paprika-grille-75-g	https://fladis.azureedge.net/erp/c5c24f01-a620-4748-8d50-28b9bb779df1.png	in_stock	1.99 EUR	TOPPIE	4750127300632	yes	new
8645	Long Chips Snack de pommes de terre saveur cornichon aigre-doux - 75 g	Snack croustillant élaboré à partir de flocons de pommes de terre. Il est brièvement frit puis assaisonné avec un mélange d'arômes de cornichon aigre-doux. Sa texture est légère et croustillante avec une saveur acidulée, légèrement sucrée et herbacée.	https://www.mesbonbons.net/fr/shop/long-chips-snack-de-pommes-de-terre-saveur-cornichon-aigre-doux-75-g	https://fladis.azureedge.net/erp/41b647e6-1f66-4724-bbf2-749c33d37844.png	in_stock	1.99 EUR	TOPPIE	4750127000808	yes	new
8646	Long Chips Snack de pommes de terre saveur crabe - 75 g	Snack croustillant élaboré à partir de flocons de pommes de terre. Il est brièvement frit puis assaisonné avec un mélange d'arômes saveur crabe. Sa texture est légère et croustillante avec une saveur salée inspirée des fruits de mer.	https://www.mesbonbons.net/fr/shop/long-chips-snack-de-pommes-de-terre-saveur-crabe-75-g	https://fladis.azureedge.net/erp/e22ce4cf-3c01-4769-8adf-108892fd0d46.png	in_stock	1.99 EUR	TOPPIE	4750127000372	yes	new
8647	Long Chips Snack de pommes de terre saveur Pizza Salami - 75 g	Snack croustillant élaboré à partir de flocons de pommes de terre. Il est brièvement frit puis assaisonné avec un mélange d'arômes saveur pizza au salami. Sa texture est légère et croustillante avec des notes de fromage, tomate et herbes.	https://www.mesbonbons.net/fr/shop/long-chips-snack-de-pommes-de-terre-saveur-pizza-salami-75-g	https://fladis.azureedge.net/erp/06a5b5b4-457b-4483-8eb6-3bf74bccf457.png	in_stock	1.99 EUR	TOPPIE	4750127000709	yes	new
8648	Long Chips Snack de pommes de terre saveur Shish Kebab - 75 g	Snack croustillant élaboré à partir de flocons de pommes de terre. Il est brièvement frit puis assaisonné avec un mélange d'arômes saveur shish kebab. Sa texture est légère et croustillante avec des notes d'épices, d'oignon, d'ail et de fromage.	https://www.mesbonbons.net/fr/shop/long-chips-snack-de-pommes-de-terre-saveur-shish-kebab-75-g	https://fladis.azureedge.net/erp/3ad6fdcc-d7d0-41cc-9374-45cdee9a1d19.png	in_stock	1.99 EUR	TOPPIE	4750127000662	yes	new
8649	Long Chips Snack de pommes de terre Honey & BBQ - 75 g	Snack croustillant élaboré à partir de flocons de pommes de terre. Il est brièvement frit puis assaisonné avec un mélange d'arômes miel et barbecue. Sa texture est légère et croustillante avec des notes sucrées, fumées et épicées.	https://www.mesbonbons.net/fr/shop/long-chips-snack-de-pommes-de-terre-honey-bbq-75-g	https://fladis.azureedge.net/erp/01c4cf61-2ce6-4fc0-bd54-270b7a132fb8.png	in_stock	1.99 EUR	TOPPIE	4750127000266	yes	new
8650	Long Chips Snack de pommes de terre Creamy Mushroom - 75 g	Snack croustillant élaboré à partir de flocons de pommes de terre. Il est brièvement frit puis assaisonné avec un mélange de saveur champignons à la crème. Sa texture est légère et croustillante avec un goût crémeux de champignons.	https://www.mesbonbons.net/fr/shop/long-chips-snack-de-pommes-de-terre-creamy-mushroom-75-g	https://fladis.azureedge.net/erp/52925aef-7cb2-4725-9951-677c58dc56f2.png	in_stock	1.99 EUR	TOPPIE	4750127000594	yes	new
8651	Vidal Bombes pastèques acidulées - 1 kg	Bonbons gélifiés en forme de pastèques, enrobés de sucre acidulé. Ils présentent une texture moelleuse avec une saveur de pastèque acidulée. Le produit est conditionné en sachet de 1 kg.	https://www.mesbonbons.net/fr/shop/vidal-bombes-pasteques-acidulees-1-kg	https://fladis.azureedge.net/erp/d30fe223-0f62-4d6c-93ae-eb2b7fc95a1e.png	in_stock	7.99 EUR	Vidal	8413178307758	yes	new
8652	Croky Ketchup - 200 g	De délicieuses chips croustillantes au doux goût de ketchup.	https://www.mesbonbons.net/fr/shop/croky-ketchup-200-g	https://fladis.azureedge.net/erp/b09b3804-fe4d-4c82-b30c-021fc7e72b9d.png	in_stock	2.49 EUR	Croky	5414359922336	yes	new
8655	Sprite China Thé Citron - 330 ml	Boisson gazeuse aromatisée au citron avec des ingrédients de thé. Cette recette associe une base de soda pétillant à une saveur de citron et des notes inspirées du thé. Édulcorée avec du sucre et des édulcorants, elle offre un profil rafraîchissant typique des boissons asiatiques.	https://www.mesbonbons.net/fr/shop/sprite-china-the-citron-330-ml	https://fladis.azureedge.net/erp/b6978433-488a-4f8d-a35a-fc42aca332a7.png	in_stock	2.00 EUR	Sprite	6928804026931	yes	new
8656	OMG Bubble Tea Raspberry Blueberry flavor bubbles - 270 ml	Boisson rafraîchissante à l'extrait de fleur d'hibiscus, saveur framboise. Contient des perles éclatantes aromatisées à la myrtille. Servie avec une large paille pour consommer les perles de tapioca aromatisées.	https://www.mesbonbons.net/fr/shop/omg-bubble-tea-raspberry-blueberry-flavor-bubbles-270-ml	https://fladis.azureedge.net/erp/fc7a09a9-11c3-4bab-b212-5ded1349d6f1.png	in_stock	3.99 EUR	OMG Bubble Tea	4779056910484	yes	new
8657	Royal Mochi Crème Vanille - 120 g	Un mochi élégant et gourmand , enrobé d’une pâte de riz gluant délicate, renfermant un cœur parfumé à la crème vanille.	https://www.mesbonbons.net/fr/shop/royal-mochi-creme-vanille-120-g	https://fladis.azureedge.net/erp/ffb298eb-c98f-47fe-9914-2e6bd7dc17f1.png	in_stock	4.99 EUR	Royal Family Custard	4711931037091	yes	new
8658	Royal Mochi Creamy Coconut - 120 g	Un mochi exotique et tendre , enveloppé d’une pâte de riz délicatement sucrée, dévoilant un cœur onctueux à la crème de noix de coco.	https://www.mesbonbons.net/fr/shop/royal-mochi-creamy-coconut-120-g	https://fladis.azureedge.net/erp/dab71340-a27a-4065-aa00-0f3a4a9e66c2.png	in_stock	4.99 EUR	Royal Family Custard	4711931036971	yes	new
8660	Pringles Saveur de Sauce Chili Douce - 156 g	Chips de pommes de terre reconstituées assaisonnées à la saveur de sauce chili douce. Préparées à partir de pommes de terre déshydratées avec un mélange d'épices, de piment et d'arômes. Conditionnées en tube refermable pour préserver leur croustillance.	https://www.mesbonbons.net/fr/shop/pringles-saveur-de-sauce-chili-douce-156-g	https://fladis.azureedge.net/erp/a4f8209c-e46a-4238-a456-9abd3d3eae1a.png	in_stock	5.49 EUR	Pringles	064100159372	yes	new
8662	Stitch Biscuits fourrés saveur fraise - 50 g	Biscuits croustillants fourrés à la crème saveur fraise. Ils présentent un décor inspiré du personnage Stitch de Disney. Conditionnés en boîte de 50 g, ils conviennent comme encas sucré à partager ou à déguster individuellement.	https://www.mesbonbons.net/fr/shop/stitch-biscuits-fourres-saveur-fraise-50-g	https://fladis.azureedge.net/erp/2971169c-045c-492d-8a59-13cc4f51e864.png	in_stock	2.99 EUR	Disney	6924762331636	yes	new
8663	Stitch Biscuits fourrés saveur chocolat - 50 g	Biscuits croustillants fourrés à une crème saveur chocolat. Ils sont décorés avec le personnage Disney Stitch et conditionnés dans une boîte de 50 g. Ils conviennent comme collation sucrée à déguster à tout moment.	https://www.mesbonbons.net/fr/shop/stitch-biscuits-fourres-saveur-chocolat-50-g	https://fladis.azureedge.net/erp/b75e828e-eb74-4eb6-bee1-69ae89016061.png	in_stock	2.99 EUR	Disney	6924762331872	yes	new
8665	Trolli Wow Lactés aux fruits - 1 kg	Confiseries gélifiées aérées au lait écrémé en poudre, en forme de personnages. Assortiment de saveurs fruitées avec une texture mousseuse et moelleuse. Produit sans gluten, conditionné en sachet de 1 kg.	https://www.mesbonbons.net/fr/shop/trolli-wow-lactes-aux-fruits-1-kg	https://fladis.azureedge.net/erp/33b8a475-55a3-457b-b7da-204f0ae68d58.png	in_stock	8.99 EUR	Trolli	4070455500000	yes	new
8666	Trolli Lamas aux fruits - 1 kg	Confiseries gélifiées aérées en forme de lamas. Assortiment de saveurs fruitées avec une texture moelleuse. Produit sans gluten, conditionné en sachet de 1 kg.	https://www.mesbonbons.net/fr/shop/copy-trolli-wow-lactes-aux-fruits-1-kg	https://fladis.azureedge.net/erp/dfbcf756-8cad-420c-a9b1-9fbe479cc652.png	in_stock	8.99 EUR	Trolli	8436036180768	yes	new
8667	BiFi Roll XXL Poulet - 70 g	Snack composé d'un roulé de pain garni de viande de poulet. Le produit est prêt à consommer et emballé individuellement. Source de protéines.	https://www.mesbonbons.net/fr/shop/bifi-roll-xxl-poulet-70-g	https://fladis.azureedge.net/erp/b3d9fd15-1c0a-4af7-9088-59b5aceba23e.png	in_stock	1.99 EUR	Bifi	4251097421797	yes	new
8669	Coca-Cola Vanille - 500 ml	Boisson rafraîchissante gazeuse au cola avec arôme de vanille. Elle contient de la caféine et est sucrée au sirop de fructose-glucose. À consommer fraîche.	https://www.mesbonbons.net/fr/shop/coca-cola-vanille-500-ml	https://fladis.azureedge.net/erp/8aa26097-d0cc-4094-9489-c724c8a79064.png	in_stock	2.50 EUR	Coca-Cola	5000112652451	yes	new
8670	Coca-Cola Zero Sugar Lemon Taste - 500 ml	Boisson rafraîchissante gazeuse au cola avec goût citron. Édulcorée avec des édulcorants et contenant de la caféine. Contient des extraits végétaux et ne contient pas de sucres.	https://www.mesbonbons.net/fr/shop/coca-cola-zero-sugar-lemon-taste-500-ml	https://fladis.azureedge.net/erp/be1e1879-e88d-48ea-b8d8-065ad1cdf535.png	in_stock	2.50 EUR	Coca-Cola	5449000227553	yes	new
8671	Coca-Cola Cherry Taste - 500 ml	Boisson rafraîchissante gazeuse au cola avec goût de cerise. Contient des extraits végétaux et de la caféine. Boisson sucrée destinée à être consommée fraîche.	https://www.mesbonbons.net/fr/shop/coca-cola-cherry-taste-500-ml	https://fladis.azureedge.net/erp/9cb93832-a9e6-492f-b3f5-55d9a3072a1c.png	in_stock	2.50 EUR	Coca-Cola	54492790	yes	new
8672	Coca-Cola Zero Zero - 500 ml	Boisson rafraîchissante gazeuse au cola sans sucres et sans caféine. Contient des extraits végétaux et des édulcorants. À consommer de préférence bien fraîche.	https://www.mesbonbons.net/fr/shop/coca-cola-zero-zero-500-ml	https://fladis.azureedge.net/erp/0b609680-5015-402e-bcdc-39a12453b853.png	in_stock	2.50 EUR	Coca-Cola	5449000201935	yes	new
8679	VitaGO! Magic Fraise - 200 ml	Boisson aux fruits à base d’eau, de concentré de jus de pomme et de purée de fraise. Contient au minimum 10 % de fruits. Présentée en gourde souple de 200 ml avec paille.	https://www.mesbonbons.net/fr/shop/vitago-magic-fraise-200-ml	https://fladis.azureedge.net/erp/6e6ba86f-24bf-45fb-8b8e-959945a0475c.png	in_stock	1.00 EUR	VITAGO !	5319990227324	yes	new
8680	Cornets de gaufrette fourrés au chocolat blanc à la fraise - 120 g	Mini cornets de gaufrette garnis de chocolat blanc aromatisé à la fraise. Le fourrage est élaboré à base de véritable chocolat belge et de morceaux de fraise. Présentés en format à partager de 120 g.	https://www.mesbonbons.net/fr/shop/cornets-de-gaufrette-fourres-au-chocolat-blanc-a-la-fraise-120-g	https://fladis.azureedge.net/erp/4f58cd2d-a050-46c8-905b-efff4a730ca1.png	in_stock	3.99 EUR	JUST THE FUN PART	191414014223	yes	new
8683	Cornets de gaufrette fourrés à la crème de noisette et au chocolat au lait - 120 g	Mini cornets de gaufrette fourrés à la crème de noisette et au chocolat au lait. Le fourrage associe une crème de noisette onctueuse à un enrobage de chocolat au lait belge. Présentés en sachet refermable de 120 g à partager.	https://www.mesbonbons.net/fr/shop/cornets-de-gaufrette-fourres-a-la-creme-de-noisette-et-au-chocolat-au-lait-120-g	https://fladis.azureedge.net/erp/10d84258-2ccc-4cfa-a2fc-888333861ba3.png	in_stock	3.99 EUR	JUST THE FUN PART	191414014209	yes	new
8684	Cornets de gaufrette fourrés au beurre de cacahuète et au chocolat au lait - 120 g	Mini cornets de gaufrette garnis de beurre de cacahuète et recouverts de chocolat au lait. Le fourrage associe une crème de cacahuète à un chocolat au lait belge. Présentés en sachet refermable de 120 g à partager.	https://www.mesbonbons.net/fr/shop/cornets-de-gaufrette-fourres-au-beurre-de-cacahuete-et-au-chocolat-au-lait-120-g	https://fladis.azureedge.net/erp/6ceae6ed-e023-48cf-95e8-3bbac36d7ce0.png	in_stock	3.99 EUR	JUST THE FUN PART	191414014216	yes	new
8685	Cornets de gaufrette fourrés au caramel et au chocolat au lait - 120 g	Mini cornets de gaufrette garnis de caramel et recouverts de chocolat au lait. Le fourrage associe un cœur au caramel à un enrobage de chocolat au lait belge. Présentés dans un sachet refermable de 120 g à partager.	https://www.mesbonbons.net/fr/shop/cornets-de-gaufrette-fourres-au-caramel-et-au-chocolat-au-lait-120-g	https://fladis.azureedge.net/erp/2d9a0a44-8649-4099-95ee-f9cd7e684eca.png	in_stock	3.99 EUR	JUST THE FUN PART	191414014018	yes	new
8690	Sprite Zero Lemon-Lime - 500 ml	Boisson rafraîchissante gazeuse aux arômes naturels de citron et citron vert, sans sucre, avec édulcorants en bouteille plastique de 500 ml.	https://www.mesbonbons.net/fr/shop/copy-sprite-lemon-lime-500-ml	https://fladis.azureedge.net/erp/52e22928-809c-4644-ae85-0a1d91646963.png	in_stock	2.50 EUR	Sprite	5449000109613	yes	new
8691	Haribo Chamallows mallow mix - 175 g	Plongez dans l'univers gourmand et coloré de Haribo avec les fameux Chamallows Mallow Mix ! Un savoureux assortiment de guimauves moelleuses, ultra tendres et légères comme un nuage, aux formes variées et aux couleurs pastel irrésistibles.	https://www.mesbonbons.net/fr/shop/copy-haribo-chamallows-rainbollows-175-g	https://fladis.azureedge.net/erp/13ebdfa8-6a2c-4b3f-a326-cad32f610342.png	in_stock	2.99 EUR	Haribo	5410358453116	yes	new
8692	Haribo Marshmallow Rubino - 175g	Craquez pour les Haribo Chamallows Rubino, de délicieuses guimauves moelleuses au bon goût de fraise ! Reconnaissables à leur jolie couleur rose vif et à leur enrobage légèrement sucré, ces petites merveilles en forme de fraises fondent littéralement en bouche pour un moment de plaisir 100 % régressif.	https://www.mesbonbons.net/fr/shop/haribo-marshmallow-rubino-175g	https://fladis.azureedge.net/erp/74d405a8-85c8-4482-99cc-814d9d95f077.png	in_stock	2.99 EUR	Haribo	5410358457114	yes	new
8693	Bifi Ranger - 60 g	Partez à l'aventure avec le BiFi Ranger, le snack qui vous transporte tout droit dans l'univers des grands espaces américains ! Imaginez une savoureuse saucisse de bœuf relevée, agrémentée de morceaux de bacon fumé et de haricots rouges, le tout enveloppé dans une pâte briochée moelleuse et dorée à souhait.	https://www.mesbonbons.net/fr/shop/bifi-ranger-60-g	https://fladis.azureedge.net/erp/46a97387-ef96-405c-81b1-670ffc04952a.png	in_stock	1.99 EUR	Bifi	4251097420455	yes	new
8694	Bifi Currywurst - 60 g	Voyagez au cœur de Berlin avec le BiFi Currywurst ! Ce snack iconique s'inspire du grand classique de la street-food allemande : la fameuse saucisse au curry. Découvrez une savoureuse saucisse épicée, nappée d'une sauce tomate relevée au curry, le tout enveloppé dans une pâte briochée moelleuse et dorée.	https://www.mesbonbons.net/fr/shop/bifi-currywurst-60-g	https://fladis.azureedge.net/erp/2dde8082-993f-4469-b83a-9631f88e64f9.png	in_stock	1.99 EUR	Bifi	4251097420486	yes	new
8695	Bifi Chorizo XL - 26 g	Envie d'un snack au caractère bien affirmé ? Craquez pour le BiFi XL Chorizo ! Cette délicieuse saucisse séchée s'inspire de la tradition espagnole et vous offre toute la puissance aromatique du chorizo, relevée par une note épicée de paprika.	https://www.mesbonbons.net/fr/shop/bifi-chorizo-xl-26-g	https://fladis.azureedge.net/erp/11ab5ce7-406b-4b77-8c38-536323c5d383.png	in_stock	1.49 EUR	Bifi	4251097417615	yes	new
8696	Bifi Original XXL - 40 g	Découvrez la BiFi XXL, la version format géant de la saucisse snack la plus culte d'Europe ! Depuis plus de 50 ans, BiFi séduit les amateurs de snacks salés avec sa recette unique : une délicieuse saucisse de porc épicée, légèrement fumée au bois de hêtre, à la texture ferme et au goût inimitable.	https://www.mesbonbons.net/fr/shop/bifi-original-xxl-40-g	https://fladis.azureedge.net/erp/9b73f4ab-467e-4a6a-8555-190f634507b4.png	in_stock	1.49 EUR	Bifi	4251097401447	yes	new
8697	Twix Noisette Xtra - 75 g	Redécouvrez votre barre chocolatée culte dans une version encore plus gourmande avec le Twix Hazelnut ! Cette édition spéciale revisite la recette iconique en y ajoutant toute la richesse aromatique de la noisette.	https://www.mesbonbons.net/fr/shop/twix-noisette-xtra-75-g	https://fladis.azureedge.net/erp/e15705dd-4121-4329-b5ff-f890ce5f7ae5.png	in_stock	1.49 EUR	Snickers	5000159609371	yes	new
8698	Bifi Tasty Bites Thai Hot Chili Salami - 50 g	Partez pour un voyage gustatif au cœur de la Thaïlande avec les BiFi Tasty Bites Thai Hot Chili ! Ces petites bouchées de salami à la texture ferme et fondante sont relevées d'un mélange épicé de piment thaï pour une explosion de saveurs à chaque bouchée.	https://www.mesbonbons.net/fr/shop/bifi-tasty-bites-thai-hot-chili-salami-50-g	https://fladis.azureedge.net/erp/d36c5825-d246-4eb4-a247-4dde04b25574.png	in_stock	3.99 EUR	Bifi	4251097424477	yes	new
8699	Bifi Tasty Bites Hungarian Paprika Salami - 50 g	Laissez-vous transporter au cœur des traditions culinaires hongroises avec les BiFi Tasty Bites Hungarian Paprika ! Ces petites bouchées de salami à la texture ferme et fondante sont délicatement parfumées au paprika hongrois, cette épice iconique qui apporte à la fois de la couleur, une douce chaleur et un arôme fumé incomparable.	https://www.mesbonbons.net/fr/shop/copy-bifi-tasty-bites-thai-hot-chili-salami-50-g	https://fladis.azureedge.net/erp/0de77266-6009-49da-a30e-63f7356714af.png	in_stock	3.99 EUR	Bifi	4251097424507	yes	new
8700	Bifi Tasty Bites Italian Parmesan & Thyme Chicken - 50 g	Laissez-vous transporter au cœur des traditions culinaires hongroises avec les BiFi Tasty Bites Hungarian Paprika ! Ces petites bouchées de salami à la texture ferme et fondante sont délicatement parfumées au paprika hongrois, cette épice iconique qui apporte à la fois de la couleur, une douce chaleur et un arôme fumé incomparable.	https://www.mesbonbons.net/fr/shop/bifi-tasty-bites-italian-parmesan-thyme-chicken-50-g	https://fladis.azureedge.net/erp/7b14eee1-0aaf-46f0-9201-ea22a3502ebb.png	in_stock	3.99 EUR	Bifi	4251097424446	yes	new
8708	Bounty Secret Centre Biscuit - 132 g	Craquez sous une coque de biscuit croustillant, qui cache en son cœur une délicieuse crème onctueuse à la noix de coco, le tout généreusement enrobé de chocolat au lait fondant. Une explosion de saveurs et de textures qui vous transporte instantanément sur une plage de sable fin, sous les cocotiers !	https://www.mesbonbons.net/fr/shop/bounty-secret-centre-biscuit-132-g	https://fladis.azureedge.net/erp/d24e8b88-143e-4a89-bfe8-a401afa8bb75.png	in_stock	4.49 EUR	Bounty	5056357905739	yes	new
8714	Lay's Algues grillées de Kyushu - 59 g	Retrouvez la texture croustillante inimitable des chips Lay's, sublimée par un assaisonnement subtil et umami à base d'algues, légèrement salé et délicatement iodé. Une expérience gustative surprenante et addictive, très populaire en Chine, en Corée et au Japon, qui séduira les amateurs de saveurs originales et les curieux en quête d'exotisme.	https://www.mesbonbons.net/fr/shop/lays-algues-grillees-de-kyushu-59-g	https://fladis.azureedge.net/erp/f07c84c0-d67a-4c31-a18f-bd767f53e93a.png	out_of_stock	3.49 EUR	Lay's China	4710543113018	yes	new
8726	Frisia Vegan Foam Smiles Pomme - 1.25 k	Découvrez les adorables Foam Smiles Pomme de la marque Frisia : des bonbons guimauve ultra moelleux, aux visages rigolos gravés qui feront sourire petits et grands ! Chaque bonbon est un petit personnage unique aux émotions variées (souriant, clin d'œil, croix aux yeux…) pour un moment de gourmandise ludique et amusant.	https://www.mesbonbons.net/fr/shop/frisia-vegan-foam-smiles-pomme-1.25-k	https://fladis.azureedge.net/erp/9c4b0f36-3fa4-451a-a4c2-428656227892.png	in_stock	9.99 EUR	Frisia	5411011563791	yes	new
8727	Frisia Vegan Foam Smiles framboise vanille - 1,25 kg	Craquez pour les adorables Foam Smiles Fruits des Bois de la marque Frisia : des bonbons guimauve ultra moelleux, aux visages rigolos gravés qui feront sourire petits et grands ! Chaque bonbon est un petit personnage unique aux émotions variées (souriant, clin d'œil, croix aux yeux…) pour un moment de gourmandise ludique et amusant.	https://www.mesbonbons.net/fr/shop/frisia-vegan-foam-smiles-framboise-vanille-125-kg	https://fladis.azureedge.net/erp/70892af8-a430-4a8d-8921-3e245ba26f37.png	in_stock	9.99 EUR	Frisia	5411011563814	yes	new
8728	Nutella Biscuits Tube - 166 g	Les Nutella Biscuits sont des petites bouchées délicieuses qui allient la douceur du biscuit croustillant à un cœur fondant de Nutella. Chaque biscuit est un petit moment de gourmandise, avec une texture croquante à l'extérieur et une pâte à tartiner onctueuse à l'intérieur. Idéal pour une pause sucrée à tout moment de la journée !	https://www.mesbonbons.net/fr/shop/nutella-biscuits-tube-166-g	https://fladis.azureedge.net/erp/1b0ddf75-ca0f-48e6-800b-6f70a5a47c5f.png	in_stock	5.99 EUR	Nutella	8000500310397	yes	new
8729	Carlier Nougat Amandes - 50 g	Redécouvrez le plaisir authentique du nougat traditionnel avec la Barre de Nougat Tendre Carlier ! Fabriquée par la célèbre confiserie belge Carlier, spécialiste du nougat depuis plusieurs générations, cette barre gourmande vous offre un moment de dégustation raffiné et intemporel.	https://www.mesbonbons.net/fr/shop/carlier-nougat-amandes-50-g	https://fladis.azureedge.net/erp/515c1b41-63bd-42af-bc76-dacf823cf2ec.png	in_stock	1.99 EUR	Carlier	5410481000782	yes	new
8730	FRISK Peppermint Sugar Free - 21 g	Fines, discrètes et ultra puissantes, les Frisk sont conçues pour ceux qui recherchent une fraîcheur intense et rapide sans passer par le chewing-gum. Une pastille suffit pour ressentir cette sensation glacée caractéristique qui réveille les sens et neutralise instantanément les mauvaises odeurs. Idéal après un café, une cigarette, un repas relevé ou avant un rendez-vous important !	https://www.mesbonbons.net/fr/shop/frisk-peppermint-sugar-free-21-g	https://fladis.azureedge.net/erp/8985709f-e2e3-448b-be14-ee68c3bee3a7.png	in_stock	2.49 EUR	FRISK	8682790004523	yes	new
8731	Frisk CleanBreath Peppermint 2 heures - 35 g	Découvrez la solution révolutionnaire contre les mauvaises odeurs bucales : les Frisk Clean Breath Peppermint ! Ces pastilles à la menthe poivrée ne se contentent pas de masquer temporairement la mauvaise haleine, elles agissent en profondeur pour la neutraliser jusqu'à 2 heures !	https://www.mesbonbons.net/fr/shop/frisk-cleanbreath-peppermint-2-heures-35-g	https://fladis.azureedge.net/erp/1243bf7c-d88d-40ba-ac95-5f7cb92a7321.png	in_stock	2.49 EUR	FRISK	54138391	yes	new
8732	Frisk CleanBreath Intense Mint 2 hours - 35 g	Découvrez la version XXL fraîcheur de la gamme révolutionnaire Frisk Clean Breath : les Frisk Clean Breath Intense Mint ! Ces pastilles à la menthe intense allient une explosion glaciale de fraîcheur immédiate à une efficacité longue durée jusqu'à 2 heures contre les mauvaises odeurs bucales. Le combo parfait pour ceux qui aiment ressentir un vrai choc mentholé tout en profitant d'une haleine pure durablement !	https://www.mesbonbons.net/fr/shop/copy-frisk-cleanbreath-peppermint-2-heures-35-g	https://fladis.azureedge.net/erp/dd6d264e-afb6-480e-a8a8-ffa62c79fe70.png	in_stock	2.49 EUR	FRISK	54138384	yes	new
8734	Buldak Ramen 3x HOT Chicken - 140 g	Relevez le défi le plus épicé du web avec les mythiques Samyang Buldak 3x Spicy Hot Chicken Ramen ! Directement importées de Corée du Sud, ces nouilles instantanées sont devenues une véritable légende des réseaux sociaux grâce à leur intensité pimentée à vous couper le souffle	https://www.mesbonbons.net/fr/shop/buldak-ramen-3x-hot-chicken-140-g	https://fladis.azureedge.net/erp/9c574831-08b7-4514-b65b-73c92953d023.png	in_stock	2.50 EUR	Samyang	8801073114548	yes	new
8735	Buldak Ramen Quattro Cheese Hot Chicken Flavor - 110 g	Plongez dans l'onctuosité avec les nouilles Samyang Ramen Quattro Cheese Hot Chicken. Chaque paquet renferme des nouilles épaisses et moelleuses, nappées d'une sauce crémeuse et intense à base de quatre fromages, relevée par une touche épicée de poulet.	https://www.mesbonbons.net/fr/shop/buldak-ramen-quattro-cheese-hot-chicken-flavor-110-g	https://fladis.azureedge.net/erp/b0d25bd6-e2cb-4ab2-8449-ac844497a049.png	out_of_stock	4.99 EUR	Samyang	8801073212763	yes	new
8736	Temole Avocat Chips Sel de mer - 40 g	Le grignotage healthy prend une nouvelle dimension ! Les Temole Avocado Chips Sea Salt, ce sont des chips ultra croustillantes à base d'avocat frais et de céréales complètes, cuites au four et sans gluten. Le snack tendance qui allie plaisir et bien-être !	https://www.mesbonbons.net/fr/shop/temole-avocat-chips-sel-de-mer-40-g	https://fladis.azureedge.net/erp/f41c836c-b654-4771-ad9c-ad7bb68a0e7d.png	in_stock	2.99 EUR	Temole	850210006862	yes	new
8738	Matecito Framboise Menthe - 330 ml	Découvrez la boisson naturelle qui monte : le Matécito Framboise-Menthe ! Cette infusion pétillante et rafraîchissante à base de yerba maté d'Amérique du Sud est LA boisson tendance qui allie plaisir gustatif, énergie naturelle et bien-être. Une alternative saine et savoureuse aux sodas classiques et aux boissons énergisantes trop sucrées !	https://www.mesbonbons.net/fr/shop/matecito-framboise-menthe-330-ml	https://fladis.azureedge.net/erp/6a82d728-718f-4616-bffd-29b29fdfa345.png	in_stock	3.50 EUR	Big Flo & Oli	3770024718096	yes	new
8741	Stimorol Original - 14 g	Découvrez ou redécouvrez le chewing-gum iconique qui a marqué des générations : le Stimorol Original Sugar Free ! Reconnaissable entre mille grâce à son emballage rouge, bleu et étoilé, ce chewing-gum est une véritable légende de la confiserie, populaire depuis des décennies partout en Europe	https://www.mesbonbons.net/fr/shop/stimorol-foil-original-14-g	https://fladis.azureedge.net/erp/d1c9b161-73e8-425a-8d45-9c66f1e7ee60.png	in_stock	1.00 EUR	Stimorol	87337419	yes	new
8742	Stimorol Bubble Mint - 14 g	Craquez pour l'alliance parfaite entre gourmandise sucrée et fraîcheur mentholée avec le Stimorol Bubble Mint Sugar Free ! Cette version originale et fun de la célèbre marque Stimorol revisite le chewing-gum classique en mariant la saveur nostalgique du bubble gum rose avec une touche mentholée rafraîchissante. Le combo parfait pour ceux qui aiment un peu de peps sucré dans leur chewing-gum !	https://www.mesbonbons.net/fr/shop/stimorol-bubble-mint-14-g	https://fladis.azureedge.net/erp/18eb4acd-c18d-41fb-84e0-09aedf475e63.png	in_stock	1.00 EUR	Stimorol	87337464	yes	new
8743	Warheads Sour Wheel - 51 g	Gel ultra acidulé à consommer directement depuis son tube pratique. Les Warheads Wallys offrent une explosion de saveurs fruitées avec l'intensité acidulée légendaire de la marque Warheads. Idéal pour les amateurs de sensations fortes gustatives.	https://www.mesbonbons.net/fr/shop/warheads-sour-wheel-51-g	https://fladis.azureedge.net/erp/5f0908d0-e005-48d1-b873-19cd322ce4f0.png	in_stock	1.49 EUR	Warheads	8435124856394	yes	new
8744	Pâte à Tartiner Bounty - 200 g	La pâte à tartiner Bounty est une pâte à tartiner crémeuse au goût de noix de coco, inspirée de la célèbre barre chocolatée Bounty. Elle associe un chocolat onctueux à un riche goût tropical de noix de coco, idéal pour tartiner du pain, des toasts ou comme trempette. La pâte à tartiner capture l'essence du bonbon Bounty classique sous une forme polyvalente et indulgente.	https://www.mesbonbons.net/fr/shop/pate-a-tartiner-bounty-200-g	https://fladis.azureedge.net/erp/2b0b7e55-4801-4bdc-8c53-e9f7e06cf396.png	in_stock	3.99 EUR	Bounty	5060122039383	yes	new
8746	Trefin Hopjes - 3 kg	Le Trefin Hopje est un bonbon au café à la saveur gourmande. Retrouvez le goût authentique d'une fabrication artisanale belge !	https://www.mesbonbons.net/fr/shop/trefin-hopjes-3-kg	https://fladis.azureedge.net/erp/2167da8f-cfb8-49ad-831a-1ad5055e8794.png	in_stock	34.99 EUR	Trefin	5410381001933	yes	new
8747	Trefin Orfina - 3 kg	Le Trefin Orfina est un bonbon au beurre à la saveur tendre et gourmande. Retrouvez le gôut authentique d'une fabrication artisanale belge !	https://www.mesbonbons.net/fr/shop/trefin-orfina-3-kg	https://fladis.azureedge.net/erp/d2840a5a-4036-4566-8ca1-fa1594ebb217.jpg	in_stock	41.99 EUR	Trefin	5410381002732	yes	new
8748	Trefin Cafina - 3 kg	Le Trefin Cafina est un bonbon fourré à l'extrait naturel de café à proposer sur une table de réunion, dans votre voiture ou votre bureau…	https://www.mesbonbons.net/fr/shop/trefin-cafina-3-kg	https://fladis.azureedge.net/erp/9594eab5-5f88-4cb8-823c-be25c7fde25b.png	in_stock	34.99 EUR	Trefin	5410381000431	yes	new
8749	Cornets de gaufrette fourrés au chocolat au lait - 120 g	Tout le monde connaît ce moment de pur bonheur à la fin d'un cornet de glace : la petite pointe croustillante remplie de chocolat. Just the FUN PART a recréé ce plaisir ultime en format snack ! Ces mini cornets gaufrettes ultra-croustillants sont généreusement garnis de véritable chocolat au lait belge de qualité premium. Que ce soit pour une pause gourmande au bureau, un topping original sur vos desserts, ou simplement pour grignoter devant un film, ces bouchées irrésistibles raviront les petits comme les grands.	https://www.mesbonbons.net/fr/shop/cornets-de-gaufrette-fourres-au-chocolat-au-lait-120-g	https://fladis.azureedge.net/erp/81d42829-8a85-486c-9eff-4a49bd5bb011.png	out_of_stock	3.99 EUR	JUST THE FUN PART	191414012007	yes	new
8751	Cornets de gaufrette fourré au chocolat blanc - 120 g	Une douceur infinie dans un écrin croustillant ! Pour les amateurs de saveurs douces et vanillées, voici la version au chocolat blanc des célèbres mini cornets Just the FUN PART. Retrouvez le plaisir iconique de la pointe du cornet de glace, cette fois-ci garnie d'un chocolat blanc belge onctueux et fondant.	https://www.mesbonbons.net/fr/shop/cornets-de-gaufrette-fourre-au-chocolat-blanc-120-g	https://fladis.azureedge.net/erp/65a16897-e57f-4e0a-8f36-128be2c0001c.png	out_of_stock	3.99 EUR	JUST THE FUN PART	191414014001	yes	new
8752	Cornets de gaufrette fourré au marshmallow et au chocolat lait - 120 g	L'esprit du feu de camp dans une bouchée croustillante ! Retrouvez toute la magie du dessert culte américain avec les mini cornets Just the FUN PART façon S'mores. Cette recette gourmande combine le croquant d'une gaufrette dorée au four avec un cœur fondant composé de véritable chocolat au lait belge et de guimauve aérienne.	https://www.mesbonbons.net/fr/shop/cornets-de-gaufrette-fourre-au-marshmallow-et-au-chocolat-lait-120-g	https://fladis.azureedge.net/erp/d18b288e-b2dd-4206-a653-1ebadab03818.png	out_of_stock	3.99 EUR	JUST THE FUN PART	191414014261	yes	new
8753	Pocky Milk Flavour - 39 g	Le craquant irrésistible rencontre la douceur du lait ! Découvrez les Pocky Milk Flavour, une version ultra-douce du snack japonais le plus célèbre au monde. Chaque bâtonnet de biscuit croustillant est généreusement nappé d'un glaçage onctueux au bon goût de lait (inspiré par la célèbre qualité du lait d'Hokkaido).	https://www.mesbonbons.net/fr/shop/pocky-milk-flavour-40-g	https://fladis.azureedge.net/erp/cfb20db6-5d39-40bf-87bd-6fdb61712576.png	in_stock	2.99 EUR	Pocky	8851019600291	yes	new
8754	Pocky Milk Chocolat au lait - 39 g	L'icône du snack japonais, enrichie d'une touche de malt ! Retrouvez le plaisir intemporel des Pocky au Chocolat au Lait. Cette version classique combine un bâtonnet de biscuit croustillant, délicatement aromatisé au malt, avec un nappage généreux et fondant au chocolat au lait.	https://www.mesbonbons.net/fr/shop/pocky-milk-chocolat-au-lait-39-g	https://fladis.azureedge.net/erp/01a96cc4-ed68-44ea-a6aa-11ed88935d20.png	in_stock	2.99 EUR	Pocky	8851019600338	yes	new
8755	Caraïbos Ananas - 33 cl	Découvrez toute la gourmandise et la fraîcheur de l'ananas avec Caraïbos. Reconnue par les barmen pour la qualité de ses saveurs, la marque vous propose ici une boisson désaltérante alliant la douceur du sucre de canne à la vivacité de l'ananas.	https://www.mesbonbons.net/fr/shop/caraibos-ananas-33-cl	https://fladis.azureedge.net/erp/d1c89cd3-97a4-4d16-b3bf-637fde233ed0.png	in_stock	2.50 EUR	Caraïbos	3287123301086	yes	new
8756	Caraïbos Mangue - 33 cl	Plongez dans l'univers onctueux et parfumé de la mangue avec Caraïbos. Cette boisson offre une saveur généreuse et veloutée, parfaitement équilibrée par la fraîcheur de l'eau de source et la douceur naturelle du sucre de canne.	https://www.mesbonbons.net/fr/shop/caraibos-mangue-33-cl	https://fladis.azureedge.net/erp/0c530d2a-0967-4ffa-92aa-96bf78d59946.png	in_stock	2.50 EUR	Caraïbos	3287123301024	yes	new
8757	Caraïbos Tropical - 33 cl	Voyagez vers les îles avec Caraïbos Tropical, un mélange savoureux qui réunit le meilleur des fruits ensoleillés. Cette recette associe la douceur de l'orange, l'onctuosité de la mangue et le peps du fruit de la passion pour une expérience fruitée intense.	https://www.mesbonbons.net/fr/shop/caraibos-tropical-33-cl	https://fladis.azureedge.net/erp/46d1cf70-0f3c-4ce5-95ff-f1f0ab052355.png	in_stock	2.50 EUR	Caraïbos	3287123301178	yes	new
8758	Caraïbos Goyave - 33 cl	Laissez-vous transporter sous les tropiques avec cette boisson rafraîchissante à la goyave. Reconnue pour son expertise du fruit, la marque Caraïbos vous propose ici toute l'onctuosité et le parfum intense de la goyave rose dans un format canette pratique de 33cl.	https://www.mesbonbons.net/fr/shop/caraibos-goyave-33-cl	https://fladis.azureedge.net/erp/3ec4d265-59a6-47fc-bbd6-ee01fba8129f.png	in_stock	2.50 EUR	Caraïbos	3287123301031	yes	new
8759	Caraïbos Coco - 33 cl	Retrouvez toute l'onctuosité et la gourmandise de la noix de coco dans un format canette 33cl ultra-pratique. Cette boisson savoureuse, élaborée avec soin par Caraïbos, offre une texture onctueuse et un goût authentique de coco fraîche, parfaitement équilibré.	https://www.mesbonbons.net/fr/shop/caraibos-coco-33-cl	https://fladis.azureedge.net/erp/1a563422-b036-4c53-b9a3-d326e4a2c6b7.png	in_stock	2.50 EUR	Caraïbos	3287123301475	yes	new
8762	Jelly Pop Mr. Twister Challenge - 60 g	Le Jelly Pop Mr. Twister Challenge n'est pas qu'une simple boîte de bonbons, c'est un véritable jeu de société gourmand (et parfois surprenant !) à partager entre amis ou en famille. Le principe est simple : faites tourner la flèche sur le couvercle et laissez le destin choisir pour vous.	https://www.mesbonbons.net/fr/shop/jelly-pop-mr.-twister-challenge-60-g	https://fladis.azureedge.net/erp/1458b07c-c9db-45c5-a72d-98e9efbfb0db.png	out_of_stock	4.99 EUR	Jelly Pop	8594205497106	yes	new
8767	Yopokki Carbonara Topokki - 120 g	Découvrez les Yopokki Carbonara, une version fusion ultra-gourmande des célèbres bâtonnets de riz coréens (Tteokbokki). Oubliez le piment intense de la recette classique et laissez-vous séduire par une sauce onctueuse, crémeuse et riche en fromage.	https://www.mesbonbons.net/fr/shop/yopokki-carbonara-topokki-120-g	https://fladis.azureedge.net/erp/13f3ac7c-69b9-4119-b1a3-2564a6912f5e.png	in_stock	2.99 EUR	Pink Rocket	8809054403612	yes	new
8768	KitKat Ball - 140 g	Retrouvez tout le plaisir du célèbre KitKat dans un format bille ultra-gourmand. Chaque KitKat Ball cache en son cœur une gaufrette légère et croustillante, délicieusement enrobée d'un chocolat au lait fondant.	https://www.mesbonbons.net/fr/shop/kitkat-ball-140-g	https://fladis.azureedge.net/erp/6802ebe4-f947-4e3e-9424-14f5d159dddb.png	in_stock	3.99 EUR	KitKat	3800020492918	yes	new
8771	Frisia UFO - 300 g	Préparez-vous à un voyage interstellaire avec les célèbres Sour UFO's de Frisia. Ces soucoupes volantes iconiques se composent d'une hostie croquante et légère qui fond délicieusement en bouche pour libérer un cœur de poudre pétillante et intensément acide. Ce sachet XXL de 300g est idéal pour les gourmands et les fêtes. Vous y trouverez un mélange de quatre saveurs fruitées : Fraise, Citron, Pomme et Orange. Un bonbon indémodable qui ravira aussi bien les nostalgiques que les nouveaux amateurs de sensations fortes.	https://www.mesbonbons.net/fr/shop/frisia-ufo-300-g	https://fladis.azureedge.net/erp/ca6eac3b-5a65-4b0b-ba6a-3c1372ae9ab6.png	in_stock	7.99 EUR	Frisia	5411011563685	yes	new
8772	Pringles Italian Style Pesto - 165 g	Chaque tuile croustillante capture l'essence même du pesto traditionnel : le parfum du basilic frais, la gourmandise du fromage affiné et une touche d'ail délicatement dosée. C'est le snack idéal pour apporter une touche d'originalité et d'élégance italienne à vos moments de partage entre amis ou en famille.	https://www.mesbonbons.net/fr/shop/pringles-italian-style-pesto-165-g	https://fladis.azureedge.net/erp/c1da9b84-74b6-4aff-aa52-56a8b1f435c5.png	in_stock	4.49 EUR	Pringles	5053990195053	yes	new
8773	Pringles Mexican Style Spicy Salsa- 165 g	Laissez-vous surprendre par l'équilibre parfait entre le piquant du piment, la douceur de la tomate, une pointe d'oignon et la fraîcheur acidulée du citron vert. Ces tuiles croustillantes sont conçues pour ceux qui aiment les snacks avec du caractère et une touche de chaleur. Olé !	https://www.mesbonbons.net/fr/shop/pringles-mexican-style-spicy-salsa-165-g	https://fladis.azureedge.net/erp/c56bf426-5163-4520-8bc3-5330b0943414.png	in_stock	4.49 EUR	Pringles	5053990195114	yes	new
8774	Pringles Canadian Style Sweet & Smoky BBQ - 165 g	Envolez-vous vers le Canada avec cette escale gourmande de la gamme Passport Flavours. Les Pringles Canadian Style Sweet & Smoky BBQ vous offrent une expérience gustative unique, inspirée des barbecues nord-américains où le sucré et le salé se marient à la perfection.	https://www.mesbonbons.net/fr/shop/pringles-canadian-style-sweet-smoky-bbq-165-g	https://fladis.azureedge.net/erp/781b62ea-1675-4470-8049-f161a0874f62.png	in_stock	4.49 EUR	Pringles	5053990195183	yes	new
8781	Pictolin Fresh Vitamine C Sans sucre - 65 g	Faites le plein de vitalité avec les bonbons Pictolin Fresh Citrus ! Ce mélange pétillant offre un assortiment de trois saveurs d'agrumes gorgées de soleil : Orange, Citron et Lime. Spécialement conçus pour ceux qui surveillent leur consommation de sucre, ces bonbons durs sont enrichis en Vitamine C pour allier plaisir et bien-être. Leur goût fruité et intense procure une sensation de fraîcheur immédiate à tout moment de la journée.	https://www.mesbonbons.net/fr/shop/pictolin-fresh-vitamine-c-sans-sucre-65-g	https://fladis.azureedge.net/erp/f30ac24e-b8ee-4360-9ae7-b8e3d4487771.png	in_stock	1.49 EUR	Pictolin	8413209319156	yes	new
8782	Pictolin Cerise & Crème Sans sucre - 65 g	Succombez au duo irrésistible de la cerise gourmande et de la crème onctueuse avec les bonbons Pictolin Cereza y Nata ! Ces bonbons bicolores marient à la perfection l'acidité fruitée de la cerise noire et la douceur veloutée de la crème. Une expérience intensément crémeuse et savoureuse, le tout sans sucres. Idéal pour s'offrir une petite douceur raffinée à tout moment de la journée, sans culpabilité et tout en prenant soin de sa ligne.	https://www.mesbonbons.net/fr/shop/pictolin-cerise-creme-sans-sucre-65-g	https://fladis.azureedge.net/erp/2ca6b975-77f3-4b53-aa1b-879ad8be8626.png	in_stock	1.49 EUR	Pictolin	8413209319088	yes	new
8785	Lutti mini Dents Dracula Citrique - 3 kg	Transformez-vous en vampire et faites peur à vos amis en mangeant les bonbons Lutti Dents de Dracula! Goûtez-les dans leur version citrique pour une sensation d'autant plus terrifiante !	https://www.mesbonbons.net/fr/shop/copy-copy-lutti-dents-dracula-citrique---3-kg	https://fladis.azureedge.net/erp/f255ba7b-78fc-435a-8ca5-2f5bc7164443.jpg	in_stock	25.99 EUR	Lutti	5400787050468	yes	new
8788	Bergen Cookies Japanese Cheesecake - 128 g	Succombez à la douceur et à l'élégance des Japanese Cheesecake Style Cookies de la marque Bergen. Inspirés par la texture aérienne et le goût délicat du célèbre gâteau japonais, ces biscuits offrent un contraste de textures irrésistible. Chaque cookie se compose d'une base de biscuit croustillante (Crunchy cookies) renfermant un cœur onctueux à la crème (Creamy filling). Le tout est recouvert d'un glaçage blanc fondant évoquant la douceur du cheesecake. Une véritable invitation au voyage pour vos pauses café ou thé.	https://www.mesbonbons.net/fr/shop/bergen-cookies-japanese-cheesecake-128-g	https://fladis.azureedge.net/erp/5a8dd04e-8470-4b5e-ae62-96b7daa72ed7.png	in_stock	1.99 EUR	Bergen	5902379045628	yes	new
8791	Trefin Vienna - 3 kg	Offrez une explosion de saveurs fruitées avec le mélange Vienna Fruit de Trefin. Véritable institution de la confiserie belge, ces bonbons fourrés sont appréciés pour leur cœur fondant et leur goût intense de fruit.	https://www.mesbonbons.net/fr/shop/trefin-vienna-3-kg	https://fladis.azureedge.net/erp/41946339-5174-44d4-958d-168c6aca5842.png	in_stock	32.99 EUR	Trefin	5410381003333	yes	new
8792	Lutti Scoubidou - 100 g	Les Lutti Scoubidou sont des bonbons gélifiés aux saveurs fruitées variées, en forme de spirales colorées. Leur texture tendre et leur goût intense en font une collation amusante et savoureuse.	https://www.mesbonbons.net/fr/shop/lutti-scoubidou-100-g	https://fladis.azureedge.net/erp/5a727816-653c-42ed-a864-3eb90d01a9c8.png	in_stock	1.99 EUR	Lutti	3116740032397	yes	new
8795	Bounty Trio - 85 g	Vous avez envie d'un peu d'exotisme? Le Bounty est une friandise à la noix de coco enrobée de chocolat au lait pour une sensation à la fois moelleuse et croustillante.	https://www.mesbonbons.net/fr/shop/bounty-trio-85-g	https://fladis.azureedge.net/erp/9f555f32-0cc9-4a92-9f53-148ce235b066.png	in_stock	2.00 EUR	Bounty	5000159610582	yes	new
8797	Fini Mini Mochis - 90 g	L'expérience kawaii et fruitée qui fait fondre les papilles ! Envolez-vous pour le Japon avec les Mini Mochis de Fini ! Ces adorables petites bouchées à la texture gélifiée unique cachent un cœur fondant et intensément fruité. Un délicieux assortiment de 3 saveurs exotiques et gourmandes : Fraise 🍓, Mangue 🥭 et Melon 🍈	https://www.mesbonbons.net/fr/shop/fini-mini-mochis-90-g	https://fladis.azureedge.net/erp/35f584de-27d0-4028-9265-afa6d7bcc8a0.png	in_stock	1.49 EUR	Fini	8410525271182	yes	new
8798	Doritos Dinamita Flamin' Hot - 85 g	Préparez-vous à une expérience ultra-intense avec les Doritos Dinamita Flamin’ Hot. Ces tortillas de maïs roulées en forme de sticks croustillants sont enrobées de l’emblématique assaisonnement Flamin’ Hot : un mélange explosif de piment, d’épices et de notes fromagées qui délivre une chaleur progressive et addictive.	https://www.mesbonbons.net/fr/shop/doritos-dinamita-flamin-hot-85-g	https://fladis.azureedge.net/erp/312e4ea6-f429-4c22-b668-0f6b37c73473.png	in_stock	1.99 EUR	Doritos	8710398533715	yes	new
8799	Nescafé Americano - 250 ml	Retrouvez le goût authentique et intense du café Nescafé dans sa version Americano. Une boisson caféinée à base de café torréfié, légère et équilibrée, sans lait, qui délivre les arômes riches et le caractère du vrai café. Idéale pour un boost d’énergie à tout moment de la journée.	https://www.mesbonbons.net/fr/shop/nescafe-americano-250-ml	https://fladis.azureedge.net/erp/c62edbde-2987-4eda-a12b-4f7ac0c8db15.png	in_stock	2.00 EUR	Nescafé	8445292129589	yes	new
8816	Trefin O'Chok - 3kg	Assortiment de délicieux caramels au chocolat, parfait pour les petites faims, les moments gourmands ou à partager.	https://www.mesbonbons.net/fr/shop/trefin-ochok-3kg	https://fladis.azureedge.net/erp/4aaa0e59-802d-43e6-b14e-abe259972984.png	in_stock	41.49 EUR	Trefin	5410381002633	yes	new
8820	Nutella Peanut - 375 g	La douceur emblématique de Nutella associée à la gourmandise des cacahuètes, pour une pâte à tartiner onctueuse et irrésistiblement gourmande.	https://www.mesbonbons.net/fr/shop/nutella-peanut-375-g	https://fladis.azureedge.net/erp/3e464b31-dad2-488e-abdc-44c693001e7b.png	in_stock	9.99 EUR	Nutella	062020001740	yes	new
8832	VitaGO! Airborne Banane/Pomme - 200 ml	Boisson fruitée et rafraîchissante aux délicieuses saveurs de banane et de pomme. Une pause gourmande et pleine de fraîcheur.	https://www.mesbonbons.net/fr/shop/vitago-airborne-bananepomme-200-ml	https://fladis.azureedge.net/erp/ba74a3de-f6d6-464f-bf49-d4321a9827b1.png	in_stock	1.00 EUR	VITAGO !	5310364000512	yes	new
8833	Delief Rabokki Sweet and Spicy - 165 g	Râbokki coréen aux saveurs sucrées et épicées, associant des nouilles et des gâteaux de riz moelleux dans une sauce relevée et gourmande.	https://www.mesbonbons.net/fr/shop/delief-rabokki-sweet-and-spicy-165-g	https://fladis.azureedge.net/erp/070df8c6-3b4f-4442-9fc0-b653293d4c36.png	in_stock	3.99 EUR	delief	8809528240330	yes	new
8834	Skittles Fruits - 136 g	Bonbons colorés aux délicieuses saveurs fruitées. Une gourmandise croquante et acidulée à savourer à tout moment.	https://www.mesbonbons.net/fr/shop/skittles-fruits-136-g	https://fladis.azureedge.net/erp/4b870ec4-df52-4448-9a32-73bedd5ce92b.png	in_stock	3.49 EUR	Skittles	4009900546089	yes	new
8835	Lay's Bugles Cheese Snackbox - 135 g	Croustillants et savoureux, les Lay’s Bugles Cheese offrent une délicieuse saveur de fromage dans une forme originale et gourmande.	https://www.mesbonbons.net/fr/shop/lays-buggles-cheese-snackbox-135-g	https://fladis.azureedge.net/erp/9956069f-adf4-4f1a-b3b9-a1f072e445a8.jpg	in_stock	4.99 EUR	Lay's	8710398531698	yes	new
8837	Doritos Nacho Cheese Snackbox - 140 g	Tortillas croustillantes au délicieux goût de fromage nacho, pour une pause apéritive gourmande et savoureuse.	https://www.mesbonbons.net/fr/shop/doritos-nacho-cheese-snackbox-140-g	https://fladis.azureedge.net/erp/f73459bb-f70a-4efd-87d5-16796a865dc2.jpg	in_stock	4.99 EUR	Doritos	8710398531636	yes	new
8839	Capri-Sun Multi Vitamines - 330 ml	Boisson fruitée au délicieux goût de fruits, rafraîchissante et idéale pour une pause gourmande.	https://www.mesbonbons.net/fr/shop/capri-sun-multi-vitamines-330-ml	https://fladis.azureedge.net/erp/17260e8a-258e-47d3-8841-fe4c1cee9d15.jpg	in_stock	2.50 EUR	Capri-Sun	4000177033708	yes	new
8840	Smarties - 38 g	Minis chocolats colorés, parfaits pour une pause ou un en-cas.	https://www.mesbonbons.net/fr/shop/smarties-38-g	https://fladis.azureedge.net/erp/b176fc24-eb98-43a0-a903-8d4a1d95f0f5.jpg	in_stock	1.49 EUR	Smarties	40345192	yes	new
8881	KitKat Chunky - 40 g	Besoin d'une vraie pause ? Laissez-vous tenter par le KitKat Chunky ! Une gaufrette croustillante généreuse et dorée au four, enrobée d'une épaisse couche de chocolat au lait fondant et pur beurre de cacao. Sa taille extra-gourmande offre un croustillant inégalé pour un plaisir maximal à chaque bouchée.	https://www.mesbonbons.net/fr/shop/copy-kitkat-chunky-24-x-40-g	https://fladis.azureedge.net/erp/9199972d-228d-477c-91bd-b932946e08e0.png	in_stock	1.49 EUR	KitKat	3800020436677	yes	new
8882	Trolli Octopus Spicy - 1 kg	Avis aux amateurs de sensations fortes et de bonbons originaux ! Découvrez les nouveaux Trolli Octopus Spicy, de délicieux bonbons gélifiés en forme de pieuvres colorées qui cachent une surprise... très pimentée !	https://www.mesbonbons.net/fr/shop/trolli-octopus-spicy-1-kg	https://fladis.azureedge.net/erp/c9d39b8f-64f7-417c-af71-902dbd8c3e13.png	in_stock	8.99 EUR	Trolli	8436036181888	yes	new
8883	Lutti Bubblizz Mini Surf - 2 kg	Surfez sur une vague de gourmandise et de fun avec les Mini Surf Bubble de Lutti ! Ces iconiques petits bonbons gélifiés en forme de planche de surf combinent une texture moelleuse à un enrobage de sucre ultra-acidulé qui pique juste comme il faut.	https://www.mesbonbons.net/fr/shop/copy-lutti-balls-fizz-2-kg	https://fladis.azureedge.net/erp/ed9bedee-7a59-4915-bb20-3f062f4556f6.png	in_stock	17.99 EUR	Lutti	3664346341424	yes	new
8885	Gumball Machine Bubble Gum - 40 g	Distributeur ludique rempli de petites billes de chewing-gum colorées. Un produit amusant combinant bonbons et jouet, idéal pour les enfants.	https://www.mesbonbons.net/fr/shop/copy-copy-horror-finger-dip-18-x-40-g	https://fladis.azureedge.net/erp/71d1116e-9faf-4c8f-a9af-81fef9663826.png	in_stock	1.49 EUR	Funny Candy	3587361157804	yes	new
8886	Gumball Machine Bubble Gum - 12 x 40 g	Distributeur ludique rempli de petites billes de chewing-gum colorées. Un produit amusant combinant bonbons et jouet, idéal pour les enfants.	https://www.mesbonbons.net/fr/shop/copy-xl-gumball-machine-bubble-gum-12-x-120-g	https://fladis.azureedge.net/erp/71d1116e-9faf-4c8f-a9af-81fef9663826.png	in_stock	12.99 EUR	Funny Candy	3587361057807	yes	new
8891	Long Chips Snack de pommes de terre Truffle - 75 g	Élevez votre apéritif avec les Long Chips Truffe, la version la plus raffinée de la gamme. Ces tuiles de pomme de terre au format spectaculaire allient la légèreté d'une friture ultra-rapide (10 secondes) à l'arôme noble et envoûtant de la truffe. Une expérience gustative chic, croustillante et intensément parfumée.	https://www.mesbonbons.net/fr/shop/long-chips-snack-de-pommes-de-terre-truffle-75-g	https://fladis.azureedge.net/erp/3f3b97c2-e2b8-4e36-8148-5ad311d59090.png	in_stock	1.99 EUR	TOPPIE	4750127000679	yes	new
8892	Long Chips Snack de pommes de terre Chili, Lime and Seasalt - 75 g	Embarquez pour une explosion de saveurs avec les Long Chips Chili, Lime & Seasalt. Ces tuiles de pommes de terre extra-longues offrent un équilibre parfait : le piquant du piment, la fraîcheur acidulée du citron vert et la finesse du sel marin. Toujours frites en seulement 10 secondes, elles conservent une légèreté et un croustillant incomparables pour un apéritif riche en sensations.	https://www.mesbonbons.net/fr/shop/long-chips-snack-de-pommes-de-terre-chili-lime-and-seasalt-75-g	https://fladis.azureedge.net/erp/1768c56a-0cbe-4923-9f04-410dc9faec86.png	in_stock	1.99 EUR	TOPPIE	4750127000723	yes	new
8895	Twix Crispy Rolls - 5 x 22,5 g	Une gaufrette croustillante garnie de crème au caramel et enrobée de chocolat au lait. Une version légère et gourmande du classique Twix, parfaite pour une pause sucrée !	https://www.mesbonbons.net/fr/shop/twix-crispy-rolls-5-x-225-g	https://fladis.azureedge.net/erp/e36f7613-4963-4d67-8e39-67a7b1bb8d4f.png	out_of_stock	3.99 EUR	Twix	6221134013795	yes	new
8896	MilkyWay Crispy Rolls - 5 x 22,5 g	Craquez pour la légèreté des Milky Way Crispy Rolls ! Ces délicieux rouleaux de gaufrette ultra-croustillante sont fourrés d'une cœur de crème au lait onctueuse et fouettée, puis généreusement enrobés de chocolat au lait fondant.	https://www.mesbonbons.net/fr/shop/milkyway-crispy-rolls-5-x-225-g	https://fladis.azureedge.net/erp/8847e72d-8ae6-481f-8974-b32f0a9b0247.png	out_of_stock	3.99 EUR	MilkyWay	6221134013740	yes	new
8897	Buldak Hot Sauce Extremely Spicy - 165 ml	Deux fois plus piquante que la version originale, cette sauce légendaire associe une chaleur intense à une saveur gourmande de poulet épicé. Grâce à son format flacon souple très pratique, vous pouvez désormais relever tous vos plats du quotidien : poulet frit, burgers, pizzas, tacos, marinades, riz ou nouilles.	https://www.mesbonbons.net/fr/shop/buldak-hot-sauce-extremely-spicy-165-ml	https://fladis.azureedge.net/erp/67f4cc9d-833c-4957-bc99-511dcaa63db3.png	in_stock	5.99 EUR	Samyang	8801073000315	yes	new
8898	Buldak Hot Sauce Carbonara - 165 ml	Succombez au mariage parfait entre le piquant légendaire coréen et la douceur réconfortante de la carbonara. Cette sauce Buldak Carbonara (la célèbre bouteille rose) offre une saveur unique de poulet épicé adoucie par des notes crémeuses de lait et de fromage.	https://www.mesbonbons.net/fr/shop/buldak-hot-sauce-carbonara-165-ml	https://fladis.azureedge.net/erp/d71fa548-cb9e-4ae6-ab40-c753d5e5116e.png	in_stock	5.99 EUR	Samyang	8801073000285	yes	new
8904	Dr Pepper Vanilla Float en verre - 275 ml	Boisson gazeuse sans sucres avec édulcorants. Contient de la caféine et des arômes caractéristiques de Dr Pepper. Dans une bouteille en verre de 275ml	https://www.mesbonbons.net/fr/shop/dr-pepper-vanilla-float-en-verre-275-ml	https://fladis.azureedge.net/erp/8ba596f5-3697-4434-80ed-e2d9f9b59d46.png	in_stock	2.50 EUR	Dr Pepper	5904741660170	yes	new
8905	Lay's Hot Chili Squid - 90 g	Laissez-vous tenter par une expérience gustative exotique et relevée avec les Lay's Stax au goût Calamar Pimenté (Hot Chili Squid) ! Directement venues d'Asie, ces tuiles de pommes de terre ultra-croustillantes associent à la perfection la saveur umami du calamar grillé à la puissance d'un assaisonnement au piment intense.	https://www.mesbonbons.net/fr/shop/lays-hot-chili-squid-90-g	https://fladis.azureedge.net/erp/28df7bc2-d1f7-48e5-8edb-5bc95577ae59.png	in_stock	4.99 EUR	Lay's	8936079126032	yes	new
8907	Croky Bolognese Rings - 75 g	Craquez pour les iconiques Croky Bolognese Rings ! Ces délicieux anneaux croustillants offrent toute la gourmandise de la fameuse sauce bolognaise avec ses notes de tomate, d'oignon et d'herbes aromatiques.	https://www.mesbonbons.net/fr/shop/croky-bolognese-rings-75-g	https://fladis.azureedge.net/erp/841af721-ae42-4b00-938f-dd19f26d13cb.png	in_stock	1.99 EUR	Croky	5414359994326	yes	new
8908	Croky Barbecue Rings - 75 g	Retrouvez tout le plaisir du grill avec les Croky Barbecue Rings ! Ces délicieux anneaux croustillants vous offrent une expérience gustative intense grâce à leur assaisonnement barbecue authentique, alliant des notes fumées, sucrées et légèrement épicées.	https://www.mesbonbons.net/fr/shop/croky-barbecue-rings-75-g	https://fladis.azureedge.net/erp/0009590a-e354-4391-9827-8f017942b9e9.png	in_stock	1.99 EUR	Croky	5414359994357	yes	new
8910	Choco Prince Goût Vanille - 57 g	Découvrez le Choco Prince Vanille, la déclinaison ultra-gourmande du célèbre biscuit Prince de LU. Ce snack allie le croquant d'un biscuit au blé à la douceur d'un fourrage onctueux au goût vanille, le tout généreusement enrobé d'un délicieux chocolat au lait.	https://www.mesbonbons.net/fr/shop/choco-prince-gout-vanille-57-g	https://fladis.azureedge.net/erp/568ce45a-c4e9-4b1a-8317-cdf130977d44.png	in_stock	1.49 EUR	Lu	7622210124357	yes	new
8912	Kinder Schokobons - 300 g	Les Kinder Schoko-Bons sont connus pour leur délicieuse combinaison de chocolat au lait et de noisettes. Chaque bonbon est une petite bouchée composée d'un cœur de chocolat fondant, enveloppé d'une coquille de chocolat au lait croquante et parsemée de morceaux de noisettes. Ils sont appréciés pour leur goût gourmand et leur texture unique, faisant d'eux une petite douceur idéale à partager ou à savourer seul.	https://www.mesbonbons.net/fr/shop/kinder-schokobons-300-g	https://fladis.azureedge.net/erp/135e94b4-6b8c-4fde-abc4-ec0c591f12f3.png	in_stock	4.99 EUR	Kinder	4008400280127	yes	new
8914	Kinder Joy Minecraft - 3 x 20 g	Kinder Joy est une friandise se présentant sous la forme d'un œuf divisé en deux parties. Une moitié contient une crème au lait et au cacao onctueuse avec des éclats de noisettes et deux boules de chocolat croquant. L'autre moitié renferme un jouet surprise, souvent interactif ou à assembler, procurant une expérience ludique en plus du plaisir gustatif.	https://www.mesbonbons.net/fr/shop/copy-kinder-joy-one-piece-20-g	https://fladis.azureedge.net/erp/2b9bdee8-b134-481b-ada6-230ecd745d86.png	in_stock	3.49 EUR	Kinder	8000500101308	yes	new
8917	Milka Leo - 12 x 33,3 g	Le Leo, célèbre gaufrette enrobée de tendre chocolat Milka au lait et fourrée à la crème confiseur, est la gourmandise qui vous fera craquer.	https://www.mesbonbons.net/fr/shop/milka-leo-12-x-333-g	https://fladis.azureedge.net/erp/a8120d3b-ba28-40e5-a68d-d6f546a09e17.png	in_stock	4.99 EUR	Milka	7622210464194	yes	new
8919	Dr. Sweet FingerFood - 8 x 90 g	Plongez dans l'univers monstrueusement gourmand du Dr. Sweet avec ce bonbon aussi amusant qu'effrayant ! Le concept ? De véritables « doigts » en gelée fruitée à tremper dans un sirop rouge visqueux façon « sang ».	https://www.mesbonbons.net/fr/shop/dr.-sweet-fingerfood-8-x-90-g	https://fladis.azureedge.net/erp/082d32e0-dc90-4ab9-9f4b-e12452df7336.png	in_stock	16.99 EUR	Dr. Sweet	8721042683700	yes	new
8920	Dr. Sweet FingerFood - 90 g	Plongez dans l'univers monstrueusement gourmand du Dr. Sweet avec ce bonbon aussi amusant qu'effrayant ! Le concept ? De véritables « doigts » en gelée fruitée à tremper dans un sirop rouge visqueux façon « sang ».	https://www.mesbonbons.net/fr/shop/dr.-sweet-fingerfood-90-g	https://fladis.azureedge.net/erp/082d32e0-dc90-4ab9-9f4b-e12452df7336.png	out_of_stock	2.49 EUR	Dr. Sweet	8721042683694	yes	new
8921	Kinder Chocolat - 24 pc (300 g)	Le Kinder Chocolat est un assortiment pratique de barres de chocolat au lait avec une garniture crémeuse au lait, idéal pour les pauses sucrées, les goûters ou les événements.	https://www.mesbonbons.net/fr/shop/copy-kinder-chocolat-20-x-50-g	https://fladis.azureedge.net/erp/88e7148d-e8ef-4f5f-b859-9f9e1013318e.png	in_stock	3.99 EUR	Kinder	8000500111581	yes	new
8922	Kinder Bueno White - 4 x 39 g	Le Kinder Bueno est une délicieuse barre au chocolat au blanc croustillante et fondante. Elle renferme un délicat cœur au lait et aux noisettes qui il régalera tous les gourmands!	https://www.mesbonbons.net/fr/shop/copy-kinder-bueno-white---39-g-x-30-pices	https://fladis.azureedge.net/erp/a8b358b7-9509-456f-9d68-abc6ee7aadb4.png	in_stock	2.79 EUR	Kinder	8000500126295	yes	new
8924	Kinder Maxi - 10 x 21 g	Kinder Maxi c'est un grand cœur au lait délicieusement fondant dans une barre de tendre chocolat Kinder.	https://www.mesbonbons.net/fr/shop/kinder-maxi-10-x-21-g	https://fladis.azureedge.net/erp/96cdfd5d-0076-4692-9ddf-da0fd8b7f384.png	in_stock	3.69 EUR	Kinder	4008400221021	yes	new
8925	Milka Leo Chocolat Blanc - 12 x 33,3 g	Le Leo, célèbre gaufrette enrobée de tendre chocolat Milka blanc et fourrée à la crème confiseur, est la gourmandise qui vous fera craquer.	https://www.mesbonbons.net/fr/shop/milka-leo-chocolat-blanc-12-x-333-g	https://fladis.azureedge.net/erp/58aec525-5a8b-4664-9ebb-e75b94386f2a.png	in_stock	5.99 EUR	Milka	7622300331313	yes	new
8926	Milka Leo GO! - 6 x 48 g	Le Milka Leo Go Gaufrettes contient des barres de gaufrettes légères et croustillantes, recouvertes de chocolat au lait Milka. Chaque barre offre un délicieux mélange de texture croquante et de douceur chocolatée, parfait pour une pause gourmande et pratique à emporter partout.	https://www.mesbonbons.net/fr/shop/copy-milka-leo-go-48-g	https://fladis.azureedge.net/erp/9f192754-f524-4b3f-b0ac-ffc3930b920d.png	in_stock	5.99 EUR	Milka	7622210052612	yes	new
8927	Kinder Surprise Fille - 3 x 20 g	Le Kinder Surprise est un œuf en chocolat au lait contenant une surprise à l'intérieur. Il allie le plaisir du chocolat crémeux à l'excitation de découvrir un petit jouet ou une figurine.	https://www.mesbonbons.net/fr/shop/kinder-surprise-fille-3-x-20-g	https://fladis.azureedge.net/erp/5de18bdf-1a38-422c-a0fb-ab76fb212a79.png	in_stock	2.99 EUR	Kinder	4008400240329	yes	new
8929	Kinder Bueno - 4 x 43 g	Kinder Bueno est une barre de chocolat célèbre pour sa combinaison unique de chocolat au lait, de noisettes croquantes et de garniture crémeuse. Cette barre est appréciée pour sa texture légère et fondante, offrant une expérience gustative équilibrée entre douceur chocolatée et croquant de la noisette. Parfait comme en-cas ou pour une petite gâterie, Kinder Bueno est un choix populaire parmi les friandises pour enfants et adultes.	https://www.mesbonbons.net/fr/shop/kinder-bueno-4-x-43-g	https://fladis.azureedge.net/erp/fa5a2d18-e94b-402b-a0c5-a59f41c62ecc.png	in_stock	2.79 EUR	Kinder	5020411113828	yes	new
8932	Samyang Buldak Swisy Sweet & Spicy - 130 g	La douceur rencontre le piquant avec le tout nouveau Samyang Buldak SWICY ! Si vous avez toujours voulu goûter aux célèbres ramen Buldak mais que vous redoutiez leur chaleur extrême, ce plat est parfaitement fait pour vous. Le terme « Swicy » (Sweet & Spicy) associe un nappage sucré gourmand à la saveur emblématique de poulet épicé de Samyang. Classé Niveau 1 sur l'échelle de piquant Buldak, il offre une touche sucrée-salée légèrement relevée, parfaitement équilibrée et accessible à tous !	https://www.mesbonbons.net/fr/shop/samyang-buldak-swisy-sweet-spicy-130-g	https://fladis.azureedge.net/erp/9610e0d4-a737-46e5-adc4-708ce4a6e69b.png	in_stock	3.49 EUR	Samyang	8801073117136	yes	new
8936	Milka Mmmax Cachuète & Caramel - 46 g	Succombez à l'intensité de la barre Milka MMMAX Cacahuète & Caramel. Cette barre gourmande combine la tendresse légendaire du chocolat au lait Milka, fabriqué avec du bon lait du pays Alpin, avec un cœur généreux et croquant.	https://www.mesbonbons.net/fr/shop/milka-mmmax-cachuete-caramel-46-g	https://fladis.azureedge.net/erp/5b962032-7459-46b5-8fe6-664f990dd0c8.png	in_stock	1.49 EUR	Milka	7622202850059	yes	new
8951	Snickers Duo - 80 g	Le Snickers Duo est la solution idéale pour ceux qui ont besoin d'une satisfaction maximale. Ce format généreux contient deux barres de 40g (soit 80g au total), parfaites pour être dégustées en deux temps, partagées, ou pour offrir un véritable regain d'énergie lors d'une longue journée.	https://www.mesbonbons.net/fr/shop/snickers-duo-80-g	https://fladis.azureedge.net/erp/4f13f1bd-ce03-42f7-96be-154143b952df.png	in_stock	1.49 EUR	Snickers	5000159559065	yes	new
8952	Twix Xtra - 75 g	Le Twix Xtra prend la recette mythique du Twix classique et la décligne dans un format rallongé et encore plus gourmand de 75g. C'est le biscuit chocolaté idéal pour combler les faims de loup ou pour accompagner une pause café prolongée.	https://www.mesbonbons.net/fr/shop/twix-xtra-75-g	https://fladis.azureedge.net/erp/3cbb54c3-f23c-40b3-9879-5bc2d5f6d262.png	in_stock	1.49 EUR	Snickers	5900951312250	yes	new
8956	Etna Guimauve - 500 g	Assortiment de guimauves moelleuses de différentes formes et couleurs. Confiserie à base de sucre, de glucose, de dextrose et de gélatine. Convient pour le partage ou la vente à l’unité.	https://www.mesbonbons.net/fr/shop/copy-etna-assortis-guimauve-1.5-kg	https://fladis.azureedge.net/erp/c3960524-c627-4487-bde8-cb2672280221.png	in_stock	5.99 EUR	Etna	5411446001073	yes	new
8958	Snickers pâte à tartiner - 200 g	Une expérience de petit-déjeuner ou de goûter inédite avec la pâte à tartiner Snickers Duo. Ce pot unique combine deux textures et deux saveurs emblématiques pour un plaisir doublement gourmand : une crème onctueuse à la cacahuète (rappelant le nougat et les arachides grillées) mariée à une délicieuse crème au chocolat au lait et caramel.	https://www.mesbonbons.net/fr/shop/copy-mars-pate-a-tartiner-200-g	https://fladis.azureedge.net/erp/78957b6c-cffb-4aa3-89a7-5069284c19a3.png	out_of_stock	5.49 EUR	Snickers	5056357910818	yes	new
8962	Valise Halloween aléatoire + Mix bonbons 250 g	Préparez-vous pour le 31 octobre avec nos boîtes cadeaux Halloween au design ultra-fun. Ces jolies boîtes avec poignée de transport intégrée sont prêtes à être offertes et raviront les enfants grâce à leurs personnages emblématiques : la Momie, le monstre Frankenstein ou le Chat Noir.	https://www.mesbonbons.net/fr/shop/valise-halloween-aleatoire-mix-bonbons-250-g	https://fladis.azureedge.net/erp/67c0a683-1940-4072-b95f-476da8c9c444.png	in_stock	6.49 EUR	Candydou	5413128350998	yes	new
8963	Chocola's Chips Crispy Choc - 125 g	Les Chocola's Crispy Choc sont une expérience gustative unique. Présentés sous la forme originale de fines lamelles incurvées (semblables à des chips), ces pétales de chocolat au lait sont parsemés de billes de riz soufflé croustillantes pour une texture légère et addictive.	https://www.mesbonbons.net/fr/shop/copy-cornets-de-gaufrette-fourres-au-chocolat-au-lait-120-g	https://fladis.azureedge.net/erp/995a651b-9f31-42cd-89f6-92b77d99116f.png	in_stock	3.99 EUR	Hamlet	5400265022796	yes	new
8964	Chocola's Chips Crispy Caramel sea salt  - 125 g	Succombez à la recette ultra-gourmande des Chocola's Crispy Caramel & Sel de Mer. Cette déclinaison marie la douceur du chocolat au lait belge à la saveur irrésistible du caramel, le tout rehaussé d'une subtile touche de sel de mer pour une note sucrée-salée irrésistible.	https://www.mesbonbons.net/fr/shop/chocolas-chips-crispy-caramel-125-g	https://fladis.azureedge.net/erp/dd1aaf68-6d7b-4b8e-8c24-1fb38fcdc03c.png	in_stock	3.99 EUR	Hamlet	5400265035253	yes	new
8965	Chocola's Chips Crispy Caramel - 125 g	Les Chocola's Crispy Caramel offrent une expérience sensorielle irrésistible pour tous les amoureux de saveurs douces et sucrées. Ces fines lamelles de chocolat au lait belge, en forme de pétales incurvés, sont infusées d'un délicieux arôme de caramel fondant et agrémentées de billes de riz soufflé pour un croquant incomparable.	https://www.mesbonbons.net/fr/shop/copy-chocolas-chips-crispy-caramel-125-g	https://fladis.azureedge.net/erp/15098b44-a49e-43e5-be68-e23c74dc8254.png	in_stock	3.99 EUR	Hamlet	5400265024752	yes	new
8966	Chocola's Chips Crispy Orange - 125 g	Les Chocola's Crispy Orange revisitent le mariage indémodable du chocolat au lait et des notes hespéridées de l'orange. Ces fines chips de chocolat incurvées, parsemées de billes de riz soufflé croustillantes, offrent une explosion de fraîcheur en bouche.	https://www.mesbonbons.net/fr/shop/copy-copy-chocolas-chips-crispy-caramel-125-g	https://fladis.azureedge.net/erp/327ddbf2-c1b7-41f9-957a-86768aaa78db.png	in_stock	3.99 EUR	Hamlet	5400265022826	yes	new
8967	Chocola's Chips Crispy Nut - 125 g	Les Chocola's Crispy Nut sont une véritable invitation au plaisir pour tous les amateurs de saveurs pralinées. Ces fines lamelles incurvées de chocolat au lait belge, légères comme des chips, sont enrichies d'un arôme délicat de noisette et parsemées de billes de riz soufflé pour un croquant décuplé.	https://www.mesbonbons.net/fr/shop/chocolas-chips-crispy-nut-125-g	https://fladis.azureedge.net/erp/846da6bc-db29-4858-9c11-d5a1ce67c7a3.png	in_stock	3.99 EUR	Hamlet	5400265022819	yes	new
8968	Chocola's Chips Crispy Cacao - 125 g	Les Chocola's Crispy Cacao Dark Noir sont dédiés aux véritables connaisseurs de chocolat. Ces fines lamelles incurvées, en forme de chips, sont élaborées avec un chocolat noir belge de qualité supérieure, offrant une expérience gustative riche en cacao, subtilement équilibrée par le croquant de billes de riz soufflé.	https://www.mesbonbons.net/fr/shop/chocolas-chips-crispy-cacao-125-g	https://fladis.azureedge.net/erp/3c034c5b-64a5-4311-8fc6-f4d235d5e9ed.png	in_stock	3.99 EUR	Hamlet	5400265022802	yes	new
8971	Joris Souris Sans Sucre - 130 g	Les bonbons Joris Souris Sans Sucre sont des petites gommes tendres au goût fruité. Retrouvez le goût authentique d'une fabrication artisanale belge qui vous rappellera de nombreux souvenirs!	https://www.mesbonbons.net/fr/shop/joris-souris-sans-sucre-130-g	https://fladis.azureedge.net/erp/50c5da6c-d012-4d2c-8c5d-544e06691324.png	in_stock	2.49 EUR	Joris	5410404341442	yes	new
8974	Florbú Gaufres Citron - 150 g	Alliant le croustillant d'une gaufrette dorée à une crème onctueuse au goût acidulé de citron, ce biscuit est le plaisir gourmand idéal pour vos pauses café ou thé. Conçues spécialement pour ceux qui souhaitent réduire leur consommation de sucre sans renoncer au goût, ces gaufrettes contiennent 0% de sucres ajoutés.	https://www.mesbonbons.net/fr/shop/florbu-gaufres-citron-150-g	https://fladis.azureedge.net/erp/4645e1f4-dc66-453a-ac7c-1f3ff6dc4b9f.png	in_stock	1.99 EUR	FLORBU	8411414014712	yes	new
8975	Florbú Gaufres coco - 150 g	Cette délicieuse gaufrette croustillante renferme une crème fondante au goût intense et gourmand de noix de coco. Élaborée avec 0% de sucres ajoutés, elle est l'en-cas idéal pour se faire plaisir à tout moment de la journée, sans faire de compromis sur votre équilibre.	https://www.mesbonbons.net/fr/shop/florbu-gaufres-coco-150-g	https://fladis.azureedge.net/erp/97cc8fc7-3061-4018-b6b8-0b31052a41f0.png	in_stock	1.99 EUR	FLORBU	8411414011940	yes	new
8979	Gullón Digestive Choco - 270 g	Fabriqués avec de la farine complète riche en fibres et préparés à l'huile de tournesol haut oléique, ces biscuits traditionnels de style Digestive sont généreusement nappés d'une délicieuse couche de chocolat sur une face. Une recette savoureuse et réconfortante, idéale pour accompagner votre pause café, votre thé ou le goûter des enfants.	https://www.mesbonbons.net/fr/shop/gullon-digestive-choco-270-g	https://fladis.azureedge.net/erp/26875a4f-3f8f-4748-ac8d-424462881e4f.png	in_stock	2.99 EUR	Gullón	8410376024326	yes	new
8980	Gullón Digestive Breakfast - 216 g	Spécialement élaborés pour vous offrir un petit-déjeuner équilibré, gourmand et nourrissant, ces biscuits combinent les bienfaits des céréales complètes et de l'avoine à une texture croustillante irréprochable. Préparés sans huile de palme et riches en fibres, ils fournissent l'énergie nécessaire pour affronter la matinée.	https://www.mesbonbons.net/fr/shop/gullon-digestive-breakfast-216-g	https://fladis.azureedge.net/erp/5e5b6f13-9640-4bec-bc07-17080f606b01.png	in_stock	1.99 EUR	Gullón	8410376042498	yes	new
8981	Gullón Sandwich Yogurt - 220 g	Ces délicieux biscuits croustillants composés de céréales complètes (blé, avoine, orge, seigle) renferment un cœur fondant à la crème goût yaourt. Élaborés avec 0% de sucres ajoutés, riches en fibres et préparés à l'huile de tournesol haut oléique, ils constituent l'en-cas idéal pour une pause saine, légère et pleine de fraîcheur.	https://www.mesbonbons.net/fr/shop/gullon-sandwich-yogurt-220-g	https://fladis.azureedge.net/erp/be63220f-b5ab-4da2-a492-6bc8f3c17d29.png	in_stock	2.49 EUR	Gullón	8410376042481	yes	new
8988	Valor 70% Cacao Orange - 100 g	Succombez à l'élégance et à l'intensité du maître chocolatier espagnol Valor. Cette tablette d'exception marie la force d'un chocolat noir à 70% de cacao avec la douceur fruitée et onctueuse d'un cœur fondant à la crème d'orange.	https://www.mesbonbons.net/fr/shop/valor-70-cacao-orange-100-g	https://fladis.azureedge.net/erp/6169ef82-be67-41e2-a7f1-8985a32e7fea.png	in_stock	3.99 EUR	bsan	8410109056525	yes	new
8989	Valor 70% Cacao - 100 g	Avec 70% de cacao sélectionné parmi les meilleures provenances, ce chocolat offre une texture fondante et une longueur en bouche exceptionnelle. Formulé sans sucres ajoutés et édulcoré avec de la Stévia, il permet de s'accorder un moment de plaisir intense tout en préservant son équilibre nutritionnel.	https://www.mesbonbons.net/fr/shop/copy-valor-70-cacao-orange-100-g	https://fladis.azureedge.net/erp/2ed902bf-a539-4ab1-8394-2d89104dcdea.png	in_stock	3.99 EUR	bsan	8410109050882	yes	new
8999	Les Bonbons d'Elisabeth Gomme Violette - 180 g	Découvrez les bonbons Elizabeth , de délicieuses confiseries noires à la texture moelleuse et légèrement granuleuse grâce à leur enrobage sucré. Leur couleur intense et leur présentation en pot en font une gourmandise originale, idéale à partager ou à déguster à tout moment de la journée.	https://www.mesbonbons.net/fr/shop/les-bonbons-delisabeth-gomme-violette-180-g	https://fladis.azureedge.net/erp/ff7f4435-0f05-4ed6-bbb6-a6d873d436ed.png	in_stock	2.99 EUR	Les bonbons d'Elisabeth	5413128352534	yes	new
9000	KitKat Chunky Cookie Dough - 42 g	Découvrez le KitKat Chunky Cookie Dough : une version généreuse et gourmande du célèbre bâtonnet croustillant ! Au cœur de la barre, des wafer croustillants enrobés d'une ganache onctueuse saveur cookie dough , le tout recouvert d'un velvet de chocolat au lait irrésistible.	https://www.mesbonbons.net/fr/shop/copy-copy-kitkat-chunky-24-x-40-g	https://fladis.azureedge.net/erp/7acd55f1-877c-491d-9f1e-640ee9633983.png	in_stock	1.49 EUR	KitKat	3800020401897	yes	new
9001	Coca-Cola Light - 330 ml	Découvrez la fraîcheur intemporelle de Coca-Cola Light , maintenant en format pratique ! Cette version « light » du soda emblématique offre le même goût rafraîchissant et pétillant, sans sucre ajouté et sans calories.	https://www.mesbonbons.net/fr/shop/coca-cola-light-330-ml	https://fladis.azureedge.net/erp/34ddb8c5-f636-4be4-a18c-c2812f859a87.png	in_stock	2.00 EUR	Coca-Cola	5449000214812	yes	new
