releve;id;adresse;stock;disponibilite;prix_TTC;erreur
2026-10-03 15:25;326;dulceplus-ananas---1-kg;2;in_stock;6.99;
2026-10-03 15:25;329;dulceplus-banane-sucree---1-kg;0;out_of_stock;6.99;
2026-10-03 15:25;350;dulceplus-cerise---1-kg;0;out_of_stock;6.99;
2026-10-03 15:25;398;dulceplus-mini-bton-multicolore;-1;out_of_stock;6.99;
2026-10-03 15:25;404;dulceplus-mini-cble-fraise-crme---1-kg;2;in_stock;6.99;
2026-10-03 15:25;406;dulceplus-mix-fiesta-sucr---1-kg;2;in_stock;6.99;
2026-10-03 15:25;416;dulceplus-pomme-sucree---1-kg;9;in_stock;6.99;
2026-10-03 15:25;436;frisia-champignon-fruit---1250-kg;13;in_stock;9.99;
2026-10-03 15:25;438;frisia-bouteille-cola---15-kg;26;in_stock;10.99;
2026-10-03 15:25;441;frisia-bouteille-bubblegum-citrique---15-kg;13;in_stock;10.99;
2026-10-03 15:25;442;frisia-briquette-citrique---125-kg;14;in_stock;9.99;
2026-10-03 15:25;444;frisia-ttine-bleue-citrique---125-kg;-14;in_stock;9.99;
2026-10-03 15:25;445;frisia-stick-citrique---15-kg;9;in_stock;10.99;
2026-10-03 15:25;447;frisia-mini-langue-citrique---15-kg;18;in_stock;10.99;
2026-10-03 15:25;454;frisia-confetti---15-kg;-3;in_stock;10.99;
2026-10-03 15:25;458;frisia-fraise-sucree-15-kg;14;in_stock;10.99;
2026-10-03 15:25;459;frisia-fruit-sans-sucre---15-kg;8;in_stock;14.99;
2026-10-03 15:25;461;frisia-hot-lips-lvres---15-kg;4;in_stock;10.99;
2026-10-03 15:25;462;frisia-langue-cola---125-kg;11;in_stock;9.99;
2026-10-03 15:25;466;frisia-langue-fruits---125-kg;-12;in_stock;9.99;
2026-10-03 15:25;469;frisia-monstre---1250-kg;11;in_stock;9.99;
2026-10-03 15:25;471;frisia-ourson-sans-sucre-15-kg;7;in_stock;15.49;
2026-10-03 15:25;473;frisia-pinceaux---150-kg;10;in_stock;10.99;
2026-10-03 15:25;474;frisia-rocket-balls-fraise---200-picess;4;in_stock;14.49;
2026-10-03 15:25;477;frisia-rocket-balls-mre---200-pices;2;in_stock;14.49;
2026-10-03 15:25;479;frisia-rocket-balls-pastque---200-pices;13;in_stock;14.49;
2026-10-03 15:25;480;frisia-rocket-balls-pomme---200-pices;12;in_stock;14.49;
2026-10-03 15:25;482;frisia-serpent---15-kg;6;in_stock;10.99;
2026-10-03 15:25;488;frisia-souris---15-kg;9;in_stock;10.99;
2026-10-03 15:25;489;frisia-tortue---15-kg;1;in_stock;10.99;
2026-10-03 15:25;491;frisia-winegum---15-kg;6;in_stock;10.99;
2026-10-03 15:25;501;frisia-orque---15-kg;21;in_stock;10.99;
2026-10-03 15:25;508;frisia-cerise-citrique---15-kg;20;in_stock;10.99;
2026-10-03 15:25;517;arizona-green-tea-pomegranate---500-ml;19;in_stock;3.00;
2026-10-03 15:25;532;haribo-ourson-dor---1-kg;19;in_stock;8.99;
2026-10-03 15:25;536;haribo-pico-balla---1-kg;-24;in_stock;8.99;
2026-10-03 15:25;537;haribo-happy-cola-mini---1-kg;-8;in_stock;8.99;
2026-10-03 15:25;538;haribo-happy-cola-grand---1-kg;8;in_stock;8.99;
2026-10-03 15:25;554;vidal-anacondas---1-kg;2;in_stock;8.99;
2026-10-03 15:25;556;haribo-vers-luisants---1-kg;5;in_stock;8.99;
2026-10-03 15:25;558;haribo-balla-balla-red---1-kg;6;in_stock;8.99;
2026-10-03 15:25;559;haribo-croco;-34;in_stock;8.99;
2026-10-03 15:25;560;vidal-cerveau---1-kg;56;in_stock;8.99;
2026-10-03 15:25;562;vidal-citrouille---1-kg;43;in_stock;8.99;
2026-10-03 15:25;563;vidal-crne-mauve---1-kg;51;in_stock;8.99;
2026-10-03 15:25;567;vidal-jelly-creepy-11-x-6-pices;26;in_stock;19.99;
2026-10-03 15:25;568;haribo-rotella-fruit---1-kg;0;in_stock;8.99;
2026-10-03 15:25;569;vidal-jelly-dino-11-x-6-pices;25;in_stock;19.99;
2026-10-03 15:25;571;vidal-jelly-ocean---11-x-6-pices;18;in_stock;19.99;
2026-10-03 15:25;572;haribo-grenouille---1-kg;8;in_stock;8.99;
2026-10-03 15:25;573;vidal-licorne---1-kg;8;in_stock;8.99;
2026-10-03 15:25;574;haribo-cerise-double---1-kg;-17;in_stock;8.99;
2026-10-03 15:25;575;vidal-os---1-kg;29;in_stock;8.99;
2026-10-03 15:25;576;haribo-maoam-kracher-fruit---1-kg;-12;out_of_stock;8.99;
2026-10-03 15:25;577;vidal-pirate---250-pices---15-kg;41;in_stock;12.99;
2026-10-03 15:25;584;vidal-yeux---1-kg;13;in_stock;8.99;
2026-10-03 15:25;596;verquin-souris-caramel---2-kg;7;in_stock;38.99;
2026-10-03 15:25;600;frisia-ufo-tubo---125-g;276;in_stock;3.99;
2026-10-03 15:25;601;twix-shake---350-ml;7;in_stock;2.50;
2026-10-03 15:25;606;twist-and-drink-framboise---20-cl;64;in_stock;1.49;
2026-10-03 15:25;607;twist-and-drink-fruits-des-bois---200-ml;3;in_stock;1.49;
2026-10-03 15:25;612;trolli-vache---1-kg;27;in_stock;8.99;
2026-10-03 15:25;613;trolli-twist-vers-enlacs---1-kg;-3;in_stock;8.99;
2026-10-03 15:25;614;trolli-souris---1-kg;3;in_stock;8.99;
2026-10-03 15:25;617;trolli-pieuvre---1-kg;-9;in_stock;8.99;
2026-10-03 15:25;618;trolli-pop-eye---4-pices---75-g;722;in_stock;2.49;
2026-10-03 15:25;621;trolli-pingouin---1-kg;12;in_stock;8.99;
2026-10-03 15:25;625;trolli-mini-burger---80-pices---800-g;15;in_stock;20.49;
2026-10-03 15:25;632;trolli-luciole-citrique---1-kg;4;in_stock;8.99;
2026-10-03 15:25;633;trolli-big-burger---50-g;-553;in_stock;1.50;
2026-10-03 15:25;634;trolli-fraise-en-mousse---1-kg;9;in_stock;8.99;
2026-10-03 15:25;635;trolli-dracula---1-kg;-8;in_stock;8.99;
2026-10-03 15:25;636;trolli-cerise---1-kg;8;in_stock;8.99;
2026-10-03 15:25;638;trolli-anneau-pomme---1-kg;0;in_stock;8.99;
2026-10-03 15:25;639;trolli-anneau-pche---1-kg;13;in_stock;8.99;
2026-10-03 15:25;641;trolli-dinorex-citrique---150-g;0;out_of_stock;1.50;
2026-10-03 15:25;642;trolli-pizza---1-kg;17;in_stock;8.99;
2026-10-03 15:25;643;trolli-funiverse-sour-mix---1-kg;7;in_stock;8.99;
2026-10-03 15:25;647;trinketto---24-x-70-ml;330;in_stock;8.99;
2026-10-03 15:25;653;trefin-hartmint---200-g;15;in_stock;2.85;
2026-10-03 15:25;654;trefin-hartmint---3-kg;3;in_stock;32.79;
2026-10-03 15:25;655;trefin-eucalypto---175-g;4;in_stock;2.85;
2026-10-03 15:25;656;trefin-eclair---150-g;31;in_stock;2.85;
2026-10-03 15:25;658;trefin-cafina-175-g;-7;out_of_stock;2.99;
2026-10-03 15:25;660;warheads-sour-soda-pomme-verte---355-ml;11;in_stock;2.50;
2026-10-03 15:25;661;warheads-sour-soda-framboise-bleue---355-ml;-3;in_stock;2.50;
2026-10-03 15:25;665;tic-tac-menthe---49-g;7;in_stock;2.99;
2026-10-03 15:25;667;tic-tac-orange---49-g;-8;in_stock;2.99;
2026-10-03 15:25;678;lollywood-elphant-bleu---1-kg;34;in_stock;10.99;
2026-10-03 15:25;681;lollywood-btonnet-blancs-fraise---1-kg;5;in_stock;8.99;
2026-10-03 15:25;682;lollywood-btonnets-fraise---1-kg;23;in_stock;8.99;
2026-10-03 15:25;684;lollywood-btonnets-pomme---1-kg;18;in_stock;8.99;
2026-10-03 15:25;685;haribo-balla-balla-red-fizz---1-kg;15;in_stock;8.99;
2026-10-03 15:25;687;lollywood-btonnets-pomme-citrique---1-kg;9;in_stock;8.99;
2026-10-03 15:25;688;haribo-love-fizz---1-kg;5;in_stock;8.99;
2026-10-03 15:25;689;lollywood-btonnets-fraise-citrique---1-kg;12;in_stock;8.99;
2026-10-03 15:25;691;lollywood-btonnets-mix-citrique---1-kg;13;in_stock;8.99;
2026-10-03 15:25;698;frisia-bouteille-cola-citrique---3-kg;9;in_stock;19.99;
2026-10-03 15:25;702;haribo-rainbow-pixel-fizz---1-kg;15;in_stock;8.99;
2026-10-03 15:25;705;frisia-ourson-citrique---3-kg;-3;in_stock;19.99;
2026-10-03 15:25;707;haribo-cool-bananas---1-kg;11;in_stock;8.99;
2026-10-03 15:25;708;lollywood-dino---1-kg;-2;in_stock;10.99;
2026-10-03 15:25;710;frisia-bouteille-cherry-cola-citrique---3-kg;0;in_stock;19.99;
2026-10-03 15:25;711;lollywood-lacet-cola-citrique---1-kg;12;in_stock;8.99;
2026-10-03 15:25;713;haribo-coeur-framboise---1-kg;-3;in_stock;8.99;
2026-10-03 15:25;714;frisia-bouteille-milkshake---2-kg;7;in_stock;15.99;
2026-10-03 15:25;716;haribo-happy-cherry-fizz---1-kg;8;in_stock;8.99;
2026-10-03 15:25;717;lollywood-lacet-fraise-citrique---1-kg;6;in_stock;8.99;
2026-10-03 15:25;719;lollywood-lacet-framboise-citrique---1-kg;20;in_stock;8.99;
2026-10-03 15:25;720;frisia-vers-multicolore-citrique---3-kg;9;in_stock;19.99;
2026-10-03 15:25;722;lollywood-lacet-pomme-citrique---1-kg;-3;in_stock;8.99;
2026-10-03 15:25;724;frisia-bouteille-jumbo-bubblegum-citrique---3-kg;-8;in_stock;19.99;
2026-10-03 15:25;725;lollywood-revolvers-fruits---1-kg;7;in_stock;8.99;
2026-10-03 15:25;728;frisia-ttine-cola-citrique---3-kg;-3;in_stock;19.99;
2026-10-03 15:25;731;haribo-pasta-frutta---1-kg;20;in_stock;8.99;
2026-10-03 15:25;733;frisia-ttine-tropicale-citrique---3-kg;-2;in_stock;19.99;
2026-10-03 15:25;735;frisia-langue-bleue---3-kg;33;in_stock;19.99;
2026-10-03 15:25;737;fini-coeur-tricolore---1-kg;9;in_stock;9.99;
2026-10-03 15:25;739;frisia-fraise-sucre---3-kg;4;in_stock;19.99;
2026-10-03 15:25;741;haribo-pamplemousse---1-kg;-13;in_stock;8.99;
2026-10-03 15:25;742;haribo-croco-pik---2-kg;5;in_stock;20.49;
2026-10-03 15:25;747;haribo-dragibus---2-kg;198;in_stock;19.49;
2026-10-03 15:25;750;lollywood-mlange-rouge---1-kg;8;in_stock;8.99;
2026-10-03 15:25;751;haribo-fraizibus---2-kg;9;in_stock;19.49;
2026-10-03 15:25;754;haribo-cherry-pik---2-kg;6;in_stock;20.49;
2026-10-03 15:25;756;lollywood-chewing-gum-melon-acidul---1-kg;8;in_stock;10.99;
2026-10-03 15:25;758;lollywood-stick-citrique---1-kg;8;in_stock;10.99;
2026-10-03 15:25;759;haribo-banane-dure---15-kg;-4;in_stock;15.99;
2026-10-03 15:25;761;lutti-arlequin---1-kg;5;in_stock;11.99;
2026-10-03 15:25;763;haribo-pche---3-kg;10;in_stock;25.99;
2026-10-03 15:25;766;lutti-arlequin-fizz---1-kg;28;in_stock;20.99;
2026-10-03 15:25;767;frisia-frite-citrique---3-kg;17;in_stock;19.99;
2026-10-03 15:25;770;lutti-bubblizz---2-kg;-3;in_stock;20.99;
2026-10-03 15:25;773;frisia-uf-au-plat---3-kg;12;in_stock;19.99;
2026-10-03 15:25;774;lutti-dents-dracula---3-kg;11;in_stock;25.99;
2026-10-03 15:25;775;frisia-agent-mauve-violette---3-kg;-3;in_stock;19.99;
2026-10-03 15:25;776;lutti-fraise-sucre---3-kg;2;in_stock;25.99;
2026-10-03 15:25;778;frisia-pche---3-kg;6;in_stock;19.99;
2026-10-03 15:25;779;frisia-ttine-fruits-citrique---3-kg;-3;in_stock;19.99;
2026-10-03 15:25;782;haribo-fraise-tagada---15-kg;12;in_stock;15.99;
2026-10-03 15:25;784;frisia-cerise-lave---3-kg;-4;in_stock;19.99;
2026-10-03 15:25;787;frisia-ttine-pastque-citrique---3-kg;11;in_stock;19.99;
2026-10-03 15:25;789;lutti-poisson-tropical---3-kg;7;in_stock;25.99;
2026-10-03 15:25;793;frisia-grenouille---3-kg;1;in_stock;19.99;
2026-10-03 15:25;794;lutti-dents-dracula-citrique---3-kg;37;in_stock;25.99;
2026-10-03 15:25;801;haribo-schtroumpf---3-kg;-1;in_stock;25.99;
2026-10-03 15:25;804;frisia-pomme-citrique---3-kg;3;in_stock;19.99;
2026-10-03 15:25;809;matthijs-quequette-couleur---1-kg;12;in_stock;12.49;
2026-10-03 15:25;846;haribo-bouteille-cherry-cola;3;in_stock;25.99;
2026-10-03 15:25;847;frisia-souris-noire---3-kg;-18;in_stock;19.99;
2026-10-03 15:25;849;copy-frisia-winegum---15-kg;9;in_stock;19.99;
2026-10-03 15:25;852;thijs-etoile---1-kg;6;in_stock;10.79;
2026-10-03 15:25;858;thijs-grand-cur---1-kg;30;in_stock;10.79;
2026-10-03 15:25;862;thijs-oursons---1-kg;13;in_stock;10.79;
2026-10-03 15:25;863;thijs-pyramide---1-kg;-4;in_stock;10.79;
2026-10-03 15:25;864;frisia-ttine-bubblegum-citrique---3-kg;-2;in_stock;19.99;
2026-10-03 15:25;866;gicopa-fleur-violette---1-kg;-90;in_stock;10.99;
2026-10-03 15:25;874;haribo-ttine---3-kg;9;in_stock;25.99;
2026-10-03 15:25;875;gicopa-fleurs-assorties---1-kg;-4;in_stock;10.99;
2026-10-03 15:25;877;etna-vierge-guimauve---15-kg;-1;in_stock;15.99;
2026-10-03 15:25;880;frisia-space-mix---3-kg;12;in_stock;19.99;
2026-10-03 15:25;881;haribo-carensac---2-kg;-1;in_stock;20.49;
2026-10-03 15:25;884;frisia-anneau-fruit-citrique---3-kg;1;in_stock;19.99;
2026-10-03 15:25;888;haribo-mini-cocobat---2-kg;-18;in_stock;20.49;
2026-10-03 15:25;893;jelly-beans---1-kg;-1;in_stock;11.99;
2026-10-03 15:25;906;haribo-marshmallow-rubino---1-kg;0;in_stock;10.99;
2026-10-03 15:25;917;bulgari-balle-de-golf-noire-marshmallow-vanille---900-g;10;in_stock;9.99;
2026-10-03 15:25;930;frisia-fraise-gante---3-kg;7;in_stock;19.99;
2026-10-03 15:25;932;frisia-ttine-colore-citrique---3-kg;4;in_stock;19.99;
2026-10-03 15:25;936;frisia-famous-fruit-3-kg;10;in_stock;19.99;
2026-10-03 15:25;963;joris-meli-melo---1-kg;-12;in_stock;9.99;
2026-10-03 15:25;964;joris-souris-noire---1-kg;0;out_of_stock;9.99;
2026-10-03 15:25;966;joris-souris---1kg;-26;in_stock;9.99;
2026-10-03 15:25;967;joris-citros---1-kg;5;in_stock;18.99;
2026-10-03 15:25;968;joris-ourson---1-kg;12;in_stock;9.99;
2026-10-03 15:25;969;joris-belga---1-kg;2;in_stock;18.99;
2026-10-03 15:25;970;joris-mandarine---1-kg;6;in_stock;9.99;
2026-10-03 15:25;971;joris-cerise-tendre---1-kg;8;in_stock;9.99;
2026-10-03 15:25;973;joris-cerise-lavee---1-kg;3;in_stock;18.99;
2026-10-03 15:25;974;joris-carre-menthe---1-kg;15;in_stock;9.99;
2026-10-03 15:25;975;joris-briquette-verte---1-kg;0;in_stock;18.99;
2026-10-03 15:25;976;joris-gomme-anis---1-kg;1;in_stock;9.99;
2026-10-03 15:25;977;joris-ourson-cola---1-kg;4;in_stock;9.99;
2026-10-03 15:25;978;joris-fleur-violette-sucree---1-kg;6;in_stock;9.99;
2026-10-03 15:25;979;joris-briquette-menthol---1-kg;11;in_stock;18.99;
2026-10-03 15:25;980;joris-agent-mauve-violette---1-kg;8;in_stock;18.99;
2026-10-03 15:25;982;joris-gomme-verte---1-kg;-2;in_stock;18.99;
2026-10-03 15:25;983;joris-boules-assorties---1-kg;2;in_stock;18.99;
2026-10-03 15:25;984;joris-bouteille-cola---1-kg;3;in_stock;18.99;
2026-10-03 15:25;997;carambar-barbe-papa---180-pices;4;in_stock;24.99;
2026-10-03 15:25;1014;carambar-cola---180-pices;4;in_stock;24.99;
2026-10-03 15:25;1021;carambar-caranougat---180-pices;0;out_of_stock;26.99;
2026-10-03 15:25;1030;malabar-fraise---200-pices;8;in_stock;29.99;
2026-10-03 15:25;1038;malabar-tutti-frutti---200-pices;7;in_stock;29.99;
2026-10-03 15:25;1042;ttes-brles-bille-framboise---300-pices---870-g;10;in_stock;15.49;
2026-10-03 15:25;1048;ttes-brles-bille-cola---300-pices---870-g;0;out_of_stock;15.49;
2026-10-03 15:25;1050;ttes-brles-bille-fraise---300-pices---870-g;-2;out_of_stock;15.49;
2026-10-03 15:25;1052;jawbreaker-fireball---40-pices---1320-g;16;in_stock;14.99;
2026-10-03 15:25;1054;ttes-brles-barre-cola---150-pices---15-kg;17;in_stock;20.49;
2026-10-03 15:25;1057;copy-jawbreaker-watermelon---40-pices---1320-g;64;in_stock;0.50;
2026-10-03 15:25;1058;jawbreaker-sour-apple---40-pices---1320-g;20;in_stock;14.99;
2026-10-03 15:25;1059;ttes-brles-barre-fraise---150-pices---15-kg;3;in_stock;20.49;
2026-10-03 15:25;1063;jawbreaker-strawberry---40-pices---1320-g;9;in_stock;14.99;
2026-10-03 15:25;1065;jawbreaker-on-a-stick---15-pices---900-g;0;out_of_stock;16.99;
2026-10-03 15:25;1068;ttes-brles-barre-de-feu---150-pices---15-kg;10;in_stock;20.49;
2026-10-03 15:25;1072;ttes-brles-barre-pomme---150-pices---15-kg;13;in_stock;20.49;
2026-10-03 15:25;1073;mammouth-jawbreaker---18-pices---1470-g;261;in_stock;22.49;
2026-10-03 15:25;1078;jawbreaker-tropical---40-pices---1320-g;27;in_stock;14.99;
2026-10-03 15:25;1080;joris-zout---1-kg;9;in_stock;18.99;
2026-10-03 15:25;1081;joris-gomme-pectorale-assortie---1-kg;1;in_stock;18.99;
2026-10-03 15:25;1083;ttes-brles-barre-de-feu-x-5-pices;36;in_stock;1.09;
2026-10-03 15:25;1087;ttes-brles-barre-framboise---150-pices;7;in_stock;20.49;
2026-10-03 15:25;1095;jawbreaker-jumbo-flavour-frenzy---1634-g;15;in_stock;19.99;
2026-10-03 15:25;1099;haribo-mega-roulette---40-pices---18-kg;65;in_stock;21.49;
2026-10-03 15:25;1100;haribo-mega-roulette---45-g;-44;in_stock;1.00;
2026-10-03 15:25;1102;haribo-mega-roulette-sour---40-pices---18-kg;144;in_stock;21.49;
2026-10-03 15:25;1103;haribo-mega-roulette-sour---45-g;25;in_stock;1.00;
2026-10-03 15:25;1132;haribo-cool-bananas---100g;-54;in_stock;1.99;
2026-10-03 15:25;1134;crazy-dips-sucette-cola---14-g;-205;in_stock;0.50;
2026-10-03 15:25;1163;crazy-dips-sucette-fraise-ddm-1125-24-pieces-336-g;4;in_stock;11.99;
2026-10-03 15:25;1176;crazy-dips-sucette-fraise---24-pieces---14-g;-382;in_stock;0.50;
2026-10-03 15:25;1177;frizzy-pazzy-fraise-chewing-gum---50-pieces---350-g;33;in_stock;21.49;
2026-10-03 15:25;1178;frizzy-pazzy-fraise-chewing-gum---7-g;-452;in_stock;0.50;
2026-10-03 15:25;1183;joris-menthol---1-kg;7;in_stock;18.99;
2026-10-03 15:25;1185;mentos-fruit---40-pices---375-g;7;in_stock;39.99;
2026-10-03 15:25;1189;joris-bouteille-cola-sans-sucre---1-kg;4;in_stock;16.49;
2026-10-03 15:25;1193;lutti-tubble-gum-color-framboise---35-g;-51;in_stock;1.00;
2026-10-03 15:25;1197;lutti-tubble-gum-tutti-frutti---36-pieces---1260-g;12;in_stock;32.49;
2026-10-03 15:25;1198;lutti-tubble-gum-tutti-frutti---35-g;-102;in_stock;1.00;
2026-10-03 15:25;1201;joris-ours-sans-sucre---1-kg;5;in_stock;16.49;
2026-10-03 15:25;1203;lutti-roll-up-fraise---29-g;12;in_stock;1.25;
2026-10-03 15:25;1204;joris-souris-sans-sucre---1-kg;-4;in_stock;16.49;
2026-10-03 15:25;1206;lutti-roll-up-tutti-frutti---29-g;1;in_stock;1.25;
2026-10-03 15:25;1208;joris-cerise-lavee-sans-sucre---1-kg;-2;in_stock;16.49;
2026-10-03 15:25;1263;cuberdon-ananas---2-kg;-1;out_of_stock;27.99;
2026-10-03 15:25;1269;cuberdon-cerise---2-kg;-1;out_of_stock;27.99;
2026-10-03 15:25;1270;cuberdon-citron---2-kg;-2;out_of_stock;27.99;
2026-10-03 15:25;1272;fini-booom-vampire-bubble-gum---200-pices;9;in_stock;16.99;
2026-10-03 15:25;1274;cuberdon-framboise---2-kg;9;in_stock;27.99;
2026-10-03 15:25;1284;cuberdon-pomme---2-kg;0;out_of_stock;27.99;
2026-10-03 15:25;1285;cuberdon-violette---2-kg;9;in_stock;27.99;
2026-10-03 15:25;1295;geldhof-grand-cuberdon-framboise---2-kg;4;in_stock;36.99;
2026-10-03 15:25;1319;haribo-grenouille-tubo---150-pieces---105-kg;57;in_stock;11.99;
2026-10-03 15:25;1320;haribo-happy-cola-tubo---150-pieces---12-kg;8;in_stock;11.99;
2026-10-03 15:25;1323;haribo-nains-tubo---150-pieces---135-kg;7;in_stock;11.99;
2026-10-03 15:25;1324;joris-coeur-rouge---1-kg;-5;in_stock;14.99;
2026-10-03 15:25;1327;haribo-rotella-fruit-tubo---150-pieces---12-kg;3;in_stock;11.99;
2026-10-03 15:25;1329;haribo-happy-cherries-tubo---150-pieces---12-kg;3;in_stock;11.99;
2026-10-03 15:25;1335;haribo-happy-peaches-tubo---150-pieces---135-kg;3;in_stock;11.99;
2026-10-03 15:25;1336;joris-meli-melo-sucre-orange---1-kg;1;in_stock;13.99;
2026-10-03 15:25;1337;haribo-cherry-cola-tubo---150-pieces---135-kg;7;in_stock;11.99;
2026-10-03 15:25;1342;joris-meli-melo-sucre-mauve---1-kg;0;in_stock;13.99;
2026-10-03 15:25;1343;joris-meli-melo-sucre-vert---1-kg;5;in_stock;13.99;
2026-10-03 15:25;1345;joris-ours-acidule---800-g;-3;in_stock;13.99;
2026-10-03 15:25;1346;lollywood-tapis-citrique-pomme-tubo---172-kg;-14;out_of_stock;17.69;
2026-10-03 15:25;1362;lollywood-tapis-citrique-cola-tubo---172-kg;-6;out_of_stock;17.69;
2026-10-03 15:25;1363;lollywood-tapis-citrique-framboise-tubo---172-kg;14;in_stock;17.69;
2026-10-03 15:25;1365;lollywood-tapis-citrique-fraise-tubo---172-kg;4;in_stock;17.69;
2026-10-03 15:25;1419;fruit-tella-summer-fruits---3-kg;2;in_stock;34.99;
2026-10-03 15:25;1438;sweet-party-tapis-fraise-citrique---200-pices;-7;in_stock;13.99;
2026-10-03 15:25;1453;napoleon-citron---1-kg;11;in_stock;15.49;
2026-10-03 15:25;1457;napoleon-framboise---1-kg;17;in_stock;15.49;
2026-10-03 15:25;1458;napoleon-mix-fruit---1-kg;7;in_stock;15.49;
2026-10-03 15:25;1461;napoleon-tropical---1-kg;0;in_stock;15.49;
2026-10-03 15:25;1471;dr-toms-eucalytus-menthol---1-kg;41;in_stock;14.49;
2026-10-03 15:25;1479;damel-jumbo-stick-fraise-citrique-tubo---30-pieces;8;in_stock;13.99;
2026-10-03 15:25;1521;sucette-swigle-pop-bubble-gum---50-pieces---600-g;5;in_stock;12.99;
2026-10-03 15:25;1534;sucette-swigle-pop-fruit---50-pieces---600-g;5;in_stock;12.99;
2026-10-03 15:25;1543;holland-foodz---sucette-fruit---200-pieces;4;in_stock;12.99;
2026-10-03 15:25;1544;sucette-swigle-pop-pink-lemonade---50-pieces---600-g;20;in_stock;12.99;
2026-10-03 15:25;1548;sucette-swigle-pop-watermelon---50-pieces---600-g;24;in_stock;12.99;
2026-10-03 15:25;1550;sucette-swigle-pop-hearts---50-pieces---600-g;6;in_stock;12.99;
2026-10-03 15:25;1554;sucette-swigle-stick-watermelon---50-pieces---500-g;16;in_stock;9.99;
2026-10-03 15:25;1557;sucette-swigle-stick-strawberry---50-pieces---500-g;13;in_stock;9.99;
2026-10-03 15:25;1563;joris-ours-acidule---100-g;29;in_stock;1.79;
2026-10-03 15:25;1564;joris-meli-melo---125-g;84;in_stock;1.79;
2026-10-03 15:25;1565;joris-ourson---125-g;8;in_stock;1.79;
2026-10-03 15:25;1566;joris-cerise-lavee---130-g;49;in_stock;2.39;
2026-10-03 15:25;1567;joris-gomme-verte---130-g;14;in_stock;2.39;
2026-10-03 15:25;1568;joris-belga---130-g;-3;in_stock;2.39;
2026-10-03 15:25;1569;joris-souris---125-g;67;in_stock;1.79;
2026-10-03 15:25;1570;joris-menthol---130-g;13;in_stock;2.39;
2026-10-03 15:25;1571;joris-carre-menthe---125-g;80;in_stock;1.79;
2026-10-03 15:25;1572;sucette-swigle-stick-pink-lemonade---50-pieces---500-g;44;in_stock;9.99;
2026-10-03 15:25;1578;sucette-swigle-stick-bubble-gum---50-pieces---500-g;21;in_stock;9.99;
2026-10-03 15:25;1591;sucette-swigle-stick-fruit---50-pieces---500-g;4;in_stock;9.99;
2026-10-03 15:25;1593;joris-souris-noire---125-g;85;in_stock;1.79;
2026-10-03 15:25;1607;lollywood-sucette-massue-cola---100-pieces;5;in_stock;18.99;
2026-10-03 15:25;1609;joris-pector-brun---130-g;21;in_stock;2.39;
2026-10-03 15:25;1648;sucette-swigle-pop-torsade---1-piece---125-g;74;in_stock;2.50;
2026-10-03 15:25;1663;joris-curix---13-g;-312;in_stock;2.39;
2026-10-03 15:25;1666;fresquito-dip-lick-cerise-1-piece-17-g;-105;in_stock;0.50;
2026-10-03 15:25;1756;gicopa-cannelle---100-g;-35;in_stock;1.30;
2026-10-03 15:25;1758;gicopa-cerise-citrique---100-g;-88;out_of_stock;1.30;
2026-10-03 15:25;1763;gicopa-framboise---100-g;-38;out_of_stock;1.30;
2026-10-03 15:25;1764;gicopa-glaon-ligeois---100-g;35;in_stock;1.30;
2026-10-03 15:25;1765;gicopa-fleur-violette---100-g;-218;in_stock;1.30;
2026-10-03 15:25;1786;haribo-happy-cola-75-g-x-28-pieces;0;out_of_stock;25.99;
2026-10-03 15:25;1788;haribo-happy-cherries-fizz---70-g-x-28-pieces;3;in_stock;27.99;
2026-10-03 15:25;1790;haribo-grenouilles---75-g-x-28-pieces;-2;in_stock;25.99;
2026-10-03 15:25;1807;haribo-starmix---75-g-x-28-pieces;-1;in_stock;25.99;
2026-10-03 15:25;1809;haribo-tangfastics---75-g-x-28-pieces;0;out_of_stock;25.99;
2026-10-03 15:25;1811;haribo-pasta-frutta---70-g-x-28-pieces;0;out_of_stock;27.99;
2026-10-03 15:25;1815;haribo-sghetti-red-fizz---70-g-x-28-pieces;3;in_stock;27.99;
2026-10-03 15:25;1817;haribo-schtroumpfs---75-g-x-28-pieces;-1;in_stock;25.99;
2026-10-03 15:25;1834;mms-peanuts---90-g;0;out_of_stock;1.20;
2026-10-03 15:25;1836;cte-dor-chokotoff-noir---25-kg;16;in_stock;55.99;
2026-10-03 15:25;1838;cte-dor-nougatti---30-g-x-24-pices;11;in_stock;28.49;
2026-10-03 15:25;1842;cte-dor-btons-assortis---46-g-x-56-pices;1;in_stock;73.99;
2026-10-03 15:25;1845;kinder-maxi---21-g-x-36-pieces;-5;in_stock;15.49;
2026-10-03 15:25;1846;kinder-country-235-g-x-40-pieces;0;in_stock;26.99;
2026-10-03 15:25;1885;trolli-funiverse-sour-mix---100g;-3;in_stock;1.99;
2026-10-03 15:25;1888;kinder-bueno---43-g-x-30-pices;-3;in_stock;30.99;
2026-10-03 15:25;1889;kinder-bueno-white---39-g-x-30-pices;2;in_stock;30.99;
2026-10-03 15:25;1890;mini-kinder-bueno---108-g;221;in_stock;2.99;
2026-10-03 15:25;1891;bounty-57-g-x-24-pices;11;in_stock;18.99;
2026-10-03 15:25;1892;lion---42-g-x-24-pices;6;in_stock;18.49;
2026-10-03 15:25;1897;cha-cha---27-g-x-50-pices;2;in_stock;40.99;
2026-10-03 15:25;1899;milkyway---43-g-x-28-pices;7;in_stock;20.99;
2026-10-03 15:25;1900;lollywood-sucette-cerise-double-tige---75-pices;-5;out_of_stock;18.99;
2026-10-03 15:25;1902;lollywood-sucettes-fruit---200-pices;-14;in_stock;12.49;
2026-10-03 15:25;1905;sucettes-piccolos---200-pices;8;in_stock;14.99;
2026-10-03 15:25;1907;milka-leo---333-g-x-32-pices;1;in_stock;24.49;
2026-10-03 15:25;1908;milka-leo-chocolat-blanc---333-g;44;in_stock;1.00;
2026-10-03 15:25;1909;bonbon-caramel-chocolat-caf-crme-sans-sucre---1-kg;5;in_stock;18.99;
2026-10-03 15:25;1911;maltesers-37-g-x-25-pices;0;in_stock;19.49;
2026-10-03 15:25;1917;mms-peanuts---45-g-x-24-pices;3;in_stock;18.99;
2026-10-03 15:25;1918;mms-chocolat---45-g-x-24-pices;1;in_stock;18.99;
2026-10-03 15:25;1919;royco-cacao---20-pices;0;out_of_stock;15.49;
2026-10-03 15:25;1922;thijs-mix-sucette-nougat-au-chocolat-blanclait---120-pices;0;out_of_stock;20.99;
2026-10-03 15:25;1923;seau-de-barbe-papa---150-g;136;in_stock;6.99;
2026-10-03 15:25;1926;seau-chupa-chups-fruit---150-pices---18-kg;104;in_stock;24.99;
2026-10-03 15:25;1932;carlier-nougat-vanille---1-kg;-4;in_stock;13.99;
2026-10-03 15:25;1937;milka-favourites---108-pices---1-kg;9;in_stock;17.99;
2026-10-03 15:25;1941;nutella---3-kg;6;in_stock;33.99;
2026-10-03 15:25;1953;pictolin-jelly-fruit-sans-sucre---1-kg;0;out_of_stock;15.99;
2026-10-03 15:25;1954;kubli-delice-cacahuete---3-kg;1;in_stock;39.99;
2026-10-03 15:25;1956;cte-dor-mignonnette-au-lait---10-g-x-120-pices;81;in_stock;16.99;
2026-10-03 15:25;1959;confiserie-2000-fruit-turc---3-kg;0;in_stock;29.99;
2026-10-03 15:25;1987;jelly-belly-american-classic---70-g;13;in_stock;2.69;
2026-10-03 15:25;1994;jelly-belly-cocktail-classics---70-g;13;in_stock;2.69;
2026-10-03 15:25;1996;jelly-belly-cotton-candy---70-g;0;out_of_stock;2.69;
2026-10-03 15:25;2027;lutti-bubblizz---100g;-118;in_stock;1.99;
2026-10-03 15:25;2030;monster-energy-juiced-monarch---500-ml;14;in_stock;3.00;
2026-10-03 15:25;2032;monster-energy-ultra-watermelon-zero-sugar-500-ml;0;in_stock;3.00;
2026-10-03 15:25;2035;monster-energy-zero-sugar---500-ml;7;in_stock;3.00;
2026-10-03 15:25;2060;jelly-belly-very-cherry---70-g;14;in_stock;2.69;
2026-10-03 15:25;2070;jelly-belly-cocktail-classics---125-g;37;in_stock;7.49;
2026-10-03 15:25;2159;mms-crispy---36-g-x-24-pices;7;in_stock;18.99;
2026-10-03 15:25;2187;gicopa-cannelle---24-pices---24-kg;2;in_stock;30.49;
2026-10-03 15:25;2189;gicopa-cerise-citrique---24-pices---24-kg;3;in_stock;30.49;
2026-10-03 15:25;2194;gicopa-framboise---24-pices---24-kg;13;in_stock;30.49;
2026-10-03 15:25;2196;gicopa-fleur-violette---24-pices---24-kg;13;in_stock;30.49;
2026-10-03 15:25;2207;haribo-ourson-dor-tubo---100-mini-sachets---980-g;5;in_stock;15.49;
2026-10-03 15:25;2209;haribo-acidofilo-tagada-pik-tubo---300-pieces---18-kg;8;in_stock;17.99;
2026-10-03 15:25;2210;hitschies-sour-mix---1-kg;-15;in_stock;14.69;
2026-10-03 15:25;2211;hitschies-mix-original---1-kg;-11;in_stock;14.69;
2026-10-03 15:25;2224;cupcake-candy---12-pices;5;in_stock;9.99;
2026-10-03 15:25;2226;double-sour-dip---12-pices;0;out_of_stock;13.99;
2026-10-03 15:25;2230;gullon-chocolate-wafer-sans-sucre---180-g;6;in_stock;1.79;
2026-10-03 15:25;2235;gullon-twins-sans-sucre---210-g;9;in_stock;2.49;
2026-10-03 15:25;2236;gullon-sable-nappe-chocolat-sans-sucre---270-g;1;in_stock;2.49;
2026-10-03 15:25;2237;gullon-fibre-sans-sucre---170-g;4;in_stock;1.79;
2026-10-03 15:25;2258;funny-candy-splash-pop---12-x-72-g;-3;out_of_stock;10.99;
2026-10-03 15:25;2264;mentos-chewing-gum-pure-fresh-menthe-frache-sans-sucre---60-g;33;in_stock;2.99;
2026-10-03 15:25;2265;mentos-chewing-gum-pure-fresh-winter-green-sans-sucre---60-g;-4;out_of_stock;2.99;
2026-10-03 15:25;2266;mentos-chewing-gum-white-sweet-mint-sans-sucre---60-g;10;in_stock;2.99;
2026-10-03 15:25;2267;mentos-chewing-gum-white-green-mint-sans-sucre---60-g;3;in_stock;2.99;
2026-10-03 15:25;2275;kizandy-strawberry-sours-sans-sucre---35-g;-1;in_stock;3.99;
2026-10-03 15:25;2276;kizandy-watermelon-sours-sans-sucre---35-g;5;in_stock;3.99;
2026-10-03 15:25;2279;jelly-belly-20-flavors---250-g;8;in_stock;11.99;
2026-10-03 15:25;2281;harry-potter-bertie-botts-beans---54-g;69;in_stock;4.99;
2026-10-03 15:25;2285;frisia-rocket-balls-mre---33-g;39;in_stock;0.50;
2026-10-03 15:25;2294;brets-fromage-fraise-fines-herbes---125-g;9;in_stock;2.69;
2026-10-03 15:25;2295;brets-bacon-grill---125-g;2;in_stock;2.69;
2026-10-03 15:25;2296;brets-poivrons-grills-chorizo---125-g;105;in_stock;2.69;
2026-10-03 15:25;2297;harry-potter-chocolate-frog---15-g;14;in_stock;3.99;
2026-10-03 15:25;2299;brets-poulet-brais---125-g;9;in_stock;2.69;
2026-10-03 15:25;2303;brets-sel-vinaigre---125-g;29;in_stock;2.69;
2026-10-03 15:25;2305;brets-sauce-barbecue---125-g;30;in_stock;2.69;
2026-10-03 15:25;2307;brets-tartiflette---125-g;17;in_stock;2.69;
2026-10-03 15:25;2313;brets-fromage-du-jura---125-g;62;in_stock;2.69;
2026-10-03 15:25;2315;brets-bleu-dauvergne-aop---125-g;26;in_stock;2.69;
2026-10-03 15:25;2321;brets-frites-mayonnaise---125-g;-10;in_stock;2.69;
2026-10-03 15:25;2322;brets-miel-moutarde---125-g;3;in_stock;2.69;
2026-10-03 15:25;2327;croky-patatas-fritas-ketchup---100-g;27;in_stock;2.39;
2026-10-03 15:25;2328;croky-patatas-fritas-pickles---100-g;7;in_stock;2.39;
2026-10-03 15:25;2329;croky-tubes-sweet-chili---100-g;4;in_stock;2.39;
2026-10-03 15:25;2330;croky-tubes-nacho-cheese---100-g;-5;in_stock;2.39;
2026-10-03 15:25;2335;freez-mix-pinacolada---275-ml;17;in_stock;2.00;
2026-10-03 15:25;2336;freez-mix-mangue-peche---275-ml;13;in_stock;2.00;
2026-10-03 15:25;2338;maison-perrier-lemonjito-sans-alcool---250-ml;48;in_stock;2.00;
2026-10-03 15:25;2343;fanta-white-peach-japan---300-ml;26;in_stock;3.00;
2026-10-03 15:25;2345;brets-tomates-sches-vinaigre-balsamique---125-g;0;out_of_stock;2.69;
2026-10-03 15:25;2346;brets-aoli---125-g;38;in_stock;2.69;
2026-10-03 15:25;2350;brets-cheddar-oignon-de-roscoff---125-g;37;in_stock;2.69;
2026-10-03 15:25;2351;brets-camembert---125-g;63;in_stock;2.69;
2026-10-03 15:25;2352;brets-pesto-mozzarella---125-g;53;in_stock;2.69;
2026-10-03 15:25;2353;brets-pizza---125-g;110;in_stock;2.69;
2026-10-03 15:25;2355;brets-cheddar-piment-jalapeo---125-g;20;in_stock;2.69;
2026-10-03 15:25;2359;croky-explosions-hot-spicy-sriracha--150-g;6;in_stock;2.39;
2026-10-03 15:25;2363;haribo-happy-cola-grand--100g;-57;in_stock;1.99;
2026-10-03 15:25;2366;haribo-croco---100g;0;out_of_stock;1.99;
2026-10-03 15:25;2375;croky-explosions-sweet-chili---150-g;-8;in_stock;2.39;
2026-10-03 15:25;2381;potion-du-centaure---330-ml;-1;out_of_stock;6.99;
2026-10-03 15:25;2385;potion-du-loup-garou---33-cl;30;in_stock;6.99;
2026-10-03 15:25;2391;pate-a-tartiner-bounty-350-g;-1;out_of_stock;5.99;
2026-10-03 15:25;2392;pte-tartiner-twix---350-g;-2;out_of_stock;5.99;
2026-10-03 15:25;2393;pate-tartiner-mms-crispy---350-g;0;out_of_stock;5.99;
2026-10-03 15:25;2396;fluff-marshmallow-fraise---213-g;17;in_stock;4.49;
2026-10-03 15:25;2397;fluff-marshmallow-caramel---213-g;0;out_of_stock;4.99;
2026-10-03 15:25;2398;candy-pop-popcorn-mms-mini---149-g;13;in_stock;6.49;
2026-10-03 15:25;2400;candy-pop-popcorn-snickers---149-g;22;in_stock;6.49;
2026-10-03 15:25;2401;candy-pop-popcorn-twix---149-g;18;in_stock;6.49;
2026-10-03 15:25;2406;haribo-abc---3-kg;6;in_stock;25.99;
2026-10-03 15:25;2407;haribo-dragibus-soft---2-kg;-28;in_stock;19.49;
2026-10-03 15:25;2408;haribo-rotella-rglisse---3-kg;-3;in_stock;25.99;
2026-10-03 15:25;2417;cacao-mochi-chocolat---80-g;55;in_stock;3.49;
2026-10-03 15:25;2421;pods-mars---8-x-15-g;8;in_stock;5.49;
2026-10-03 15:25;2422;pods-milkyway---8-x-15-g;18;in_stock;5.49;
2026-10-03 15:25;2428;cacao-mochi-banane---80-g;0;out_of_stock;3.49;
2026-10-03 15:25;2435;hot-chocolate-mars---140-g;8;in_stock;2.99;
2026-10-03 15:25;2437;nesquik-fraise---300-g;15;in_stock;5.99;
2026-10-03 15:25;2438;nesquik-banane---300-g;23;in_stock;5.99;
2026-10-03 15:25;2439;mini-mochi-fruit-tropical---120-g;0;out_of_stock;3.99;
2026-10-03 15:25;2440;werthers-original-caramel-popcorn-classic---140-g;-6;in_stock;4.99;
2026-10-03 15:25;2442;chupa-chups-popcorn-cola---135-g;0;in_stock;3.99;
2026-10-03 15:25;2447;jimmys-popcorn-sucr---140-g;66;in_stock;2.99;
2026-10-03 15:25;2448;jimmys-popcorn-sal---90-g;22;in_stock;2.59;
2026-10-03 15:25;2454;pocky-matcha---33-g;6;in_stock;2.99;
2026-10-03 15:25;2455;pocky-fraise---45-g;17;in_stock;2.99;
2026-10-03 15:25;2464;oreo-wafer-roll-vanille---54-g;2;in_stock;2.29;
2026-10-03 15:25;2465;oreo-wafer-roll-chocolat---54-g;12;in_stock;2.29;
2026-10-03 15:25;2473;reeses-creamy-peanut-butter---510-g;11;in_stock;9.99;
2026-10-03 15:25;2483;krambals-bruschetta-champignons-sauvages-beurre---70-g;11;in_stock;1.00;
2026-10-03 15:25;2487;krambals-bruschetta-creamy-cheese---70-g;-5;in_stock;1.00;
2026-10-03 15:25;2489;gullon-sandwich-chocolate-sans-gluten---225-g;2;in_stock;2.69;
2026-10-03 15:25;2490;gulln-pastas-gluten-free---200-g;33;in_stock;2.00;
2026-10-03 15:25;2491;jack-links-beef-jerky-original---25-g;0;out_of_stock;2.99;
2026-10-03 15:25;2500;jimmys-popcorn-chocolat-au-lait---65-g;0;out_of_stock;1.50;
2026-10-03 15:25;2503;flipz-pretzel-chocolat-au-lait---90-g;3;in_stock;3.39;
2026-10-03 15:25;2504;flipz-pretzel-caramel-sal---90-g;16;in_stock;2.99;
2026-10-03 15:25;2506;flipz-pretzel-peanut-butter---90-g;2;in_stock;2.99;
2026-10-03 15:25;2507;oreo-crunchies---110-g;0;in_stock;3.49;
2026-10-03 15:25;2510;mike-ike-original-fruits-120-g;0;out_of_stock;3.39;
2026-10-03 15:25;2513;nerds-fruits---1417-g;-8;in_stock;3.49;
2026-10-03 15:25;2517;skittles-squishy-cloudz-fruits---94-g;19;in_stock;3.49;
2026-10-03 15:25;2519;skittles-fruits---45-g;41;in_stock;1.50;
2026-10-03 15:25;2521;nerds-watermelon-cherry---467-g;95;in_stock;2.29;
2026-10-03 15:25;2522;nerds-grape-strawberry---467-g;51;in_stock;2.29;
2026-10-03 15:25;2523;reeses-dipped-pretzels---120-g;4;in_stock;4.49;
2026-10-03 15:25;2524;pop-rocks-popping-candy-green-apple---95-g;0;out_of_stock;1.50;
2026-10-03 15:25;2532;laffy-taffy-pomme-verte---23-g;16;in_stock;1.00;
2026-10-03 15:25;2535;reeses-nutrageous---47-g;-14;out_of_stock;1.59;
2026-10-03 15:25;2536;reeses-big-cup-king-size---79-g;-21;in_stock;4.29;
2026-10-03 15:25;2538;reeses-big-cup---39-g;-26;out_of_stock;1.59;
2026-10-03 15:25;2540;reeses-sticks-42-g;12;in_stock;1.59;
2026-10-03 15:25;2543;kitkat-lemon-crisp---42-g;0;out_of_stock;2.49;
2026-10-03 15:25;2546;oreo-enrobed-chocolat-au-lait---41-g;119;in_stock;0.89;
2026-10-03 15:25;2552;lion-peanut---41-g;-9;out_of_stock;1.50;
2026-10-03 15:25;2553;lion-white---42-g;-24;out_of_stock;1.50;
2026-10-03 15:25;2554;lion-brownie-style---40-g;0;out_of_stock;1.50;
2026-10-03 15:25;2556;snickers-creamy-peanut-butter---365-g;-19;in_stock;2.00;
2026-10-03 15:25;2557;snickers-maracuja---42-g;10;in_stock;2.49;
2026-10-03 15:25;2561;lucky-charms-crales-grilles-avec-marshmallows---297-g;0;out_of_stock;10.99;
2026-10-03 15:25;2562;non-stop-mini-cookie-caramel---125-g;26;in_stock;2.29;
2026-10-03 15:25;2564;non-stop-mini-cookie-cappucino---125-g;9;in_stock;2.29;
2026-10-03 15:25;2568;non-stop-mini-cookie-double-chocolat---125-g;1;in_stock;2.29;
2026-10-03 15:25;2573;pringles-sour-cream-onion---165-g;105;in_stock;4.29;
2026-10-03 15:25;2579;pringles-enchilada-adobada---158-g;0;out_of_stock;4.99;
2026-10-03 15:25;2581;pringles-hot-mexican-chilli-lime---160-g;27;in_stock;3.99;
2026-10-03 15:25;2604;bergen-cookies-bubble-gum---128-g;6;in_stock;1.79;
2026-10-03 15:25;2605;bergen-cookies-chocolat-blanc-eclats-de-red-velvet---128-g;28;in_stock;1.79;
2026-10-03 15:25;2606;pretzel-pete-miel-moutarde-oignons---160-g;0;out_of_stock;4.49;
2026-10-03 15:25;2608;pretzel-pete-jalapeo---160-g;0;out_of_stock;4.49;
2026-10-03 15:25;2612;pretzel-pete-bacon-cheddar---160-g;0;out_of_stock;4.49;
2026-10-03 15:25;2615;mms-peanut-butter---462-g;15;in_stock;2.99;
2026-10-03 15:25;2627;carlier-nougat-fruits-des-bois---100-g;43;in_stock;3.50;
2026-10-03 15:25;2633;milkyway-minis---227-g;13;in_stock;3.49;
2026-10-03 15:25;2638;bounty-soft-baked-cookies---180-g;21;in_stock;3.99;
2026-10-03 15:25;2640;maltesers-biscuits---110-g;8;in_stock;2.99;
2026-10-03 15:25;2642;kitkat-minis---200-g;-1;out_of_stock;2.99;
2026-10-03 15:25;2643;twix-cookies-caramel---144-g;10;in_stock;3.59;
2026-10-03 15:25;2644;tic-tac-got-agrumes---49-g;35;in_stock;2.99;
2026-10-03 15:25;2650;the-belgian-truffes-noisette---200-g;5;in_stock;4.99;
2026-10-03 15:25;2651;mms-crispy---170-g;1;in_stock;6.49;
2026-10-03 15:25;2656;werthers-original---175-g;0;in_stock;3.50;
2026-10-03 15:25;2658;the-belgian-truffes-chocolat-au-lait---145-g;0;out_of_stock;4.99;
2026-10-03 15:25;2663;cachet-bio-chocolat-noir-amandes-et-cerises-57-cacao---100-g;0;out_of_stock;2.99;
2026-10-03 15:25;2670;mentos-fruit---375-g;33;in_stock;1.00;
2026-10-03 15:25;2672;fritt-orange---70-g;156;in_stock;1.00;
2026-10-03 15:25;2673;fritt-framboise---70-g;42;in_stock;1.00;
2026-10-03 15:25;2674;fritt-cerise---70-g;-54;out_of_stock;1.00;
2026-10-03 15:25;2676;fritt-citron---70-g;214;in_stock;1.00;
2026-10-03 15:25;2677;fritt-fraise---70-g;130;in_stock;1.00;
2026-10-03 15:25;2684;dr-sour-gummies-pastque---200-g;1;in_stock;2.49;
2026-10-03 15:25;2689;dr-sour-shock-balls---72-g;-8;in_stock;2.79;
2026-10-03 15:25;2694;dr-sweet-fruit-smackers---50-g;3;in_stock;1.00;
2026-10-03 15:25;2696;look-o-look-mini-candy-pizza---85-g;0;out_of_stock;4.99;
2026-10-03 15:25;2717;quick-milk-chocolat---5-x-6-g---30-g;33;in_stock;1.50;
2026-10-03 15:25;2718;quick-milk-fraise---5-x-6-g---30-g;173;in_stock;1.50;
2026-10-03 15:25;2719;quick-milk-banane---5-x-6-g---30-g;15;in_stock;1.50;
2026-10-03 15:25;2722;quick-milk-vanille---5-x-6-g---30-g;22;in_stock;1.50;
2026-10-03 15:25;2723;les-anis-de-flavigny-rose---50-g;131;in_stock;2.99;
2026-10-03 15:25;2724;les-anis-de-flavigny-citron-edition-limite--50-g;89;in_stock;2.99;
2026-10-03 15:25;2725;les-anis-de-flavigny-caf---50-g;114;in_stock;2.99;
2026-10-03 15:25;2726;les-anis-de-flavigny-cassis---50-g;48;in_stock;2.99;
2026-10-03 15:25;2728;les-anis-de-flavigny-citron---50-g;49;in_stock;2.99;
2026-10-03 15:25;2729;les-anis-de-flavigny---50-g;4;in_stock;2.99;
2026-10-03 15:25;2730;les-anis-de-flavigny-fleur-doranger---50-g;7;in_stock;2.99;
2026-10-03 15:25;2747;haribo-super-party---480-g;29;in_stock;9.49;
2026-10-03 15:25;2804;cachet-chocolat-au-lait-caramel-et-sel-marin---100-g;13;in_stock;2.99;
2026-10-03 15:25;2851;cachet-chocolat-noir-cerise---100-g;7;in_stock;2.99;
2026-10-03 15:25;2856;cachet-chocolat-noir-amande-poire-57-cacao---100-g;-2;out_of_stock;2.99;
2026-10-03 15:25;2860;cachet-chocolat-au-lait-mas-grill-sal---100-g;38;in_stock;2.99;
2026-10-03 15:25;2861;cachet-chocolat-au-lait-noisette---100-g;24;in_stock;2.99;
2026-10-03 15:25;2866;the-belgian-coeur-en-chocolat-au-brownie-sal---65-g;-1;out_of_stock;2.49;
2026-10-03 15:25;2869;the-belgian-fruits-de-mer-chocolat-au-lait---65-g;2;in_stock;2.49;
2026-10-03 15:25;2872;milka-melo-cakes---500-g;0;out_of_stock;7.99;
2026-10-03 15:25;2875;dulceplus-tarte-framboise-sucre---1-kg;9;in_stock;6.99;
2026-10-03 15:25;2880;cote-dor-double-lait---46-g;103;in_stock;1.00;
2026-10-03 15:25;2882;cote-dor-chocolat-au-lait-noisette---45-g;-23;out_of_stock;1.50;
2026-10-03 15:25;2883;dulceplus-mre-blanche---1-kg;0;out_of_stock;7.99;
2026-10-03 15:25;2884;dulceplus-toile-twist-bleue-sucre---1-kg;-3;out_of_stock;6.99;
2026-10-03 15:25;2885;cte-dor-chocolat-au-lait---47-g;-96;out_of_stock;1.50;
2026-10-03 15:25;2889;cte-dor-chocolat-au-lait-banane---475-g;123;in_stock;1.00;
2026-10-03 15:25;2891;cte-dor-chocolat-noir---47-g;90;in_stock;1.50;
2026-10-03 15:25;2895;cte-dor-chocolat-blanc-pralin---46-g;-313;out_of_stock;1.50;
2026-10-03 15:25;2897;kinder-bueno---43-g;121;in_stock;1.50;
2026-10-03 15:25;2898;dulceplus-mille-pattes---1-kg;8;in_stock;6.99;
2026-10-03 15:25;2900;kinder-bueno-white---39-g;-42;in_stock;1.50;
2026-10-03 15:25;2902;kinder-schokobons---200-g;72;in_stock;4.99;
2026-10-03 15:25;2903;kinder-schokobons-white---200-g;266;in_stock;3.99;
2026-10-03 15:25;2911;sweet-pack-tetine-100-pcs;-2;out_of_stock;13.99;
2026-10-03 15:25;2914;sweet-party-collier-dextrose---100-x-20-g---2-kg;16;in_stock;20.99;
2026-10-03 15:25;2930;les-bonbons-delisabeth-seau-de-violette---1-kg;2;in_stock;10.99;
2026-10-03 15:25;3026;snickers-shake---350-ml;0;in_stock;2.50;
2026-10-03 15:25;3030;ccmel-canette---250-ml;20;in_stock;1.75;
2026-10-03 15:25;3038;nescaf-ice-coffee-latte---250-ml;60;in_stock;2.00;
2026-10-03 15:25;3039;nescaf-ice-coffee-caramel---250-ml;68;in_stock;2.00;
2026-10-03 15:25;3041;nescaf-ice-coffee-cappuccino---250-ml;70;in_stock;2.00;
2026-10-03 15:25;3042;wycams-arrache-toux---195-g;3;in_stock;4.49;
2026-10-03 15:25;3061;sweet-cuberdons-box-de-16-cuberdons-fruits---224-g;0;out_of_stock;7.99;
2026-10-03 15:25;3071;sweet-cuberdons-box-de-5-cuberdons-original---70-g;122;in_stock;2.99;
2026-10-03 15:25;3073;sweet-cuberdons-box-de-16-cuberdons-traditionnels---224-g;0;out_of_stock;7.99;
2026-10-03 15:25;3141;disney-mug-blanc-frozen-2-groupe;12;in_stock;4.99;
2026-10-03 15:25;3146;batman-mug-noir-logo;14;in_stock;4.99;
2026-10-03 15:25;3147;mercredi-addams-mug-blanc-noir-teenage-purgatory;18;in_stock;4.99;
2026-10-03 15:25;3183;peterman-violette---700-ml;19;in_stock;17.99;
2026-10-03 15:25;3187;peterman-fruits-des-bois---700-ml;17;in_stock;17.99;
2026-10-03 15:25;3217;krambals-bruschetta-garden-grill-70-g;15;in_stock;1.00;
2026-10-03 15:25;3228;saint-ange-pastille-de-fraise---50-g;1;in_stock;2.99;
2026-10-03 15:25;3232;copy-saint-ange-pastille-de-violette---50-g;7;in_stock;2.99;
2026-10-03 15:25;3234;saint-ange-pastille-bassin-de-vichy---50-g;7;in_stock;2.99;
2026-10-03 15:25;3239;saint-ange-pastille-miel-lavande---50-g;4;in_stock;2.99;
2026-10-03 15:25;3250;capri-sun-fairy-drink---200-ml;-21;out_of_stock;1.00;
2026-10-03 15:25;3251;capri-sun-monster-alarm---200-ml;-19;out_of_stock;1.00;
2026-10-03 15:25;3252;copy-mms-crunchy-cookies---40-g;0;out_of_stock;2.99;
2026-10-03 15:25;3260;werthers-original-caramel-bites---140-g;56;in_stock;3.49;
2026-10-03 15:25;3266;pocky-double-choco---47-g;5;in_stock;1.99;
2026-10-03 15:25;3324;samyang-ramen-spicy-chicken-jjajang---140-g;21;in_stock;2.50;
2026-10-03 15:25;3325;samyang-ramen-spicy-chicken-kimchi---135-g;0;out_of_stock;2.50;
2026-10-03 15:25;3327;samyang-ramen-hot-chicken-cheese---140-g;69;in_stock;2.50;
2026-10-03 15:25;3328;samyang-ramen-spicy-chicken-carbo---130-g;-10;out_of_stock;2.50;
2026-10-03 15:25;3329;samyang-ramen-hot-chicken---140-g;-2;out_of_stock;2.50;
2026-10-03 15:25;3330;samyang-ramen-bowl-hot-chicken---105-g;2;in_stock;4.99;
2026-10-03 15:25;3361;jimmys-popcorn-sweet-chili-bbq-tabasco---90-g;-1;in_stock;1.99;
2026-10-03 15:25;3367;pocky-almond-crush-46-g;5;in_stock;4.29;
2026-10-03 15:25;3394;chupa-chups-melody-pops-strawberry---4-x-15-g;18;in_stock;2.00;
2026-10-03 15:25;3397;chupa-chups-mini---20-pcs---120-g;3;in_stock;2.00;
2026-10-03 15:25;3398;ricola-alpin-fresh-sans-sucre---50-g;16;in_stock;2.49;
2026-10-03 15:25;3400;ricola-th-vert-citron-vert-sans-sucre---50-g;0;in_stock;2.49;
2026-10-03 15:25;3402;ricola-rglisse-sans-sucre---50-g;51;in_stock;2.49;
2026-10-03 15:25;3403;ricola-fleurs-de-sureau-sans-sucre---50-g;8;in_stock;2.49;
2026-10-03 15:25;3405;ricola-orange-menthe-sans-sucre---50-g;9;in_stock;2.49;
2026-10-03 15:25;3409;cachet-costa-rica-71-cacao---100-g;27;in_stock;2.99;
2026-10-03 15:25;3412;fishermans-friend-anis---25-g;7;in_stock;2.00;
2026-10-03 15:25;3413;fishermans-friend-mint---25-g;22;in_stock;2.00;
2026-10-03 15:25;3416;cachet-peru-chocolat-noir-64-cacao---100-g;13;in_stock;2.99;
2026-10-03 15:25;3417;ricola-framboise-menthe-sans-sucre---50-g;6;in_stock;2.49;
2026-10-03 15:25;3419;chupa-chups-the-best-of-10-x-12-g;112;in_stock;2.00;
2026-10-03 15:25;3422;coca-cola-china-strawberry---330-ml;15;in_stock;2.50;
2026-10-03 15:25;3423;cheese-zip-cheddar-original---227-g;-2;out_of_stock;7.99;
2026-10-03 15:25;3425;la-vritable-couille-de-singe---100-g;126;in_stock;2.99;
2026-10-03 15:25;3429;harry-potter-bertie-botts-beans---125-g;72;in_stock;10.99;
2026-10-03 15:25;3430;felko-holland-fruit-splash---310-g;-46;out_of_stock;4.99;
2026-10-03 15:25;3432;chupa-chups-xxl---25-x-29-g;-2;out_of_stock;10.99;
2026-10-03 15:25;3436;chewing-gum-balls-medium---16mm---25-kg;-1;out_of_stock;17.99;
2026-10-03 15:25;3441;damel-jumbo-stick-twist-tutti-frutti-tubo---30-pices;19;in_stock;13.99;
2026-10-03 15:25;3456;milka-leo-cubes---150-g;34;in_stock;5.99;
2026-10-03 15:25;3458;bubblicious-ultimate-original---38-g;12;in_stock;1.25;
2026-10-03 15:25;3459;bubblicious-fraise---38-g;15;in_stock;1.25;
2026-10-03 15:25;3460;bubblicious-cola---38-g;0;in_stock;1.25;
2026-10-03 15:25;3466;lollywood-nuage-bleu-dextrose-tubo---850-g;3;in_stock;14.99;
2026-10-03 15:25;3467;lollywood-cur-blanc-dextrose-tubo---850-g;3;in_stock;14.99;
2026-10-03 15:25;3470;lollywood-sucette-blanche-dextrose-tubo---500-g;5;in_stock;10.99;
2026-10-03 15:25;3471;lollywood-sucette-bleue-dextrose-tubo---500-g;5;in_stock;10.99;
2026-10-03 15:25;3476;trolli-anneau-fruit-rouge---1-kg;15;in_stock;8.99;
2026-10-03 15:25;3477;trolli-fraise-sucre---1-kg;4;in_stock;8.99;
2026-10-03 15:25;3478;trolli-tranche-pastque-sucre---1-kg;8;in_stock;8.99;
2026-10-03 15:25;3480;lollywood-foam-baby-mix-rose-blanc---800-g;1;in_stock;12.99;
2026-10-03 15:25;3486;brets-truffe-dt---125-g;0;out_of_stock;4.99;
2026-10-03 15:25;3488;jimmys-popcorn-sucr---27-g;0;out_of_stock;0.75;
2026-10-03 15:25;3498;frugo-energy-pastque-fraise---330-ml;0;out_of_stock;1.20;
2026-10-03 15:25;3500;red-bull-energy-drink---250-ml;29;in_stock;2.00;
2026-10-03 15:25;3502;red-bull-green-edition-fruit-du-cactus---250-ml;-37;out_of_stock;1.50;
2026-10-03 15:25;3503;red-bull-apricot-edition-abricot-fraise---250-ml;-43;out_of_stock;2.00;
2026-10-03 15:25;3505;airheads-pastque---156-g;19;in_stock;1.00;
2026-10-03 15:25;3506;airheads-framboise-bleue---156-g;-19;out_of_stock;1.00;
2026-10-03 15:25;3507;airheads-cerise---156-g;62;in_stock;1.00;
2026-10-03 15:25;3508;airheads-blanc-mystre---156-g;4;in_stock;1.00;
2026-10-03 15:25;3513;guylian-the-original-seashells---250-g;23;in_stock;9.99;
2026-10-03 15:25;3514;guylian-fruit-de-mer-dark-pralin---225-g;0;out_of_stock;7.99;
2026-10-03 15:25;3516;thijs-bouteilles-colacitron---1-kg;-2;in_stock;10.79;
2026-10-03 15:25;3517;thijs-gomme-tricolore-fraise---1-kg;3;in_stock;10.79;
2026-10-03 15:25;3532;orangina-rouge---330-ml;5;in_stock;2.00;
2026-10-03 15:25;3535;tic-tac-menthe-intense---49-g;0;in_stock;2.99;
2026-10-03 15:25;3536;tic-tac-citron-vert-orange---49-g;-18;in_stock;2.99;
2026-10-03 15:25;3538;kitkat-chunky-white---40-g;15;in_stock;1.50;
2026-10-03 15:25;3543;croky-explosions-thai-curry---150-g;16;in_stock;2.39;
2026-10-03 15:25;3545;pocky-cookies-cream---40-g;9;in_stock;2.99;
2026-10-03 15:25;3547;fanta-china-peach---330-ml;7;in_stock;2.50;
2026-10-03 15:25;3550;oreo-original---154-g;124;in_stock;2.50;
2026-10-03 15:25;3555;fanta-jasmin-peche---500-ml;0;out_of_stock;3.00;
2026-10-03 15:25;3564;lutti-scoubidou---180-g;28;in_stock;3.00;
2026-10-03 15:25;3566;copy-lutti-bubblizz---250-g;30;in_stock;2.00;
2026-10-03 15:25;3567;lutti-candy-lace---200-g;15;in_stock;2.50;
2026-10-03 15:25;3570;lutti-fraise---175-g;27;in_stock;2.50;
2026-10-03 15:25;3571;lutti-long-fizz---200-g;-3;out_of_stock;2.50;
2026-10-03 15:25;3573;felko-mega-gummies-bear-on-a-stick---120-g;0;in_stock;3.00;
2026-10-03 15:25;3574;felko-mega-gummies-cola---600-g;0;in_stock;12.49;
2026-10-03 15:25;3575;felko-mega-gummies-unicorn---600-g;3;in_stock;12.49;
2026-10-03 15:25;3577;felko-mega-gummies-mini-ourson---350-g;0;in_stock;5.99;
2026-10-03 15:25;3579;felko-mega-gummies-hot-dog---120-g;-13;in_stock;3.00;
2026-10-03 15:25;3580;felko-holland-mega-gummies-cherry-cola---120-g;-1;in_stock;3.00;
2026-10-03 15:25;3582;felko-mega-gummies-ice-cream---120-g;-2;in_stock;2.00;
2026-10-03 15:25;3598;cheetos-japanese-steak---90-g;-1;out_of_stock;2.49;
2026-10-03 15:25;3606;cachet-chocolat-noir-intense-90-cacao---100-g;1;in_stock;2.99;
2026-10-03 15:25;3613;hubba-bubba-cola---56-g;-2;in_stock;2.50;
2026-10-03 15:25;3617;grab-pop---12-pices;1;in_stock;13.99;
2026-10-03 15:25;3623;haribo-bretzel-sal-rglisse-tubo---150-pices---105-kg;16;in_stock;11.99;
2026-10-03 15:25;3625;haribo-demi-lune-rglisse-tubo---150-pices---135-kg;13;in_stock;11.99;
2026-10-03 15:25;3627;haribo-camlons---1-kg;10;in_stock;8.99;
2026-10-03 15:25;3637;laffy-taffy-fraise---23-g;18;in_stock;1.00;
2026-10-03 15:25;3638;laffy-taffy-banane---23-g;12;in_stock;1.00;
2026-10-03 15:25;3639;laffy-taffy-cerise---23-g;0;out_of_stock;1.00;
2026-10-03 15:25;3641;lays-china-braised-pork---90-g;12;in_stock;3.99;
2026-10-03 15:25;3642;lollywood-sucette-rose-dextrose-tubo---500-g;6;in_stock;10.99;
2026-10-03 15:25;3645;lollywood-instrument-de-musique---1-kg;5;in_stock;10.99;
2026-10-03 15:25;3651;monster-juiced-mango-loco---500-ml;-2;in_stock;3.00;
2026-10-03 15:25;3652;lutti-fraise---80-g;-1;in_stock;1.50;
2026-10-03 15:25;3653;monster-punch-mixxd---500-ml;-4;in_stock;3.00;
2026-10-03 15:25;3669;red-bull-white-edition-noix-de-coco-myrtille---250-ml;-40;in_stock;2.00;
2026-10-03 15:25;3670;red-bull-yellow-edition-tropical---250-ml;0;out_of_stock;2.00;
2026-10-03 15:25;3671;rolo---52-g;11;in_stock;1.50;
2026-10-03 15:25;3686;monster-energy-ultra-zero-sugar---500-ml;13;in_stock;3.00;
2026-10-03 15:25;3695;oasis-th-pche--33-cl;45;in_stock;2.00;
2026-10-03 15:25;3696;snickers-berry-whip---40-g;13;in_stock;2.49;
2026-10-03 15:25;3700;snickers-morango---42-g;-19;out_of_stock;2.49;
2026-10-03 15:25;3701;oreo-original---66-g;35;in_stock;1.99;
2026-10-03 15:25;3709;takis-blue-heat-100-g;10;in_stock;4.49;
2026-10-03 15:25;3716;twist-and-drink-bubble-gum---200-ml;42;in_stock;1.49;
2026-10-03 15:25;3738;copy-mars---51-g-x-32-pices;-9;out_of_stock;3.49;
2026-10-03 15:25;3746;felko-holland-mega-gummies-pastque---120-g;0;in_stock;3.00;
2026-10-03 15:25;3749;red-bull-peach-edition---250-ml;0;out_of_stock;2.00;
2026-10-03 15:25;3843;copy-cachet-chocolat-extra-noir-85-cacao---100-g;-47;in_stock;2.99;
2026-10-03 15:25;3870;sweet-party-papier-hostie---16-g;-371;in_stock;1.50;
2026-10-03 15:25;3888;dr-sour-sludge-got-alatoire---32-g;0;in_stock;1.00;
2026-10-03 15:25;3974;vidal-doigt-citrique---1-kg;13;in_stock;8.99;
2026-10-03 15:25;3976;bello-dolce-balle-de-golf-noire-marshmallow-vanille---900-g;-1;out_of_stock;9.99;
2026-10-03 15:25;3977;bulgari-balle-de-golf-orange-marshmallow-peche-900-g;10;in_stock;9.99;
2026-10-03 15:25;3982;bounty-wafer-rolls---225-g;13;in_stock;1.50;
2026-10-03 15:25;3985;fini-booom-vampire---75-g;30;in_stock;2.00;
2026-10-03 15:25;3987;vidal-jelly-monster---11-x-6-pices;6;in_stock;19.99;
2026-10-03 15:25;3995;frisia-chauve-souris---3-kg;3;in_stock;19.99;
2026-10-03 15:25;4006;screamers-dip-lick---40-g;3;in_stock;1.00;
2026-10-03 15:25;4008;haribo-bouteille-cola-citrique-tubo---135-kg;44;in_stock;11.99;
2026-10-03 15:25;4012;haribo-souris-blanche-tubo---105-kg;1;in_stock;11.99;
2026-10-03 15:25;4018;coris-sonomanma-chewing-gum-monstre---14-g;1;in_stock;1.29;
2026-10-03 15:25;4033;pickle-in-a-pouch-garlic-joe---306-g;38;in_stock;3.49;
2026-10-03 15:25;4034;pickle-in-a-pouch-hot-mama---306-g;23;in_stock;3.49;
2026-10-03 15:25;4035;pickle-in-a-pouch-sour-sis---306-g;85;in_stock;3.49;
2026-10-03 15:25;4071;hitschies-berry-mix---1-kg;-10;in_stock;14.69;
2026-10-03 15:25;4073;frisia-ttine-cola---3-kg;0;out_of_stock;19.99;
2026-10-03 15:25;4120;monin-sirop-saveur-violette---70-cl;21;in_stock;13.99;
2026-10-03 15:25;4123;monin-concentr-saveur-th-pche---70-cl;-7;out_of_stock;15.99;
2026-10-03 15:25;4125;sweet-party-barbe-papa-coco-choco---40-g;8;in_stock;2.00;
2026-10-03 15:25;4157;pringles-desi-masala-tadka---107-g;0;out_of_stock;3.49;
2026-10-03 15:25;4160;cte-dor-bton-lait-coco---44-g;-252;out_of_stock;1.50;
2026-10-03 15:25;4164;kinder-schoko-bons-crispy---672-g;-26;out_of_stock;5.99;
2026-10-03 15:25;4190;maltesers---175-g;0;out_of_stock;3.99;
2026-10-03 15:25;4213;red-bull-winter-edition-mre-givre-vanille---250-ml;-5;out_of_stock;2.00;
2026-10-03 15:25;4222;mentos-strawberry-mix---375-g;2;in_stock;1.25;
2026-10-03 15:25;4223;mentos-mint---38-g;91;in_stock;1.25;
2026-10-03 15:25;4224;mentos-fruit---3-x-375-g;0;out_of_stock;2.00;
2026-10-03 15:25;4225;mentos-rainbow---375-g;15;in_stock;1.25;
2026-10-03 15:25;4226;lion---42-g;7;in_stock;1.00;
2026-10-03 15:25;4227;copy-copy-mars---51-g-x-32-pices;10;in_stock;1.00;
2026-10-03 15:25;4228;kinder-country---235-g;150;in_stock;1.00;
2026-10-03 15:25;4231;haribo-chispacola-pika---100-g;0;out_of_stock;1.50;
2026-10-03 15:25;4233;crack-ups-popping-candy---275-g;32;in_stock;1.50;
2026-10-03 15:25;4242;maoam-bloxx---220-g;0;out_of_stock;2.50;
2026-10-03 15:25;4251;copy-cachet-chocolat-noir-amande-poire-57-cacao---100-g;20;in_stock;2.99;
2026-10-03 15:25;4262;mrbeast-feastables-lait-amandes---60-g;5;in_stock;4.49;
2026-10-03 15:25;4263;mrbeast-feastables-lait---60-g;-29;out_of_stock;4.49;
2026-10-03 15:25;4264;mrbeast-feastables-lait-peanut-butter---60-g;35;in_stock;4.49;
2026-10-03 15:25;4322;ferrero-rocher-t16---200-g;0;out_of_stock;7.49;
2026-10-03 15:25;4323;ferrero-rocher-tablette-chocolat-blanc-noisettes---90-g;0;out_of_stock;3.49;
2026-10-03 15:25;4325;ferrero-rocher-tablette-chocolat-noir-55-noisettes---90-g;12;in_stock;3.49;
2026-10-03 15:25;4370;sac-cabas---harry-potter;27;in_stock;3.00;
2026-10-03 15:25;4371;sac-cabas---one-piece;45;in_stock;3.00;
2026-10-03 15:25;4405;monster-energy-ultra-peachy-keen---500-ml;-4;in_stock;3.00;
2026-10-03 15:25;4431;trolli-tarentule-lisse---1-kg;11;in_stock;8.99;
2026-10-03 15:25;4447;bergen-cookies-chocolat-blanc-barbe-papa---128-g;48;in_stock;1.79;
2026-10-03 15:25;4457;sucre-dorge---12-pices;-10;out_of_stock;2.69;
2026-10-03 15:25;4468;ravazzi-joystick-bubblegum---1-kg;-1;in_stock;8.99;
2026-10-03 15:25;4471;ravazzi-ballon-de-foot---1-kg;8;in_stock;8.99;
2026-10-03 15:25;4478;hersheys-cookie-n-creme---43-g;0;out_of_stock;1.49;
2026-10-03 15:25;4487;ravazzi-trophe---1-kg;26;in_stock;8.99;
2026-10-03 15:25;4501;sweet-party-barbe-papa---40-g;10;in_stock;2.00;
2026-10-03 15:25;4502;fanta-tropical---500-ml;37;in_stock;3.00;
2026-10-03 15:25;4504;monin-concentr-saveur-rantcho-citron---70-cl;3;in_stock;11.99;
2026-10-03 15:25;4506;monin-sirop-saveur-macaron---70-cl;16;in_stock;13.99;
2026-10-03 15:25;4507;monin-sirop-saveur-gingembre---70-cl;29;in_stock;13.99;
2026-10-03 15:25;4508;monin-sirop-saveur-miel---70-cl;20;in_stock;13.99;
2026-10-03 15:25;4509;monin-sirop-saveur-hibiscus---70-cl;11;in_stock;13.99;
2026-10-03 15:25;4510;monin-sirop-saveur-concombre---70-cl;25;in_stock;13.99;
2026-10-03 15:25;4511;monin-sirop-saveur-basilic---70-cl;21;in_stock;13.99;
2026-10-03 15:25;4512;monin-sirop-saveur-crme-brule---70-cl;5;in_stock;13.99;
2026-10-03 15:25;4520;tapis-sucre-multicolore-tubo-1-kg;-2;out_of_stock;5.99;
2026-10-03 15:25;4528;twix-wafer-rolls---225-g;-1;out_of_stock;1.30;
2026-10-03 15:25;4534;trolli-pieuvre-citrique---1-kg;6;in_stock;8.99;
2026-10-03 15:25;4541;cte-dor-tablette-blanc-pralin---200-g;0;in_stock;8.99;
2026-10-03 15:25;4548;cte-dor-tablette-noir---2-x-200-g;0;in_stock;4.99;
2026-10-03 15:25;4554;the-belgian-fruits-de-mer---250-g;-1;in_stock;5.99;
2026-10-03 15:25;4566;zip-zap-boules-coco---180-g;198;in_stock;2.99;
2026-10-03 15:25;4587;squid-game-dalgona-biscuits-vanille---140-g;0;out_of_stock;3.99;
2026-10-03 15:25;4594;haribo-schtroumpf-franais---2-kg;11;in_stock;20.49;
2026-10-03 15:25;4600;monin-sirop-saveur-pche---70-cl;11;in_stock;13.99;
2026-10-03 15:25;4601;frisia-race-cars---15-kg;2;in_stock;10.99;
2026-10-03 15:25;4602;frisia-ttine-vegan-fruits-citrique---3-kg;-1;in_stock;19.99;
2026-10-03 15:25;4604;trolli-centipde-citrique---1-kg;24;in_stock;8.99;
2026-10-03 15:25;4610;copy-dulceplus-caprice-tutti-citrique---200-g;13;in_stock;6.99;
2026-10-03 15:25;4612;trolli-the-squiggles---1-kg;74;in_stock;8.99;
2026-10-03 15:25;4613;trolli-the-squiggles---100g;-3;in_stock;1.99;
2026-10-03 15:25;4616;bulgari-cup-cake-marshmallow---900-g;15;in_stock;10.99;
2026-10-03 15:25;4618;bulgari-balle-de-golf-blanche---900-g;7;in_stock;9.99;
2026-10-03 15:25;4625;flipz-pretzel-cinnamon-bun---90-g;0;out_of_stock;2.99;
2026-10-03 15:25;4627;mars-51-g-x-32-pices;3;in_stock;24.99;
2026-10-03 15:25;4628;juicy-drop-mallows-cola---100-g;1;in_stock;2.59;
2026-10-03 15:25;4633;football-surprise-pop-10-g;4;in_stock;1.50;
2026-10-03 15:25;4650;lutti-bubblizz-tropical---25-kg;21;in_stock;24.99;
2026-10-03 15:25;4653;fanta-zero-sugar-pineapple-grapefruit---330-ml;35;in_stock;2.50;
2026-10-03 15:25;4655;brets-carbonnade-flamande---125-g;25;in_stock;2.69;
2026-10-03 15:25;4658;skittles-tropical---45-g;14;in_stock;1.50;
2026-10-03 15:25;4659;nerds-grape-strawberry---141-g;0;out_of_stock;3.49;
2026-10-03 15:25;4660;copy-nerds-grape-strawberry---141-g;2;in_stock;3.49;
2026-10-03 15:25;4665;tablette-chocolat-jack-daniels-tenesse-fire---100-g;-19;in_stock;6.29;
2026-10-03 15:25;4687;jelly-belly-bubble-tea---125-g;12;in_stock;7.49;
2026-10-03 15:25;4691;the-belgian-fruits-de-mer-crme-vanille---65-g;0;in_stock;2.49;
2026-10-03 15:25;4700;chupa-chups-best-of-display---200-pices;2;in_stock;42.99;
2026-10-03 15:25;4703;copy-cachet-chocolat-extra-noir-tanzania-72---100-g;11;in_stock;2.99;
2026-10-03 15:25;4704;copy-copy-cachet-chocolat-extra-noir-tanzania-72---100-g;17;in_stock;2.99;
2026-10-03 15:25;4706;copy-copy-copy-cachet-chocolat-extra-noir-tanzania-72---100-g;15;in_stock;2.99;
2026-10-03 15:25;4709;monin-sirop-saveur-caramel-sal---70-cl;25;in_stock;13.99;
2026-10-03 15:25;4710;monin-sirop-saveur-amaretto---70-cl;25;in_stock;13.99;
2026-10-03 15:25;4711;monin-sirop-saveur-chocolat-cookie---70-cl;11;in_stock;13.99;
2026-10-03 15:25;4712;monin-sirop-saveur-brownie---70-cl;15;in_stock;13.99;
2026-10-03 15:25;4714;monin-sirop-saveur-marshmallow-grill---70-cl;20;in_stock;13.99;
2026-10-03 15:25;4715;monin-sirop-glasco-citron---70-cl;13;in_stock;13.99;
2026-10-03 15:25;4717;reeses-2-peanut-butter-cups-white-39.5-g;1;in_stock;2.99;
2026-10-03 15:25;4718;candy-fizz-trio---24-x-21-g;-4;out_of_stock;14.49;
2026-10-03 15:25;4720;yummers-crales-squid-game-marshmallow---300-g;0;out_of_stock;5.99;
2026-10-03 15:25;4721;yummers-crales-squid-game-pistache---300-g;0;out_of_stock;5.99;
2026-10-03 15:25;4728;harry-potter-butterbeer-chewy-candy---59-g;0;out_of_stock;3.49;
2026-10-03 15:25;4732;brochette-lard-rose-et-blanche-70-g;9;in_stock;2.49;
2026-10-03 15:25;4733;twix-white---46-g;-22;in_stock;1.00;
2026-10-03 15:25;4735;milka-leo---333-g;-9;in_stock;1.00;
2026-10-03 15:25;4736;milka-leo-white-chocolate---333-g-x-32-pieces;3;in_stock;24.49;
2026-10-03 15:25;4737;milka-barre-noisette---45-g;12;in_stock;1.80;
2026-10-03 15:25;4738;mms-peanuts---45-g;-75;in_stock;1.00;
2026-10-03 15:25;4739;mms-chocolat---45-g;-6;in_stock;1.00;
2026-10-03 15:25;4740;mms-crispy---36-g;-24;in_stock;1.00;
2026-10-03 15:25;4741;maltesers-37-g;-28;in_stock;1.00;
2026-10-03 15:25;4742;bounty-57-g;-26;in_stock;1.00;
2026-10-03 15:25;4743;snickers---50-g;0;in_stock;1.00;
2026-10-03 15:25;4744;kinder-maxi---21-g;37;in_stock;1.00;
2026-10-03 15:25;4745;copy-cha-cha---27-g-x-50-pices;75;in_stock;1.00;
2026-10-03 15:25;4746;copy-cte-dor-nougatti---30-g-x-24-pices;-34;in_stock;1.50;
2026-10-03 15:25;4801;doritos-nacho-cheese-flavour---170-g;13;in_stock;3.99;
2026-10-03 15:25;4803;doritos-sweet-chilli-pepper---170-g;16;in_stock;3.99;
2026-10-03 15:25;4806;werthers-original-caramel-popcorn-salted-caramel---140-g;12;in_stock;4.99;
2026-10-03 15:25;4807;bitecone-mini-cne-chocolat-noisette---100-g;0;out_of_stock;4.49;
2026-10-03 15:25;4837;4d-blocks-gummy---72-g;0;out_of_stock;2.49;
2026-10-03 15:25;4963;red-bull-spring-edition-woodruff-et-pink-grapefruit---250-ml;-4;out_of_stock;2.00;
2026-10-03 15:25;4991;karabool-pomme---3-kg;34;in_stock;38.99;
2026-10-03 15:25;5023;buldak-nouilles-piquantes-au-poulet-140-g;8;in_stock;3.50;
2026-10-03 15:25;5026;haribo-chamallows-rainbollows-175-g;0;out_of_stock;1.99;
2026-10-03 15:25;5027;trolli-banane-1-kg;10;in_stock;8.99;
2026-10-03 15:25;5036;bulgari-balle-de-golf-bleu-fonce-900-g;5;in_stock;9.99;
2026-10-03 15:25;5038;papermints-cool-caps-18-billes;45;in_stock;1.99;
2026-10-03 15:25;5046;gullon-barre-chocolat-et-soja-144-g;30;in_stock;1.79;
2026-10-03 15:25;5053;trolli-cola-club-100-g;6;in_stock;1.20;
2026-10-03 15:25;5055;trolli-classic-bears-100-g;54;in_stock;1.20;
2026-10-03 15:25;5076;felko-holland-mega-gummies-american-fries-120-g-600-g;-6;in_stock;3.49;
2026-10-03 15:25;5078;quick-milk-cookies-cream-5-x-6-g-30-g;44;in_stock;1.50;
2026-10-03 15:25;5080;lollywood-sucette-rock-tubo-100-pieces;11;in_stock;24.99;
2026-10-03 15:25;5083;joris-meli-melo-tubo-1-kg;-6;out_of_stock;13.99;
2026-10-03 15:25;5086;papermints-cool-caps-40-billes;35;in_stock;3.49;
2026-10-03 15:25;5087;red-bull-summer-edition-peche-blanche-250-ml;23;in_stock;2.00;
2026-10-03 15:25;5094;lotus-biscoff-go-45-g;0;out_of_stock;3.49;
2026-10-03 15:25;5099;pringles-butter-caramel-sweet-flavour-110-g;0;out_of_stock;4.99;
2026-10-03 15:25;5103;felko-mega-gummies-japanese-sushi-120-g;0;in_stock;3.49;
2026-10-03 15:25;5104;felko-mega-gummies-american-donut-120-g;3;in_stock;3.49;
2026-10-03 15:25;5109;cheetos-goals-cheese-flavour-100-g;0;out_of_stock;3.49;
2026-10-03 15:25;5115;krambals-bruschetta-garden-grill-140-g;0;out_of_stock;2.49;
2026-10-03 15:25;5126;sweet-party-lacet-fraise-tubo-1350-kg;-5;out_of_stock;13.99;
2026-10-03 15:25;5148;nerds-rope-fruit-26-g;7;in_stock;2.99;
2026-10-03 15:25;5150;hersheys-cookie-chocolat-25-g;17;in_stock;1.99;
2026-10-03 15:25;5157;croky-explosions-paprika-150-g;12;in_stock;2.39;
2026-10-03 15:25;5166;skittles-giants-gooey-125-g;21;in_stock;3.49;
2026-10-03 15:25;5170;snickers-wafer-roll-225-g;1;in_stock;1.79;
2026-10-03 15:25;5175;crack-ups-super-sour-popping-candy-120-g;19;in_stock;3.99;
2026-10-03 15:25;5177;dr.-sour-slimy-mega-sour-50-g;-24;in_stock;1.49;
2026-10-03 15:25;5180;sour-patch-kids-fraise-102-g;0;out_of_stock;1.50;
2026-10-03 15:25;5182;sour-patch-kids-peche-101-g;-1;in_stock;1.50;
2026-10-03 15:25;5184;milkyway-43-g;37;in_stock;1.00;
2026-10-03 15:25;5187;milka-leo-go-48-g-x-32-pieces;4;in_stock;37.49;
2026-10-03 15:25;5188;milka-leo-go-48-g;-16;in_stock;1.50;
2026-10-03 15:25;5191;maltesers-teasers-35-g-x-24-pieces;5;in_stock;21.99;
2026-10-03 15:25;5193;maltesers-teasers-35-g;-49;in_stock;1.00;
2026-10-03 15:25;5198;fanta-orange-sanguine-330-ml;0;out_of_stock;2.50;
2026-10-03 15:25;5205;freez-mix-mojito-fraise-275-ml;3;in_stock;2.00;
2026-10-03 15:25;5206;lipton-ice-tea-framboise-330-ml;14;in_stock;2.00;
2026-10-03 15:25;5207;lipton-ice-tea-pasteque-menthe-330-ml;4;in_stock;2.00;
2026-10-03 15:25;5209;mini-oreo-115-g;9;in_stock;2.99;
2026-10-03 15:25;5211;bergen-rings-coconut-caramel-128-g;29;in_stock;1.79;
2026-10-03 15:25;5212;bergen-rings-peanut-caramel-128-g;14;in_stock;1.79;
2026-10-03 15:25;5213;bergen-baileys-biscuit-chocolat-au-lait-128-g;70;in_stock;1.99;
2026-10-03 15:25;5219;felko-mega-gummies-american-hamburger-120-g;0;in_stock;3.49;
2026-10-03 15:25;5228;oreo-crunchies-enrobe-chocolat-au-lait-110-g;11;in_stock;3.49;
2026-10-03 15:25;5234;pringles-crevette-cocktail-165-g;0;out_of_stock;4.49;
2026-10-03 15:25;5239;assortiment-de-confiseries-a-partager-400-g;0;out_of_stock;3.99;
2026-10-03 15:25;5241;mms-minis-cookies-180-g;18;in_stock;4.49;
2026-10-03 15:25;5243;mentos-rainbow-375-g-x-40;4;in_stock;39.99;
2026-10-03 15:25;5244;mentos-mint-38-g-x-40;1;in_stock;39.99;
2026-10-03 15:25;5245;mentos-pomme-verte-375-g-x-40-pieces;3;in_stock;39.99;
2026-10-03 15:25;5247;mentos-discovery-14-gouts-375-g-x-40-pieces;4;in_stock;39.99;
2026-10-03 15:25;5248;copy-mentos-discovery-14-gouts-375-g-x-40-pieces;23;in_stock;1.25;
2026-10-03 15:25;5267;ricola-eucalyptus-50-g;24;in_stock;2.49;
2026-10-03 15:25;5268;ricola-mountain-mint-50-g;68;in_stock;2.49;
2026-10-03 15:25;5270;dr.-sour-freeze-balls-75-g;3;in_stock;2.49;
2026-10-03 15:25;5271;barre-chocolat-milka-oreo-37-g;-3;out_of_stock;1.25;
2026-10-03 15:25;5282;dr.-fire-blast-balls-75-g;52;in_stock;2.49;
2026-10-03 15:25;5295;quick-milk-caramel-5-x-6-g-30-g;53;in_stock;1.50;
2026-10-03 15:25;5301;doritos-salsa-epicee-sauce-280-g;11;in_stock;4.99;
2026-10-03 15:25;5303;pringles-street-taco-156-g;0;out_of_stock;4.49;
2026-10-03 15:25;5304;brets-cepes-125-g;10;in_stock;2.69;
2026-10-03 15:25;5310;the-belgian-praline-cafe-latte-200-g;6;in_stock;5.99;
2026-10-03 15:25;5314;balisto-cereales-2-x-185-g;-7;in_stock;1.00;
2026-10-03 15:25;5315;balisto-cereales-20-x-37-g;2;in_stock;17.99;
2026-10-03 15:25;5316;rolo-36-x-52-g;6;in_stock;42.49;
2026-10-03 15:25;5318;toffifee-125-g;0;in_stock;3.49;
2026-10-03 15:25;5321;coca-cola-citron-zero-330-ml;28;in_stock;2.00;
2026-10-03 15:25;5322;fuze-tea-black-tea-peach-hibiscus-330-ml;18;in_stock;2.00;
2026-10-03 15:25;5323;fuze-tea-green-tea-mango-chamomile-330-ml;0;in_stock;2.00;
2026-10-03 15:25;5324;lutti-mega-bubble-tutti-85-g;25;in_stock;2.49;
2026-10-03 15:25;5325;fuze-tea-lemon-black-tea-petillant-330-ml;29;in_stock;2.00;
2026-10-03 15:25;5326;lutti-mega-bubble-bubblizz-85-g;59;in_stock;2.49;
2026-10-03 15:25;5327;lutti-peachfizz-80-g;5;in_stock;1.50;
2026-10-03 15:25;5333;nutella-go-52-g;4;in_stock;1.79;
2026-10-03 15:25;5334;kizandy-raspberry-sours-sans-sucre-35-g;16;in_stock;3.99;
2026-10-03 15:25;5335;nutella-b-ready-44-g;14;in_stock;1.49;
2026-10-03 15:25;5336;kizandy-pomegranate-sours-sans-sucre-35-g;6;in_stock;3.99;
2026-10-03 15:25;5337;kizandy-lemon-sours-sans-sucre-35-g;18;in_stock;3.99;
2026-10-03 15:25;5338;kizandy-green-apple-sours-sans-sucre-35-g;6;in_stock;3.99;
2026-10-03 15:25;5340;kizandy-peach-sours-sans-sucre-35-g;0;in_stock;3.99;
2026-10-03 15:25;5342;carlier-nougat-pistache-100-g;-7;out_of_stock;2.99;
2026-10-03 15:25;5349;kitkat-415-g;77;in_stock;1.50;
2026-10-03 15:25;5350;kitkat-36-x-415-g;8;in_stock;31.99;
2026-10-03 15:25;5351;haribo-chamallows-speckies-175-g;4;in_stock;2.99;
2026-10-03 15:25;5352;dr.-sour-cubes-90-g;75;in_stock;2.49;
2026-10-03 15:25;5354;dr.-fire-chili-peppers-gummies-80-g;4;in_stock;2.49;
2026-10-03 15:25;5355;dr.-sour-dipn-pop-20-g;-3;in_stock;0.60;
2026-10-03 15:25;5357;pringles-cheesy-cheese-165-g;78;in_stock;3.49;
2026-10-03 15:25;5368;non-stop-mini-cookie-double-chocolat-65-g;0;out_of_stock;1.50;
2026-10-03 15:25;5387;les-anis-de-flavigny-rose-recharge-250-g;0;out_of_stock;7.99;
2026-10-03 15:25;5388;les-anis-de-flavigny-violette-recharge-250-g;0;out_of_stock;7.99;
2026-10-03 15:25;5389;les-anis-de-flavigny-recharge-250-g;0;out_of_stock;7.99;
2026-10-03 15:25;5391;les-anis-de-flavigny-citron-recharge-250-g;3;in_stock;7.99;
2026-10-03 15:25;5401;bergen-cookies-brownie-chocolate-130-g;13;in_stock;1.79;
2026-10-03 15:25;5409;capri-sun-cerise-200-ml;-10;out_of_stock;1.00;
2026-10-03 15:25;5411;lays-pizza-hut-marguerita-150-g;0;out_of_stock;4.49;
2026-10-03 15:25;5412;lays-subway-teryaki-150-g;0;out_of_stock;4.49;
2026-10-03 15:25;5413;brets-carbonara-125-g;-21;out_of_stock;2.69;
2026-10-03 15:25;5414;brets-aligot-125-g;0;out_of_stock;2.69;
2026-10-03 15:25;5415;brets-cheddar-biere-125-g;14;in_stock;2.69;
2026-10-03 15:25;5417;brets-falafels-a-la-libanaise-125-g;19;in_stock;2.69;
2026-10-03 15:25;5422;kinder-cards-256-g;70;in_stock;1.20;
2026-10-03 15:25;5440;monin-sauce-chocolat-blanc-500-ml;-7;out_of_stock;13.99;
2026-10-03 15:25;5442;monin-sirop-saveur-cannelle-70-cl;22;in_stock;13.99;
2026-10-03 15:25;5443;monin-sauce-chocolat-noir-500-ml;40;in_stock;13.99;
2026-10-03 15:25;5444;monin-sauce-caramel-beurre-sale-500-ml;10;in_stock;13.99;
2026-10-03 15:25;5446;taiwan-dessert-mochi-sesame-210-g;0;out_of_stock;4.49;
2026-10-03 15:25;5447;oasis-ice-tea-the-mangue-passion-330-ml;33;in_stock;2.00;
2026-10-03 15:25;5448;dr-pepper-creamy-blackberry-355-ml;0;out_of_stock;2.50;
2026-10-03 15:25;5450;amos-peelerz-mango-85-g;0;out_of_stock;2.49;
2026-10-03 15:25;5463;kitkat-chunky-white-lotus-42-g;0;out_of_stock;2.49;
2026-10-03 15:25;5467;coris-diy-chocolate-banana-soft-candy-36-g;1;in_stock;2.99;
2026-10-03 15:25;5469;american-bakery-cookies-peanut-96-g;0;out_of_stock;2.50;
2026-10-03 15:25;5471;fuze-tea-fraise-melon-330-ml;0;out_of_stock;2.50;
2026-10-03 15:25;5486;trolli-all-in-one-1-kg;-6;in_stock;10.99;
2026-10-03 15:25;5490;peelable-gummies-mix-fruit-60-g;0;out_of_stock;2.49;
2026-10-03 15:25;5492;millions-tube-iron-brew-55-g;92;in_stock;2.29;
2026-10-03 15:25;5493;skittles-giants-3x-bigger-132-g;11;in_stock;3.49;
2026-10-03 15:25;5496;reeses-pieces-90-g;0;out_of_stock;4.49;
2026-10-03 15:25;5497;oreo-coca-cola-119-g;0;out_of_stock;3.49;
2026-10-03 15:25;5498;pepsi-strawberries-n-cream-zero-330-ml;-28;out_of_stock;2.50;
2026-10-03 15:25;5499;pepsi-cream-zero-330-ml;6;in_stock;2.50;
2026-10-03 15:25;5501;damel-jumbo-stick-pasteque-acidulee-tubo-30-pieces;0;out_of_stock;13.99;
2026-10-03 15:25;5510;jelly-belly-bean-boozled-45-g;-1;out_of_stock;3.50;
2026-10-03 15:25;5514;brets-la-bretonne-125-g;0;out_of_stock;2.69;
2026-10-03 15:25;5516;buldak-ramen-2x-hot-chicken-140-g;0;out_of_stock;2.50;
2026-10-03 15:25;5520;carambar-minis-mix-1-kg;-1;out_of_stock;18.99;
2026-10-03 15:25;5521;carambar-minis-caramel-1-kg;-2;out_of_stock;18.99;
2026-10-03 15:25;5531;fanta-japan-melon-25-cl;0;out_of_stock;2.50;
2026-10-03 15:25;5534;sweet-party-lacet-coca-tubo-1350-kg;1;in_stock;13.99;
2026-10-03 15:25;5537;bergen-cookies-creme-a-la-pistache-dans-du-lait-128-g;0;out_of_stock;2.20;
2026-10-03 15:25;5538;gupperz-popping-pickles-72-g;29;in_stock;3.99;
2026-10-03 15:25;5543;gupperz-sour-squirt-grenades-72-g;-8;out_of_stock;3.99;
2026-10-03 15:25;5546;candy-pop-popcorn-beurre-de-cacahuetes-et-fraise-149-g;0;out_of_stock;6.49;
2026-10-03 15:25;5548;jelly-belly-harry-potter-35-g;0;out_of_stock;3.99;
2026-10-03 15:25;5564;freez-mix-bleu-hawai-275-ml;16;in_stock;2.50;
2026-10-03 15:25;5565;freez-mix-fraise-275-ml;13;in_stock;2.50;
2026-10-03 15:25;5566;freez-mix-kiwi-citron-275-ml;8;in_stock;2.50;
2026-10-03 15:25;5567;freez-mix-grenadine-275-ml;22;in_stock;2.00;
2026-10-03 15:25;5569;freez-mix-pommeraisin-275-ml;-7;in_stock;2.00;
2026-10-03 15:25;5571;freez-mix-citron-gingembre-275-ml;2;in_stock;2.00;
2026-10-03 15:25;5572;pringles-passport-thai-style-green-curry-165-g;0;out_of_stock;4.49;
2026-10-03 15:25;5573;buldak-ramen-quattro-cheese-hot-chicken-flavor-145-g;55;in_stock;2.50;
2026-10-03 15:25;5574;reeses-4-peanut-butter-cups-79-g;44;in_stock;3.99;
2026-10-03 15:25;5576;copy-fanta-tropical---500-ml;61;in_stock;3.00;
2026-10-03 15:25;5577;the-belgian-pralines-tiramisu-200-g;3;in_stock;6.49;
2026-10-03 15:25;5579;monin-fraise-des-bois-70-cl;26;in_stock;13.99;
2026-10-03 15:25;5588;geldhof-nez-citrique-3-kg;-8;in_stock;26.99;
2026-10-03 15:25;5590;geldhof-avion-citrique-3-kg;0;in_stock;26.99;
2026-10-03 15:25;5591;geldhof-poire-citrique-3-kg;0;in_stock;26.99;
2026-10-03 15:25;5592;geldhof-tortue-citrique-3-kg;1;in_stock;26.99;
2026-10-03 15:25;5593;geldhof-tranche-dananas-sucree-3-kg;0;out_of_stock;26.99;
2026-10-03 15:25;5600;lollywood-baton-pomme-citrique-xl-1-kg;26;in_stock;8.99;
2026-10-03 15:25;5606;bulgari-marshmallow-fraise-1080-kg;1;in_stock;17.99;
2026-10-03 15:25;5608;bulgari-etoile-bleu-900-g;9;in_stock;9.99;
2026-10-03 15:25;5611;sweet-party-spaghetti-framboise-citrique-1-kg;20;in_stock;9.99;
2026-10-03 15:25;5614;sweet-party-chewing-gum-watermelon-2-kg;5;in_stock;19.99;
2026-10-03 15:25;5615;sweet-party-spirale-fraise-huile-1-kg;1;in_stock;9.99;
2026-10-03 15:25;5616;sweet-party-mini-cable-fraise-huile-1-kg;20;in_stock;8.99;
2026-10-03 15:25;5617;sweet-party-chewing-gum-mix-fruit-2-kg;8;in_stock;19.99;
2026-10-03 15:25;5619;ravazzi-ufs-1-kg;45;in_stock;7.99;
2026-10-03 15:25;5622;ravazzi-grenouilles-geantes-1-kg;0;in_stock;7.99;
2026-10-03 15:25;5633;geldhof-grenouille-citrique-3-kg;2;in_stock;26.99;
2026-10-03 15:25;5634;unicorn-poo-10-g;13;in_stock;1.00;
2026-10-03 15:25;5636;debron-poker-fruit-1-kg;7;in_stock;13.99;
2026-10-03 15:25;5641;debron-eucamint-1-kg;3;in_stock;13.99;
2026-10-03 15:25;5642;haribo-langue-fizz-185-g;0;in_stock;3.99;
2026-10-03 15:25;5645;haribo-happy-cola-185-g;13;in_stock;2.49;
2026-10-03 15:25;5646;haribo-happy-cherries-fizz-200-g;40;in_stock;3.99;
2026-10-03 15:25;5650;pedro-smileys-1-kg;14;in_stock;8.99;
2026-10-03 15:25;5652;pedro-singes-bananes-1-kg;34;in_stock;8.99;
2026-10-03 15:25;5669;vidal-fondant-fraise-1-kg;5;in_stock;8.99;
2026-10-03 15:25;5678;lard-anversois-blanc-rose-3-kg;0;in_stock;44.99;
2026-10-03 15:25;5682;lollywood-baton-framboise-citrique-xl-1-kg;8;in_stock;8.99;
2026-10-03 15:25;5713;dr.-sour-powder-balls-cola-1000-g;26;in_stock;7.99;
2026-10-03 15:25;5715;dr.-sour-powder-balls-fraise-1000-g;18;in_stock;7.99;
2026-10-03 15:25;5716;fanta-raisin-330-ml;9;in_stock;2.50;
2026-10-03 15:25;5717;dr.-sour-powder-balls-pasteque-1000-g;4;in_stock;7.99;
2026-10-03 15:25;5763;fini-bananes-gelifiees-1-kg;-1;in_stock;9.99;
2026-10-03 15:25;5766;lacet-sucre-cola-tubo-1-kg;6;in_stock;5.99;
2026-10-03 15:25;5769;tapis-sucre-fruite-4-couleurs-tubo-1-kg;-8;out_of_stock;5.99;
2026-10-03 15:25;5770;fuze-tea-pasteque-330-ml;0;out_of_stock;2.50;
2026-10-03 15:25;5772;sweet-party-tapis-pomme-citrique-17-kg;7;in_stock;13.99;
2026-10-03 15:25;5773;sweet-party-tapis-coca-citrique-17-kg;1;in_stock;13.99;
2026-10-03 15:25;5790;coca-cola-vanille-zero-330-ml;-12;in_stock;2.50;
2026-10-03 15:25;5791;grain-de-cafe-chocolat-noir-1-kg;7;in_stock;27.99;
2026-10-03 15:25;5796;brets-kebab-125-g;15;in_stock;2.69;
2026-10-03 15:25;5797;sac-cabas-stitch-sweet-thing;0;in_stock;3.00;
2026-10-03 15:25;5800;lipton-ice-tea-original-zero-330-ml;49;in_stock;2.00;
2026-10-03 15:25;5804;coca-cola-peche-330-ml;7;in_stock;2.50;
2026-10-03 15:25;5806;bergen-cookies-chocolat-vanille-128-g;68;in_stock;1.99;
2026-10-03 15:25;5809;sweet-party-spaghetti-pomme-citrique-1-kg;13;in_stock;9.99;
2026-10-03 15:25;5812;lipton-ice-tea-tropical-330-ml;-5;out_of_stock;2.50;
2026-10-03 15:25;5828;lays-paysanne-ossau-iraty-et-tomates-sechees-120-g;0;out_of_stock;3.29;
2026-10-03 15:25;5830;sac-cabas-stitch-scrump;7;in_stock;3.00;
2026-10-03 15:25;5831;mms-gelee-au-beurre-de-cacahuete-46-g;-16;out_of_stock;2.99;
2026-10-03 15:25;5833;kitkat-duos-menthe-chocolat-noir-42-g;-2;out_of_stock;2.49;
2026-10-03 15:25;5835;potion-du-cerf-blanc-litchi-330-ml;22;in_stock;6.99;
2026-10-03 15:25;5838;biscuit-lotte-koala-fraise-48-g;0;out_of_stock;2.49;
2026-10-03 15:25;5842;hello-panda-caramel-42-g;17;in_stock;2.49;
2026-10-03 15:25;5844;mars-secret-centre-biscuits-132-g;33;in_stock;4.49;
2026-10-03 15:25;5864;fanta-japan-raisin-dore-500-ml;0;out_of_stock;3.00;
2026-10-03 15:25;5874;monin-saveur-the-citron-concentre-100-cl;18;in_stock;18.99;
2026-10-03 15:25;5875;monin-sirop-saveur-the-vert-matcha-70-cl;12;in_stock;15.99;
2026-10-03 15:25;5881;monin-sauce-caramel-500-ml;-13;out_of_stock;13.99;
2026-10-03 15:25;5885;galler-chocolat-noir-framboise-70-g;0;out_of_stock;3.00;
2026-10-03 15:25;5900;pizza-chocolat-assortie-44-g;0;in_stock;2.49;
2026-10-03 15:25;5921;tablette-chocolat-au-lait-avec-caramel-et-amandes-85-g;0;in_stock;3.29;
2026-10-03 15:25;5923;sweet-party-tapis-framboise-citrique-17-kg;-5;in_stock;13.99;
2026-10-03 15:25;5924;papermints-cool-caps-fraise-18-billes;21;in_stock;1.99;
2026-10-03 15:25;5932;fanta-rich-apple-500-ml;0;out_of_stock;3.00;
2026-10-03 15:25;5942;buldak-ramen-cup-hot-chicken-cheese-70-g;13;in_stock;3.99;
2026-10-03 15:25;5952;skittles-crazy-sours-giants-3x-bigger-132-g;6;in_stock;3.49;
2026-10-03 15:25;5953;dr-pepper-cherry-crush-zero-330-ml;-2;out_of_stock;2.50;
2026-10-03 15:25;5961;kubli-bonbons-violette-130-g;0;out_of_stock;3.49;
2026-10-03 15:25;5965;sweet-party-lacet-pomme-135-kg;9;in_stock;13.99;
2026-10-03 15:25;5974;ultra-ice-tea-peche-naruto-sasuke-33-cl;0;out_of_stock;2.00;
2026-10-03 15:25;5987;monin-sirop-saveur-the-framboise-70-cl;24;in_stock;15.99;
2026-10-03 15:25;6025;harry-potter-biscuit-avec-chocolat-au-lait-126-g;0;out_of_stock;3.99;
2026-10-03 15:25;6026;bergen-dubai-cookies-creme-a-la-pistache-au-chocolat-au-lait-128-g;59;in_stock;2.99;
2026-10-03 15:25;6029;monster-energy-rio-punch-500-ml;11;in_stock;3.00;
2026-10-03 15:25;6031;monster-energy-white-pineapple-500-ml;11;in_stock;3.00;
2026-10-03 15:25;6033;snickers-wafer-roll-12-x-24-g;1;in_stock;15.99;
2026-10-03 15:25;6043;mms-crispy-77-g-x-16-pieces;42;in_stock;37.99;
2026-10-03 15:25;6046;mms-chocolat-90-g;-9;in_stock;2.99;
2026-10-03 15:25;6048;american-bakery-caramel-cones-112-g;0;out_of_stock;2.50;
2026-10-03 15:25;6054;buldak-ramen-bowl-2x-hot-chicken-105-g;0;out_of_stock;4.99;
2026-10-03 15:25;6055;buldak-ramen-cup-hot-chicken-cheese-105-g;0;out_of_stock;5.99;
2026-10-03 15:25;6057;snickers-pods-160-g;0;out_of_stock;5.49;
2026-10-03 15:25;6059;mars-pods-160-g;2;in_stock;5.49;
2026-10-03 15:25;6060;chiclets-menthe-fraiche-sans-sucre-168-g;68;in_stock;1.99;
2026-10-03 15:25;6061;chiclets-fraise-sans-sucre-168-g;61;in_stock;1.99;
2026-10-03 15:25;6062;chiclets-menthe-verte-sans-sucre-168-g;21;in_stock;1.99;
2026-10-03 15:25;6072;sweet-party-mini-tapis-citrique-assortis-1-kg;9;in_stock;9.99;
2026-10-03 15:25;6075;gicopa-gomme-mix-fruits-170-g;22;in_stock;2.50;
2026-10-03 15:25;6080;cachet-chocolat-au-lait-caramel-et-sel-marin-180-g;-2;out_of_stock;3.99;
2026-10-03 15:25;6081;haribo-pasteque-sucree-1-kg;2;in_stock;10.99;
2026-10-03 15:25;6091;dulceplus-citron-sucre-1-kg;4;in_stock;6.99;
2026-10-03 15:25;6092;dulceplus-fleur-sucree-assortie-1-kg;15;in_stock;6.99;
2026-10-03 15:25;6099;dulceplus-coeur-de-peche-sucre-1-kg;0;out_of_stock;6.99;
2026-10-03 15:25;6108;dulceplus-anneau-pomme-acidule-1-kg;14;in_stock;6.99;
2026-10-03 15:25;6111;reeses-pieces-peanut-butter-box-113-g;0;out_of_stock;4.49;
2026-10-03 15:25;6126;copy-dulceplus-vers-huiles-1-kg;26;in_stock;6.99;
2026-10-03 15:25;6136;dulceplus-bisou-coca-twist-1-kg;6;in_stock;6.99;
2026-10-03 15:25;6138;dulceplus-crane-acidule-1-kg;28;in_stock;6.99;
2026-10-03 15:25;6140;dulceplus-banane-verte-sucree-1-kg;-2;out_of_stock;6.99;
2026-10-03 15:25;6182;mr.bite-pixel-lait-chocolate-et-creme-de-pistache-10-x-28-g;9;in_stock;1.50;
2026-10-03 15:25;6192;takis-intense-nacho-100-g;52;in_stock;3.49;
2026-10-03 15:25;6200;fini-petit-mix-acidule-1-kg;0;out_of_stock;9.99;
2026-10-03 15:25;6202;mms-peanut-400-g;0;out_of_stock;9.99;
2026-10-03 15:25;6206;royal-mochi-menthe-aux-pepites-de-chocolat-180-g;0;out_of_stock;5.99;
2026-10-03 15:25;6207;royal-mochi-beurre-de-cacahuetes-180-g;0;out_of_stock;5.99;
2026-10-03 15:25;6208;royal-mochi-caramel-beurre-sale-180-g;8;in_stock;5.99;
2026-10-03 15:25;6209;royal-mochi-pancake-sirop-derable-180-g;1;in_stock;5.99;
2026-10-03 15:25;6210;royal-mochi-creme-vanille-180-g;0;out_of_stock;5.99;
2026-10-03 15:25;6211;royal-mochi-tiramisu-creme-180-g;0;out_of_stock;5.99;
2026-10-03 15:25;6212;royal-mochi-matcha-180-g;13;in_stock;5.99;
2026-10-03 15:25;6215;royal-mochi-cheesecake-fraise-180-g;1;in_stock;5.99;
2026-10-03 15:25;6220;buldak-ramen-cup-spicy-chicken-carbo-80-g;4;in_stock;2.50;
2026-10-03 15:25;6221;lays-paysanne-moutarde-de-dijon-poulet-et-miel-120-g;0;out_of_stock;3.29;
2026-10-03 15:25;6222;lays-paysanne-fromage-frais-120-g;0;in_stock;3.29;
2026-10-03 15:25;6223;lays-paysanne-oignon-de-roscoff-caramelise-120-g;0;out_of_stock;3.29;
2026-10-03 15:25;6235;dr.-sour-dipn-pop-24-x-20-g;0;in_stock;11.99;
2026-10-03 15:25;6246;monin-sirop-saveur-vanille-sans-sucre-70-cl;14;in_stock;15.99;
2026-10-03 15:25;6247;monin-sirop-saveur-noisette-sans-sucre-70-cl;1;in_stock;15.99;
2026-10-03 15:25;6248;monin-sirop-saveur-caramel-sans-sucre-70-cl;19;in_stock;15.99;
2026-10-03 15:25;6249;coca-cola-citron-vert-zero-250-ml;0;out_of_stock;1.50;
2026-10-03 15:25;6255;copy-hi-chew-bonbons-a-la-fraise-50-g;-4;in_stock;2.99;
2026-10-03 15:25;6256;hi-chew-bonbons-a-la-pomme-verte-50-g;-1;in_stock;2.99;
2026-10-03 15:25;6263;lollywood-batons-de-reglisse-mix-1-kg;22;in_stock;8.99;
2026-10-03 15:25;6265;gupperz-fraise-lait-splash-72-g;6;in_stock;3.99;
2026-10-03 15:25;6268;fun-rock-candy-mix-150-g;66;in_stock;1.00;
2026-10-03 15:25;6273;lollywood-brique-framboise-citrique-1-kg;6;in_stock;8.99;
2026-10-03 15:25;6275;megastar-jumbo-stick-fraise-myrtille-40-pieces;4;in_stock;15.99;
2026-10-03 15:25;6279;oyakata-nouilles-korean-barbecue-93-g;-2;in_stock;2.50;
2026-10-03 15:25;6280;fanta-citron-fleur-de-sureau-zero-330-ml;11;in_stock;2.50;
2026-10-03 15:25;6281;megastar-jumbo-stick-multicouleur-twist-40-pieces;3;in_stock;15.99;
2026-10-03 15:25;6289;frisia-ufo-tropical-36-g;1;in_stock;1.50;
2026-10-03 15:25;6290;frisia-ufo-bubblegum-36-g;2;in_stock;1.50;
2026-10-03 15:25;6291;frisia-ufo-fruit-36-g;18;in_stock;1.50;
2026-10-03 15:25;6292;frisia-ufo-coca-36-g;16;in_stock;1.50;
2026-10-03 15:25;6293;bulgari-ourson-rose-900-g;14;in_stock;9.99;
2026-10-03 15:25;6295;red-bull-ice-edition-250-ml;1372;in_stock;2.00;
2026-10-03 15:25;6298;monster-energy-ultra-fantasy-ruby-red-zero-sugar-500-ml;2;in_stock;3.00;
2026-10-03 15:25;6309;chupa-chups-cola-drink-345-ml;0;out_of_stock;2.00;
2026-10-03 15:25;6310;chupa-chups-melon-cream-drink-345-ml;0;out_of_stock;2.00;
2026-10-03 15:25;6316;skittles-citrus-136-g;8;in_stock;3.49;
2026-10-03 15:25;6317;skittles-chewies-137-g;3;in_stock;3.49;
2026-10-03 15:25;6320;chickn-gum-21-g;3;in_stock;1.00;
2026-10-03 15:25;6332;bergen-dubai-style-creme-de-noisettes-avec-kadayif-190-g;29;in_stock;6.99;
2026-10-03 15:25;6345;cachet-chocolat-au-lait-brownie-pretzel-180-g;4;in_stock;3.99;
2026-10-03 15:25;6356;buldak-ramen-cup-spicy-chicken-carbo-105-g;0;out_of_stock;4.99;
2026-10-03 15:25;6357;buldak-ramen-bowl-hot-chicken-habanero-lime-110-g;0;out_of_stock;4.99;
2026-10-03 15:25;6369;oreo-enrobe-chocolat-au-lait-246-g;15;in_stock;3.49;
2026-10-03 15:25;6371;monin-sirop-saveur-tarte-aux-pommes-70-cl;24;in_stock;13.99;
2026-10-03 15:25;6372;cote-dor-baton-lait-noisettes-44-g;242;in_stock;1.00;
2026-10-03 15:25;6373;monin-sirop-saveur-mojito-menthe-70-cl;8;in_stock;13.99;
2026-10-03 15:25;6374;monin-sirop-erable-epices-70-cl;7;in_stock;13.99;
2026-10-03 15:25;6376;monin-sirop-saveur-toffee-nut-70-cl;13;in_stock;13.99;
2026-10-03 15:25;6377;monin-sirop-saveur-mirabelle-70-cl;22;in_stock;13.99;
2026-10-03 15:25;6378;monin-sirop-saveur-anis-70-cl;16;in_stock;13.99;
2026-10-03 15:25;6379;monin-sirop-saveur-citronnelle-70-cl;20;in_stock;13.99;
2026-10-03 15:25;6380;monin-sirop-saveur-rhubarbe-70-cl;17;in_stock;13.99;
2026-10-03 15:25;6381;monin-sirop-saveur-triple-sec-curacao-70-cl;9;in_stock;13.99;
2026-10-03 15:25;6382;monin-sirop-saveur-orange-sanguine-70-cl;10;in_stock;13.99;
2026-10-03 15:25;6383;monin-sirop-saveur-airelles-70-cl;20;in_stock;13.99;
2026-10-03 15:25;6386;monin-sirop-saveur-menthe-glaciale-70-cl;26;in_stock;13.99;
2026-10-03 15:25;6387;monin-sirop-saveur-mangue-epices-70-cl;18;in_stock;13.99;
2026-10-03 15:25;6388;monin-sirop-saveur-spicy-70-cl;3;in_stock;13.99;
2026-10-03 15:25;6389;monin-sirop-saveur-rhum-des-caraibes-70-cl;12;in_stock;13.99;
2026-10-03 15:25;6390;monin-sirop-saveur-jasmin-70-cl;11;in_stock;13.99;
2026-10-03 15:25;6391;monin-sirop-saveur-orange-spritz-70-cl;7;in_stock;13.99;
2026-10-03 15:25;6392;monin-sirop-saveur-pina-colada-70-cl;29;in_stock;13.99;
2026-10-03 15:25;6393;monin-sirop-saveur-fruits-rouges-epices-70-cl;3;in_stock;12.71;
2026-10-03 15:25;6394;monin-sirop-saveur-irish-70-cl;28;in_stock;13.99;
2026-10-03 15:25;6395;monin-sirop-saveur-the-chai-70-cl;28;in_stock;13.99;
2026-10-03 15:25;6396;monin-sirop-saveur-epices-dhiver-70-cl;15;in_stock;13.99;
2026-10-03 15:25;6397;monin-coffret-sirops-pour-cocktails-5-x-5-cl;86;in_stock;17.99;
2026-10-03 15:25;6398;monin-coffret-sirops-pour-cafes-aromatises-5-x-5-cl;9;in_stock;17.99;
2026-10-03 15:25;6399;monin-sirop-saveur-curacao-bleu-70-cl;17;in_stock;13.99;
2026-10-03 15:25;6400;monin-sirop-saveur-tiramisu-70-cl;17;in_stock;13.99;
2026-10-03 15:25;6401;monin-sirop-saveur-pain-depices-70-cl;7;in_stock;13.99;
2026-10-03 15:25;6402;monin-sirop-saveur-falernum-70-cl;9;in_stock;13.99;
2026-10-03 15:25;6403;monin-sirop-saveur-bergamot-70-cl;21;in_stock;13.99;
2026-10-03 15:25;6406;monin-sirop-dagave-70-cl;9;in_stock;16.99;
2026-10-03 15:25;6407;pure-monin-concentre-menthe-non-sucre-70-cl;4;in_stock;13.99;
2026-10-03 15:25;6408;pure-monin-concentre-de-mangue-passion-non-sucre-70-cl;0;out_of_stock;13.99;
2026-10-03 15:25;6409;pure-monin-concentre-de-fruits-rouges-non-sucre-70-cl;11;in_stock;13.99;
2026-10-03 15:25;6410;pure-monin-concentre-de-peche-et-abricot-non-sucre-70-cl;5;in_stock;13.99;
2026-10-03 15:25;6411;monin-sirop-saveur-sangria-mix-70-cl;24;in_stock;13.99;
2026-10-03 15:25;6415;monin-sirop-pour-base-limonade-1-l;6;in_stock;13.99;
2026-10-03 15:25;6416;puree-de-fruit-de-monin-framboise-1-l;0;out_of_stock;19.99;
2026-10-03 15:25;6417;puree-de-fruit-de-monin-rhubarbe-1-l;5;in_stock;19.99;
2026-10-03 15:25;6418;puree-de-fruit-de-monin-fruit-de-la-passion-1-l;0;out_of_stock;19.99;
2026-10-03 15:25;6420;puree-de-fruit-monin-noix-de-coco-1-l;0;out_of_stock;19.99;
2026-10-03 15:25;6421;puree-de-fruit-monin-peche-1-l;2;in_stock;19.99;
2026-10-03 15:25;6422;puree-de-fruit-monin-kiwi-1-l;1;in_stock;19.99;
2026-10-03 15:25;6424;puree-de-fruit-monin-ananas-1-l;6;in_stock;19.99;
2026-10-03 15:25;6425;puree-de-fruit-monin-yuzu-1-l;5;in_stock;19.99;
2026-10-03 15:25;6426;puree-de-fruit-monin-cassis-1-l;2;in_stock;19.99;
2026-10-03 15:25;6427;puree-de-fruit-monin-banane-1-l;10;in_stock;19.99;
2026-10-03 15:25;6428;puree-de-fruit-monin-fraise-1-l;0;out_of_stock;19.99;
2026-10-03 15:25;6432;puree-de-fruit-monin-fruits-rouges-1-l;0;out_of_stock;19.99;
2026-10-03 15:25;6434;puree-de-fruit-monin-myrtille-1-l;2;in_stock;19.99;
2026-10-03 15:25;6438;ice-talk-blueberry-ade-230-ml;23;in_stock;2.50;
2026-10-03 15:25;6439;ice-talk-watermelon-ade-230-ml;24;in_stock;2.50;
2026-10-03 15:25;6453;love-lollies-bouquet-50-g;5;in_stock;1.50;
2026-10-03 15:25;6460;jawbreaker-blue-razz-132-g;39;in_stock;1.50;
2026-10-03 15:25;6467;triple-power-push-pop-34-g;12;in_stock;2.50;
2026-10-03 15:25;6475;poplolly-dino-36-x-16-g;39;in_stock;12.49;
2026-10-03 15:25;6502;lipton-kombucha-framboise-250-ml;0;out_of_stock;3.00;
2026-10-03 15:25;6507;sprite-the-355-ml;0;out_of_stock;2.00;
2026-10-03 15:25;6510;toffifee-chocolat-blanc-125-g;0;out_of_stock;3.99;
2026-10-03 15:25;6513;bergen-cookies-avec-cube-de-gelee-cassis-creme-au-lait-128-g;61;in_stock;2.20;
2026-10-03 15:25;6522;sac-cabas-stitch-aloha;-6;in_stock;3.00;
2026-10-03 15:25;6524;sac-cabas-minecraft;0;in_stock;3.00;
2026-10-03 15:25;6530;nerds-gummy-clusters-fruits-113-g;10;in_stock;4.00;
2026-10-03 15:25;6532;bergen-cookies-avec-cube-de-gelee-banane-et-beurre-de-cacahuete-128-g;55;in_stock;2.20;
2026-10-03 15:25;6541;frisia-mega-bbq-marshmallows-300-g;12;in_stock;3.49;
2026-10-03 15:25;6544;megastar-jumbo-stick-fraise-acidule-40-pieces;6;in_stock;15.99;
2026-10-03 15:25;6545;megastar-jumbo-stick-fraise-40-pieces;-1;out_of_stock;15.99;
2026-10-03 15:25;6546;roodthooft-mocha-caramel-200-g;-17;in_stock;3.49;
2026-10-03 15:25;6553;pringles-passport-turkish-style-kebab-165-g;2;in_stock;4.49;
2026-10-03 15:25;6555;pringles-passport-mexican-style-cheesy-jalapeno-165-g;14;in_stock;4.49;
2026-10-03 15:25;6558;dr.-sweet-tetriminos-1-kg;16;in_stock;9.99;
2026-10-03 15:25;6559;felko-mega-gummies-bear-600-g;-1;in_stock;10.49;
2026-10-03 15:25;6563;bergen-dubai-style-pralines-creme-de-pistaches-240-g;14;in_stock;5.99;
2026-10-03 15:25;6564;monster-energy-lando-norris-zero-sugar-500-ml;46;in_stock;3.00;
2026-10-03 15:25;6566;squid-game-biscuit-au-fromage-158-g;0;out_of_stock;4.49;
2026-10-03 15:25;6569;ice-talk-kiwi-ade-230-ml;34;in_stock;2.50;
2026-10-03 15:25;6570;ice-talk-raisin-vert-ade-230-ml;16;in_stock;2.50;
2026-10-03 15:25;6571;fanta-korean-melon-350-ml;9;in_stock;3.00;
2026-10-03 15:25;6576;quick-milk-forest-fruit-5-x-6-g-30-g;18;in_stock;1.50;
2026-10-03 15:25;6577;quick-milk-bubblegum-5-x-6-g-30-g;9;in_stock;1.50;
2026-10-03 15:25;6597;grand-sachet-mix-confiserie-200-g;197;in_stock;3.99;
2026-10-03 15:25;6606;trolli-halloween-mix-360-g;85;in_stock;6.49;
2026-10-03 15:25;6613;sweet-pack-montre-dextrose-100-pcs;3;in_stock;14.99;
2026-10-03 15:25;6623;ravazzi-piment-acidule-1-kg;23;in_stock;8.99;
2026-10-03 15:25;6624;lollywood-crane-bubblegum-acidule-1-kg;27;in_stock;8.99;
2026-10-03 15:25;6625;copy-lollywood-batons-de-reglisse-mix-1-kg;33;in_stock;8.99;
2026-10-03 15:25;6632;amos-gummy-dinosaur-65-g;0;out_of_stock;2.49;
2026-10-03 15:25;6637;fanta-pomme-rouge-320-ml;-14;out_of_stock;2.50;
2026-10-03 15:25;6646;pringles-sel-vinaigre-165-g;-1;out_of_stock;3.49;
2026-10-03 15:25;6650;sweet-party-spaghetti-cola-citrique-1-kg;18;in_stock;9.99;
2026-10-03 15:25;6652;frisia-cur-brise-citrique-3-kg;9;in_stock;19.99;
2026-10-03 15:25;6653;lutti-oh-la-la-mini-mix-3-kg;-5;in_stock;30.99;
2026-10-03 15:25;6656;lutti-bubblizz-balls-3kg;-1;in_stock;37.99;
2026-10-03 15:25;6674;snickers-pecan-40-g;5;in_stock;2.49;
2026-10-03 15:25;6676;kinder-crispy-14-x-34-g;39;in_stock;19.99;
2026-10-03 15:25;6679;cha-cha-maxx-343-g;1;in_stock;1.50;
2026-10-03 15:25;6683;reeses-big-cup-with-reeses-puffs-68-g;0;out_of_stock;2.99;
2026-10-03 15:25;6684;reeses-nutrageous-87-g;0;out_of_stock;2.99;
2026-10-03 15:25;6685;fanta-bouteille-japon-raisin-300-ml;13;in_stock;3.00;
2026-10-03 15:25;6686;reeses-4-white-peanut-butter-cups-79-g;0;out_of_stock;2.49;
2026-10-03 15:25;6690;bulgari-marshmallow-papillon-rose-900-g;8;in_stock;10.99;
2026-10-03 15:25;6697;roodthooft-mocha-caramel-1-kg;8;in_stock;15.99;
2026-10-03 15:25;6699;lutti-mega-bubble-bubblizz-200-pieces;27;in_stock;19.99;
2026-10-03 15:25;6700;trolli-dinorex-1-kg;15;in_stock;8.99;
2026-10-03 15:25;6701;sac-cabas-one-piece-v2;-1;out_of_stock;3.00;
2026-10-03 15:25;6708;nutella-pouch-1-kg;2;in_stock;13.99;
2026-10-03 15:25;6730;roodthooft-cafe-200-g;4;in_stock;3.49;
2026-10-03 15:25;6731;kinder-cookies-136-g;7;in_stock;5.99;
2026-10-03 15:25;6732;kinder-cards-128-g;-1;in_stock;4.99;
2026-10-03 15:25;6733;kinder-tronky-90-g;1;in_stock;3.99;
2026-10-03 15:25;6734;kinder-kinderini-250-g;9;in_stock;5.99;
2026-10-03 15:25;6737;sweet-party-batonnets-colores-4-kg;0;in_stock;29.99;
2026-10-03 15:25;6742;lutti-bubblizz-fizz-candy-paper-24-x-15-g;0;out_of_stock;27.99;
2026-10-03 15:25;6751;skeletons-candies-18-x-25-g;23;in_stock;34.99;
2026-10-03 15:25;6753;croky-patatas-fritas-paprika-100-g;9;in_stock;2.39;
2026-10-03 15:25;6756;roodthooft-mocha-caramel-3-kg;8;in_stock;53.99;
2026-10-03 15:25;6757;yippy-ice-tea-peche-330-ml;0;out_of_stock;1.59;
2026-10-03 15:25;6762;cafe-mio-cappuccino-250-ml;1;in_stock;2.50;
2026-10-03 15:25;6763;cafe-mio-macchiato-250-ml;3;in_stock;2.50;
2026-10-03 15:25;6764;cafe-mio-latte-macchiato-vanilla-250-ml;1;in_stock;2.50;
2026-10-03 15:25;6765;lutti-sucette-cerise-double-tige-75-pieces;0;out_of_stock;22.99;
2026-10-03 15:25;6766;lutti-massues-cola-100-pieces;1;in_stock;34.99;
2026-10-03 15:25;6767;joris-ourson-sans-sucre-25-kg;20;in_stock;2.49;
2026-10-03 15:25;6774;monster-munch-original-75-g;0;out_of_stock;2.50;
2026-10-03 15:25;6775;sweet-party-brique-fraise-huilee-1-kg;18;in_stock;9.99;
2026-10-03 15:25;6776;napoleon-mix-fruit-25-kg;0;out_of_stock;30.99;
2026-10-03 15:25;6781;trinketto-coca-3-x-70-ml;0;out_of_stock;1.50;
2026-10-03 15:25;6782;vidal-tranche-framboise-citrique-1-kg;-2;out_of_stock;8.99;
2026-10-03 15:25;6788;frisia-vegan-winegum-3-kg;-6;in_stock;19.99;
2026-10-03 15:25;6797;fruit-tella-garden-fruits-4-x-41-g;0;out_of_stock;2.00;
2026-10-03 15:25;6800;skittles-desserts-152-g;12;in_stock;3.49;
2026-10-03 15:25;6804;kitkat-chunky-funky-40-g;29;in_stock;2.49;
2026-10-03 15:25;6805;kitkat-chunky-funky-24-x-40-g;1;in_stock;43.99;
2026-10-03 15:25;6809;fanta-ananas-sans-cafeine-355-ml;20;in_stock;2.50;
2026-10-03 15:25;6819;airheads-sour-pasteque-punch-156-g;33;in_stock;1.00;
2026-10-03 15:25;6821;bergen-cookies-peanut-butter-cocoa-biscuit-milk-chocolate-128-g;99;in_stock;1.79;
2026-10-03 15:25;6822;lollywood-papillon-fraise-1-kg;24;in_stock;8.99;
2026-10-03 15:25;6823;geldhof-tetines-citriques-3-kg;-1;in_stock;26.99;
2026-10-03 15:25;6844;juicy-drop-gummies-12-x-57-g;2;in_stock;35.49;
2026-10-03 15:25;6878;red-bull-energy-drink-473-ml;0;out_of_stock;3.00;
2026-10-03 15:25;6888;cheetos-american-turkey-90-g;24;in_stock;2.49;
2026-10-03 15:25;6890;takis-zombie-100-g;0;out_of_stock;3.99;
2026-10-03 15:25;6902;horror-surprise-pop-15-x-10-g;10;in_stock;10.99;
2026-10-03 15:25;6904;horror-finger-dip-18-x-40-g;42;in_stock;8.99;
2026-10-03 15:25;6906;kinder-chocolat-50g;26;in_stock;1.50;
2026-10-03 15:25;6940;toastem-pop-ups-frosted-smores-288-g;0;out_of_stock;4.99;
2026-10-03 15:25;6941;toastem-pop-ups-frosted-myrtille-288-g;19;in_stock;4.99;
2026-10-03 15:25;6945;sweet-party-mignonette-3-kg;1;in_stock;20.99;
2026-10-03 15:25;6947;buenos-dias-creme-de-coco-55-g;30;in_stock;1.99;
2026-10-03 15:25;6949;lays-big-wave-hot-chicken-noodle-flavor-70-g;13;in_stock;3.29;
2026-10-03 15:25;6952;buenos-dias-creme-de-pistache-55-g;-4;out_of_stock;1.99;
2026-10-03 15:25;6954;buenos-dias-creme-de-fraise-55-g;37;in_stock;1.99;
2026-10-03 15:25;6955;buenos-dias-creme-de-speculoos-55-g;39;in_stock;1.99;
2026-10-03 15:25;6957;felko-mega-gummies-brochette-120-g;4;in_stock;2.59;
2026-10-03 15:25;6958;felko-mega-gummies-pilon-de-poulet-cola-fraise-120-g;-1;in_stock;2.59;
2026-10-03 15:25;6960;monsterz-pop-20-x-40-g;0;out_of_stock;23.49;
2026-10-03 15:25;6964;felko-mega-gummies-poisson-fraise-120-g;-17;in_stock;2.59;
2026-10-03 15:25;6965;dr.-sour-jelly-beans-x-taste-1-kg;0;in_stock;10.49;
2026-10-03 15:25;6966;geldhof-escargots-cola-citriques-3-kg;0;in_stock;26.99;
2026-10-03 15:25;6967;the-belgian-truffes-saupoudrees-de-cacao-200-g;-1;out_of_stock;4.99;
2026-10-03 15:25;6968;maison-perrier-daiquired-250-ml;1;in_stock;2.00;
2026-10-03 15:25;6969;dr.-sweet-evil-body-parts-24-x-128-g;4;in_stock;51.99;
2026-10-03 15:25;6971;dr.-sweet-evil-body-parts-128-g;21;in_stock;2.50;
2026-10-03 15:25;6977;dr.-sweet-evil-brain-sludge-60-g;67;in_stock;1.50;
2026-10-03 15:25;6982;toxic-waste-nuclear-fusion-42-g;7;in_stock;2.50;
2026-10-03 15:25;6990;ice-talk-framboise-bleue-et-citron-230-ml;30;in_stock;2.50;
2026-10-03 15:25;6991;ice-talk-passion-mangue-230-ml;13;in_stock;2.50;
2026-10-03 15:25;6992;chupa-chups-babol-tutti-frutti-276-g;15;in_stock;1.00;
2026-10-03 15:25;7006;surprise-drinks-reine-des-neiges-fraise-300-ml;109;in_stock;1.99;
2026-10-03 15:25;7010;sac-cabas-hello-kitty;0;out_of_stock;3.00;
2026-10-03 15:25;7011;monster-energy-zero-sugar-500-ml;14;in_stock;3.00;
2026-10-03 15:25;7012;kinder-country-141g;325;in_stock;2.49;
2026-10-03 15:25;7017;ravazzi-oursons-geants-1-kg;9;in_stock;7.99;
2026-10-03 15:25;7019;thijs-gomme-gin-tonic-1-kg;13;in_stock;10.79;
2026-10-03 15:25;7020;thijs-gomme-fraise-prosecco-1-kg;22;in_stock;10.79;
2026-10-03 15:25;7021;thijs-gomme-peche-bellini-1-kg;0;in_stock;10.79;
2026-10-03 15:25;7022;geldhof-bouteille-cherry-cola-citrique-3-kg;5;in_stock;26.99;
2026-10-03 15:25;7023;amos-peelerz-zombies-65-g;0;out_of_stock;1.50;
2026-10-03 15:25;7024;amos-4d-arithmetic-gummy-85-g;4;in_stock;1.50;
2026-10-03 15:25;7142;gateau-au-chocolat-et-a-la-creme-baileys-195-g;0;out_of_stock;3.49;
2026-10-03 15:25;7145;pringles-everything-bagel-158-g;0;out_of_stock;4.99;
2026-10-03 15:25;7155;lion-brownie-style-5-x-30-g;0;out_of_stock;2.49;
2026-10-03 15:25;7163;batonnets-sucres-pomme-tubo-1-kg;0;out_of_stock;5.99;
2026-10-03 15:25;7165;jimmys-pop-corn-chicago-style-caramel-cheese-110g;0;out_of_stock;3.49;
2026-10-03 15:25;7168;kinder-chocolat-200-g;0;out_of_stock;5.25;
2026-10-03 15:25;7171;pure-monin-concentre-de-citron-citron-vert-non-sucre-70-cl;0;out_of_stock;13.99;
2026-10-03 15:25;7178;amos-peelerz-gummy-trees-65-g;1;in_stock;1.50;
2026-10-03 15:25;7207;nutella-biscuits-193-g;10;in_stock;3.99;
2026-10-03 15:25;7208;the-belgian-pralines-fraise-giftbox-150-g;0;out_of_stock;4.99;
2026-10-03 15:25;7209;the-belgian-pralines-pistache-giftbox-150-g;0;out_of_stock;4.99;
2026-10-03 15:25;7211;trefin-eclair-3-kg;5;in_stock;41.49;
2026-10-03 15:25;7265;maison-perrier-chic-pina-beach-sans-alcool-250-ml;6;in_stock;2.00;
2026-10-03 15:25;7267;hot-chip-mr-twister-challenge-120-g;3;in_stock;8.99;
2026-10-03 15:25;7281;hot-chocolate-dubai-style-saveur-pistache-feuilletine-30-g;1;in_stock;3.49;
2026-10-03 15:25;7285;schweppes-agrumes-330-ml;144;in_stock;2.00;
2026-10-03 15:25;7286;kinder-delice-39-g;-2;out_of_stock;1.00;
2026-10-03 15:25;7294;pate-a-tartiner-crema-pistache-200-g;7;in_stock;6.59;
2026-10-03 15:25;7299;chupa-chups-cherry-stix-10-g;23;in_stock;0.50;
2026-10-03 15:25;7300;chupa-chups-cola-stix-10-g;-12;out_of_stock;0.50;
2026-10-03 15:25;7318;milka-max-choco-swing-300-g;0;out_of_stock;3.99;
2026-10-03 15:25;7321;chupa-chups-xxl-bubble-gum-5-x-29-g;0;out_of_stock;1.50;
2026-10-03 15:25;7324;jimmys-popcorn-sweet-salt-100-g;35;in_stock;2.49;
2026-10-03 15:25;7325;jimmys-popcorn-sweet-100-g;35;in_stock;2.49;
2026-10-03 15:25;7328;toastem-pop-ups-frosted-brown-sugar-cinnamon-288-g;0;out_of_stock;4.99;
2026-10-03 15:25;7331;royal-mini-mochi-pancake-a-lerable-40-g;16;in_stock;2.29;
2026-10-03 15:25;7332;royal-mini-mochi-vanilla-cream-40-g;7;in_stock;2.29;
2026-10-03 15:25;7333;royal-mini-mochi-tiramisu-40-g;12;in_stock;2.29;
2026-10-03 15:25;7334;royal-mini-mochi-cheesecake-fraise-40-g;5;in_stock;2.29;
2026-10-03 15:25;7336;sour-punch-ice-cream-truck-bites-105-g;9;in_stock;3.49;
2026-10-03 15:25;7344;oyakata-yakisoba-poulet-epice-fromage-97-g;20;in_stock;2.50;
2026-10-03 15:25;7345;oyakata-yakisoba-kimchi-coreen-92-g;6;in_stock;2.50;
2026-10-03 15:25;7346;oyakata-yakisoba-poulet-yakitori-93-g;28;in_stock;2.50;
2026-10-03 15:25;7353;mr-beast-feastables-2-cups-chocolat-cremeux-noisette-40-g;18;in_stock;3.99;
2026-10-03 15:25;7354;mr-beast-feastables-2-cups-beurre-de-cacahuete-cremeux-40-g;1;in_stock;3.99;
2026-10-03 15:25;7356;kitkat-citron-vert-415-g;7;in_stock;2.49;
2026-10-03 15:25;7358;twix-triple-chocolat-40-g;0;out_of_stock;2.49;
2026-10-03 15:25;7359;bounty-crispy-rolls-5-x-234-g;-4;out_of_stock;3.49;
2026-10-03 15:25;7366;pringles-black-truffle-velvet-mashed-potatoes-80-g;3;in_stock;2.99;
2026-10-03 15:25;7367;jack-links-beef-jerky-original-high-protein-40-g;0;out_of_stock;6.49;
2026-10-03 15:25;7370;twix-wafer-rolls-12-x-225-g;0;out_of_stock;13.99;
2026-10-03 15:25;7378;buldak-ramen-cup-hot-chicken-70-g;11;in_stock;3.99;
2026-10-03 15:25;7380;pocky-strawberry-peach-yogurt-38-g;0;out_of_stock;2.99;
2026-10-03 15:25;7381;harry-potter-tablette-choco-grenouille-200-g;16;in_stock;7.25;
2026-10-03 15:25;7382;fanta-banana-chocolate-500-ml;204;in_stock;3.00;
2026-10-03 15:25;7384;fanta-passion-fruit-grape-fruit-500-ml;0;out_of_stock;3.00;
2026-10-03 15:25;7385;fanta-hami-melon-500-ml;13;in_stock;3.00;
2026-10-03 15:25;7389;barre-chocolat-cadbury-oreo-35-g;0;out_of_stock;1.50;
2026-10-03 15:25;7394;carambar-caramel-320-g;0;out_of_stock;4.99;
2026-10-03 15:25;7409;the-belgian-pralines-mango-150-g;11;in_stock;4.99;
2026-10-03 15:25;7410;sweet-party-spaghetti-cola-135-kg;24;in_stock;13.99;
2026-10-03 15:25;7414;kinder-brioss-270-g;-6;out_of_stock;5.99;
2026-10-03 15:25;7415;kinder-brioss-cacao-280-g;0;out_of_stock;5.99;
2026-10-03 15:25;7418;boisson-airheads-orange-355-ml;16;in_stock;2.50;
2026-10-03 15:25;7419;boisson-airheads-fraise-355-ml;19;in_stock;2.50;
2026-10-03 15:25;7432;jimmys-popcorn-sale-17-g;0;in_stock;0.50;
2026-10-03 15:25;7434;oyakata-ramen-crevette-tempura-61-g;6;in_stock;2.00;
2026-10-03 15:25;7435;oyakata-ramen-porc-62-g;2;in_stock;2.00;
2026-10-03 15:25;7440;nerds-gummy-clusters-rainbow-85-g;0;out_of_stock;3.99;
2026-10-03 15:25;7442;lays-algues-70-g;19;in_stock;3.29;
2026-10-03 15:25;7443;lays-concombre-70-g;0;out_of_stock;3.29;
2026-10-03 15:25;7444;lays-ailes-de-poulet-rainurees-70-g;5;in_stock;3.29;
2026-10-03 15:25;7445;lays-ecrevisses-epicees-70-g;-2;out_of_stock;3.29;
2026-10-03 15:25;7453;kinder-milkredible-milk-468-g;19;in_stock;6.49;
2026-10-03 15:25;7454;kinder-milkredible-choco-milk-468-g;9;in_stock;6.49;
2026-10-03 15:25;7455;cote-dor-baton-chocolat-noir-32-x-47-g;-2;in_stock;35.99;
2026-10-03 15:25;7460;dr.-sour-jelly-beans-mix-1-kg;5;in_stock;10.49;
2026-10-03 15:25;7461;dr.-sweet-fruit-salad-1-kg;-9;in_stock;9.99;
2026-10-03 15:25;7463;lays-calamars-rainures-70-g;3;in_stock;3.29;
2026-10-03 15:25;7469;brainrot-soda-six-seven-7-250-ml;0;out_of_stock;3.00;
2026-10-03 15:25;7497;airheads-acidules-bleu-explosif-16-g;0;out_of_stock;1.00;
2026-10-03 15:25;7505;bifi-roll-45-g;169;in_stock;1.49;
2026-10-03 15:25;7516;tic-tac-gout-ananas-et-fruit-de-la-passion-49-g;9;in_stock;2.99;
2026-10-03 15:25;7525;pocky-amande-chocolat-noir-25-g;11;in_stock;1.69;
2026-10-03 15:25;7527;milka-choco-moo-biscuits-au-chocolat-40-g;23;in_stock;1.00;
2026-10-03 15:25;7528;milka-sensations-biscuits-au-chocolat-oreo-52-g;6;in_stock;1.50;
2026-10-03 15:25;7529;milka-sensations-biscuits-au-chocolat-52-g;70;in_stock;1.50;
2026-10-03 15:25;7530;milka-choco-brookie-brownie-biscuit-au-chocolat-132-g;15;in_stock;4.99;
2026-10-03 15:25;7531;milka-nussini-barres-de-chocolat-au-lait-315-g;39;in_stock;1.50;
2026-10-03 15:25;7532;milka-choco-brownie-gateaux-50-g;69;in_stock;1.50;
2026-10-03 15:25;7533;milka-barres-de-chocolat-au-lait-25-g;0;in_stock;1.50;
2026-10-03 15:25;7534;milka-tablette-de-chocolat-au-lait-oreo-100-g;-1;in_stock;2.50;
2026-10-03 15:25;7536;copy-milka-choco-brookie-brownie-biscuit-au-chocolat-132-g;5;in_stock;3.50;
2026-10-03 15:25;7537;milka-choco-supreme-biscuits-au-chocolat-30-g;20;in_stock;1.00;
2026-10-03 15:25;7577;nerds-gummy-clusters-fruits-45-g;9;in_stock;1.99;
2026-10-03 15:25;7578;nerds-gummy-clusters-berries-45-g;26;in_stock;1.99;
2026-10-03 15:25;7603;lotus-biscoff-go-8-x45-g;2;in_stock;27.99;
2026-10-03 15:25;7606;capri-sun-cola-200-ml;-1;out_of_stock;1.00;
2026-10-03 15:25;7611;copy-papermints-cool-caps-40-billes;33;in_stock;3.99;
2026-10-03 15:25;7612;red-bull-energy-drink-original-glass-bottle-250-ml;25;in_stock;3.00;
2026-10-03 15:25;7613;red-bull-organics-fizzy-peach-330-ml;112;in_stock;3.00;
2026-10-03 15:25;7614;red-bull-organics-black-orange-330ml;158;in_stock;3.00;
2026-10-03 15:25;7615;red-bull-organics-easy-lemon-330ml;45;in_stock;3.00;
2026-10-03 15:25;7616;red-bull-organics-simply-cola-big-330ml;77;in_stock;3.00;
2026-10-03 15:25;7619;candy-amos-peelerz-gummy-carrots-easter-65g;0;out_of_stock;2.99;
2026-10-03 15:25;7625;fruit-tella-yogurt-flavour-bonbons-tendre-100-gg;0;out_of_stock;3.49;
2026-10-03 15:25;7626;sprite-raspberry-lemon-zero-china-330ml;23;in_stock;2.50;
2026-10-03 15:25;7634;milka-tender-cow-5-x-28-g-140-g;0;out_of_stock;2.49;
2026-10-03 15:25;7636;milka-choco-cookies-135-g;17;in_stock;1.99;
2026-10-03 15:25;7638;milka-choco-sticks-112-g;18;in_stock;1.99;
2026-10-03 15:25;7639;milka-sensations-cookies-oreo-creme-156g;6;in_stock;2.49;
2026-10-03 15:25;7642;milka-choco-dessert-orange-147-g;0;out_of_stock;1.99;
2026-10-03 15:25;7644;milka-tender-milk-185-g;0;out_of_stock;1.99;
2026-10-03 15:25;7665;kitkat-cookie-dough-415g;25;in_stock;2.49;
2026-10-03 15:25;7669;frisia-smiley-3-kg;1;in_stock;17.99;
2026-10-03 15:25;7671;guylian-chocolats-coquillages-65-g;-7;out_of_stock;2.49;
2026-10-03 15:25;7672;monster-energy-nitro-cosmic-peach-500-ml;-1;out_of_stock;3.00;
2026-10-03 15:25;7673;monster-energy-ultra-red-500-ml;0;out_of_stock;3.00;
2026-10-03 15:25;7678;toxic-waste-green-sour-soda-330-ml;25;in_stock;2.50;
2026-10-03 15:25;7679;toxic-waste-purple-sour-soda-330-ml;0;out_of_stock;2.50;
2026-10-03 15:25;7680;pringles-team-buffalo-chicken-wings-flavour-165-g;6;in_stock;4.99;
2026-10-03 15:25;7681;pringles-team-cheeseburger-flavour-165-g;7;in_stock;4.99;
2026-10-03 15:25;7682;pringles-team-loaded-fries-flavour-165-g;13;in_stock;4.99;
2026-10-03 15:25;7689;mms-cookie-dough-176-g;117;in_stock;4.99;
2026-10-03 15:25;7711;pops-ice-tea-saveur-mangue-passion-33-cl;12;in_stock;3.00;
2026-10-03 15:25;7713;ice-talk-saveur-grenade-230-ml;85;in_stock;2.50;
2026-10-03 15:25;7719;brainrot-soda-trippi-troppi-250-ml;17;in_stock;3.00;
2026-10-03 15:25;7720;brainrot-soda-lirili-larila-250ml;12;in_stock;3.00;
2026-10-03 15:25;7721;brainrot-soda-udin-din-din-dun-250ml;49;in_stock;3.00;
2026-10-03 15:25;7722;brainrot-soda-cappuccino-assassino-250ml;24;in_stock;3.00;
2026-10-03 15:25;7724;copy-brainrot-soda-tralalero-tralalala-250ml;52;in_stock;3.00;
2026-10-03 15:25;7725;pringles-saveur-fromage-frais-et-fines-herbes-165-g;99;in_stock;2.99;
2026-10-03 15:25;7728;kinder-kornetti-crema-al-latte-mini-croissants-fourres-a-la-creme-de-lait-252-g;-1;out_of_stock;6.99;
2026-10-03 15:25;7738;disney-wispie-drink-le-roi-lion-kiwi-pineapple-apple-450-ml;0;out_of_stock;3.00;
2026-10-03 15:25;7739;disney-wispie-drink-princesses-fraise-banane-450-ml;0;out_of_stock;3.00;
2026-10-03 15:25;7740;disney-wispie-drink-vaiana-fruit-de-la-passion-mangue-450-ml;0;out_of_stock;3.00;
2026-10-03 15:25;7741;disney-wispie-drink-toy-story-orange-ananas-450-ml;0;out_of_stock;3.00;
2026-10-03 15:25;7742;disney-wispie-drink-mickey-mouse-multifruits-450-ml;1;in_stock;3.00;
2026-10-03 15:25;7744;disney-wispie-drink-la-reine-des-neiges-pomme-ananas-450-ml;0;out_of_stock;3.00;
2026-10-03 15:25;7746;fanta-china-pineapple-330-ml;-1;out_of_stock;2.50;
2026-10-03 15:25;7755;milka-choco-grain-126-g;0;out_of_stock;1.99;
2026-10-03 15:25;7757;calypso-sunset-peach-lemonade-473-ml;2;in_stock;3.00;
2026-10-03 15:25;7759;nerds-gummy-clusters-nfl-berry-punch-rush-85-g;1;in_stock;3.99;
2026-10-03 15:25;7762;debron-ourson-reglisse-sans-sucre-1-kg;3;in_stock;14.99;
2026-10-03 15:25;7767;dr.-sour-powder-balls-citron-citron-vert-1-kg;3;in_stock;8.99;
2026-10-03 15:25;7771;milka-ufs-coque-chocolat-au-lait-136-g;0;out_of_stock;6.99;
2026-10-03 15:25;7774;croky-snackbar-fricandelle-speciale-130-g;24;in_stock;2.39;
2026-10-03 15:25;7778;mr.-mallo-mini-tubes-blanc-1-kg;1;in_stock;8.49;
2026-10-03 15:25;7779;copy-croky-snackbar-fricandelle-speciale-130-g;7;in_stock;3.49;
2026-10-03 15:25;7780;milkyway-43-g-x-30-pieces;27;in_stock;21.49;
2026-10-03 15:25;7788;quick-milk-magic-sipper-pistache-chocolat-30-g;10;in_stock;1.50;
2026-10-03 15:25;7797;dr-pepper-cream-swirl-330-ml;6;in_stock;2.00;
2026-10-03 15:25;7799;red-bull-organics-minty-blackberry-330-ml;-1;out_of_stock;3.00;
2026-10-03 15:25;7801;iconik-sweet-buenos-dias-pate-a-tartiner-aux-noisettes-350-g;4;in_stock;7.99;
2026-10-03 15:25;7804;royal-mochi-strawberry-cheesecake-120-g;12;in_stock;4.49;
2026-10-03 15:25;7807;bergen-obsession-cookies-caramel-delicacies-128-g;48;in_stock;1.99;
2026-10-03 15:25;7808;bergen-cookies-matcha-milk-glaze-strawberry-cream-128-g;82;in_stock;1.99;
2026-10-03 15:25;7823;red-bull-the-lilac-edition-boisson-energisante-250-ml;20;in_stock;2.00;
2026-10-03 15:25;7824;red-bull-zero-energy-drink-250-ml;63;in_stock;2.00;
2026-10-03 15:25;7842;fanta-china-litchi-330-ml;12;in_stock;2.50;
2026-10-03 15:25;7843;red-bull-organics-tonic-water-250-ml;-5;out_of_stock;3.00;
2026-10-03 15:25;7844;brainrot-soda-tralaleritos-250-ml;-1;out_of_stock;3.00;
2026-10-03 15:25;7846;croky-tortilla-nacho-cheese-160-g;41;in_stock;1.99;
2026-10-03 15:25;7847;croky-snackbox-sauce-sate-130-g;0;out_of_stock;2.49;
2026-10-03 15:25;7851;croky-explosions-pickles-150-g;8;in_stock;2.99;
2026-10-03 15:25;7852;croky-tortilla-paprika-160-g;63;in_stock;2.49;
2026-10-03 15:25;7853;playboy-energy-drink-razz-bunny-330-ml;-22;out_of_stock;2.00;
2026-10-03 15:25;7854;playboy-energy-drink-lovely-melons-330-ml;-21;out_of_stock;2.00;
2026-10-03 15:25;7855;playboy-energy-drink-sexy-peaches-330-ml;-36;out_of_stock;2.00;
2026-10-03 15:25;7856;playboy-energy-drink-naughty-berry-330-ml;-25;out_of_stock;2.00;
2026-10-03 15:25;7857;playboy-energy-drink-tropic-passion-330-ml;15;in_stock;2.00;
2026-10-03 15:25;7858;bomba-blue-energy-drink-250-ml;0;out_of_stock;2.00;
2026-10-03 15:25;7860;bomba-pink-energy-drink-250-ml;14;in_stock;2.00;
2026-10-03 15:25;7862;bomba-classic-energy-drink-250-ml;0;out_of_stock;2.00;
2026-10-03 15:25;7863;copy-bomba-classic-energy-drink-250-ml;14;in_stock;2.00;
2026-10-03 15:25;7864;mms-peanut-82-g;-14;out_of_stock;1.99;
2026-10-03 15:25;7865;mms-chocolate-82-g;33;in_stock;1.99;
2026-10-03 15:25;7868;mars-miniature-250p-2.5-kg;7;in_stock;83.49;
2026-10-03 15:25;7869;monster-juiced-viking-berry-500-ml;-16;out_of_stock;3.00;
2026-10-03 15:25;7870;monster-rehab-tea-peach-500-ml;-1;out_of_stock;3.00;
2026-10-03 15:25;7871;monster-energy-vr46-zero-sugar-500-ml;13;in_stock;3.00;
2026-10-03 15:25;7872;mega-monster-energy-553-ml;1;in_stock;3.00;
2026-10-03 15:25;7874;coca-cola-zero-zero-330-ml;91;in_stock;1.50;
2026-10-03 15:25;7876;croky-snackbar-boulette-apero-130-g;10;in_stock;2.49;
2026-10-03 15:25;7877;calypso-berry-bloom-sans-sucre-330-ml;8;in_stock;2.00;
2026-10-03 15:25;7878;calypso-blood-orange-breeze-sans-sucre-330-ml;4;in_stock;2.00;
2026-10-03 15:25;7879;calypso-apple-oasis-sans-sucre-330-ml;8;in_stock;2.00;
2026-10-03 15:25;7880;frisia-levres-rouges-2-kg;16;in_stock;14.99;
2026-10-03 15:25;7884;felko-mega-gummies-macaron-120-g;0;out_of_stock;2.99;
2026-10-03 15:25;7894;van-holtens-pickle-puffed-snacks-saveur-ail-garlic-joe-90-g;-1;out_of_stock;3.99;
2026-10-03 15:25;7895;van-holtens-pickle-puffed-snacks-saveur-cornichon-aneth-big-papa-90-g;-1;out_of_stock;3.99;
2026-10-03 15:25;7896;van-holtens-pickle-puffed-snacks-saveur-cornichon-piquant-hot-mama-90-g;4;in_stock;3.99;
2026-10-03 15:25;7897;kinder-maxi-42-g;19;in_stock;1.49;
2026-10-03 15:25;7901;maxi-rainbow-pops-sucettes-100-p-2-kg;0;out_of_stock;45.99;
2026-10-03 15:25;7905;nestle-nesquik-barre-gaufrette-chocolat-26-g;17;in_stock;0.99;
2026-10-03 15:25;7906;dr-fire-flamin-dragon-chips-piquantes-80-g;0;out_of_stock;3.49;
2026-10-03 15:25;7907;dr-fire-after-burner-chips-extra-piquantes-80-g;0;out_of_stock;3.49;
2026-10-03 15:25;7908;dr-fire-cheesy-jalapeno-chips-fromage-piment-80-g;-1;out_of_stock;3.49;
2026-10-03 15:25;7910;pringles-classic-m5-saveur-steak-et-foie-gras-80-g;10;in_stock;4.99;
2026-10-03 15:25;7914;felko-mega-gummies-petit-dejeuner-anglais-bonbons-120-g;9;in_stock;2.99;
2026-10-03 15:25;7917;capri-sun-ice-pops-fruit-mix-10-x-40-ml;110;in_stock;3.99;
2026-10-03 15:25;7928;mega-moustache-lollipops-15-g;25;in_stock;0.99;
2026-10-03 15:25;7929;candy-fountain-gel-candy-51-g-x-12;1;in_stock;10.99;
2026-10-03 15:25;7930;candy-fountain-gel-candy-51-g;15;in_stock;0.99;
2026-10-03 15:25;7931;screamers-gummy-shake-snack-70-g-x-12;19;in_stock;22.49;
2026-10-03 15:25;7932;screamers-gummy-shake-snack-70-g;3;in_stock;1.99;
2026-10-03 15:25;7933;hot-rage-bonbons-assortis-50-g-x-24;-4;out_of_stock;20.49;
2026-10-03 15:25;7937;copy-hot-rage-bonbons-assortis-50-g-x-24;-2;out_of_stock;14.99;
2026-10-03 15:25;7939;pop-gun-lollipop-5-g-x-16;-3;out_of_stock;9.99;
2026-10-03 15:25;7941;jelly-gum-bubble-gum-gel-50-g-x-16;1;in_stock;11.49;
2026-10-03 15:25;7943;funny-candy-mallow-cream-35-g-x-12;3;in_stock;10.49;
2026-10-03 15:25;7945;myphone-candy-14-g-x-12;9;in_stock;10.49;
2026-10-03 15:25;7951;carambar-sucettes-156-g;16;in_stock;2.49;
2026-10-03 15:25;7957;milka-choco-biscuits-150-g;10;in_stock;2.49;
2026-10-03 15:25;7958;milka-choco-wafer-150-g;8;in_stock;3.49;
2026-10-03 15:25;7959;lutti-balls-fizz-2-kg;4;in_stock;19.49;
2026-10-03 15:25;7960;display-joris-curix-13-g-x-42;4;in_stock;92.99;
2026-10-03 15:25;7961;brets-chips-bbq-a-la-mexicaine-125-g;19;in_stock;2.69;
2026-10-03 15:25;7962;brets-chips-bbq-jalapeno-125-g;29;in_stock;2.69;
2026-10-03 15:25;7964;chips-brets-camembert-truffe-125-g;4;in_stock;2.69;
2026-10-03 15:25;7965;chips-brets-tajine-de-poulet-aux-epices-125-g;11;in_stock;2.69;
2026-10-03 15:25;7966;copy-chips-brets-tajine-de-poulet-aux-epices-125-g;35;in_stock;2.69;
2026-10-03 15:25;7967;mini-sucettes-fruits-lollywood-4-g-x-500;2;in_stock;30.99;
2026-10-03 15:25;7972;boite-jeu-stitch-avec-biscuits-pepites-de-chocolat-10-g;18;in_stock;3.99;
2026-10-03 15:25;7973;capsule-surprise-stitch-avec-biscuits-x2-11-g;7;in_stock;2.99;
2026-10-03 15:25;7974;copy-capsule-surprise-stitch-avec-biscuits-x2-11-g;1;in_stock;1.99;
2026-10-03 15:25;7979;dr-pepper-strawberries-cream-330-ml;0;out_of_stock;1.50;
2026-10-03 15:25;7980;batman-soda-drink-sour-green-apple-250-ml;38;in_stock;2.00;
2026-10-03 15:25;7983;superman-soda-drink-sour-blue-raspberry-250-ml;0;out_of_stock;2.00;
2026-10-03 15:25;7984;matchami-berry-berry-lady-250-ml;18;in_stock;3.50;
2026-10-03 15:25;7985;matchami-matcha-matcha-250-ml;14;in_stock;3.50;
2026-10-03 15:25;7986;estathe-peach-tea-330-ml;7;in_stock;2.00;
2026-10-03 15:25;7987;estathe-peche-400-ml;4;in_stock;4.00;
2026-10-03 15:25;7988;coca-pear-blossom-flavour-400-ml;15;in_stock;2.50;
2026-10-03 15:25;7991;buenos-dias-pate-a-tartiner-aux-noisettes-200-g;0;out_of_stock;4.49;
2026-10-03 15:25;7994;omg-bubble-tea-dragon-fruit-mood-mango-bubbles-265-ml;0;out_of_stock;3.99;
2026-10-03 15:25;7996;capri-sun-electrolytes-mango-peche-330-ml;-15;out_of_stock;2.50;
2026-10-03 15:25;7997;capri-sun-electrolytes-mure-framboise-330-ml;-16;out_of_stock;2.50;
2026-10-03 15:25;8002;tangle-garlic-oil-pasta-100-g;-1;out_of_stock;2.49;
2026-10-03 15:25;8003;tangle-creamy-bulgogi-flavour-pasta-105-g;0;out_of_stock;2.49;
2026-10-03 15:25;8004;tangle-creamy-mushroom-flavour-pasta-105-g;0;out_of_stock;2.49;
2026-10-03 15:25;8005;tangle-chunky-tomato-pasta-105-g;0;out_of_stock;2.49;
2026-10-03 15:25;8006;samyang-buldak-nouilles-plates-original-1555-g;0;out_of_stock;4.99;
2026-10-03 15:25;8009;ollys-sweet-chilli-pretzel-thins-140-g;1;in_stock;3.49;
2026-10-03 15:25;8011;ollys-sour-cream-onion-pretzel-thins-140-g;0;out_of_stock;3.49;
2026-10-03 15:25;8012;lays-fresh-baked-rice-cracker-original-80-g;2;in_stock;3.49;
2026-10-03 15:25;8014;lays-deep-squid-70-g;15;in_stock;3.49;
2026-10-03 15:25;8016;reeses-chocolate-lava-big-cup-16-x-79-g-1.27-kg;0;in_stock;58.49;
2026-10-03 15:25;8017;reeses-big-cup-strawberry-pbj-16-x-79-g-1.27-kg;0;in_stock;58.49;
2026-10-03 15:25;8018;reeses-chocolate-lava-big-cup-79-g;4;in_stock;3.49;
2026-10-03 15:25;8020;mms-peanut-200-g;-3;out_of_stock;1.99;
2026-10-03 15:25;8023;iconiksweet-pop-in-chicken-chocolate-saveur-pistache-50-g;1;in_stock;3.49;
2026-10-03 15:25;8024;iconiksweet-pop-in-chicken-chocolate-saveur-fraise-50-g;-10;out_of_stock;3.49;
2026-10-03 15:25;8026;hitschies-hitschies-original-mix-150-g;0;out_of_stock;3.49;
2026-10-03 15:25;8027;nippers-sour-candy-crunch-grape-cherry-50-g;185;in_stock;1.49;
2026-10-03 15:25;8029;bardollini-matcha-rolls-green-tea-flavour-120-g;13;in_stock;2.99;
2026-10-03 15:25;8034;bazooka-juicy-drop-gummies-xtreme-sour-gel-57g;21;in_stock;3.99;
2026-10-03 15:25;8037;copy-ovidias-assortiment-de-pralines-belges-edition-printemps-250-g;38;in_stock;7.99;
2026-10-03 15:25;8039;pops-ice-tea-saveur-goyave-330-ml;30;in_stock;3.00;
2026-10-03 15:25;8047;red-bull-the-summer-edition-sudachi-citron-vert-250-ml;-19;out_of_stock;2.00;
2026-10-03 15:25;8052;copy-sweet-party-spaghetti-cola-citrique-1-kg;15;in_stock;9.99;
2026-10-03 15:25;8053;vidal-tranches-kiwi-reglisse-1-kg;-1;in_stock;6.99;
2026-10-03 15:25;8055;croky-explosions-paprika-40-g;11;in_stock;0.99;
2026-10-03 15:25;8058;lollywood-papillons-fraise-550-g;4;in_stock;10.49;
2026-10-03 15:25;8059;cote-dor-baton-double-lait-32-x-46-g;2;in_stock;44.99;
2026-10-03 15:25;8060;cote-dor-baton-chocolat-au-lait-noisette-entiere-32-x-45-g;0;in_stock;50.49;
2026-10-03 15:25;8061;cote-dor-baton-chocolat-au-lait-32-x-47-g;-1;in_stock;44.99;
2026-10-03 15:25;8063;cote-dor-baton-chocolat-au-lait-banane-32-x-475-g;1;in_stock;44.99;
2026-10-03 15:25;8065;cote-dor-baton-chocolat-noir-noisette-32-x-45-g;0;in_stock;50.49;
2026-10-03 15:25;8066;cote-dor-baton-chocolat-blanc-praline-32-x-46-g;0;in_stock;44.99;
2026-10-03 15:25;8067;cote-dor-baton-chocolat-lait-coco-32-x-44-g;0;in_stock;44.99;
2026-10-03 15:25;8068;cote-dor-baton-chocolat-lait-noisettes-32-x-45-g;1;in_stock;44.99;
2026-10-03 15:25;8069;bifi-roll-24-x-45-g;-2;in_stock;35.49;
2026-10-03 15:25;8072;bifi-the-original-20-g;92;in_stock;0.99;
2026-10-03 15:25;8073;bifi-the-original-40-x-20-g;-3;in_stock;30.99;
2026-10-03 15:25;8074;pringles-cheese-onion-165-g;42;in_stock;3.49;
2026-10-03 15:25;8075;hitschies-blue-sour-1-kg;33;in_stock;15.49;
2026-10-03 15:25;8076;carlier-nougat-aux-pistaches-12-x-100-g;4;in_stock;35.49;
2026-10-03 15:25;8078;milka-choco-cow-120-g;0;out_of_stock;1.99;
2026-10-03 15:25;8080;doritos-mexican-style-taco-flavour-170-g;5;in_stock;2.99;
2026-10-03 15:25;8081;feastables-cookies-creme-60-g;-7;in_stock;2.99;
2026-10-03 15:25;8082;feastables-cookies-creme-10-x-60-g;1;in_stock;26.99;
2026-10-03 15:25;8083;feastables-caramel-10-x-60-g;4;in_stock;26.99;
2026-10-03 15:25;8085;feastables-milk-chocolate-10-x-60-g;5;in_stock;26.99;
2026-10-03 15:25;8086;feastables-milk-chocolate-60-g;14;in_stock;2.99;
2026-10-03 15:25;8087;pringles-burger-king-chicken-royale-165-g;-3;out_of_stock;5.99;
2026-10-03 15:25;8088;pringles-burger-king-bacon-double-cheese-xl-165-g;4;in_stock;5.99;
2026-10-03 15:25;8089;copy-samyang-buldak-nouilles-plates-original-1555-g;0;out_of_stock;3.49;
2026-10-03 15:25;8092;pringles-original-40-g;0;out_of_stock;1.50;
2026-10-03 15:25;8093;pringles-texas-bbq-sauce-40-g;0;out_of_stock;1.50;
2026-10-03 15:25;8095;pringles-sour-cream-onion-40-g;0;out_of_stock;1.50;
2026-10-03 15:25;8096;pringles-hot-spicy-40-g;1;in_stock;1.50;
2026-10-03 15:25;8097;kinder-bueno-dark-30-x-43-g;0;out_of_stock;64.99;
2026-10-03 15:25;8098;kinder-bueno-dark-43-g;21;in_stock;2.49;
2026-10-03 15:25;8100;frisia-bouteille-cola-citrique-1.5-kg;32;in_stock;10.49;
2026-10-03 15:25;8106;copy-sakura-latte-cherry-blossom-flavour-90-g;18;in_stock;4.49;
2026-10-03 15:25;8112;arizona-spicy-mucho-mango-with-mikes-hot-honey-650-ml;0;out_of_stock;3.49;
2026-10-03 15:25;8116;schweppes-virgin-orange-spritz-330-ml;4;in_stock;2.00;
2026-10-03 15:25;8118;fanta-orange-500-ml;58;in_stock;3.00;
2026-10-03 15:25;8122;schweppes-grenade-300-ml;-3;out_of_stock;3.00;
2026-10-03 15:25;8123;kitkat-chunky-caramel-24-x-40-g;24;in_stock;51.49;
2026-10-03 15:25;8124;kitkat-chunky-caramel-40-g;1;in_stock;2.49;
2026-10-03 15:25;8125;cadbury-dairy-milk-biscoff-more-195-g;1;in_stock;5.49;
2026-10-03 15:25;8137;milka-choco-creme-260-g;12;in_stock;2.99;
2026-10-03 15:25;8141;frisk-pastilles-sans-sucre-gout-menthe-poivree-35-g;-4;out_of_stock;2.49;
2026-10-03 15:25;8147;frisk-defense-clean-breath-orange-mint-zinc-vitamin-c-12-x-35-g;2;in_stock;27.00;
2026-10-03 15:25;8148;frisk-defense-clean-breath-orange-mint-zinc-vitamin-c-35-g;-1;out_of_stock;2.99;
2026-10-03 15:25;8149;sweet-party-barbe-a-papa-20-g;-1;in_stock;0.99;
2026-10-03 15:25;8150;snickers-creamy-peanut-butter-24-x-365-g;4;in_stock;21.99;
2026-10-03 15:25;8151;coca-cola-cherry-float-330-ml;-48;out_of_stock;2.00;
2026-10-03 15:25;8152;capri-sun-cherry-pomegranate-330-ml;43;in_stock;2.50;
2026-10-03 15:25;8153;capri-sun-mango-maracuja-330-ml;39;in_stock;2.50;
2026-10-03 15:25;8155;sour-patch-kids-original-99-g;1;in_stock;3.49;
2026-10-03 15:25;8156;caraibos-lychee-33-cl;12;in_stock;2.50;
2026-10-03 15:25;8157;caraibos-banana-33-cl;20;in_stock;2.50;
2026-10-03 15:25;8158;royal-family-mochi-chocolate-flavor-120-g;10;in_stock;4.99;
2026-10-03 15:25;8163;brainrot-soda-ballerina-cappuccina-250-ml;26;in_stock;3.00;
2026-10-03 15:25;8170;copy-kitkat-chunky-white---40-g;3;in_stock;33.99;
2026-10-03 15:25;8174;carlier-nougat-amande-noisette-12-x-100-g;1;in_stock;35.49;
2026-10-03 15:25;8177;nutella-biscuits-10-x-193-g;0;in_stock;41.49;
2026-10-03 15:25;8178;kinder-tronky-20-x-90-g;1;in_stock;63.49;
2026-10-03 15:25;8179;kinder-cards-30-x-256-g;1;in_stock;25.99;
2026-10-03 15:25;8182;cote-dor-bouchee-lait-48-x-25-g;-2;in_stock;76.49;
2026-10-03 15:25;8183;copy-mms-chocolate-82-g;0;in_stock;42.99;
2026-10-03 15:25;8187;tic-tac-two-framboise-citron-16-x-385-g;0;in_stock;55.49;
2026-10-03 15:25;8188;tic-tac-gout-ananas-et-fruit-de-la-passion-16-x-49-g;0;in_stock;41.49;
2026-10-03 15:25;8189;tic-tac-orange-16-x-49-g;17;in_stock;41.49;
2026-10-03 15:25;8190;tic-tac-festival-16-x-49-g;0;in_stock;41.49;
2026-10-03 15:25;8191;tic-tac-menthe-16-x-49-g;0;in_stock;41.49;
2026-10-03 15:25;8192;tic-tac-menthe-intense-16-x-49-g;0;in_stock;55.49;
2026-10-03 15:25;8193;bebeto-bonbons-banane-halal-2-kg;29;in_stock;5.99;
2026-10-03 15:25;8202;felko-mega-gummies-pilon-de-poulet-cola-fraise-10-x-120-g;0;out_of_stock;26.99;
2026-10-03 15:25;8205;felko-mega-gummies-hot-dog-13-x-120-g;0;in_stock;35.49;
2026-10-03 15:25;8206;felko-mega-gummies-american-donut-13-x-120-g;0;in_stock;35.49;
2026-10-03 15:25;8207;felko-mega-gummies-french-croissant-11-x-120-g;0;in_stock;29.99;
2026-10-03 15:25;8208;felko-mega-gummies-american-milkshake-9-x-120-g;0;in_stock;24.49;
2026-10-03 15:25;8209;felko-mega-gummies-poisson-fraise-14-x-120-g;0;in_stock;37.99;
2026-10-03 15:25;8210;felko-mega-gummies-bubble-tea-12-x-120-g;0;in_stock;32.49;
2026-10-03 15:25;8211;felko-mega-gummies-ice-cream-17-x-120-g;0;in_stock;45.99;
2026-10-03 15:25;8213;felko-mega-gummies-noodles-10-x-120-g;0;in_stock;26.99;
2026-10-03 15:25;8214;felko-mega-gummies-english-breakfast-candy-13-x-120-g;0;in_stock;35.49;
2026-10-03 15:25;8215;felko-mega-gummies-macaron-13-x-120-g;0;in_stock;35.49;
2026-10-03 15:25;8216;felko-holland-mega-gummies-american-fries-11-x-120-g;0;in_stock;29.99;
2026-10-03 15:25;8219;felko-mega-gummies-japanese-sushi-13-x-120-g;0;in_stock;35.49;
2026-10-03 15:25;8221;dr.-sour-shock-balls-24-x-72-g;1;in_stock;54.49;
2026-10-03 15:25;8222;felko-dinosaur-lollipop-24-x-50-g;1;in_stock;41.99;
2026-10-03 15:25;8224;felko-sucette-emoji-24-x-40-g;0;in_stock;30.49;
2026-10-03 15:25;8225;felko-sucette-pasteque-24-x-50-g;0;in_stock;35.49;
2026-10-03 15:25;8226;felko-multicolored-poo-lollipop-16-x-65-g;0;in_stock;27.99;
2026-10-03 15:25;8233;trolli-big-burger-180-x-50-g;4;in_stock;232.99;
2026-10-03 15:25;8235;joris-carre-menthe-16-x-125-g;3;in_stock;21.49;
2026-10-03 15:25;8236;joris-souris-16-x-125-g;16;in_stock;21.49;
2026-10-03 15:25;8237;joris-souris-noire-16-x-125-g;1;in_stock;21.49;
2026-10-03 15:25;8238;joris-belga-16-x-130-g;1;in_stock;21.49;
2026-10-03 15:25;8242;debron-winegums-sans-sucres-1-kg;9;in_stock;14.99;
2026-10-03 15:25;8248;bubs-skalle-framboise-acide-90-g;21;in_stock;2.99;
2026-10-03 15:25;8249;bubs-ovals-acides-gout-fraise-vanille-90-g;15;in_stock;2.99;
2026-10-03 15:25;8250;bubs-skalle-acidule-saveurs-citronnees-fruitees-90-g;7;in_stock;2.99;
2026-10-03 15:25;8251;bubs-skalle-acidule-framboise-reglisse-salee-90-g;16;in_stock;2.99;
2026-10-03 15:25;8253;chupa-chups-the-best-of-sucettes-assorties-120-g;3;in_stock;1.99;
2026-10-03 15:25;8257;mega-gummies-colossal-cola-2-kg;0;in_stock;23.49;
2026-10-03 15:25;8262;capri-sun-monster-alarm-sour-soft-chews-147-g;0;out_of_stock;4.99;
2026-10-03 15:25;8263;capri-sun-soft-chews-fruit-mix-147-g;0;out_of_stock;4.99;
2026-10-03 15:25;8264;nippers-bonbon-croquant-acidule-pasteque-fraise-50-g;168;in_stock;1.49;
2026-10-03 15:25;8265;nerds-juicy-gummy-clusters-punch-a-la-fraise-75-g;0;out_of_stock;3.99;
2026-10-03 15:25;8267;cote-dor-mignonnette-mix-3-kg;-1;out_of_stock;37.09;
2026-10-03 15:25;8268;cote-dor-mignonnette-lait-3-kg;-8;out_of_stock;34.99;
2026-10-03 15:25;8269;vidal-tranches-de-pasteque-sucrees-1-kg;33;in_stock;8.99;
2026-10-03 15:25;8270;capri-sun-mystic-dragon-200-ml;6;in_stock;1.00;
2026-10-03 15:25;8271;capri-sun-orange-200-ml;3;in_stock;1.00;
2026-10-03 15:25;8272;milka-choco-moo-biscuits-au-chocolat-24-x-40-g;0;in_stock;26.49;
2026-10-03 15:25;8275;brets-la-chips-de-crepes-nature-50-g;0;out_of_stock;2.99;
2026-10-03 15:25;8284;lays-creamy-forest-mushroom-130-g;0;out_of_stock;2.99;
2026-10-03 15:25;8288;estathe-limone-330-ml;19;in_stock;2.00;
2026-10-03 15:25;8290;royal-mochi-peanut-butter-120-g;-1;out_of_stock;4.99;
2026-10-03 15:25;8291;copy-royal-mochi-caramel-beurre-sale-180-g;3;in_stock;5.99;
2026-10-03 15:25;8321;hitschies-langues-de-dragon-acidulees-crispies-270-g;0;out_of_stock;3.99;
2026-10-03 15:25;8326;fanta-mango-330-ml;20;in_stock;2.00;
2026-10-03 15:25;8327;matcha-coconut-90-g;16;in_stock;4.49;
2026-10-03 15:25;8328;matcha-latte-classic-90-g;15;in_stock;4.49;
2026-10-03 15:25;8330;kinder-milkredible-chocolate-234-g;0;out_of_stock;2.99;
2026-10-03 15:25;8331;kinder-milkredible-white-234-g;0;out_of_stock;2.99;
2026-10-03 15:25;8335;lays-ondulees-saveur-steak-grille-a-la-flamme-120-g;10;in_stock;2.99;
2026-10-03 15:25;8336;lays-saveur-poulet-au-thym-inspiration-france-120-g;7;in_stock;2.99;
2026-10-03 15:25;8337;lays-saveur-poulet-frit-inspiree-par-kfc-120-g;37;in_stock;2.99;
2026-10-03 15:25;8338;lays-saveur-pizza-pepperoni-inspiree-par-pizza-hut-120-g;2;in_stock;2.99;
2026-10-03 15:25;8346;frisia-yeux-bleus-15-kg;-1;in_stock;9.99;
2026-10-03 15:25;8347;haribo-big-bag-passion-fruit-party-1-kg;26;in_stock;9.99;
2026-10-03 15:25;8348;frisia-sour-cola-briquettes-2-kg;5;in_stock;14.99;
2026-10-03 15:25;8349;frisia-strawberry-briquettes-2-kg;6;in_stock;14.99;
2026-10-03 15:25;8404;the-organics-by-red-bull-tonic-water-250-ml;0;out_of_stock;3.50;
2026-10-03 15:25;8405;copy-the-organics-by-red-bull-tonic-water-250-ml;-2;out_of_stock;3.50;
2026-10-03 15:25;8409;kitkat-the-hero-tutti-frutti-415-g;-1;out_of_stock;2.49;
2026-10-03 15:25;8411;nerds-gummy-clusters-cerise-framboise-touchdown-113-g;10;in_stock;3.49;
2026-10-03 15:25;8412;mississippi-belle-original-all-american-pancake-mix-454-g;-1;out_of_stock;5.99;
2026-10-03 15:25;8417;football-candy-clap-12-x-15-g;3;in_stock;9.99;
2026-10-03 15:25;8418;football-candy-clap-15-g;7;in_stock;1.49;
2026-10-03 15:25;8419;yoyo-candy-12-x-26-g;4;in_stock;17.99;
2026-10-03 15:25;8420;yoyo-candy-26-g;11;in_stock;1.49;
2026-10-03 15:25;8421;football-spray-12-x-30-ml;1;in_stock;18.49;
2026-10-03 15:25;8423;copy-frisia-strawberry-briquettes-2-kg;9;in_stock;14.99;
2026-10-03 15:25;8426;brets-ail-confit-et-herbes-de-provence-125g;37;in_stock;2.69;
2026-10-03 15:25;8427;brets-oignons-caramelises-et-vinaigre-balsamique-125-g;15;in_stock;2.69;
2026-10-03 15:25;8430;fanta-mango-500-ml;25;in_stock;3.00;
2026-10-03 15:25;8431;fanta-fruit-twist-500-ml;6;in_stock;3.00;
2026-10-03 15:25;8432;san-pellegrino-ciao-pesca-33-cl;23;in_stock;2.00;
2026-10-03 15:25;8434;snickers-mousse-de-maracuja-42-g;16;in_stock;2.49;
2026-10-03 15:25;8435;croky-explosions-sel-poivre-40-g;26;in_stock;0.99;
2026-10-03 15:25;8436;doritos-bits-gout-pizza-pepperoni-35-g;88;in_stock;0.99;
2026-10-03 15:25;8437;sweet-party-barbe-a-papa-bubble-gum-40-g;-13;in_stock;1.99;
2026-10-03 15:25;8438;dr-pepper-zero-sugar-33-cl;80;in_stock;1.50;
2026-10-03 15:25;8439;crispy-noodle-snacks-curry-ramen-flavour-60-g;10;in_stock;2.49;
2026-10-03 15:25;8447;krusty-krunch-popcorn-crushed-coconut-140-g;6;in_stock;4.99;
2026-10-03 15:25;8449;krusty-krunch-popcorn-krispy-peanut-140-g;17;in_stock;4.99;
2026-10-03 15:25;8450;krusty-krunch-popcorn-classic-caramel-120-g;5;in_stock;4.99;
2026-10-03 15:25;8451;krusty-krunch-popcorn-smashed-strawberry-140-g;21;in_stock;4.99;
2026-10-03 15:25;8459;tokimeki-peelable-fluffy-bread-banane-65-g;-2;in_stock;3.49;
2026-10-03 15:25;8460;tokimeki-peelable-fluffy-bread-mango-flavour-50-g;5;in_stock;3.49;
2026-10-03 15:25;8467;lays-chips-gout-kumquat-56-g;7;in_stock;3.49;
2026-10-03 15:25;8469;rituel-saveur-peche-33-cl;13;in_stock;5.99;
2026-10-03 15:25;8470;rituel-framboise-33-cl;18;in_stock;5.99;
2026-10-03 15:25;8471;rituel-blanche-originale-33-cl;26;in_stock;5.99;
2026-10-03 15:25;8472;rituel-gingembre-33-cl;28;in_stock;5.99;
2026-10-03 15:25;8475;mountain-dew-pitch-black-330-ml;22;in_stock;2.50;
2026-10-03 15:25;8476;omg-bubble-tea-bubble-gum-sour-blast-lychee-bubbles-265-ml;9;in_stock;3.99;
2026-10-03 15:25;8477;omg-bubble-tea-passion-fruit-popping-apple-flavour-bubbles-270-ml;19;in_stock;3.99;
2026-10-03 15:25;8478;skittles-flavour-flip-136-g;6;in_stock;3.49;
2026-10-03 15:25;8480;copy-oreo-cup-30-g;17;in_stock;2.49;
2026-10-03 15:25;8491;lutti-party-toppers-1-kg;3;in_stock;7.99;
2026-10-03 15:25;8493;frisia-sour-cola-skulls-2-kg;11;in_stock;14.99;
2026-10-03 15:25;8495;frisia-sour-bubblegum-skulls-2-kg;9;in_stock;14.99;
2026-10-03 15:25;8497;frisia-sour-tunes-2-kg;17;in_stock;14.99;
2026-10-03 15:25;8502;frisia-sour-mini-ufo-1.25-kg;16;in_stock;9.99;
2026-10-03 15:25;8504;frisia-outils-en-reglisse-3-kg;-2;in_stock;19.99;
2026-10-03 15:25;8506;yippy-fraise-330-ml;-43;in_stock;2.00;
2026-10-03 15:25;8509;monin-saveur-chocolat-ruby-70-cl;34;in_stock;13.99;
2026-10-03 15:25;8518;copy-joris-meli-melo-blanc-ananas-25-kg;6;in_stock;18.49;
2026-10-03 15:25;8519;roothooft-candy-coffee-1-kg;3;in_stock;15.99;
2026-10-03 15:25;8521;vidal-bombes-acidulees-framboise-bleue-1-kg;-6;in_stock;7.99;
2026-10-03 15:25;8523;reeses-miniature-cups-131-g;2;in_stock;5.49;
2026-10-03 15:25;8524;dulceplus-outils-bleus-super-acides-1-kg;-2;out_of_stock;6.99;
2026-10-03 15:25;8525;croky-bolognese-40-g;-81;in_stock;0.99;
2026-10-03 15:25;8526;croky-pickles-40-g;-8;in_stock;0.99;
2026-10-03 15:25;8527;croky-ketchup-40-g;-22;in_stock;0.99;
2026-10-03 15:25;8528;croky-bicky-40-g;-23;in_stock;0.99;
2026-10-03 15:25;8530;croky-paprika-40-g;-21;in_stock;0.99;
2026-10-03 15:25;8533;7-stick-jellies-ananas-sucres-1-kg;3;in_stock;6.99;
2026-10-03 15:25;8534;7-stick-jellies-dents-1-kg;5;in_stock;6.99;
2026-10-03 15:25;8535;7-stick-jellies-dents-de-dracula-1-kg;7;in_stock;6.99;
2026-10-03 15:25;8538;frisk-fresh-effect-strong-menthol-35-g;17;in_stock;2.49;
2026-10-03 15:25;8539;coca-cola-original-taste-500-ml;43;in_stock;2.50;
2026-10-03 15:25;8540;coca-cola-zero-sugar-500-ml;3;in_stock;2.50;
2026-10-03 15:25;8543;schweppes-orange-passion-330-ml;34;in_stock;1.50;
2026-10-03 15:25;8547;vidal-tranches-de-reglisse-au-fruit-de-la-passion-1-kg;12;in_stock;6.99;
2026-10-03 15:25;8555;sprite-zero-sugar-mint-330-ml;17;in_stock;2.00;
2026-10-03 15:25;8556;lays-saveur-barbecue-ribs-inspiration-etats-unis-120-g;7;in_stock;2.99;
2026-10-03 15:25;8558;robot-pop-12-x-10-g;1;in_stock;10.99;
2026-10-03 15:25;8559;mentos-pure-fresh-mini-strawberry-24-g;1;in_stock;1.49;
2026-10-03 15:25;8563;durkee-fluff-marshmallow-213g;20;in_stock;4.49;
2026-10-03 15:25;8564;skittles-baies-sauvages-136-g;-4;out_of_stock;3.49;
2026-10-03 15:25;8565;skittles-tropical-136-g;11;in_stock;3.49;
2026-10-03 15:25;8566;cornets-gaufres-fourres-au-chocolat-noir-120-g;5;in_stock;3.99;
2026-10-03 15:25;8568;haribo-starmix-175-g;0;in_stock;2.99;
2026-10-03 15:25;8570;vidal-bonbons-gelifies-piments-1-kg;17;in_stock;7.49;
2026-10-03 15:25;8571;american-style-barbecue-marshmallows-300-g;2;in_stock;4.49;
2026-10-03 15:25;8574;moloko-mango-kalamansi-250-g;93;in_stock;1.50;
2026-10-03 15:25;8575;moloko-lemonade-250-ml;42;in_stock;1.50;
2026-10-03 15:25;8576;nippers-sour-candy-crunch-blue-razz-purple-razz-50-g;181;in_stock;1.49;
2026-10-03 15:25;8585;milka-xl-choco-cookies-184-g;0;out_of_stock;2.49;
2026-10-03 15:25;8586;trefin-cristal-3-kg;1;in_stock;35.99;
2026-10-03 15:25;8587;milka-choco-mini-stars-150-g;10;in_stock;1.49;
2026-10-03 15:25;8595;florbu-cookies-citron-130-g;16;in_stock;1.99;
2026-10-03 15:25;8596;florbu-mix-assortis-270-g;12;in_stock;4.49;
2026-10-03 15:25;8597;florbu-wafer-mix-270-g;14;in_stock;4.49;
2026-10-03 15:25;8605;gullon-gaufrettes-saveur-vanille-sans-sucres-ajoutes-180-g;25;in_stock;1.49;
2026-10-03 15:25;8608;gullon-zero-sandwich-fourre-saveur-yaourt-aux-cereales-completes-220-g;4;in_stock;2.49;
2026-10-03 15:25;8610;gullon-zero-biscuits-ronditas-enrobes-de-chocolat-noir-186-g;48;in_stock;2.49;
2026-10-03 15:25;8614;zero-no-sugar-added-twins-cocoa-sandwich-with-filling-210-g;19;in_stock;2.49;
2026-10-03 15:25;8615;choco-bom-cacao-chips-sans-gluten-120-g;8;in_stock;2.49;
2026-10-03 15:25;8617;mms-crispy-340-g;1;in_stock;8.99;
2026-10-03 15:25;8620;cookies-au-cacao-avec-pepites-de-chocolat-sans-gluten-200-g;5;in_stock;2.99;
2026-10-03 15:25;8621;copy-cookies-au-cacao-avec-pepites-de-chocolat-sans-gluten-200-g;4;in_stock;2.49;
2026-10-03 15:25;8628;bifi-hot-20-g;211;in_stock;0.99;
2026-10-03 15:25;8629;mms-minis-chocolat-176-g;56;in_stock;6.49;
2026-10-03 15:25;8631;dulceplus-outils-rouge-super-acide-1-kg;2;in_stock;6.99;
2026-10-03 15:25;8633;arizona-rizzler-berry-650-ml;17;in_stock;3.50;
2026-10-03 15:25;8634;arizona-cherry-lime-rickey-650-ml;20;in_stock;3.50;
2026-10-03 15:25;8635;arizona-apple-lime-rickey-650-ml;23;in_stock;3.50;
2026-10-03 15:25;8636;bubs-ovales-sucres-gout-banane-caramel-90-g;36;in_stock;2.99;
2026-10-03 15:25;8638;toppie-bonbon-en-cire-ours-fraise-40-g;10;in_stock;3.99;
2026-10-03 15:25;8641;long-chips-snack-de-pommes-de-terre-saveur-piment-ardent-75-g;68;in_stock;1.99;
2026-10-03 15:25;8642;long-chips-snack-de-pommes-de-terre-saveur-bacon-75-g;28;in_stock;1.99;
2026-10-03 15:25;8643;long-chips-snack-de-pommes-de-terre-saveur-creme-fraiche-oignon-75-g;58;in_stock;1.99;
2026-10-03 15:25;8644;long-chips-snack-de-pommes-de-terre-saveur-paprika-grille-75-g;79;in_stock;1.99;
2026-10-03 15:25;8645;long-chips-snack-de-pommes-de-terre-saveur-cornichon-aigre-doux-75-g;33;in_stock;1.99;
2026-10-03 15:25;8646;long-chips-snack-de-pommes-de-terre-saveur-crabe-75-g;51;in_stock;1.99;
2026-10-03 15:25;8647;long-chips-snack-de-pommes-de-terre-saveur-pizza-salami-75-g;49;in_stock;1.99;
2026-10-03 15:25;8648;long-chips-snack-de-pommes-de-terre-saveur-shish-kebab-75-g;69;in_stock;1.99;
2026-10-03 15:25;8649;long-chips-snack-de-pommes-de-terre-honey-bbq-75-g;63;in_stock;1.99;
2026-10-03 15:25;8650;long-chips-snack-de-pommes-de-terre-creamy-mushroom-75-g;40;in_stock;1.99;
2026-10-03 15:25;8651;vidal-bombes-pasteques-acidulees-1-kg;8;in_stock;7.99;
2026-10-03 15:25;8652;croky-ketchup-200-g;-13;in_stock;2.49;
2026-10-03 15:25;8655;sprite-china-the-citron-330-ml;26;in_stock;2.00;
2026-10-03 15:25;8656;omg-bubble-tea-raspberry-blueberry-flavor-bubbles-270-ml;14;in_stock;3.99;
2026-10-03 15:25;8657;royal-mochi-creme-vanille-120-g;19;in_stock;4.99;
2026-10-03 15:25;8658;royal-mochi-creamy-coconut-120-g;13;in_stock;4.99;
2026-10-03 15:25;8660;pringles-saveur-de-sauce-chili-douce-156-g;19;in_stock;5.49;
2026-10-03 15:25;8662;stitch-biscuits-fourres-saveur-fraise-50-g;39;in_stock;2.99;
2026-10-03 15:25;8663;stitch-biscuits-fourres-saveur-chocolat-50-g;36;in_stock;2.99;
2026-10-03 15:25;8665;trolli-wow-lactes-aux-fruits-1-kg;13;in_stock;8.99;
2026-10-03 15:25;8666;copy-trolli-wow-lactes-aux-fruits-1-kg;8;in_stock;8.99;
2026-10-03 15:25;8667;bifi-roll-xxl-poulet-70-g;94;in_stock;1.99;
2026-10-03 15:25;8669;coca-cola-vanille-500-ml;34;in_stock;2.50;
2026-10-03 15:25;8670;coca-cola-zero-sugar-lemon-taste-500-ml;16;in_stock;2.50;
2026-10-03 15:25;8671;coca-cola-cherry-taste-500-ml;-13;in_stock;2.50;
2026-10-03 15:25;8672;coca-cola-zero-zero-500-ml;-30;in_stock;2.50;
2026-10-03 15:25;8679;vitago-magic-fraise-200-ml;46;in_stock;1.00;
2026-10-03 15:25;8680;cornets-de-gaufrette-fourres-au-chocolat-blanc-a-la-fraise-120-g;12;in_stock;3.99;
2026-10-03 15:25;8683;cornets-de-gaufrette-fourres-a-la-creme-de-noisette-et-au-chocolat-au-lait-120-g;1;in_stock;3.99;
2026-10-03 15:25;8684;cornets-de-gaufrette-fourres-au-beurre-de-cacahuete-et-au-chocolat-au-lait-120-g;1;in_stock;3.99;
2026-10-03 15:25;8685;cornets-de-gaufrette-fourres-au-caramel-et-au-chocolat-au-lait-120-g;25;in_stock;3.99;
2026-10-03 15:25;8690;copy-sprite-lemon-lime-500-ml;22;in_stock;2.50;
2026-10-03 15:25;8691;copy-haribo-chamallows-rainbollows-175-g;6;in_stock;2.99;
2026-10-03 15:25;8692;haribo-marshmallow-rubino-175g;16;in_stock;2.99;
2026-10-03 15:25;8693;bifi-ranger-60-g;14;in_stock;1.99;
2026-10-03 15:25;8694;bifi-currywurst-60-g;28;in_stock;1.99;
2026-10-03 15:25;8695;bifi-chorizo-xl-26-g;57;in_stock;1.49;
2026-10-03 15:25;8696;bifi-original-xxl-40-g;115;in_stock;1.49;
2026-10-03 15:25;8697;twix-noisette-xtra-75-g;227;in_stock;1.49;
2026-10-03 15:25;8698;bifi-tasty-bites-thai-hot-chili-salami-50-g;16;in_stock;3.99;
2026-10-03 15:25;8699;copy-bifi-tasty-bites-thai-hot-chili-salami-50-g;34;in_stock;3.99;
2026-10-03 15:25;8700;bifi-tasty-bites-italian-parmesan-thyme-chicken-50-g;-5;in_stock;3.99;
2026-10-03 15:25;8708;bounty-secret-centre-biscuit-132-g;27;in_stock;4.49;
2026-10-03 15:25;8714;lays-algues-grillees-de-kyushu-59-g;1;in_stock;3.49;
2026-10-03 15:25;8726;frisia-vegan-foam-smiles-pomme-1.25-k;8;in_stock;9.99;
2026-10-03 15:25;8727;frisia-vegan-foam-smiles-framboise-vanille-125-kg;-1;in_stock;9.99;
2026-10-03 15:25;8728;nutella-biscuits-tube-166-g;14;in_stock;5.99;
2026-10-03 15:25;8729;carlier-nougat-amandes-50-g;32;in_stock;1.99;
2026-10-03 15:25;8730;frisk-peppermint-sugar-free-21-g;51;in_stock;2.49;
2026-10-03 15:25;8731;frisk-cleanbreath-peppermint-2-heures-35-g;16;in_stock;2.49;
2026-10-03 15:25;8732;copy-frisk-cleanbreath-peppermint-2-heures-35-g;12;in_stock;2.49;
2026-10-03 15:25;8734;buldak-ramen-3x-hot-chicken-140-g;7;in_stock;2.50;
2026-10-03 15:25;8735;buldak-ramen-quattro-cheese-hot-chicken-flavor-110-g;-16;out_of_stock;4.99;
2026-10-03 15:25;8736;temole-avocat-chips-sel-de-mer-40-g;11;in_stock;2.99;
2026-10-03 15:25;8738;matecito-framboise-menthe-330-ml;-2;in_stock;3.50;
2026-10-03 15:25;8741;stimorol-foil-original-14-g;29;in_stock;1.00;
2026-10-03 15:25;8742;stimorol-bubble-mint-14-g;27;in_stock;1.00;
2026-10-03 15:25;8743;warheads-sour-wheel-51-g;22;in_stock;1.49;
2026-10-03 15:25;8744;pate-a-tartiner-bounty-200-g;9;in_stock;3.99;
2026-10-03 15:25;8746;trefin-hopjes-3-kg;4;in_stock;34.99;
2026-10-03 15:25;8747;trefin-orfina-3-kg;3;in_stock;41.99;
2026-10-03 15:25;8748;trefin-cafina-3-kg;4;in_stock;34.99;
2026-10-03 15:25;8749;cornets-de-gaufrette-fourres-au-chocolat-au-lait-120-g;0;out_of_stock;3.99;
2026-10-03 15:25;8751;cornets-de-gaufrette-fourre-au-chocolat-blanc-120-g;-5;out_of_stock;3.99;
2026-10-03 15:25;8752;cornets-de-gaufrette-fourre-au-marshmallow-et-au-chocolat-lait-120-g;0;out_of_stock;3.99;
2026-10-03 15:25;8753;pocky-milk-flavour-40-g;23;in_stock;2.99;
2026-10-03 15:25;8754;pocky-milk-chocolat-au-lait-39-g;8;in_stock;2.99;
2026-10-03 15:25;8755;caraibos-ananas-33-cl;16;in_stock;2.50;
2026-10-03 15:25;8756;caraibos-mangue-33-cl;16;in_stock;2.50;
2026-10-03 15:25;8757;caraibos-tropical-33-cl;18;in_stock;2.50;
2026-10-03 15:25;8758;caraibos-goyave-33-cl;20;in_stock;2.50;
2026-10-03 15:25;8759;caraibos-coco-33-cl;8;in_stock;2.50;
2026-10-03 15:25;8762;jelly-pop-mr.-twister-challenge-60-g;-5;out_of_stock;4.99;
2026-10-03 15:25;8767;yopokki-carbonara-topokki-120-g;10;in_stock;2.99;
2026-10-03 15:25;8768;kitkat-ball-140-g;-3;in_stock;3.99;
2026-10-03 15:25;8771;frisia-ufo-300-g;-31;in_stock;4.99;
2026-10-03 15:25;8772;pringles-italian-style-pesto-165-g;19;in_stock;4.49;
2026-10-03 15:25;8773;pringles-mexican-style-spicy-salsa-165-g;29;in_stock;4.49;
2026-10-03 15:25;8774;pringles-canadian-style-sweet-smoky-bbq-165-g;24;in_stock;4.49;
2026-10-03 15:25;8781;pictolin-fresh-vitamine-c-sans-sucre-65-g;23;in_stock;1.49;
2026-10-03 15:25;8782;pictolin-cerise-creme-sans-sucre-65-g;19;in_stock;1.49;
2026-10-03 15:25;8785;copy-copy-lutti-dents-dracula-citrique---3-kg;2;in_stock;25.99;
2026-10-03 15:25;8788;bergen-cookies-japanese-cheesecake-128-g;40;in_stock;1.99;
2026-10-03 15:25;8791;trefin-vienna-3-kg;1;in_stock;32.99;
2026-10-03 15:25;8792;lutti-scoubidou-100-g;6;in_stock;1.99;
2026-10-03 15:25;8795;bounty-trio-85-g;63;in_stock;2.00;
2026-10-03 15:25;8797;fini-mini-mochis-90-g;-1;in_stock;1.49;
2026-10-03 15:25;8798;doritos-dinamita-flamin-hot-85-g;10;in_stock;1.99;
2026-10-03 15:25;8799;nescafe-americano-250-ml;68;in_stock;2.00;
2026-10-03 15:25;8816;trefin-ochok-3kg;3;in_stock;41.49;
2026-10-03 15:25;8820;nutella-peanut-375-g;168;in_stock;9.99;
2026-10-03 15:25;8832;vitago-airborne-bananepomme-200-ml;14;in_stock;1.00;
2026-10-03 15:25;8833;delief-rabokki-sweet-and-spicy-165-g;21;in_stock;3.99;
2026-10-03 15:25;8834;skittles-fruits-136-g;10;in_stock;3.49;
2026-10-03 15:25;8835;lays-buggles-cheese-snackbox-135-g;21;in_stock;4.99;
2026-10-03 15:25;8837;doritos-nacho-cheese-snackbox-140-g;24;in_stock;4.99;
2026-10-03 15:25;8839;capri-sun-multi-vitamines-330-ml;44;in_stock;2.50;
2026-10-03 15:25;8840;smarties-38-g;42;in_stock;1.49;
2026-10-03 15:25;8881;copy-kitkat-chunky-24-x-40-g;44;in_stock;1.49;
2026-10-03 15:25;8882;trolli-octopus-spicy-1-kg;19;in_stock;8.99;
2026-10-03 15:25;8883;copy-lutti-balls-fizz-2-kg;10;in_stock;17.99;
2026-10-03 15:25;8885;copy-copy-horror-finger-dip-18-x-40-g;23;in_stock;1.49;
2026-10-03 15:25;8886;copy-xl-gumball-machine-bubble-gum-12-x-120-g;4;in_stock;12.99;
2026-10-03 15:25;8891;long-chips-snack-de-pommes-de-terre-truffle-75-g;7;in_stock;1.99;
2026-10-03 15:25;8892;long-chips-snack-de-pommes-de-terre-chili-lime-and-seasalt-75-g;14;in_stock;1.99;
2026-10-03 15:25;8895;twix-crispy-rolls-5-x-225-g;-11;out_of_stock;3.99;
2026-10-03 15:25;8896;milkyway-crispy-rolls-5-x-225-g;-2;out_of_stock;3.99;
2026-10-03 15:25;8897;buldak-hot-sauce-extremely-spicy-165-ml;10;in_stock;5.99;
2026-10-03 15:25;8898;buldak-hot-sauce-carbonara-165-ml;8;in_stock;5.99;
2026-10-03 15:25;8904;dr-pepper-vanilla-float-en-verre-275-ml;6;in_stock;2.50;
2026-10-03 15:25;8905;lays-hot-chili-squid-90-g;14;in_stock;4.99;
2026-10-03 15:25;8907;croky-bolognese-rings-75-g;48;in_stock;1.99;
2026-10-03 15:25;8908;croky-barbecue-rings-75-g;32;in_stock;1.99;
2026-10-03 15:25;8910;choco-prince-gout-vanille-57-g;17;in_stock;1.49;
2026-10-03 15:25;8912;kinder-schokobons-300-g;131;in_stock;4.99;
2026-10-03 15:25;8914;copy-kinder-joy-one-piece-20-g;241;in_stock;3.49;
2026-10-03 15:25;8917;milka-leo-12-x-333-g;222;in_stock;4.99;
2026-10-03 15:25;8919;dr.-sweet-fingerfood-8-x-90-g;15;in_stock;16.99;
2026-10-03 15:25;8920;dr.-sweet-fingerfood-90-g;-4;out_of_stock;2.49;
2026-10-03 15:25;8921;copy-kinder-chocolat-20-x-50-g;91;in_stock;3.99;
2026-10-03 15:25;8922;copy-kinder-bueno-white---39-g-x-30-pices;157;in_stock;2.79;
2026-10-03 15:25;8924;kinder-maxi-10-x-21-g;324;in_stock;3.69;
2026-10-03 15:25;8925;milka-leo-chocolat-blanc-12-x-333-g;269;in_stock;5.99;
2026-10-03 15:25;8926;copy-milka-leo-go-48-g;277;in_stock;5.99;
2026-10-03 15:25;8927;kinder-surprise-fille-3-x-20-g;428;in_stock;2.99;
2026-10-03 15:25;8929;kinder-bueno-4-x-43-g;165;in_stock;2.79;
2026-10-03 15:25;8932;samyang-buldak-swisy-sweet-spicy-130-g;36;in_stock;3.49;
2026-10-03 15:25;8936;milka-mmmax-cachuete-caramel-46-g;33;in_stock;1.49;
2026-10-03 15:25;8951;snickers-duo-80-g;-1;in_stock;1.49;
2026-10-03 15:25;8952;twix-xtra-75-g;-1;in_stock;1.49;
2026-10-03 15:25;8956;copy-etna-assortis-guimauve-1.5-kg;99;in_stock;5.99;
2026-10-03 15:25;8958;copy-mars-pate-a-tartiner-200-g;-2;out_of_stock;5.49;
2026-10-03 15:25;8962;valise-halloween-aleatoire-mix-bonbons-250-g;35;in_stock;6.49;
2026-10-03 15:25;8963;copy-cornets-de-gaufrette-fourres-au-chocolat-au-lait-120-g;12;in_stock;3.99;
2026-10-03 15:25;8964;chocolas-chips-crispy-caramel-125-g;12;in_stock;3.99;
2026-10-03 15:25;8965;copy-chocolas-chips-crispy-caramel-125-g;11;in_stock;3.99;
2026-10-03 15:25;8966;copy-copy-chocolas-chips-crispy-caramel-125-g;11;in_stock;3.99;
2026-10-03 15:25;8967;chocolas-chips-crispy-nut-125-g;11;in_stock;3.99;
2026-10-03 15:25;8968;chocolas-chips-crispy-cacao-125-g;11;in_stock;3.99;
2026-10-03 15:25;8971;joris-souris-sans-sucre-130-g;13;in_stock;2.49;
2026-10-03 15:25;8974;florbu-gaufres-citron-150-g;11;in_stock;1.99;
2026-10-03 15:25;8975;florbu-gaufres-coco-150-g;9;in_stock;1.99;
2026-10-03 15:25;8979;gullon-digestive-choco-270-g;15;in_stock;2.99;
2026-10-03 15:25;8980;gullon-digestive-breakfast-216-g;13;in_stock;1.99;
2026-10-03 15:25;8981;gullon-sandwich-yogurt-220-g;16;in_stock;2.49;
2026-10-03 15:25;8988;valor-70-cacao-orange-100-g;15;in_stock;3.99;
2026-10-03 15:25;8989;copy-valor-70-cacao-orange-100-g;12;in_stock;3.99;
2026-10-03 15:25;8999;les-bonbons-delisabeth-gomme-violette-180-g;5;in_stock;2.99;
2026-10-03 15:25;9000;copy-copy-kitkat-chunky-24-x-40-g;23;in_stock;1.49;
2026-10-03 15:25;9001;coca-cola-light-330-ml;24;in_stock;2.00;
2026-10-04 06:52;326;dulceplus-ananas---1-kg;2;in_stock;6.99;
2026-10-04 06:52;329;dulceplus-banane-sucree---1-kg;0;out_of_stock;6.99;
2026-10-04 06:52;350;dulceplus-cerise---1-kg;0;out_of_stock;6.99;
2026-10-04 06:52;398;dulceplus-mini-bton-multicolore;-1;out_of_stock;6.99;
2026-10-04 06:52;404;dulceplus-mini-cble-fraise-crme---1-kg;2;in_stock;6.99;
2026-10-04 06:52;406;dulceplus-mix-fiesta-sucr---1-kg;2;in_stock;6.99;
2026-10-04 06:52;416;dulceplus-pomme-sucree---1-kg;9;in_stock;6.99;
2026-10-04 06:52;436;frisia-champignon-fruit---1250-kg;13;in_stock;9.99;
2026-10-04 06:52;438;frisia-bouteille-cola---15-kg;26;in_stock;10.99;
2026-10-04 06:52;441;frisia-bouteille-bubblegum-citrique---15-kg;12;in_stock;10.99;
2026-10-04 06:52;442;frisia-briquette-citrique---125-kg;14;in_stock;9.99;
2026-10-04 06:52;444;frisia-ttine-bleue-citrique---125-kg;-17;in_stock;9.99;
2026-10-04 06:52;445;frisia-stick-citrique---15-kg;8;in_stock;10.99;
2026-10-04 06:52;447;frisia-mini-langue-citrique---15-kg;18;in_stock;10.99;
2026-10-04 06:52;454;frisia-confetti---15-kg;-4;in_stock;10.99;
2026-10-04 06:52;458;frisia-fraise-sucree-15-kg;14;in_stock;10.99;
2026-10-04 06:52;459;frisia-fruit-sans-sucre---15-kg;8;in_stock;14.99;
2026-10-04 06:52;461;frisia-hot-lips-lvres---15-kg;4;in_stock;10.99;
2026-10-04 06:52;462;frisia-langue-cola---125-kg;10;in_stock;9.99;
2026-10-04 06:52;466;frisia-langue-fruits---125-kg;-12;in_stock;9.99;
2026-10-04 06:52;469;frisia-monstre---1250-kg;11;in_stock;9.99;
2026-10-04 06:52;471;frisia-ourson-sans-sucre-15-kg;7;in_stock;15.49;
2026-10-04 06:52;473;frisia-pinceaux---150-kg;10;in_stock;10.99;
2026-10-04 06:52;474;frisia-rocket-balls-fraise---200-picess;4;in_stock;14.49;
2026-10-04 06:52;477;frisia-rocket-balls-mre---200-pices;2;in_stock;14.49;
2026-10-04 06:52;479;frisia-rocket-balls-pastque---200-pices;13;in_stock;14.49;
2026-10-04 06:52;480;frisia-rocket-balls-pomme---200-pices;12;in_stock;14.49;
2026-10-04 06:52;482;frisia-serpent---15-kg;6;in_stock;10.99;
2026-10-04 06:52;488;frisia-souris---15-kg;8;in_stock;10.99;
2026-10-04 06:52;489;frisia-tortue---15-kg;1;in_stock;10.99;
2026-10-04 06:52;491;frisia-winegum---15-kg;6;in_stock;10.99;
2026-10-04 06:52;501;frisia-orque---15-kg;21;in_stock;10.99;
2026-10-04 06:52;508;frisia-cerise-citrique---15-kg;20;in_stock;10.99;
2026-10-04 06:52;517;arizona-green-tea-pomegranate---500-ml;19;in_stock;3.00;
2026-10-04 06:52;532;haribo-ourson-dor---1-kg;14;in_stock;8.99;
2026-10-04 06:52;536;haribo-pico-balla---1-kg;-24;in_stock;8.99;
2026-10-04 06:52;537;haribo-happy-cola-mini---1-kg;-10;in_stock;8.99;
2026-10-04 06:52;538;haribo-happy-cola-grand---1-kg;7;in_stock;8.99;
2026-10-04 06:52;554;vidal-anacondas---1-kg;2;in_stock;8.99;
2026-10-04 06:52;556;haribo-vers-luisants---1-kg;4;in_stock;8.99;
2026-10-04 06:52;558;haribo-balla-balla-red---1-kg;4;in_stock;8.99;
2026-10-04 06:52;559;haribo-croco;-34;in_stock;8.99;
2026-10-04 06:52;560;vidal-cerveau---1-kg;56;in_stock;8.99;
2026-10-04 06:52;562;vidal-citrouille---1-kg;43;in_stock;8.99;
2026-10-04 06:52;563;vidal-crne-mauve---1-kg;51;in_stock;8.99;
2026-10-04 06:52;567;vidal-jelly-creepy-11-x-6-pices;26;in_stock;19.99;
2026-10-04 06:52;568;haribo-rotella-fruit---1-kg;-3;in_stock;8.99;
2026-10-04 06:52;569;vidal-jelly-dino-11-x-6-pices;25;in_stock;19.99;
2026-10-04 06:52;571;vidal-jelly-ocean---11-x-6-pices;18;in_stock;19.99;
2026-10-04 06:52;572;haribo-grenouille---1-kg;8;in_stock;8.99;
2026-10-04 06:52;573;vidal-licorne---1-kg;8;in_stock;8.99;
2026-10-04 06:52;574;haribo-cerise-double---1-kg;-18;in_stock;8.99;
2026-10-04 06:52;575;vidal-os---1-kg;29;in_stock;8.99;
2026-10-04 06:52;576;haribo-maoam-kracher-fruit---1-kg;-13;out_of_stock;8.99;
2026-10-04 06:52;577;vidal-pirate---250-pices---15-kg;41;in_stock;12.99;
2026-10-04 06:52;584;vidal-yeux---1-kg;13;in_stock;8.99;
2026-10-04 06:52;596;verquin-souris-caramel---2-kg;7;in_stock;38.99;
2026-10-04 06:52;600;frisia-ufo-tubo---125-g;273;in_stock;3.99;
2026-10-04 06:52;601;twix-shake---350-ml;7;in_stock;2.50;
2026-10-04 06:52;606;twist-and-drink-framboise---20-cl;64;in_stock;1.49;
2026-10-04 06:52;607;twist-and-drink-fruits-des-bois---200-ml;3;in_stock;1.49;
2026-10-04 06:52;612;trolli-vache---1-kg;26;in_stock;8.99;
2026-10-04 06:52;613;trolli-twist-vers-enlacs---1-kg;-3;in_stock;8.99;
2026-10-04 06:52;614;trolli-souris---1-kg;3;in_stock;8.99;
2026-10-04 06:52;617;trolli-pieuvre---1-kg;-9;in_stock;8.99;
2026-10-04 06:52;618;trolli-pop-eye---4-pices---75-g;717;in_stock;2.49;
2026-10-04 06:52;621;trolli-pingouin---1-kg;12;in_stock;8.99;
2026-10-04 06:52;625;trolli-mini-burger---80-pices---800-g;15;in_stock;20.49;
2026-10-04 06:52;632;trolli-luciole-citrique---1-kg;4;in_stock;8.99;
2026-10-04 06:52;633;trolli-big-burger---50-g;-561;in_stock;1.50;
2026-10-04 06:52;634;trolli-fraise-en-mousse---1-kg;8;in_stock;8.99;
2026-10-04 06:52;635;trolli-dracula---1-kg;-8;in_stock;8.99;
2026-10-04 06:52;636;trolli-cerise---1-kg;8;in_stock;8.99;
2026-10-04 06:52;638;trolli-anneau-pomme---1-kg;-1;in_stock;8.99;
2026-10-04 06:52;639;trolli-anneau-pche---1-kg;13;in_stock;8.99;
2026-10-04 06:52;641;trolli-dinorex-citrique---150-g;0;out_of_stock;1.50;
2026-10-04 06:52;642;trolli-pizza---1-kg;17;in_stock;8.99;
2026-10-04 06:52;643;trolli-funiverse-sour-mix---1-kg;7;in_stock;8.99;
2026-10-04 06:52;647;trinketto---24-x-70-ml;330;in_stock;8.99;
2026-10-04 06:52;653;trefin-hartmint---200-g;15;in_stock;2.85;
2026-10-04 06:52;654;trefin-hartmint---3-kg;3;in_stock;32.79;
2026-10-04 06:52;655;trefin-eucalypto---175-g;4;in_stock;2.85;
2026-10-04 06:52;656;trefin-eclair---150-g;30;in_stock;2.85;
2026-10-04 06:52;658;trefin-cafina-175-g;-7;out_of_stock;2.99;
2026-10-04 06:52;660;warheads-sour-soda-pomme-verte---355-ml;11;in_stock;2.50;
2026-10-04 06:52;661;warheads-sour-soda-framboise-bleue---355-ml;-3;in_stock;2.50;
2026-10-04 06:52;665;tic-tac-menthe---49-g;7;in_stock;2.99;
2026-10-04 06:52;667;tic-tac-orange---49-g;-8;in_stock;2.99;
2026-10-04 06:52;678;lollywood-elphant-bleu---1-kg;34;in_stock;10.99;
2026-10-04 06:52;681;lollywood-btonnet-blancs-fraise---1-kg;5;in_stock;8.99;
2026-10-04 06:52;682;lollywood-btonnets-fraise---1-kg;23;in_stock;8.99;
2026-10-04 06:52;684;lollywood-btonnets-pomme---1-kg;18;in_stock;8.99;
2026-10-04 06:52;685;haribo-balla-balla-red-fizz---1-kg;15;in_stock;8.99;
2026-10-04 06:52;687;lollywood-btonnets-pomme-citrique---1-kg;9;in_stock;8.99;
2026-10-04 06:52;688;haribo-love-fizz---1-kg;5;in_stock;8.99;
2026-10-04 06:52;689;lollywood-btonnets-fraise-citrique---1-kg;12;in_stock;8.99;
2026-10-04 06:52;691;lollywood-btonnets-mix-citrique---1-kg;13;in_stock;8.99;
2026-10-04 06:52;698;frisia-bouteille-cola-citrique---3-kg;9;in_stock;19.99;
2026-10-04 06:52;702;haribo-rainbow-pixel-fizz---1-kg;15;in_stock;8.99;
2026-10-04 06:52;705;frisia-ourson-citrique---3-kg;-3;in_stock;19.99;
2026-10-04 06:52;707;haribo-cool-bananas---1-kg;11;in_stock;8.99;
2026-10-04 06:52;708;lollywood-dino---1-kg;-2;in_stock;10.99;
2026-10-04 06:52;710;frisia-bouteille-cherry-cola-citrique---3-kg;0;in_stock;19.99;
2026-10-04 06:52;711;lollywood-lacet-cola-citrique---1-kg;12;in_stock;8.99;
2026-10-04 06:52;713;haribo-coeur-framboise---1-kg;-5;in_stock;8.99;
2026-10-04 06:52;714;frisia-bouteille-milkshake---2-kg;6;in_stock;15.99;
2026-10-04 06:52;716;haribo-happy-cherry-fizz---1-kg;8;in_stock;8.99;
2026-10-04 06:52;717;lollywood-lacet-fraise-citrique---1-kg;6;in_stock;8.99;
2026-10-04 06:52;719;lollywood-lacet-framboise-citrique---1-kg;20;in_stock;8.99;
2026-10-04 06:52;720;frisia-vers-multicolore-citrique---3-kg;9;in_stock;19.99;
2026-10-04 06:52;722;lollywood-lacet-pomme-citrique---1-kg;-3;in_stock;8.99;
2026-10-04 06:52;724;frisia-bouteille-jumbo-bubblegum-citrique---3-kg;-8;in_stock;19.99;
2026-10-04 06:52;725;lollywood-revolvers-fruits---1-kg;7;in_stock;8.99;
2026-10-04 06:52;728;frisia-ttine-cola-citrique---3-kg;-3;in_stock;19.99;
2026-10-04 06:52;731;haribo-pasta-frutta---1-kg;20;in_stock;8.99;
2026-10-04 06:52;733;frisia-ttine-tropicale-citrique---3-kg;-2;in_stock;19.99;
2026-10-04 06:52;735;frisia-langue-bleue---3-kg;33;in_stock;19.99;
2026-10-04 06:52;737;fini-coeur-tricolore---1-kg;9;in_stock;9.99;
2026-10-04 06:52;739;frisia-fraise-sucre---3-kg;4;in_stock;19.99;
2026-10-04 06:52;741;haribo-pamplemousse---1-kg;-14;in_stock;8.99;
2026-10-04 06:52;742;haribo-croco-pik---2-kg;5;in_stock;20.49;
2026-10-04 06:52;747;haribo-dragibus---2-kg;195;in_stock;19.49;
2026-10-04 06:52;750;lollywood-mlange-rouge---1-kg;6;in_stock;8.99;
2026-10-04 06:52;751;haribo-fraizibus---2-kg;9;in_stock;19.49;
2026-10-04 06:52;754;haribo-cherry-pik---2-kg;6;in_stock;20.49;
2026-10-04 06:52;756;lollywood-chewing-gum-melon-acidul---1-kg;8;in_stock;10.99;
2026-10-04 06:52;758;lollywood-stick-citrique---1-kg;8;in_stock;10.99;
2026-10-04 06:52;759;haribo-banane-dure---15-kg;-4;in_stock;15.99;
2026-10-04 06:52;761;lutti-arlequin---1-kg;5;in_stock;11.99;
2026-10-04 06:52;763;haribo-pche---3-kg;10;in_stock;25.99;
2026-10-04 06:52;766;lutti-arlequin-fizz---1-kg;28;in_stock;20.99;
2026-10-04 06:52;767;frisia-frite-citrique---3-kg;17;in_stock;19.99;
2026-10-04 06:52;770;lutti-bubblizz---2-kg;-3;in_stock;20.99;
2026-10-04 06:52;773;frisia-uf-au-plat---3-kg;12;in_stock;19.99;
2026-10-04 06:52;774;lutti-dents-dracula---3-kg;11;in_stock;25.99;
2026-10-04 06:52;775;frisia-agent-mauve-violette---3-kg;-6;in_stock;19.99;
2026-10-04 06:52;776;lutti-fraise-sucre---3-kg;2;in_stock;25.99;
2026-10-04 06:52;778;frisia-pche---3-kg;6;in_stock;19.99;
2026-10-04 06:52;779;frisia-ttine-fruits-citrique---3-kg;-3;in_stock;19.99;
2026-10-04 06:52;782;haribo-fraise-tagada---15-kg;12;in_stock;15.99;
2026-10-04 06:52;784;frisia-cerise-lave---3-kg;-5;in_stock;19.99;
2026-10-04 06:52;787;frisia-ttine-pastque-citrique---3-kg;11;in_stock;19.99;
2026-10-04 06:52;789;lutti-poisson-tropical---3-kg;7;in_stock;25.99;
2026-10-04 06:52;793;frisia-grenouille---3-kg;1;in_stock;19.99;
2026-10-04 06:52;794;lutti-dents-dracula-citrique---3-kg;36;in_stock;25.99;
2026-10-04 06:52;801;haribo-schtroumpf---3-kg;-1;in_stock;25.99;
2026-10-04 06:52;804;frisia-pomme-citrique---3-kg;3;in_stock;19.99;
2026-10-04 06:52;809;matthijs-quequette-couleur---1-kg;11;in_stock;12.49;
2026-10-04 06:52;846;haribo-bouteille-cherry-cola;3;in_stock;25.99;
2026-10-04 06:52;847;frisia-souris-noire---3-kg;-19;in_stock;19.99;
2026-10-04 06:52;849;copy-frisia-winegum---15-kg;9;in_stock;19.99;
2026-10-04 06:52;852;thijs-etoile---1-kg;6;in_stock;10.79;
2026-10-04 06:52;858;thijs-grand-cur---1-kg;30;in_stock;10.79;
2026-10-04 06:52;862;thijs-oursons---1-kg;13;in_stock;10.79;
2026-10-04 06:52;863;thijs-pyramide---1-kg;-4;in_stock;10.79;
2026-10-04 06:52;864;frisia-ttine-bubblegum-citrique---3-kg;-2;in_stock;19.99;
2026-10-04 06:52;866;gicopa-fleur-violette---1-kg;-90;in_stock;10.99;
2026-10-04 06:52;874;haribo-ttine---3-kg;9;in_stock;25.99;
2026-10-04 06:52;875;gicopa-fleurs-assorties---1-kg;-4;in_stock;10.99;
2026-10-04 06:52;877;etna-vierge-guimauve---15-kg;-1;in_stock;15.99;
2026-10-04 06:52;880;frisia-space-mix---3-kg;12;in_stock;19.99;
2026-10-04 06:52;881;haribo-carensac---2-kg;-1;in_stock;20.49;
2026-10-04 06:52;884;frisia-anneau-fruit-citrique---3-kg;1;in_stock;19.99;
2026-10-04 06:52;888;haribo-mini-cocobat---2-kg;-18;in_stock;20.49;
2026-10-04 06:52;893;jelly-beans---1-kg;-1;in_stock;11.99;
2026-10-04 06:52;906;haribo-marshmallow-rubino---1-kg;0;in_stock;10.99;
2026-10-04 06:52;917;bulgari-balle-de-golf-noire-marshmallow-vanille---900-g;10;in_stock;9.99;
2026-10-04 06:52;930;frisia-fraise-gante---3-kg;7;in_stock;19.99;
2026-10-04 06:52;932;frisia-ttine-colore-citrique---3-kg;4;in_stock;19.99;
2026-10-04 06:52;936;frisia-famous-fruit-3-kg;10;in_stock;19.99;
2026-10-04 06:52;963;joris-meli-melo---1-kg;-12;in_stock;9.99;
2026-10-04 06:52;964;joris-souris-noire---1-kg;0;out_of_stock;9.99;
2026-10-04 06:52;966;joris-souris---1kg;-26;in_stock;9.99;
2026-10-04 06:52;967;joris-citros---1-kg;4;in_stock;18.99;
2026-10-04 06:52;968;joris-ourson---1-kg;12;in_stock;9.99;
2026-10-04 06:52;969;joris-belga---1-kg;2;in_stock;18.99;
2026-10-04 06:52;970;joris-mandarine---1-kg;6;in_stock;9.99;
2026-10-04 06:52;971;joris-cerise-tendre---1-kg;8;in_stock;9.99;
2026-10-04 06:52;973;joris-cerise-lavee---1-kg;3;in_stock;18.99;
2026-10-04 06:52;974;joris-carre-menthe---1-kg;14;in_stock;9.99;
2026-10-04 06:52;975;joris-briquette-verte---1-kg;0;in_stock;18.99;
2026-10-04 06:52;976;joris-gomme-anis---1-kg;1;in_stock;9.99;
2026-10-04 06:52;977;joris-ourson-cola---1-kg;4;in_stock;9.99;
2026-10-04 06:52;978;joris-fleur-violette-sucree---1-kg;6;in_stock;9.99;
2026-10-04 06:52;979;joris-briquette-menthol---1-kg;11;in_stock;18.99;
2026-10-04 06:52;980;joris-agent-mauve-violette---1-kg;8;in_stock;18.99;
2026-10-04 06:52;982;joris-gomme-verte---1-kg;-2;in_stock;18.99;
2026-10-04 06:52;983;joris-boules-assorties---1-kg;2;in_stock;18.99;
2026-10-04 06:52;984;joris-bouteille-cola---1-kg;3;in_stock;18.99;
2026-10-04 06:52;997;carambar-barbe-papa---180-pices;4;in_stock;24.99;
2026-10-04 06:52;1014;carambar-cola---180-pices;4;in_stock;24.99;
2026-10-04 06:52;1021;carambar-caranougat---180-pices;0;out_of_stock;26.99;
2026-10-04 06:52;1030;malabar-fraise---200-pices;8;in_stock;29.99;
2026-10-04 06:52;1038;malabar-tutti-frutti---200-pices;7;in_stock;29.99;
2026-10-04 06:52;1042;ttes-brles-bille-framboise---300-pices---870-g;10;in_stock;15.49;
2026-10-04 06:52;1048;ttes-brles-bille-cola---300-pices---870-g;0;out_of_stock;15.49;
2026-10-04 06:52;1050;ttes-brles-bille-fraise---300-pices---870-g;-2;out_of_stock;15.49;
2026-10-04 06:52;1052;jawbreaker-fireball---40-pices---1320-g;16;in_stock;14.99;
2026-10-04 06:52;1054;ttes-brles-barre-cola---150-pices---15-kg;16;in_stock;20.49;
2026-10-04 06:52;1057;copy-jawbreaker-watermelon---40-pices---1320-g;63;in_stock;0.50;
2026-10-04 06:52;1058;jawbreaker-sour-apple---40-pices---1320-g;20;in_stock;14.99;
2026-10-04 06:52;1059;ttes-brles-barre-fraise---150-pices---15-kg;3;in_stock;20.49;
2026-10-04 06:52;1063;jawbreaker-strawberry---40-pices---1320-g;9;in_stock;14.99;
2026-10-04 06:52;1065;jawbreaker-on-a-stick---15-pices---900-g;0;out_of_stock;16.99;
2026-10-04 06:52;1068;ttes-brles-barre-de-feu---150-pices---15-kg;9;in_stock;20.49;
2026-10-04 06:52;1072;ttes-brles-barre-pomme---150-pices---15-kg;13;in_stock;20.49;
2026-10-04 06:52;1073;mammouth-jawbreaker---18-pices---1470-g;261;in_stock;22.49;
2026-10-04 06:52;1078;jawbreaker-tropical---40-pices---1320-g;27;in_stock;14.99;
2026-10-04 06:52;1080;joris-zout---1-kg;9;in_stock;18.99;
2026-10-04 06:52;1081;joris-gomme-pectorale-assortie---1-kg;1;in_stock;18.99;
2026-10-04 06:52;1083;ttes-brles-barre-de-feu-x-5-pices;36;in_stock;1.09;
2026-10-04 06:52;1087;ttes-brles-barre-framboise---150-pices;7;in_stock;20.49;
2026-10-04 06:52;1095;jawbreaker-jumbo-flavour-frenzy---1634-g;15;in_stock;19.99;
2026-10-04 06:52;1099;haribo-mega-roulette---40-pices---18-kg;63;in_stock;21.49;
2026-10-04 06:52;1100;haribo-mega-roulette---45-g;-52;in_stock;1.00;
2026-10-04 06:52;1102;haribo-mega-roulette-sour---40-pices---18-kg;144;in_stock;21.49;
2026-10-04 06:52;1103;haribo-mega-roulette-sour---45-g;22;in_stock;1.00;
2026-10-04 06:52;1132;haribo-cool-bananas---100g;-54;in_stock;1.99;
2026-10-04 06:52;1134;crazy-dips-sucette-cola---14-g;-220;in_stock;0.50;
2026-10-04 06:52;1163;crazy-dips-sucette-fraise-ddm-1125-24-pieces-336-g;4;in_stock;11.99;
2026-10-04 06:52;1176;crazy-dips-sucette-fraise---24-pieces---14-g;-391;in_stock;0.50;
2026-10-04 06:52;1177;frizzy-pazzy-fraise-chewing-gum---50-pieces---350-g;33;in_stock;21.49;
2026-10-04 06:52;1178;frizzy-pazzy-fraise-chewing-gum---7-g;-501;in_stock;0.50;
2026-10-04 06:52;1183;joris-menthol---1-kg;7;in_stock;18.99;
2026-10-04 06:52;1185;mentos-fruit---40-pices---375-g;7;in_stock;39.99;
2026-10-04 06:52;1189;joris-bouteille-cola-sans-sucre---1-kg;4;in_stock;16.49;
2026-10-04 06:52;1193;lutti-tubble-gum-color-framboise---35-g;-62;in_stock;1.00;
2026-10-04 06:52;1197;lutti-tubble-gum-tutti-frutti---36-pieces---1260-g;12;in_stock;32.49;
2026-10-04 06:52;1198;lutti-tubble-gum-tutti-frutti---35-g;-102;in_stock;1.00;
2026-10-04 06:52;1201;joris-ours-sans-sucre---1-kg;5;in_stock;16.49;
2026-10-04 06:52;1203;lutti-roll-up-fraise---29-g;11;in_stock;1.25;
2026-10-04 06:52;1204;joris-souris-sans-sucre---1-kg;-4;in_stock;16.49;
2026-10-04 06:52;1206;lutti-roll-up-tutti-frutti---29-g;0;out_of_stock;1.25;
2026-10-04 06:52;1208;joris-cerise-lavee-sans-sucre---1-kg;-2;in_stock;16.49;
2026-10-04 06:52;1263;cuberdon-ananas---2-kg;-1;out_of_stock;27.99;
2026-10-04 06:52;1269;cuberdon-cerise---2-kg;-1;out_of_stock;27.99;
2026-10-04 06:52;1270;cuberdon-citron---2-kg;-2;out_of_stock;27.99;
2026-10-04 06:52;1272;fini-booom-vampire-bubble-gum---200-pices;9;in_stock;16.99;
2026-10-04 06:52;1274;cuberdon-framboise---2-kg;9;in_stock;27.99;
2026-10-04 06:52;1284;cuberdon-pomme---2-kg;0;out_of_stock;27.99;
2026-10-04 06:52;1285;cuberdon-violette---2-kg;9;in_stock;27.99;
2026-10-04 06:52;1295;geldhof-grand-cuberdon-framboise---2-kg;4;in_stock;36.99;
2026-10-04 06:52;1319;haribo-grenouille-tubo---150-pieces---105-kg;57;in_stock;11.99;
2026-10-04 06:52;1320;haribo-happy-cola-tubo---150-pieces---12-kg;8;in_stock;11.99;
2026-10-04 06:52;1323;haribo-nains-tubo---150-pieces---135-kg;7;in_stock;11.99;
2026-10-04 06:52;1324;joris-coeur-rouge---1-kg;-5;in_stock;14.99;
2026-10-04 06:52;1327;haribo-rotella-fruit-tubo---150-pieces---12-kg;3;in_stock;11.99;
2026-10-04 06:52;1329;haribo-happy-cherries-tubo---150-pieces---12-kg;3;in_stock;11.99;
2026-10-04 06:52;1335;haribo-happy-peaches-tubo---150-pieces---135-kg;2;in_stock;11.99;
2026-10-04 06:52;1336;joris-meli-melo-sucre-orange---1-kg;1;in_stock;13.99;
2026-10-04 06:52;1337;haribo-cherry-cola-tubo---150-pieces---135-kg;6;in_stock;11.99;
2026-10-04 06:52;1342;joris-meli-melo-sucre-mauve---1-kg;0;in_stock;13.99;
2026-10-04 06:52;1343;joris-meli-melo-sucre-vert---1-kg;5;in_stock;13.99;
2026-10-04 06:52;1345;joris-ours-acidule---800-g;-3;in_stock;13.99;
2026-10-04 06:52;1346;lollywood-tapis-citrique-pomme-tubo---172-kg;-14;out_of_stock;17.69;
2026-10-04 06:52;1362;lollywood-tapis-citrique-cola-tubo---172-kg;-6;out_of_stock;17.69;
2026-10-04 06:52;1363;lollywood-tapis-citrique-framboise-tubo---172-kg;14;in_stock;17.69;
2026-10-04 06:52;1365;lollywood-tapis-citrique-fraise-tubo---172-kg;4;in_stock;17.69;
2026-10-04 06:52;1419;fruit-tella-summer-fruits---3-kg;2;in_stock;34.99;
2026-10-04 06:52;1438;sweet-party-tapis-fraise-citrique---200-pices;-7;in_stock;13.99;
2026-10-04 06:52;1453;napoleon-citron---1-kg;11;in_stock;15.49;
2026-10-04 06:52;1457;napoleon-framboise---1-kg;17;in_stock;15.49;
2026-10-04 06:52;1458;napoleon-mix-fruit---1-kg;7;in_stock;15.49;
2026-10-04 06:52;1461;napoleon-tropical---1-kg;0;in_stock;15.49;
2026-10-04 06:52;1471;dr-toms-eucalytus-menthol---1-kg;41;in_stock;14.49;
2026-10-04 06:52;1479;damel-jumbo-stick-fraise-citrique-tubo---30-pieces;8;in_stock;13.99;
2026-10-04 06:52;1521;sucette-swigle-pop-bubble-gum---50-pieces---600-g;5;in_stock;12.99;
2026-10-04 06:52;1534;sucette-swigle-pop-fruit---50-pieces---600-g;2;in_stock;12.99;
2026-10-04 06:52;1543;holland-foodz---sucette-fruit---200-pieces;4;in_stock;12.99;
2026-10-04 06:52;1544;sucette-swigle-pop-pink-lemonade---50-pieces---600-g;20;in_stock;12.99;
2026-10-04 06:52;1548;sucette-swigle-pop-watermelon---50-pieces---600-g;24;in_stock;12.99;
2026-10-04 06:52;1550;sucette-swigle-pop-hearts---50-pieces---600-g;6;in_stock;12.99;
2026-10-04 06:52;1554;sucette-swigle-stick-watermelon---50-pieces---500-g;16;in_stock;9.99;
2026-10-04 06:52;1557;sucette-swigle-stick-strawberry---50-pieces---500-g;13;in_stock;9.99;
2026-10-04 06:52;1563;joris-ours-acidule---100-g;29;in_stock;1.79;
2026-10-04 06:52;1564;joris-meli-melo---125-g;84;in_stock;1.79;
2026-10-04 06:52;1565;joris-ourson---125-g;8;in_stock;1.79;
2026-10-04 06:52;1566;joris-cerise-lavee---130-g;49;in_stock;2.39;
2026-10-04 06:52;1567;joris-gomme-verte---130-g;13;in_stock;2.39;
2026-10-04 06:52;1568;joris-belga---130-g;-3;in_stock;2.39;
2026-10-04 06:52;1569;joris-souris---125-g;67;in_stock;1.79;
2026-10-04 06:52;1570;joris-menthol---130-g;13;in_stock;2.39;
2026-10-04 06:52;1571;joris-carre-menthe---125-g;80;in_stock;1.79;
2026-10-04 06:52;1572;sucette-swigle-stick-pink-lemonade---50-pieces---500-g;44;in_stock;9.99;
2026-10-04 06:52;1578;sucette-swigle-stick-bubble-gum---50-pieces---500-g;21;in_stock;9.99;
2026-10-04 06:52;1591;sucette-swigle-stick-fruit---50-pieces---500-g;4;in_stock;9.99;
2026-10-04 06:52;1593;joris-souris-noire---125-g;85;in_stock;1.79;
2026-10-04 06:52;1607;lollywood-sucette-massue-cola---100-pieces;5;in_stock;18.99;
2026-10-04 06:52;1609;joris-pector-brun---130-g;21;in_stock;2.39;
2026-10-04 06:52;1648;sucette-swigle-pop-torsade---1-piece---125-g;74;in_stock;2.50;
2026-10-04 06:52;1663;joris-curix---13-g;-312;in_stock;2.39;
2026-10-04 06:52;1666;fresquito-dip-lick-cerise-1-piece-17-g;-107;in_stock;0.50;
2026-10-04 06:52;1756;gicopa-cannelle---100-g;-60;in_stock;1.30;
2026-10-04 06:52;1758;gicopa-cerise-citrique---100-g;-92;out_of_stock;1.30;
2026-10-04 06:52;1763;gicopa-framboise---100-g;-38;out_of_stock;1.30;
2026-10-04 06:52;1764;gicopa-glaon-ligeois---100-g;35;in_stock;1.30;
2026-10-04 06:52;1765;gicopa-fleur-violette---100-g;-218;in_stock;1.30;
2026-10-04 06:52;1786;haribo-happy-cola-75-g-x-28-pieces;0;out_of_stock;25.99;
2026-10-04 06:52;1788;haribo-happy-cherries-fizz---70-g-x-28-pieces;3;in_stock;27.99;
2026-10-04 06:52;1790;haribo-grenouilles---75-g-x-28-pieces;-2;in_stock;25.99;
2026-10-04 06:52;1807;haribo-starmix---75-g-x-28-pieces;-1;in_stock;25.99;
2026-10-04 06:52;1809;haribo-tangfastics---75-g-x-28-pieces;0;out_of_stock;25.99;
2026-10-04 06:52;1811;haribo-pasta-frutta---70-g-x-28-pieces;0;out_of_stock;27.99;
2026-10-04 06:52;1815;haribo-sghetti-red-fizz---70-g-x-28-pieces;3;in_stock;27.99;
2026-10-04 06:52;1817;haribo-schtroumpfs---75-g-x-28-pieces;-1;in_stock;25.99;
2026-10-04 06:52;1834;mms-peanuts---90-g;0;out_of_stock;1.20;
2026-10-04 06:52;1836;cte-dor-chokotoff-noir---25-kg;16;in_stock;55.99;
2026-10-04 06:52;1838;cte-dor-nougatti---30-g-x-24-pices;11;in_stock;28.49;
2026-10-04 06:52;1842;cte-dor-btons-assortis---46-g-x-56-pices;1;in_stock;73.99;
2026-10-04 06:52;1845;kinder-maxi---21-g-x-36-pieces;-5;in_stock;15.49;
2026-10-04 06:52;1846;kinder-country-235-g-x-40-pieces;0;in_stock;26.99;
2026-10-04 06:52;1885;trolli-funiverse-sour-mix---100g;-3;in_stock;1.99;
2026-10-04 06:52;1888;kinder-bueno---43-g-x-30-pices;-3;in_stock;30.99;
2026-10-04 06:52;1889;kinder-bueno-white---39-g-x-30-pices;2;in_stock;30.99;
2026-10-04 06:52;1890;mini-kinder-bueno---108-g;217;in_stock;2.99;
2026-10-04 06:52;1891;bounty-57-g-x-24-pices;11;in_stock;18.99;
2026-10-04 06:52;1892;lion---42-g-x-24-pices;6;in_stock;18.49;
2026-10-04 06:52;1897;cha-cha---27-g-x-50-pices;2;in_stock;40.99;
2026-10-04 06:52;1899;milkyway---43-g-x-28-pices;7;in_stock;20.99;
2026-10-04 06:52;1900;lollywood-sucette-cerise-double-tige---75-pices;-5;out_of_stock;18.99;
2026-10-04 06:52;1902;lollywood-sucettes-fruit---200-pices;-14;in_stock;12.49;
2026-10-04 06:52;1905;sucettes-piccolos---200-pices;8;in_stock;14.99;
2026-10-04 06:52;1907;milka-leo---333-g-x-32-pices;1;in_stock;24.49;
2026-10-04 06:52;1908;milka-leo-chocolat-blanc---333-g;44;in_stock;1.00;
2026-10-04 06:52;1909;bonbon-caramel-chocolat-caf-crme-sans-sucre---1-kg;5;in_stock;18.99;
2026-10-04 06:52;1911;maltesers-37-g-x-25-pices;0;in_stock;19.49;
2026-10-04 06:52;1917;mms-peanuts---45-g-x-24-pices;3;in_stock;18.99;
2026-10-04 06:52;1918;mms-chocolat---45-g-x-24-pices;1;in_stock;18.99;
2026-10-04 06:52;1919;royco-cacao---20-pices;0;out_of_stock;15.49;
2026-10-04 06:52;1922;thijs-mix-sucette-nougat-au-chocolat-blanclait---120-pices;0;out_of_stock;20.99;
2026-10-04 06:52;1923;seau-de-barbe-papa---150-g;136;in_stock;6.99;
2026-10-04 06:52;1926;seau-chupa-chups-fruit---150-pices---18-kg;103;in_stock;24.99;
2026-10-04 06:52;1932;carlier-nougat-vanille---1-kg;-4;in_stock;13.99;
2026-10-04 06:52;1937;milka-favourites---108-pices---1-kg;9;in_stock;17.99;
2026-10-04 06:52;1941;nutella---3-kg;6;in_stock;33.99;
2026-10-04 06:52;1953;pictolin-jelly-fruit-sans-sucre---1-kg;0;out_of_stock;15.99;
2026-10-04 06:52;1954;kubli-delice-cacahuete---3-kg;1;in_stock;39.99;
2026-10-04 06:52;1956;cte-dor-mignonnette-au-lait---10-g-x-120-pices;80;in_stock;16.99;
2026-10-04 06:52;1959;confiserie-2000-fruit-turc---3-kg;0;in_stock;29.99;
2026-10-04 06:52;1987;jelly-belly-american-classic---70-g;13;in_stock;2.69;
2026-10-04 06:52;1994;jelly-belly-cocktail-classics---70-g;13;in_stock;2.69;
2026-10-04 06:52;1996;jelly-belly-cotton-candy---70-g;0;out_of_stock;2.69;
2026-10-04 06:52;2027;lutti-bubblizz---100g;-122;in_stock;1.99;
2026-10-04 06:52;2030;monster-energy-juiced-monarch---500-ml;14;in_stock;3.00;
2026-10-04 06:52;2032;monster-energy-ultra-watermelon-zero-sugar-500-ml;0;in_stock;3.00;
2026-10-04 06:52;2035;monster-energy-zero-sugar---500-ml;7;in_stock;3.00;
2026-10-04 06:52;2060;jelly-belly-very-cherry---70-g;14;in_stock;2.69;
2026-10-04 06:52;2070;jelly-belly-cocktail-classics---125-g;37;in_stock;7.49;
2026-10-04 06:52;2159;mms-crispy---36-g-x-24-pices;6;in_stock;18.99;
2026-10-04 06:52;2187;gicopa-cannelle---24-pices---24-kg;2;in_stock;30.49;
2026-10-04 06:52;2189;gicopa-cerise-citrique---24-pices---24-kg;3;in_stock;30.49;
2026-10-04 06:52;2194;gicopa-framboise---24-pices---24-kg;13;in_stock;30.49;
2026-10-04 06:52;2196;gicopa-fleur-violette---24-pices---24-kg;13;in_stock;30.49;
2026-10-04 06:52;2207;haribo-ourson-dor-tubo---100-mini-sachets---980-g;5;in_stock;15.49;
2026-10-04 06:52;2209;haribo-acidofilo-tagada-pik-tubo---300-pieces---18-kg;8;in_stock;17.99;
2026-10-04 06:52;2210;hitschies-sour-mix---1-kg;-17;in_stock;14.69;
2026-10-04 06:52;2211;hitschies-mix-original---1-kg;-11;in_stock;14.69;
2026-10-04 06:52;2224;cupcake-candy---12-pices;5;in_stock;9.99;
2026-10-04 06:52;2226;double-sour-dip---12-pices;0;out_of_stock;13.99;
2026-10-04 06:52;2230;gullon-chocolate-wafer-sans-sucre---180-g;6;in_stock;1.79;
2026-10-04 06:52;2235;gullon-twins-sans-sucre---210-g;8;in_stock;2.49;
2026-10-04 06:52;2236;gullon-sable-nappe-chocolat-sans-sucre---270-g;1;in_stock;2.49;
2026-10-04 06:52;2237;gullon-fibre-sans-sucre---170-g;4;in_stock;1.79;
2026-10-04 06:52;2258;funny-candy-splash-pop---12-x-72-g;-3;out_of_stock;10.99;
2026-10-04 06:52;2264;mentos-chewing-gum-pure-fresh-menthe-frache-sans-sucre---60-g;33;in_stock;2.99;
2026-10-04 06:52;2265;mentos-chewing-gum-pure-fresh-winter-green-sans-sucre---60-g;-4;out_of_stock;2.99;
2026-10-04 06:52;2266;mentos-chewing-gum-white-sweet-mint-sans-sucre---60-g;10;in_stock;2.99;
2026-10-04 06:52;2267;mentos-chewing-gum-white-green-mint-sans-sucre---60-g;3;in_stock;2.99;
2026-10-04 06:52;2275;kizandy-strawberry-sours-sans-sucre---35-g;-1;in_stock;3.99;
2026-10-04 06:52;2276;kizandy-watermelon-sours-sans-sucre---35-g;5;in_stock;3.99;
2026-10-04 06:52;2279;jelly-belly-20-flavors---250-g;8;in_stock;11.99;
2026-10-04 06:52;2281;harry-potter-bertie-botts-beans---54-g;68;in_stock;4.99;
2026-10-04 06:52;2285;frisia-rocket-balls-mre---33-g;37;in_stock;0.50;
2026-10-04 06:52;2294;brets-fromage-fraise-fines-herbes---125-g;9;in_stock;2.69;
2026-10-04 06:52;2295;brets-bacon-grill---125-g;2;in_stock;2.69;
2026-10-04 06:52;2296;brets-poivrons-grills-chorizo---125-g;103;in_stock;2.69;
2026-10-04 06:52;2297;harry-potter-chocolate-frog---15-g;11;in_stock;3.99;
2026-10-04 06:52;2299;brets-poulet-brais---125-g;6;in_stock;2.69;
2026-10-04 06:52;2303;brets-sel-vinaigre---125-g;28;in_stock;2.69;
2026-10-04 06:52;2305;brets-sauce-barbecue---125-g;30;in_stock;2.69;
2026-10-04 06:52;2307;brets-tartiflette---125-g;15;in_stock;2.69;
2026-10-04 06:52;2313;brets-fromage-du-jura---125-g;58;in_stock;2.69;
2026-10-04 06:52;2315;brets-bleu-dauvergne-aop---125-g;26;in_stock;2.69;
2026-10-04 06:52;2321;brets-frites-mayonnaise---125-g;-10;in_stock;2.69;
2026-10-04 06:52;2322;brets-miel-moutarde---125-g;2;in_stock;2.69;
2026-10-04 06:52;2327;croky-patatas-fritas-ketchup---100-g;27;in_stock;2.39;
2026-10-04 06:52;2328;croky-patatas-fritas-pickles---100-g;5;in_stock;2.39;
2026-10-04 06:52;2329;croky-tubes-sweet-chili---100-g;4;in_stock;2.39;
2026-10-04 06:52;2330;croky-tubes-nacho-cheese---100-g;-5;in_stock;2.39;
2026-10-04 06:52;2335;freez-mix-pinacolada---275-ml;17;in_stock;2.00;
2026-10-04 06:52;2336;freez-mix-mangue-peche---275-ml;13;in_stock;2.00;
2026-10-04 06:52;2338;maison-perrier-lemonjito-sans-alcool---250-ml;48;in_stock;2.00;
2026-10-04 06:52;2343;fanta-white-peach-japan---300-ml;24;in_stock;3.00;
2026-10-04 06:52;2345;brets-tomates-sches-vinaigre-balsamique---125-g;0;out_of_stock;2.69;
2026-10-04 06:52;2346;brets-aoli---125-g;38;in_stock;2.69;
2026-10-04 06:52;2350;brets-cheddar-oignon-de-roscoff---125-g;37;in_stock;2.69;
2026-10-04 06:52;2351;brets-camembert---125-g;62;in_stock;2.69;
2026-10-04 06:52;2352;brets-pesto-mozzarella---125-g;52;in_stock;2.69;
2026-10-04 06:52;2353;brets-pizza---125-g;109;in_stock;2.69;
2026-10-04 06:52;2355;brets-cheddar-piment-jalapeo---125-g;18;in_stock;2.69;
2026-10-04 06:52;2359;croky-explosions-hot-spicy-sriracha--150-g;6;in_stock;2.39;
2026-10-04 06:52;2363;haribo-happy-cola-grand--100g;-57;in_stock;1.99;
2026-10-04 06:52;2366;haribo-croco---100g;0;out_of_stock;1.99;
2026-10-04 06:52;2375;croky-explosions-sweet-chili---150-g;-8;in_stock;2.39;
2026-10-04 06:52;2381;potion-du-centaure---330-ml;-1;out_of_stock;6.99;
2026-10-04 06:52;2385;potion-du-loup-garou---33-cl;30;in_stock;6.99;
2026-10-04 06:52;2391;pate-a-tartiner-bounty-350-g;-1;out_of_stock;5.99;
2026-10-04 06:52;2392;pte-tartiner-twix---350-g;-2;out_of_stock;5.99;
2026-10-04 06:52;2393;pate-tartiner-mms-crispy---350-g;0;out_of_stock;5.99;
2026-10-04 06:52;2396;fluff-marshmallow-fraise---213-g;17;in_stock;4.49;
2026-10-04 06:52;2397;fluff-marshmallow-caramel---213-g;0;out_of_stock;4.99;
2026-10-04 06:52;2398;candy-pop-popcorn-mms-mini---149-g;13;in_stock;6.49;
2026-10-04 06:52;2400;candy-pop-popcorn-snickers---149-g;22;in_stock;6.49;
2026-10-04 06:52;2401;candy-pop-popcorn-twix---149-g;18;in_stock;6.49;
2026-10-04 06:52;2406;haribo-abc---3-kg;6;in_stock;25.99;
2026-10-04 06:52;2407;haribo-dragibus-soft---2-kg;-30;in_stock;19.49;
2026-10-04 06:52;2408;haribo-rotella-rglisse---3-kg;-3;in_stock;25.99;
2026-10-04 06:52;2417;cacao-mochi-chocolat---80-g;55;in_stock;3.49;
2026-10-04 06:52;2421;pods-mars---8-x-15-g;8;in_stock;5.49;
2026-10-04 06:52;2422;pods-milkyway---8-x-15-g;18;in_stock;5.49;
2026-10-04 06:52;2428;cacao-mochi-banane---80-g;0;out_of_stock;3.49;
2026-10-04 06:52;2435;hot-chocolate-mars---140-g;7;in_stock;2.99;
2026-10-04 06:52;2437;nesquik-fraise---300-g;14;in_stock;5.99;
2026-10-04 06:52;2438;nesquik-banane---300-g;23;in_stock;5.99;
2026-10-04 06:52;2439;mini-mochi-fruit-tropical---120-g;0;out_of_stock;3.99;
2026-10-04 06:52;2440;werthers-original-caramel-popcorn-classic---140-g;-6;in_stock;4.99;
2026-10-04 06:52;2442;chupa-chups-popcorn-cola---135-g;0;in_stock;3.99;
2026-10-04 06:52;2447;jimmys-popcorn-sucr---140-g;66;in_stock;2.99;
2026-10-04 06:52;2448;jimmys-popcorn-sal---90-g;22;in_stock;2.59;
2026-10-04 06:52;2454;pocky-matcha---33-g;5;in_stock;2.99;
2026-10-04 06:52;2455;pocky-fraise---45-g;17;in_stock;2.99;
2026-10-04 06:52;2464;oreo-wafer-roll-vanille---54-g;2;in_stock;2.29;
2026-10-04 06:52;2465;oreo-wafer-roll-chocolat---54-g;12;in_stock;2.29;
2026-10-04 06:52;2473;reeses-creamy-peanut-butter---510-g;11;in_stock;9.99;
2026-10-04 06:52;2483;krambals-bruschetta-champignons-sauvages-beurre---70-g;10;in_stock;1.00;
2026-10-04 06:52;2487;krambals-bruschetta-creamy-cheese---70-g;-5;in_stock;1.00;
2026-10-04 06:52;2489;gullon-sandwich-chocolate-sans-gluten---225-g;2;in_stock;2.69;
2026-10-04 06:52;2490;gulln-pastas-gluten-free---200-g;33;in_stock;2.00;
2026-10-04 06:52;2491;jack-links-beef-jerky-original---25-g;0;out_of_stock;2.99;
2026-10-04 06:52;2500;jimmys-popcorn-chocolat-au-lait---65-g;0;out_of_stock;1.50;
2026-10-04 06:52;2503;flipz-pretzel-chocolat-au-lait---90-g;3;in_stock;3.39;
2026-10-04 06:52;2504;flipz-pretzel-caramel-sal---90-g;15;in_stock;2.99;
2026-10-04 06:52;2506;flipz-pretzel-peanut-butter---90-g;1;in_stock;2.99;
2026-10-04 06:52;2507;oreo-crunchies---110-g;0;in_stock;3.49;
2026-10-04 06:52;2510;mike-ike-original-fruits-120-g;0;out_of_stock;3.39;
2026-10-04 06:52;2513;nerds-fruits---1417-g;-8;in_stock;3.49;
2026-10-04 06:52;2517;skittles-squishy-cloudz-fruits---94-g;19;in_stock;3.49;
2026-10-04 06:52;2519;skittles-fruits---45-g;41;in_stock;1.50;
2026-10-04 06:52;2521;nerds-watermelon-cherry---467-g;94;in_stock;2.29;
2026-10-04 06:52;2522;nerds-grape-strawberry---467-g;49;in_stock;2.29;
2026-10-04 06:52;2523;reeses-dipped-pretzels---120-g;4;in_stock;4.49;
2026-10-04 06:52;2524;pop-rocks-popping-candy-green-apple---95-g;0;out_of_stock;1.50;
2026-10-04 06:52;2532;laffy-taffy-pomme-verte---23-g;16;in_stock;1.00;
2026-10-04 06:52;2535;reeses-nutrageous---47-g;-15;out_of_stock;1.59;
2026-10-04 06:52;2536;reeses-big-cup-king-size---79-g;-21;in_stock;4.29;
2026-10-04 06:52;2538;reeses-big-cup---39-g;-26;out_of_stock;1.59;
2026-10-04 06:52;2540;reeses-sticks-42-g;12;in_stock;1.59;
2026-10-04 06:52;2543;kitkat-lemon-crisp---42-g;0;out_of_stock;2.49;
2026-10-04 06:52;2546;oreo-enrobed-chocolat-au-lait---41-g;119;in_stock;0.89;
2026-10-04 06:52;2552;lion-peanut---41-g;-11;out_of_stock;1.50;
2026-10-04 06:52;2553;lion-white---42-g;-24;out_of_stock;1.50;
2026-10-04 06:52;2554;lion-brownie-style---40-g;0;out_of_stock;1.50;
2026-10-04 06:52;2556;snickers-creamy-peanut-butter---365-g;-19;in_stock;2.00;
2026-10-04 06:52;2557;snickers-maracuja---42-g;9;in_stock;2.49;
2026-10-04 06:52;2561;lucky-charms-crales-grilles-avec-marshmallows---297-g;0;out_of_stock;10.99;
2026-10-04 06:52;2562;non-stop-mini-cookie-caramel---125-g;26;in_stock;2.29;
2026-10-04 06:52;2564;non-stop-mini-cookie-cappucino---125-g;8;in_stock;2.29;
2026-10-04 06:52;2568;non-stop-mini-cookie-double-chocolat---125-g;1;in_stock;2.29;
2026-10-04 06:52;2573;pringles-sour-cream-onion---165-g;105;in_stock;4.29;
2026-10-04 06:52;2579;pringles-enchilada-adobada---158-g;0;out_of_stock;4.99;
2026-10-04 06:52;2581;pringles-hot-mexican-chilli-lime---160-g;27;in_stock;3.99;
2026-10-04 06:52;2604;bergen-cookies-bubble-gum---128-g;6;in_stock;1.79;
2026-10-04 06:52;2605;bergen-cookies-chocolat-blanc-eclats-de-red-velvet---128-g;28;in_stock;1.79;
2026-10-04 06:52;2606;pretzel-pete-miel-moutarde-oignons---160-g;0;out_of_stock;4.49;
2026-10-04 06:52;2608;pretzel-pete-jalapeo---160-g;0;out_of_stock;4.49;
2026-10-04 06:52;2612;pretzel-pete-bacon-cheddar---160-g;0;out_of_stock;4.49;
2026-10-04 06:52;2615;mms-peanut-butter---462-g;12;in_stock;2.99;
2026-10-04 06:52;2627;carlier-nougat-fruits-des-bois---100-g;42;in_stock;3.50;
2026-10-04 06:52;2633;milkyway-minis---227-g;12;in_stock;3.49;
2026-10-04 06:52;2638;bounty-soft-baked-cookies---180-g;21;in_stock;3.99;
2026-10-04 06:52;2640;maltesers-biscuits---110-g;8;in_stock;2.99;
2026-10-04 06:52;2642;kitkat-minis---200-g;-1;out_of_stock;2.99;
2026-10-04 06:52;2643;twix-cookies-caramel---144-g;10;in_stock;3.59;
2026-10-04 06:52;2644;tic-tac-got-agrumes---49-g;35;in_stock;2.99;
2026-10-04 06:52;2650;the-belgian-truffes-noisette---200-g;5;in_stock;4.99;
2026-10-04 06:52;2651;mms-crispy---170-g;1;in_stock;6.49;
2026-10-04 06:52;2656;werthers-original---175-g;0;in_stock;3.50;
2026-10-04 06:52;2658;the-belgian-truffes-chocolat-au-lait---145-g;0;out_of_stock;4.99;
2026-10-04 06:52;2663;cachet-bio-chocolat-noir-amandes-et-cerises-57-cacao---100-g;0;out_of_stock;2.99;
2026-10-04 06:52;2670;mentos-fruit---375-g;33;in_stock;1.00;
2026-10-04 06:52;2672;fritt-orange---70-g;155;in_stock;1.00;
2026-10-04 06:52;2673;fritt-framboise---70-g;42;in_stock;1.00;
2026-10-04 06:52;2674;fritt-cerise---70-g;-55;out_of_stock;1.00;
2026-10-04 06:52;2676;fritt-citron---70-g;213;in_stock;1.00;
2026-10-04 06:52;2677;fritt-fraise---70-g;125;in_stock;1.00;
2026-10-04 06:52;2684;dr-sour-gummies-pastque---200-g;1;in_stock;2.49;
2026-10-04 06:52;2689;dr-sour-shock-balls---72-g;-9;in_stock;2.79;
2026-10-04 06:52;2694;dr-sweet-fruit-smackers---50-g;3;in_stock;1.00;
2026-10-04 06:52;2696;look-o-look-mini-candy-pizza---85-g;0;out_of_stock;4.99;
2026-10-04 06:52;2717;quick-milk-chocolat---5-x-6-g---30-g;32;in_stock;1.50;
2026-10-04 06:52;2718;quick-milk-fraise---5-x-6-g---30-g;173;in_stock;1.50;
2026-10-04 06:52;2719;quick-milk-banane---5-x-6-g---30-g;13;in_stock;1.50;
2026-10-04 06:52;2722;quick-milk-vanille---5-x-6-g---30-g;22;in_stock;1.50;
2026-10-04 06:52;2723;les-anis-de-flavigny-rose---50-g;131;in_stock;2.99;
2026-10-04 06:52;2724;les-anis-de-flavigny-citron-edition-limite--50-g;89;in_stock;2.99;
2026-10-04 06:52;2725;les-anis-de-flavigny-caf---50-g;114;in_stock;2.99;
2026-10-04 06:52;2726;les-anis-de-flavigny-cassis---50-g;48;in_stock;2.99;
2026-10-04 06:52;2728;les-anis-de-flavigny-citron---50-g;49;in_stock;2.99;
2026-10-04 06:52;2729;les-anis-de-flavigny---50-g;4;in_stock;2.99;
2026-10-04 06:52;2730;les-anis-de-flavigny-fleur-doranger---50-g;7;in_stock;2.99;
2026-10-04 06:52;2747;haribo-super-party---480-g;29;in_stock;9.49;
2026-10-04 06:52;2804;cachet-chocolat-au-lait-caramel-et-sel-marin---100-g;13;in_stock;2.99;
2026-10-04 06:52;2851;cachet-chocolat-noir-cerise---100-g;6;in_stock;2.99;
2026-10-04 06:52;2856;cachet-chocolat-noir-amande-poire-57-cacao---100-g;-2;out_of_stock;2.99;
2026-10-04 06:52;2860;cachet-chocolat-au-lait-mas-grill-sal---100-g;38;in_stock;2.99;
2026-10-04 06:52;2861;cachet-chocolat-au-lait-noisette---100-g;24;in_stock;2.99;
2026-10-04 06:52;2866;the-belgian-coeur-en-chocolat-au-brownie-sal---65-g;-1;out_of_stock;2.49;
2026-10-04 06:52;2869;the-belgian-fruits-de-mer-chocolat-au-lait---65-g;2;in_stock;2.49;
2026-10-04 06:52;2872;milka-melo-cakes---500-g;0;out_of_stock;7.99;
2026-10-04 06:52;2875;dulceplus-tarte-framboise-sucre---1-kg;9;in_stock;6.99;
2026-10-04 06:52;2880;cote-dor-double-lait---46-g;97;in_stock;1.00;
2026-10-04 06:52;2882;cote-dor-chocolat-au-lait-noisette---45-g;-33;out_of_stock;1.50;
2026-10-04 06:52;2883;dulceplus-mre-blanche---1-kg;0;out_of_stock;7.99;
2026-10-04 06:52;2884;dulceplus-toile-twist-bleue-sucre---1-kg;-3;out_of_stock;6.99;
2026-10-04 06:52;2885;cte-dor-chocolat-au-lait---47-g;-99;out_of_stock;1.50;
2026-10-04 06:52;2889;cte-dor-chocolat-au-lait-banane---475-g;115;in_stock;1.00;
2026-10-04 06:52;2891;cte-dor-chocolat-noir---47-g;90;in_stock;1.50;
2026-10-04 06:52;2895;cte-dor-chocolat-blanc-pralin---46-g;-316;out_of_stock;1.50;
2026-10-04 06:52;2897;kinder-bueno---43-g;119;in_stock;1.50;
2026-10-04 06:52;2898;dulceplus-mille-pattes---1-kg;8;in_stock;6.99;
2026-10-04 06:52;2900;kinder-bueno-white---39-g;-42;in_stock;1.50;
2026-10-04 06:52;2902;kinder-schokobons---200-g;67;in_stock;4.99;
2026-10-04 06:52;2903;kinder-schokobons-white---200-g;259;in_stock;3.99;
2026-10-04 06:52;2911;sweet-pack-tetine-100-pcs;-2;out_of_stock;13.99;
2026-10-04 06:52;2914;sweet-party-collier-dextrose---100-x-20-g---2-kg;16;in_stock;20.99;
2026-10-04 06:52;2930;les-bonbons-delisabeth-seau-de-violette---1-kg;2;in_stock;10.99;
2026-10-04 06:52;3026;snickers-shake---350-ml;0;in_stock;2.50;
2026-10-04 06:52;3030;ccmel-canette---250-ml;20;in_stock;1.75;
2026-10-04 06:52;3038;nescaf-ice-coffee-latte---250-ml;59;in_stock;2.00;
2026-10-04 06:52;3039;nescaf-ice-coffee-caramel---250-ml;68;in_stock;2.00;
2026-10-04 06:52;3041;nescaf-ice-coffee-cappuccino---250-ml;70;in_stock;2.00;
2026-10-04 06:52;3042;wycams-arrache-toux---195-g;3;in_stock;4.49;
2026-10-04 06:52;3061;sweet-cuberdons-box-de-16-cuberdons-fruits---224-g;0;out_of_stock;7.99;
2026-10-04 06:52;3071;sweet-cuberdons-box-de-5-cuberdons-original---70-g;121;in_stock;2.99;
2026-10-04 06:52;3073;sweet-cuberdons-box-de-16-cuberdons-traditionnels---224-g;0;out_of_stock;7.99;
2026-10-04 06:52;3141;disney-mug-blanc-frozen-2-groupe;12;in_stock;4.99;
2026-10-04 06:52;3146;batman-mug-noir-logo;14;in_stock;4.99;
2026-10-04 06:52;3147;mercredi-addams-mug-blanc-noir-teenage-purgatory;18;in_stock;4.99;
2026-10-04 06:52;3183;peterman-violette---700-ml;19;in_stock;17.99;
2026-10-04 06:52;3187;peterman-fruits-des-bois---700-ml;17;in_stock;17.99;
2026-10-04 06:52;3217;krambals-bruschetta-garden-grill-70-g;15;in_stock;1.00;
2026-10-04 06:52;3228;saint-ange-pastille-de-fraise---50-g;1;in_stock;2.99;
2026-10-04 06:52;3232;copy-saint-ange-pastille-de-violette---50-g;7;in_stock;2.99;
2026-10-04 06:52;3234;saint-ange-pastille-bassin-de-vichy---50-g;7;in_stock;2.99;
2026-10-04 06:52;3239;saint-ange-pastille-miel-lavande---50-g;4;in_stock;2.99;
2026-10-04 06:52;3250;capri-sun-fairy-drink---200-ml;-21;out_of_stock;1.00;
2026-10-04 06:52;3251;capri-sun-monster-alarm---200-ml;-19;out_of_stock;1.00;
2026-10-04 06:52;3252;copy-mms-crunchy-cookies---40-g;0;out_of_stock;2.99;
2026-10-04 06:52;3260;werthers-original-caramel-bites---140-g;55;in_stock;3.49;
2026-10-04 06:52;3266;pocky-double-choco---47-g;5;in_stock;1.99;
2026-10-04 06:52;3324;samyang-ramen-spicy-chicken-jjajang---140-g;20;in_stock;2.50;
2026-10-04 06:52;3325;samyang-ramen-spicy-chicken-kimchi---135-g;0;out_of_stock;2.50;
2026-10-04 06:52;3327;samyang-ramen-hot-chicken-cheese---140-g;68;in_stock;2.50;
2026-10-04 06:52;3328;samyang-ramen-spicy-chicken-carbo---130-g;-10;out_of_stock;2.50;
2026-10-04 06:52;3329;samyang-ramen-hot-chicken---140-g;-2;out_of_stock;2.50;
2026-10-04 06:52;3330;samyang-ramen-bowl-hot-chicken---105-g;2;in_stock;4.99;
2026-10-04 06:52;3361;jimmys-popcorn-sweet-chili-bbq-tabasco---90-g;-1;in_stock;1.99;
2026-10-04 06:52;3367;pocky-almond-crush-46-g;5;in_stock;4.29;
2026-10-04 06:52;3394;chupa-chups-melody-pops-strawberry---4-x-15-g;17;in_stock;2.00;
2026-10-04 06:52;3397;chupa-chups-mini---20-pcs---120-g;3;in_stock;2.00;
2026-10-04 06:52;3398;ricola-alpin-fresh-sans-sucre---50-g;15;in_stock;2.49;
2026-10-04 06:52;3400;ricola-th-vert-citron-vert-sans-sucre---50-g;0;in_stock;2.49;
2026-10-04 06:52;3402;ricola-rglisse-sans-sucre---50-g;51;in_stock;2.49;
2026-10-04 06:52;3403;ricola-fleurs-de-sureau-sans-sucre---50-g;8;in_stock;2.49;
2026-10-04 06:52;3405;ricola-orange-menthe-sans-sucre---50-g;9;in_stock;2.49;
2026-10-04 06:52;3409;cachet-costa-rica-71-cacao---100-g;26;in_stock;2.99;
2026-10-04 06:52;3412;fishermans-friend-anis---25-g;7;in_stock;2.00;
2026-10-04 06:52;3413;fishermans-friend-mint---25-g;22;in_stock;2.00;
2026-10-04 06:52;3416;cachet-peru-chocolat-noir-64-cacao---100-g;13;in_stock;2.99;
2026-10-04 06:52;3417;ricola-framboise-menthe-sans-sucre---50-g;6;in_stock;2.49;
2026-10-04 06:52;3419;chupa-chups-the-best-of-10-x-12-g;112;in_stock;2.00;
2026-10-04 06:52;3422;coca-cola-china-strawberry---330-ml;15;in_stock;2.50;
2026-10-04 06:52;3423;cheese-zip-cheddar-original---227-g;-2;out_of_stock;7.99;
2026-10-04 06:52;3425;la-vritable-couille-de-singe---100-g;122;in_stock;2.99;
2026-10-04 06:52;3429;harry-potter-bertie-botts-beans---125-g;72;in_stock;10.99;
2026-10-04 06:52;3430;felko-holland-fruit-splash---310-g;-47;out_of_stock;4.99;
2026-10-04 06:52;3432;chupa-chups-xxl---25-x-29-g;-2;out_of_stock;10.99;
2026-10-04 06:52;3436;chewing-gum-balls-medium---16mm---25-kg;-1;out_of_stock;17.99;
2026-10-04 06:52;3441;damel-jumbo-stick-twist-tutti-frutti-tubo---30-pices;19;in_stock;13.99;
2026-10-04 06:52;3456;milka-leo-cubes---150-g;34;in_stock;5.99;
2026-10-04 06:52;3458;bubblicious-ultimate-original---38-g;12;in_stock;1.25;
2026-10-04 06:52;3459;bubblicious-fraise---38-g;15;in_stock;1.25;
2026-10-04 06:52;3460;bubblicious-cola---38-g;0;in_stock;1.25;
2026-10-04 06:52;3466;lollywood-nuage-bleu-dextrose-tubo---850-g;3;in_stock;14.99;
2026-10-04 06:52;3467;lollywood-cur-blanc-dextrose-tubo---850-g;3;in_stock;14.99;
2026-10-04 06:52;3470;lollywood-sucette-blanche-dextrose-tubo---500-g;5;in_stock;10.99;
2026-10-04 06:52;3471;lollywood-sucette-bleue-dextrose-tubo---500-g;5;in_stock;10.99;
2026-10-04 06:52;3476;trolli-anneau-fruit-rouge---1-kg;15;in_stock;8.99;
2026-10-04 06:52;3477;trolli-fraise-sucre---1-kg;4;in_stock;8.99;
2026-10-04 06:52;3478;trolli-tranche-pastque-sucre---1-kg;8;in_stock;8.99;
2026-10-04 06:52;3480;lollywood-foam-baby-mix-rose-blanc---800-g;1;in_stock;12.99;
2026-10-04 06:52;3486;brets-truffe-dt---125-g;0;out_of_stock;4.99;
2026-10-04 06:52;3488;jimmys-popcorn-sucr---27-g;0;out_of_stock;0.75;
2026-10-04 06:52;3498;frugo-energy-pastque-fraise---330-ml;0;out_of_stock;1.20;
2026-10-04 06:52;3500;red-bull-energy-drink---250-ml;24;in_stock;2.00;
2026-10-04 06:52;3502;red-bull-green-edition-fruit-du-cactus---250-ml;-37;out_of_stock;1.50;
2026-10-04 06:52;3503;red-bull-apricot-edition-abricot-fraise---250-ml;-43;out_of_stock;2.00;
2026-10-04 06:52;3505;airheads-pastque---156-g;19;in_stock;1.00;
2026-10-04 06:52;3506;airheads-framboise-bleue---156-g;-19;out_of_stock;1.00;
2026-10-04 06:52;3507;airheads-cerise---156-g;61;in_stock;1.00;
2026-10-04 06:52;3508;airheads-blanc-mystre---156-g;3;in_stock;1.00;
2026-10-04 06:52;3513;guylian-the-original-seashells---250-g;23;in_stock;9.99;
2026-10-04 06:52;3514;guylian-fruit-de-mer-dark-pralin---225-g;0;out_of_stock;7.99;
2026-10-04 06:52;3516;thijs-bouteilles-colacitron---1-kg;-2;in_stock;10.79;
2026-10-04 06:52;3517;thijs-gomme-tricolore-fraise---1-kg;3;in_stock;10.79;
2026-10-04 06:52;3532;orangina-rouge---330-ml;5;in_stock;2.00;
2026-10-04 06:52;3535;tic-tac-menthe-intense---49-g;0;in_stock;2.99;
2026-10-04 06:52;3536;tic-tac-citron-vert-orange---49-g;-18;in_stock;2.99;
2026-10-04 06:52;3538;kitkat-chunky-white---40-g;15;in_stock;1.50;
2026-10-04 06:52;3543;croky-explosions-thai-curry---150-g;14;in_stock;2.39;
2026-10-04 06:52;3545;pocky-cookies-cream---40-g;9;in_stock;2.99;
2026-10-04 06:52;3547;fanta-china-peach---330-ml;7;in_stock;2.50;
2026-10-04 06:52;3550;oreo-original---154-g;124;in_stock;2.50;
2026-10-04 06:52;3555;fanta-jasmin-peche---500-ml;0;out_of_stock;3.00;
2026-10-04 06:52;3564;lutti-scoubidou---180-g;28;in_stock;3.00;
2026-10-04 06:52;3566;copy-lutti-bubblizz---250-g;30;in_stock;2.00;
2026-10-04 06:52;3567;lutti-candy-lace---200-g;15;in_stock;2.50;
2026-10-04 06:52;3570;lutti-fraise---175-g;27;in_stock;2.50;
2026-10-04 06:52;3571;lutti-long-fizz---200-g;-3;out_of_stock;2.50;
2026-10-04 06:52;3573;felko-mega-gummies-bear-on-a-stick---120-g;0;in_stock;3.00;
2026-10-04 06:52;3574;felko-mega-gummies-cola---600-g;0;in_stock;12.49;
2026-10-04 06:52;3575;felko-mega-gummies-unicorn---600-g;3;in_stock;12.49;
2026-10-04 06:52;3577;felko-mega-gummies-mini-ourson---350-g;0;in_stock;5.99;
2026-10-04 06:52;3579;felko-mega-gummies-hot-dog---120-g;-13;in_stock;3.00;
2026-10-04 06:52;3580;felko-holland-mega-gummies-cherry-cola---120-g;-1;in_stock;3.00;
2026-10-04 06:52;3582;felko-mega-gummies-ice-cream---120-g;-2;in_stock;2.00;
2026-10-04 06:52;3598;cheetos-japanese-steak---90-g;-1;out_of_stock;2.49;
2026-10-04 06:52;3606;cachet-chocolat-noir-intense-90-cacao---100-g;1;in_stock;2.99;
2026-10-04 06:52;3613;hubba-bubba-cola---56-g;-2;in_stock;2.50;
2026-10-04 06:52;3617;grab-pop---12-pices;1;in_stock;13.99;
2026-10-04 06:52;3623;haribo-bretzel-sal-rglisse-tubo---150-pices---105-kg;16;in_stock;11.99;
2026-10-04 06:52;3625;haribo-demi-lune-rglisse-tubo---150-pices---135-kg;13;in_stock;11.99;
2026-10-04 06:52;3627;haribo-camlons---1-kg;10;in_stock;8.99;
2026-10-04 06:52;3637;laffy-taffy-fraise---23-g;18;in_stock;1.00;
2026-10-04 06:52;3638;laffy-taffy-banane---23-g;11;in_stock;1.00;
2026-10-04 06:52;3639;laffy-taffy-cerise---23-g;0;out_of_stock;1.00;
2026-10-04 06:52;3641;lays-china-braised-pork---90-g;12;in_stock;3.99;
2026-10-04 06:52;3642;lollywood-sucette-rose-dextrose-tubo---500-g;6;in_stock;10.99;
2026-10-04 06:52;3645;lollywood-instrument-de-musique---1-kg;5;in_stock;10.99;
2026-10-04 06:52;3651;monster-juiced-mango-loco---500-ml;-2;in_stock;3.00;
2026-10-04 06:52;3652;lutti-fraise---80-g;-1;in_stock;1.50;
2026-10-04 06:52;3653;monster-punch-mixxd---500-ml;-4;in_stock;3.00;
2026-10-04 06:52;3669;red-bull-white-edition-noix-de-coco-myrtille---250-ml;-40;in_stock;2.00;
2026-10-04 06:52;3670;red-bull-yellow-edition-tropical---250-ml;0;out_of_stock;2.00;
2026-10-04 06:52;3671;rolo---52-g;10;in_stock;1.50;
2026-10-04 06:52;3686;monster-energy-ultra-zero-sugar---500-ml;13;in_stock;3.00;
2026-10-04 06:52;3695;oasis-th-pche--33-cl;45;in_stock;2.00;
2026-10-04 06:52;3696;snickers-berry-whip---40-g;13;in_stock;2.49;
2026-10-04 06:52;3700;snickers-morango---42-g;-19;out_of_stock;2.49;
2026-10-04 06:52;3701;oreo-original---66-g;35;in_stock;1.99;
2026-10-04 06:52;3709;takis-blue-heat-100-g;10;in_stock;4.49;
2026-10-04 06:52;3716;twist-and-drink-bubble-gum---200-ml;42;in_stock;1.49;
2026-10-04 06:52;3738;copy-mars---51-g-x-32-pices;-9;out_of_stock;3.49;
2026-10-04 06:52;3746;felko-holland-mega-gummies-pastque---120-g;0;in_stock;3.00;
2026-10-04 06:52;3749;red-bull-peach-edition---250-ml;0;out_of_stock;2.00;
2026-10-04 06:52;3843;copy-cachet-chocolat-extra-noir-85-cacao---100-g;-47;in_stock;2.99;
2026-10-04 06:52;3870;sweet-party-papier-hostie---16-g;-381;in_stock;1.50;
2026-10-04 06:52;3888;dr-sour-sludge-got-alatoire---32-g;0;in_stock;1.00;
2026-10-04 06:52;3974;vidal-doigt-citrique---1-kg;13;in_stock;8.99;
2026-10-04 06:52;3976;bello-dolce-balle-de-golf-noire-marshmallow-vanille---900-g;-1;out_of_stock;9.99;
2026-10-04 06:52;3977;bulgari-balle-de-golf-orange-marshmallow-peche-900-g;10;in_stock;9.99;
2026-10-04 06:52;3982;bounty-wafer-rolls---225-g;12;in_stock;1.50;
2026-10-04 06:52;3985;fini-booom-vampire---75-g;29;in_stock;2.00;
2026-10-04 06:52;3987;vidal-jelly-monster---11-x-6-pices;6;in_stock;19.99;
2026-10-04 06:52;3995;frisia-chauve-souris---3-kg;3;in_stock;19.99;
2026-10-04 06:52;4006;screamers-dip-lick---40-g;2;in_stock;1.00;
2026-10-04 06:52;4008;haribo-bouteille-cola-citrique-tubo---135-kg;44;in_stock;11.99;
2026-10-04 06:52;4012;haribo-souris-blanche-tubo---105-kg;1;in_stock;11.99;
2026-10-04 06:52;4018;coris-sonomanma-chewing-gum-monstre---14-g;1;in_stock;1.29;
2026-10-04 06:52;4033;pickle-in-a-pouch-garlic-joe---306-g;37;in_stock;3.49;
2026-10-04 06:52;4034;pickle-in-a-pouch-hot-mama---306-g;23;in_stock;3.49;
2026-10-04 06:52;4035;pickle-in-a-pouch-sour-sis---306-g;85;in_stock;3.49;
2026-10-04 06:52;4071;hitschies-berry-mix---1-kg;-11;in_stock;14.69;
2026-10-04 06:52;4073;frisia-ttine-cola---3-kg;0;out_of_stock;19.99;
2026-10-04 06:52;4120;monin-sirop-saveur-violette---70-cl;20;in_stock;13.99;
2026-10-04 06:52;4123;monin-concentr-saveur-th-pche---70-cl;-7;out_of_stock;15.99;
2026-10-04 06:52;4125;sweet-party-barbe-papa-coco-choco---40-g;8;in_stock;2.00;
2026-10-04 06:52;4157;pringles-desi-masala-tadka---107-g;0;out_of_stock;3.49;
2026-10-04 06:52;4160;cte-dor-bton-lait-coco---44-g;-253;out_of_stock;1.50;
2026-10-04 06:52;4164;kinder-schoko-bons-crispy---672-g;-26;out_of_stock;5.99;
2026-10-04 06:52;4190;maltesers---175-g;0;out_of_stock;3.99;
2026-10-04 06:52;4213;red-bull-winter-edition-mre-givre-vanille---250-ml;-5;out_of_stock;2.00;
2026-10-04 06:52;4222;mentos-strawberry-mix---375-g;2;in_stock;1.25;
2026-10-04 06:52;4223;mentos-mint---38-g;89;in_stock;1.25;
2026-10-04 06:52;4224;mentos-fruit---3-x-375-g;0;out_of_stock;2.00;
2026-10-04 06:52;4225;mentos-rainbow---375-g;15;in_stock;1.25;
2026-10-04 06:52;4226;lion---42-g;7;in_stock;1.00;
2026-10-04 06:52;4227;copy-copy-mars---51-g-x-32-pices;10;in_stock;1.00;
2026-10-04 06:52;4228;kinder-country---235-g;150;in_stock;1.00;
2026-10-04 06:52;4231;haribo-chispacola-pika---100-g;0;out_of_stock;1.50;
2026-10-04 06:52;4233;crack-ups-popping-candy---275-g;31;in_stock;1.50;
2026-10-04 06:52;4242;maoam-bloxx---220-g;0;out_of_stock;2.50;
2026-10-04 06:52;4251;copy-cachet-chocolat-noir-amande-poire-57-cacao---100-g;20;in_stock;2.99;
2026-10-04 06:52;4262;mrbeast-feastables-lait-amandes---60-g;5;in_stock;4.49;
2026-10-04 06:52;4263;mrbeast-feastables-lait---60-g;-30;out_of_stock;4.49;
2026-10-04 06:52;4264;mrbeast-feastables-lait-peanut-butter---60-g;34;in_stock;4.49;
2026-10-04 06:52;4322;ferrero-rocher-t16---200-g;0;out_of_stock;7.49;
2026-10-04 06:52;4323;ferrero-rocher-tablette-chocolat-blanc-noisettes---90-g;0;out_of_stock;3.49;
2026-10-04 06:52;4325;ferrero-rocher-tablette-chocolat-noir-55-noisettes---90-g;12;in_stock;3.49;
2026-10-04 06:52;4370;sac-cabas---harry-potter;26;in_stock;3.00;
2026-10-04 06:52;4371;sac-cabas---one-piece;44;in_stock;3.00;
2026-10-04 06:52;4405;monster-energy-ultra-peachy-keen---500-ml;-4;in_stock;3.00;
2026-10-04 06:52;4431;trolli-tarentule-lisse---1-kg;11;in_stock;8.99;
2026-10-04 06:52;4447;bergen-cookies-chocolat-blanc-barbe-papa---128-g;47;in_stock;1.79;
2026-10-04 06:52;4457;sucre-dorge---12-pices;-10;out_of_stock;2.69;
2026-10-04 06:52;4468;ravazzi-joystick-bubblegum---1-kg;-1;in_stock;8.99;
2026-10-04 06:52;4471;ravazzi-ballon-de-foot---1-kg;8;in_stock;8.99;
2026-10-04 06:52;4478;hersheys-cookie-n-creme---43-g;0;out_of_stock;1.49;
2026-10-04 06:52;4487;ravazzi-trophe---1-kg;26;in_stock;8.99;
2026-10-04 06:52;4501;sweet-party-barbe-papa---40-g;10;in_stock;2.00;
2026-10-04 06:52;4502;fanta-tropical---500-ml;37;in_stock;3.00;
2026-10-04 06:52;4504;monin-concentr-saveur-rantcho-citron---70-cl;3;in_stock;11.99;
2026-10-04 06:52;4506;monin-sirop-saveur-macaron---70-cl;16;in_stock;13.99;
2026-10-04 06:52;4507;monin-sirop-saveur-gingembre---70-cl;29;in_stock;13.99;
2026-10-04 06:52;4508;monin-sirop-saveur-miel---70-cl;19;in_stock;13.99;
2026-10-04 06:52;4509;monin-sirop-saveur-hibiscus---70-cl;9;in_stock;13.99;
2026-10-04 06:52;4510;monin-sirop-saveur-concombre---70-cl;25;in_stock;13.99;
2026-10-04 06:52;4511;monin-sirop-saveur-basilic---70-cl;21;in_stock;13.99;
2026-10-04 06:52;4512;monin-sirop-saveur-crme-brule---70-cl;3;in_stock;13.99;
2026-10-04 06:52;4520;tapis-sucre-multicolore-tubo-1-kg;-2;out_of_stock;5.99;
2026-10-04 06:52;4528;twix-wafer-rolls---225-g;-1;out_of_stock;1.30;
2026-10-04 06:52;4534;trolli-pieuvre-citrique---1-kg;6;in_stock;8.99;
2026-10-04 06:52;4541;cte-dor-tablette-blanc-pralin---200-g;0;in_stock;8.99;
2026-10-04 06:52;4548;cte-dor-tablette-noir---2-x-200-g;0;in_stock;4.99;
2026-10-04 06:52;4554;the-belgian-fruits-de-mer---250-g;-1;in_stock;5.99;
2026-10-04 06:52;4566;zip-zap-boules-coco---180-g;197;in_stock;2.99;
2026-10-04 06:52;4587;squid-game-dalgona-biscuits-vanille---140-g;0;out_of_stock;3.99;
2026-10-04 06:52;4594;haribo-schtroumpf-franais---2-kg;11;in_stock;20.49;
2026-10-04 06:52;4600;monin-sirop-saveur-pche---70-cl;11;in_stock;13.99;
2026-10-04 06:52;4601;frisia-race-cars---15-kg;2;in_stock;10.99;
2026-10-04 06:52;4602;frisia-ttine-vegan-fruits-citrique---3-kg;-1;in_stock;19.99;
2026-10-04 06:52;4604;trolli-centipde-citrique---1-kg;24;in_stock;8.99;
2026-10-04 06:52;4610;copy-dulceplus-caprice-tutti-citrique---200-g;13;in_stock;6.99;
2026-10-04 06:52;4612;trolli-the-squiggles---1-kg;74;in_stock;8.99;
2026-10-04 06:52;4613;trolli-the-squiggles---100g;-3;in_stock;1.99;
2026-10-04 06:52;4616;bulgari-cup-cake-marshmallow---900-g;15;in_stock;10.99;
2026-10-04 06:52;4618;bulgari-balle-de-golf-blanche---900-g;7;in_stock;9.99;
2026-10-04 06:52;4625;flipz-pretzel-cinnamon-bun---90-g;0;out_of_stock;2.99;
2026-10-04 06:52;4627;mars-51-g-x-32-pices;3;in_stock;24.99;
2026-10-04 06:52;4628;juicy-drop-mallows-cola---100-g;1;in_stock;2.59;
2026-10-04 06:52;4633;football-surprise-pop-10-g;4;in_stock;1.50;
2026-10-04 06:52;4650;lutti-bubblizz-tropical---25-kg;21;in_stock;24.99;
2026-10-04 06:52;4653;fanta-zero-sugar-pineapple-grapefruit---330-ml;35;in_stock;2.50;
2026-10-04 06:52;4655;brets-carbonnade-flamande---125-g;25;in_stock;2.69;
2026-10-04 06:52;4658;skittles-tropical---45-g;14;in_stock;1.50;
2026-10-04 06:52;4659;nerds-grape-strawberry---141-g;0;out_of_stock;3.49;
2026-10-04 06:52;4660;copy-nerds-grape-strawberry---141-g;1;in_stock;3.49;
2026-10-04 06:52;4665;tablette-chocolat-jack-daniels-tenesse-fire---100-g;-20;in_stock;6.29;
2026-10-04 06:52;4687;jelly-belly-bubble-tea---125-g;12;in_stock;7.49;
2026-10-04 06:52;4691;the-belgian-fruits-de-mer-crme-vanille---65-g;0;in_stock;2.49;
2026-10-04 06:52;4700;chupa-chups-best-of-display---200-pices;2;in_stock;42.99;
2026-10-04 06:52;4703;copy-cachet-chocolat-extra-noir-tanzania-72---100-g;11;in_stock;2.99;
2026-10-04 06:52;4704;copy-copy-cachet-chocolat-extra-noir-tanzania-72---100-g;17;in_stock;2.99;
2026-10-04 06:52;4706;copy-copy-copy-cachet-chocolat-extra-noir-tanzania-72---100-g;15;in_stock;2.99;
2026-10-04 06:52;4709;monin-sirop-saveur-caramel-sal---70-cl;25;in_stock;13.99;
2026-10-04 06:52;4710;monin-sirop-saveur-amaretto---70-cl;25;in_stock;13.99;
2026-10-04 06:52;4711;monin-sirop-saveur-chocolat-cookie---70-cl;11;in_stock;13.99;
2026-10-04 06:52;4712;monin-sirop-saveur-brownie---70-cl;15;in_stock;13.99;
2026-10-04 06:52;4714;monin-sirop-saveur-marshmallow-grill---70-cl;20;in_stock;13.99;
2026-10-04 06:52;4715;monin-sirop-glasco-citron---70-cl;13;in_stock;13.99;
2026-10-04 06:52;4717;reeses-2-peanut-butter-cups-white-39.5-g;1;in_stock;2.99;
2026-10-04 06:52;4718;candy-fizz-trio---24-x-21-g;-4;out_of_stock;14.49;
2026-10-04 06:52;4720;yummers-crales-squid-game-marshmallow---300-g;0;out_of_stock;5.99;
2026-10-04 06:52;4721;yummers-crales-squid-game-pistache---300-g;0;out_of_stock;5.99;
2026-10-04 06:52;4728;harry-potter-butterbeer-chewy-candy---59-g;0;out_of_stock;3.49;
2026-10-04 06:52;4732;brochette-lard-rose-et-blanche-70-g;9;in_stock;2.49;
2026-10-04 06:52;4733;twix-white---46-g;-22;in_stock;1.00;
2026-10-04 06:52;4735;milka-leo---333-g;-10;in_stock;1.00;
2026-10-04 06:52;4736;milka-leo-white-chocolate---333-g-x-32-pieces;3;in_stock;24.49;
2026-10-04 06:52;4737;milka-barre-noisette---45-g;10;in_stock;1.80;
2026-10-04 06:52;4738;mms-peanuts---45-g;-77;in_stock;1.00;
2026-10-04 06:52;4739;mms-chocolat---45-g;-6;in_stock;1.00;
2026-10-04 06:52;4740;mms-crispy---36-g;-25;in_stock;1.00;
2026-10-04 06:52;4741;maltesers-37-g;-28;in_stock;1.00;
2026-10-04 06:52;4742;bounty-57-g;-26;in_stock;1.00;
2026-10-04 06:52;4743;snickers---50-g;0;in_stock;1.00;
2026-10-04 06:52;4744;kinder-maxi---21-g;37;in_stock;1.00;
2026-10-04 06:52;4745;copy-cha-cha---27-g-x-50-pices;69;in_stock;1.00;
2026-10-04 06:52;4746;copy-cte-dor-nougatti---30-g-x-24-pices;-34;in_stock;1.50;
2026-10-04 06:52;4801;doritos-nacho-cheese-flavour---170-g;13;in_stock;3.99;
2026-10-04 06:52;4803;doritos-sweet-chilli-pepper---170-g;16;in_stock;3.99;
2026-10-04 06:52;4806;werthers-original-caramel-popcorn-salted-caramel---140-g;12;in_stock;4.99;
2026-10-04 06:52;4807;bitecone-mini-cne-chocolat-noisette---100-g;0;out_of_stock;4.49;
2026-10-04 06:52;4837;4d-blocks-gummy---72-g;0;out_of_stock;2.49;
2026-10-04 06:52;4963;red-bull-spring-edition-woodruff-et-pink-grapefruit---250-ml;-4;out_of_stock;2.00;
2026-10-04 06:52;4991;karabool-pomme---3-kg;34;in_stock;38.99;
2026-10-04 06:52;5023;buldak-nouilles-piquantes-au-poulet-140-g;7;in_stock;3.50;
2026-10-04 06:52;5026;haribo-chamallows-rainbollows-175-g;0;out_of_stock;1.99;
2026-10-04 06:52;5027;trolli-banane-1-kg;10;in_stock;8.99;
2026-10-04 06:52;5036;bulgari-balle-de-golf-bleu-fonce-900-g;5;in_stock;9.99;
2026-10-04 06:52;5038;papermints-cool-caps-18-billes;45;in_stock;1.99;
2026-10-04 06:52;5046;gullon-barre-chocolat-et-soja-144-g;30;in_stock;1.79;
2026-10-04 06:52;5053;trolli-cola-club-100-g;6;in_stock;1.20;
2026-10-04 06:52;5055;trolli-classic-bears-100-g;54;in_stock;1.20;
2026-10-04 06:52;5076;felko-holland-mega-gummies-american-fries-120-g-600-g;-6;in_stock;3.49;
2026-10-04 06:52;5078;quick-milk-cookies-cream-5-x-6-g-30-g;41;in_stock;1.50;
2026-10-04 06:52;5080;lollywood-sucette-rock-tubo-100-pieces;11;in_stock;24.99;
2026-10-04 06:52;5083;joris-meli-melo-tubo-1-kg;-6;out_of_stock;13.99;
2026-10-04 06:52;5086;papermints-cool-caps-40-billes;29;in_stock;3.49;
2026-10-04 06:52;5087;red-bull-summer-edition-peche-blanche-250-ml;21;in_stock;2.00;
2026-10-04 06:52;5094;lotus-biscoff-go-45-g;0;out_of_stock;3.49;
2026-10-04 06:52;5099;pringles-butter-caramel-sweet-flavour-110-g;0;out_of_stock;4.99;
2026-10-04 06:52;5103;felko-mega-gummies-japanese-sushi-120-g;0;in_stock;3.49;
2026-10-04 06:52;5104;felko-mega-gummies-american-donut-120-g;3;in_stock;3.49;
2026-10-04 06:52;5109;cheetos-goals-cheese-flavour-100-g;0;out_of_stock;3.49;
2026-10-04 06:52;5115;krambals-bruschetta-garden-grill-140-g;0;out_of_stock;2.49;
2026-10-04 06:52;5126;sweet-party-lacet-fraise-tubo-1350-kg;-5;out_of_stock;13.99;
2026-10-04 06:52;5148;nerds-rope-fruit-26-g;7;in_stock;2.99;
2026-10-04 06:52;5150;hersheys-cookie-chocolat-25-g;17;in_stock;1.99;
2026-10-04 06:52;5157;croky-explosions-paprika-150-g;12;in_stock;2.39;
2026-10-04 06:52;5166;skittles-giants-gooey-125-g;20;in_stock;3.49;
2026-10-04 06:52;5170;snickers-wafer-roll-225-g;1;in_stock;1.79;
2026-10-04 06:52;5175;crack-ups-super-sour-popping-candy-120-g;18;in_stock;3.99;
2026-10-04 06:52;5177;dr.-sour-slimy-mega-sour-50-g;-24;in_stock;1.49;
2026-10-04 06:52;5180;sour-patch-kids-fraise-102-g;0;out_of_stock;1.50;
2026-10-04 06:52;5182;sour-patch-kids-peche-101-g;-1;in_stock;1.50;
2026-10-04 06:52;5184;milkyway-43-g;35;in_stock;1.00;
2026-10-04 06:52;5187;milka-leo-go-48-g-x-32-pieces;4;in_stock;37.49;
2026-10-04 06:52;5188;milka-leo-go-48-g;-17;in_stock;1.50;
2026-10-04 06:52;5191;maltesers-teasers-35-g-x-24-pieces;5;in_stock;21.99;
2026-10-04 06:52;5193;maltesers-teasers-35-g;-50;in_stock;1.00;
2026-10-04 06:52;5198;fanta-orange-sanguine-330-ml;0;out_of_stock;2.50;
2026-10-04 06:52;5205;freez-mix-mojito-fraise-275-ml;3;in_stock;2.00;
2026-10-04 06:52;5206;lipton-ice-tea-framboise-330-ml;12;in_stock;2.00;
2026-10-04 06:52;5207;lipton-ice-tea-pasteque-menthe-330-ml;3;in_stock;2.00;
2026-10-04 06:52;5209;mini-oreo-115-g;9;in_stock;2.99;
2026-10-04 06:52;5211;bergen-rings-coconut-caramel-128-g;29;in_stock;1.79;
2026-10-04 06:52;5212;bergen-rings-peanut-caramel-128-g;14;in_stock;1.79;
2026-10-04 06:52;5213;bergen-baileys-biscuit-chocolat-au-lait-128-g;68;in_stock;1.99;
2026-10-04 06:52;5219;felko-mega-gummies-american-hamburger-120-g;0;in_stock;3.49;
2026-10-04 06:52;5228;oreo-crunchies-enrobe-chocolat-au-lait-110-g;11;in_stock;3.49;
2026-10-04 06:52;5234;pringles-crevette-cocktail-165-g;0;out_of_stock;4.49;
2026-10-04 06:52;5239;assortiment-de-confiseries-a-partager-400-g;0;out_of_stock;3.99;
2026-10-04 06:52;5241;mms-minis-cookies-180-g;17;in_stock;4.49;
2026-10-04 06:52;5243;mentos-rainbow-375-g-x-40;4;in_stock;39.99;
2026-10-04 06:52;5244;mentos-mint-38-g-x-40;1;in_stock;39.99;
2026-10-04 06:52;5245;mentos-pomme-verte-375-g-x-40-pieces;3;in_stock;39.99;
2026-10-04 06:52;5247;mentos-discovery-14-gouts-375-g-x-40-pieces;4;in_stock;39.99;
2026-10-04 06:52;5248;copy-mentos-discovery-14-gouts-375-g-x-40-pieces;23;in_stock;1.25;
2026-10-04 06:52;5267;ricola-eucalyptus-50-g;24;in_stock;2.49;
2026-10-04 06:52;5268;ricola-mountain-mint-50-g;68;in_stock;2.49;
2026-10-04 06:52;5270;dr.-sour-freeze-balls-75-g;3;in_stock;2.49;
2026-10-04 06:52;5271;barre-chocolat-milka-oreo-37-g;-3;out_of_stock;1.25;
2026-10-04 06:52;5282;dr.-fire-blast-balls-75-g;52;in_stock;2.49;
2026-10-04 06:52;5295;quick-milk-caramel-5-x-6-g-30-g;53;in_stock;1.50;
2026-10-04 06:52;5301;doritos-salsa-epicee-sauce-280-g;11;in_stock;4.99;
2026-10-04 06:52;5303;pringles-street-taco-156-g;0;out_of_stock;4.49;
2026-10-04 06:52;5304;brets-cepes-125-g;10;in_stock;2.69;
2026-10-04 06:52;5310;the-belgian-praline-cafe-latte-200-g;6;in_stock;5.99;
2026-10-04 06:52;5314;balisto-cereales-2-x-185-g;-7;in_stock;1.00;
2026-10-04 06:52;5315;balisto-cereales-20-x-37-g;2;in_stock;17.99;
2026-10-04 06:52;5316;rolo-36-x-52-g;6;in_stock;42.49;
2026-10-04 06:52;5318;toffifee-125-g;0;in_stock;3.49;
2026-10-04 06:52;5321;coca-cola-citron-zero-330-ml;28;in_stock;2.00;
2026-10-04 06:52;5322;fuze-tea-black-tea-peach-hibiscus-330-ml;17;in_stock;2.00;
2026-10-04 06:52;5323;fuze-tea-green-tea-mango-chamomile-330-ml;0;in_stock;2.00;
2026-10-04 06:52;5324;lutti-mega-bubble-tutti-85-g;25;in_stock;2.49;
2026-10-04 06:52;5325;fuze-tea-lemon-black-tea-petillant-330-ml;28;in_stock;2.00;
2026-10-04 06:52;5326;lutti-mega-bubble-bubblizz-85-g;59;in_stock;2.49;
2026-10-04 06:52;5327;lutti-peachfizz-80-g;5;in_stock;1.50;
2026-10-04 06:52;5333;nutella-go-52-g;4;in_stock;1.79;
2026-10-04 06:52;5334;kizandy-raspberry-sours-sans-sucre-35-g;16;in_stock;3.99;
2026-10-04 06:52;5335;nutella-b-ready-44-g;11;in_stock;1.49;
2026-10-04 06:52;5336;kizandy-pomegranate-sours-sans-sucre-35-g;6;in_stock;3.99;
2026-10-04 06:52;5337;kizandy-lemon-sours-sans-sucre-35-g;18;in_stock;3.99;
2026-10-04 06:52;5338;kizandy-green-apple-sours-sans-sucre-35-g;6;in_stock;3.99;
2026-10-04 06:52;5340;kizandy-peach-sours-sans-sucre-35-g;0;in_stock;3.99;
2026-10-04 06:52;5342;carlier-nougat-pistache-100-g;-7;out_of_stock;2.99;
2026-10-04 06:52;5349;kitkat-415-g;77;in_stock;1.50;
2026-10-04 06:52;5350;kitkat-36-x-415-g;8;in_stock;31.99;
2026-10-04 06:52;5351;haribo-chamallows-speckies-175-g;4;in_stock;2.99;
2026-10-04 06:52;5352;dr.-sour-cubes-90-g;75;in_stock;2.49;
2026-10-04 06:52;5354;dr.-fire-chili-peppers-gummies-80-g;3;in_stock;2.49;
2026-10-04 06:52;5355;dr.-sour-dipn-pop-20-g;-3;in_stock;0.60;
2026-10-04 06:52;5357;pringles-cheesy-cheese-165-g;78;in_stock;3.49;
2026-10-04 06:52;5368;non-stop-mini-cookie-double-chocolat-65-g;0;out_of_stock;1.50;
2026-10-04 06:52;5387;les-anis-de-flavigny-rose-recharge-250-g;0;out_of_stock;7.99;
2026-10-04 06:52;5388;les-anis-de-flavigny-violette-recharge-250-g;0;out_of_stock;7.99;
2026-10-04 06:52;5389;les-anis-de-flavigny-recharge-250-g;0;out_of_stock;7.99;
2026-10-04 06:52;5391;les-anis-de-flavigny-citron-recharge-250-g;3;in_stock;7.99;
2026-10-04 06:52;5401;bergen-cookies-brownie-chocolate-130-g;13;in_stock;1.79;
2026-10-04 06:52;5409;capri-sun-cerise-200-ml;-10;out_of_stock;1.00;
2026-10-04 06:52;5411;lays-pizza-hut-marguerita-150-g;0;out_of_stock;4.49;
2026-10-04 06:52;5412;lays-subway-teryaki-150-g;0;out_of_stock;4.49;
2026-10-04 06:52;5413;brets-carbonara-125-g;-21;out_of_stock;2.69;
2026-10-04 06:52;5414;brets-aligot-125-g;0;out_of_stock;2.69;
2026-10-04 06:52;5415;brets-cheddar-biere-125-g;14;in_stock;2.69;
2026-10-04 06:52;5417;brets-falafels-a-la-libanaise-125-g;19;in_stock;2.69;
2026-10-04 06:52;5422;kinder-cards-256-g;70;in_stock;1.20;
2026-10-04 06:52;5440;monin-sauce-chocolat-blanc-500-ml;-7;out_of_stock;13.99;
2026-10-04 06:52;5442;monin-sirop-saveur-cannelle-70-cl;22;in_stock;13.99;
2026-10-04 06:52;5443;monin-sauce-chocolat-noir-500-ml;40;in_stock;13.99;
2026-10-04 06:52;5444;monin-sauce-caramel-beurre-sale-500-ml;10;in_stock;13.99;
2026-10-04 06:52;5446;taiwan-dessert-mochi-sesame-210-g;0;out_of_stock;4.49;
2026-10-04 06:52;5447;oasis-ice-tea-the-mangue-passion-330-ml;33;in_stock;2.00;
2026-10-04 06:52;5448;dr-pepper-creamy-blackberry-355-ml;0;out_of_stock;2.50;
2026-10-04 06:52;5450;amos-peelerz-mango-85-g;0;out_of_stock;2.49;
2026-10-04 06:52;5463;kitkat-chunky-white-lotus-42-g;0;out_of_stock;2.49;
2026-10-04 06:52;5467;coris-diy-chocolate-banana-soft-candy-36-g;1;in_stock;2.99;
2026-10-04 06:52;5469;american-bakery-cookies-peanut-96-g;0;out_of_stock;2.50;
2026-10-04 06:52;5471;fuze-tea-fraise-melon-330-ml;0;out_of_stock;2.50;
2026-10-04 06:52;5486;trolli-all-in-one-1-kg;-6;in_stock;10.99;
2026-10-04 06:52;5490;peelable-gummies-mix-fruit-60-g;0;out_of_stock;2.49;
2026-10-04 06:52;5492;millions-tube-iron-brew-55-g;92;in_stock;2.29;
2026-10-04 06:52;5493;skittles-giants-3x-bigger-132-g;10;in_stock;3.49;
2026-10-04 06:52;5496;reeses-pieces-90-g;0;out_of_stock;4.49;
2026-10-04 06:52;5497;oreo-coca-cola-119-g;0;out_of_stock;3.49;
2026-10-04 06:52;5498;pepsi-strawberries-n-cream-zero-330-ml;-28;out_of_stock;2.50;
2026-10-04 06:52;5499;pepsi-cream-zero-330-ml;6;in_stock;2.50;
2026-10-04 06:52;5501;damel-jumbo-stick-pasteque-acidulee-tubo-30-pieces;0;out_of_stock;13.99;
2026-10-04 06:52;5510;jelly-belly-bean-boozled-45-g;-1;out_of_stock;3.50;
2026-10-04 06:52;5514;brets-la-bretonne-125-g;0;out_of_stock;2.69;
2026-10-04 06:52;5516;buldak-ramen-2x-hot-chicken-140-g;0;out_of_stock;2.50;
2026-10-04 06:52;5520;carambar-minis-mix-1-kg;-1;out_of_stock;18.99;
2026-10-04 06:52;5521;carambar-minis-caramel-1-kg;-2;out_of_stock;18.99;
2026-10-04 06:52;5531;fanta-japan-melon-25-cl;0;out_of_stock;2.50;
2026-10-04 06:52;5534;sweet-party-lacet-coca-tubo-1350-kg;1;in_stock;13.99;
2026-10-04 06:52;5537;bergen-cookies-creme-a-la-pistache-dans-du-lait-128-g;0;out_of_stock;2.20;
2026-10-04 06:52;5538;gupperz-popping-pickles-72-g;29;in_stock;3.99;
2026-10-04 06:52;5543;gupperz-sour-squirt-grenades-72-g;-8;out_of_stock;3.99;
2026-10-04 06:52;5546;candy-pop-popcorn-beurre-de-cacahuetes-et-fraise-149-g;0;out_of_stock;6.49;
2026-10-04 06:52;5548;jelly-belly-harry-potter-35-g;0;out_of_stock;3.99;
2026-10-04 06:52;5564;freez-mix-bleu-hawai-275-ml;16;in_stock;2.50;
2026-10-04 06:52;5565;freez-mix-fraise-275-ml;13;in_stock;2.50;
2026-10-04 06:52;5566;freez-mix-kiwi-citron-275-ml;8;in_stock;2.50;
2026-10-04 06:52;5567;freez-mix-grenadine-275-ml;22;in_stock;2.00;
2026-10-04 06:52;5569;freez-mix-pommeraisin-275-ml;-7;in_stock;2.00;
2026-10-04 06:52;5571;freez-mix-citron-gingembre-275-ml;2;in_stock;2.00;
2026-10-04 06:52;5572;pringles-passport-thai-style-green-curry-165-g;0;out_of_stock;4.49;
2026-10-04 06:52;5573;buldak-ramen-quattro-cheese-hot-chicken-flavor-145-g;50;in_stock;2.50;
2026-10-04 06:52;5574;reeses-4-peanut-butter-cups-79-g;43;in_stock;3.99;
2026-10-04 06:52;5576;copy-fanta-tropical---500-ml;61;in_stock;3.00;
2026-10-04 06:52;5577;the-belgian-pralines-tiramisu-200-g;2;in_stock;6.49;
2026-10-04 06:52;5579;monin-fraise-des-bois-70-cl;26;in_stock;13.99;
2026-10-04 06:52;5588;geldhof-nez-citrique-3-kg;-8;in_stock;26.99;
2026-10-04 06:52;5590;geldhof-avion-citrique-3-kg;0;in_stock;26.99;
2026-10-04 06:52;5591;geldhof-poire-citrique-3-kg;0;in_stock;26.99;
2026-10-04 06:52;5592;geldhof-tortue-citrique-3-kg;1;in_stock;26.99;
2026-10-04 06:52;5593;geldhof-tranche-dananas-sucree-3-kg;0;out_of_stock;26.99;
2026-10-04 06:52;5600;lollywood-baton-pomme-citrique-xl-1-kg;26;in_stock;8.99;
2026-10-04 06:52;5606;bulgari-marshmallow-fraise-1080-kg;1;in_stock;17.99;
2026-10-04 06:52;5608;bulgari-etoile-bleu-900-g;9;in_stock;9.99;
2026-10-04 06:52;5611;sweet-party-spaghetti-framboise-citrique-1-kg;20;in_stock;9.99;
2026-10-04 06:52;5614;sweet-party-chewing-gum-watermelon-2-kg;5;in_stock;19.99;
2026-10-04 06:52;5615;sweet-party-spirale-fraise-huile-1-kg;0;out_of_stock;9.99;
2026-10-04 06:52;5616;sweet-party-mini-cable-fraise-huile-1-kg;20;in_stock;8.99;
2026-10-04 06:52;5617;sweet-party-chewing-gum-mix-fruit-2-kg;8;in_stock;19.99;
2026-10-04 06:52;5619;ravazzi-ufs-1-kg;45;in_stock;7.99;
2026-10-04 06:52;5622;ravazzi-grenouilles-geantes-1-kg;0;in_stock;7.99;
2026-10-04 06:52;5633;geldhof-grenouille-citrique-3-kg;2;in_stock;26.99;
2026-10-04 06:52;5634;unicorn-poo-10-g;13;in_stock;1.00;
2026-10-04 06:52;5636;debron-poker-fruit-1-kg;7;in_stock;13.99;
2026-10-04 06:52;5641;debron-eucamint-1-kg;3;in_stock;13.99;
2026-10-04 06:52;5642;haribo-langue-fizz-185-g;0;in_stock;3.99;
2026-10-04 06:52;5645;haribo-happy-cola-185-g;13;in_stock;2.49;
2026-10-04 06:52;5646;haribo-happy-cherries-fizz-200-g;40;in_stock;3.99;
2026-10-04 06:52;5650;pedro-smileys-1-kg;14;in_stock;8.99;
2026-10-04 06:52;5652;pedro-singes-bananes-1-kg;34;in_stock;8.99;
2026-10-04 06:52;5669;vidal-fondant-fraise-1-kg;5;in_stock;8.99;
2026-10-04 06:52;5678;lard-anversois-blanc-rose-3-kg;0;in_stock;44.99;
2026-10-04 06:52;5682;lollywood-baton-framboise-citrique-xl-1-kg;8;in_stock;8.99;
2026-10-04 06:52;5713;dr.-sour-powder-balls-cola-1000-g;25;in_stock;7.99;
2026-10-04 06:52;5715;dr.-sour-powder-balls-fraise-1000-g;18;in_stock;7.99;
2026-10-04 06:52;5716;fanta-raisin-330-ml;6;in_stock;2.50;
2026-10-04 06:52;5717;dr.-sour-powder-balls-pasteque-1000-g;4;in_stock;7.99;
2026-10-04 06:52;5763;fini-bananes-gelifiees-1-kg;-1;in_stock;9.99;
2026-10-04 06:52;5766;lacet-sucre-cola-tubo-1-kg;6;in_stock;5.99;
2026-10-04 06:52;5769;tapis-sucre-fruite-4-couleurs-tubo-1-kg;-8;out_of_stock;5.99;
2026-10-04 06:52;5770;fuze-tea-pasteque-330-ml;0;out_of_stock;2.50;
2026-10-04 06:52;5772;sweet-party-tapis-pomme-citrique-17-kg;7;in_stock;13.99;
2026-10-04 06:52;5773;sweet-party-tapis-coca-citrique-17-kg;1;in_stock;13.99;
2026-10-04 06:52;5790;coca-cola-vanille-zero-330-ml;-12;in_stock;2.50;
2026-10-04 06:52;5791;grain-de-cafe-chocolat-noir-1-kg;7;in_stock;27.99;
2026-10-04 06:52;5796;brets-kebab-125-g;14;in_stock;2.69;
2026-10-04 06:52;5797;sac-cabas-stitch-sweet-thing;0;in_stock;3.00;
2026-10-04 06:52;5800;lipton-ice-tea-original-zero-330-ml;49;in_stock;2.00;
2026-10-04 06:52;5804;coca-cola-peche-330-ml;5;in_stock;2.50;
2026-10-04 06:52;5806;bergen-cookies-chocolat-vanille-128-g;68;in_stock;1.99;
2026-10-04 06:52;5809;sweet-party-spaghetti-pomme-citrique-1-kg;13;in_stock;9.99;
2026-10-04 06:52;5812;lipton-ice-tea-tropical-330-ml;-5;out_of_stock;2.50;
2026-10-04 06:52;5828;lays-paysanne-ossau-iraty-et-tomates-sechees-120-g;0;out_of_stock;3.29;
2026-10-04 06:52;5830;sac-cabas-stitch-scrump;7;in_stock;3.00;
2026-10-04 06:52;5831;mms-gelee-au-beurre-de-cacahuete-46-g;-17;out_of_stock;2.99;
2026-10-04 06:52;5833;kitkat-duos-menthe-chocolat-noir-42-g;-2;out_of_stock;2.49;
2026-10-04 06:52;5835;potion-du-cerf-blanc-litchi-330-ml;20;in_stock;6.99;
2026-10-04 06:52;5838;biscuit-lotte-koala-fraise-48-g;0;out_of_stock;2.49;
2026-10-04 06:52;5842;hello-panda-caramel-42-g;17;in_stock;2.49;
2026-10-04 06:52;5844;mars-secret-centre-biscuits-132-g;33;in_stock;4.49;
2026-10-04 06:52;5864;fanta-japan-raisin-dore-500-ml;0;out_of_stock;3.00;
2026-10-04 06:52;5874;monin-saveur-the-citron-concentre-100-cl;18;in_stock;18.99;
2026-10-04 06:52;5875;monin-sirop-saveur-the-vert-matcha-70-cl;12;in_stock;15.99;
2026-10-04 06:52;5881;monin-sauce-caramel-500-ml;-14;out_of_stock;13.99;
2026-10-04 06:52;5885;galler-chocolat-noir-framboise-70-g;0;out_of_stock;3.00;
2026-10-04 06:52;5900;pizza-chocolat-assortie-44-g;0;in_stock;2.49;
2026-10-04 06:52;5921;tablette-chocolat-au-lait-avec-caramel-et-amandes-85-g;0;in_stock;3.29;
2026-10-04 06:52;5923;sweet-party-tapis-framboise-citrique-17-kg;-6;in_stock;13.99;
2026-10-04 06:52;5924;papermints-cool-caps-fraise-18-billes;21;in_stock;1.99;
2026-10-04 06:52;5932;fanta-rich-apple-500-ml;0;out_of_stock;3.00;
2026-10-04 06:52;5942;buldak-ramen-cup-hot-chicken-cheese-70-g;13;in_stock;3.99;
2026-10-04 06:52;5952;skittles-crazy-sours-giants-3x-bigger-132-g;5;in_stock;3.49;
2026-10-04 06:52;5953;dr-pepper-cherry-crush-zero-330-ml;-2;out_of_stock;2.50;
2026-10-04 06:52;5961;kubli-bonbons-violette-130-g;0;out_of_stock;3.49;
2026-10-04 06:52;5965;sweet-party-lacet-pomme-135-kg;9;in_stock;13.99;
2026-10-04 06:52;5974;ultra-ice-tea-peche-naruto-sasuke-33-cl;0;out_of_stock;2.00;
2026-10-04 06:52;5987;monin-sirop-saveur-the-framboise-70-cl;24;in_stock;15.99;
2026-10-04 06:52;6025;harry-potter-biscuit-avec-chocolat-au-lait-126-g;0;out_of_stock;3.99;
2026-10-04 06:52;6026;bergen-dubai-cookies-creme-a-la-pistache-au-chocolat-au-lait-128-g;58;in_stock;2.99;
2026-10-04 06:52;6029;monster-energy-rio-punch-500-ml;11;in_stock;3.00;
2026-10-04 06:52;6031;monster-energy-white-pineapple-500-ml;11;in_stock;3.00;
2026-10-04 06:52;6033;snickers-wafer-roll-12-x-24-g;1;in_stock;15.99;
2026-10-04 06:52;6043;mms-crispy-77-g-x-16-pieces;42;in_stock;37.99;
2026-10-04 06:52;6046;mms-chocolat-90-g;-10;in_stock;2.99;
2026-10-04 06:52;6048;american-bakery-caramel-cones-112-g;0;out_of_stock;2.50;
2026-10-04 06:52;6054;buldak-ramen-bowl-2x-hot-chicken-105-g;0;out_of_stock;4.99;
2026-10-04 06:52;6055;buldak-ramen-cup-hot-chicken-cheese-105-g;0;out_of_stock;5.99;
2026-10-04 06:52;6057;snickers-pods-160-g;0;out_of_stock;5.49;
2026-10-04 06:52;6059;mars-pods-160-g;2;in_stock;5.49;
2026-10-04 06:52;6060;chiclets-menthe-fraiche-sans-sucre-168-g;68;in_stock;1.99;
2026-10-04 06:52;6061;chiclets-fraise-sans-sucre-168-g;61;in_stock;1.99;
2026-10-04 06:52;6062;chiclets-menthe-verte-sans-sucre-168-g;20;in_stock;1.99;
2026-10-04 06:52;6072;sweet-party-mini-tapis-citrique-assortis-1-kg;9;in_stock;9.99;
2026-10-04 06:52;6075;gicopa-gomme-mix-fruits-170-g;22;in_stock;2.50;
2026-10-04 06:52;6080;cachet-chocolat-au-lait-caramel-et-sel-marin-180-g;-2;out_of_stock;3.99;
2026-10-04 06:52;6081;haribo-pasteque-sucree-1-kg;2;in_stock;10.99;
2026-10-04 06:52;6091;dulceplus-citron-sucre-1-kg;4;in_stock;6.99;
2026-10-04 06:52;6092;dulceplus-fleur-sucree-assortie-1-kg;15;in_stock;6.99;
2026-10-04 06:52;6099;dulceplus-coeur-de-peche-sucre-1-kg;0;out_of_stock;6.99;
2026-10-04 06:52;6108;dulceplus-anneau-pomme-acidule-1-kg;14;in_stock;6.99;
2026-10-04 06:52;6111;reeses-pieces-peanut-butter-box-113-g;0;out_of_stock;4.49;
2026-10-04 06:52;6126;copy-dulceplus-vers-huiles-1-kg;26;in_stock;6.99;
2026-10-04 06:52;6136;dulceplus-bisou-coca-twist-1-kg;6;in_stock;6.99;
2026-10-04 06:52;6138;dulceplus-crane-acidule-1-kg;28;in_stock;6.99;
2026-10-04 06:52;6140;dulceplus-banane-verte-sucree-1-kg;-2;out_of_stock;6.99;
2026-10-04 06:52;6182;mr.bite-pixel-lait-chocolate-et-creme-de-pistache-10-x-28-g;9;in_stock;1.50;
2026-10-04 06:52;6192;takis-intense-nacho-100-g;52;in_stock;3.49;
2026-10-04 06:52;6200;fini-petit-mix-acidule-1-kg;0;out_of_stock;9.99;
2026-10-04 06:52;6202;mms-peanut-400-g;0;out_of_stock;9.99;
2026-10-04 06:52;6206;royal-mochi-menthe-aux-pepites-de-chocolat-180-g;0;out_of_stock;5.99;
2026-10-04 06:52;6207;royal-mochi-beurre-de-cacahuetes-180-g;0;out_of_stock;5.99;
2026-10-04 06:52;6208;royal-mochi-caramel-beurre-sale-180-g;8;in_stock;5.99;
2026-10-04 06:52;6209;royal-mochi-pancake-sirop-derable-180-g;1;in_stock;5.99;
2026-10-04 06:52;6210;royal-mochi-creme-vanille-180-g;0;out_of_stock;5.99;
2026-10-04 06:52;6211;royal-mochi-tiramisu-creme-180-g;0;out_of_stock;5.99;
2026-10-04 06:52;6212;royal-mochi-matcha-180-g;13;in_stock;5.99;
2026-10-04 06:52;6215;royal-mochi-cheesecake-fraise-180-g;1;in_stock;5.99;
2026-10-04 06:52;6220;buldak-ramen-cup-spicy-chicken-carbo-80-g;1;in_stock;2.50;
2026-10-04 06:52;6221;lays-paysanne-moutarde-de-dijon-poulet-et-miel-120-g;0;out_of_stock;3.29;
2026-10-04 06:52;6222;lays-paysanne-fromage-frais-120-g;0;in_stock;3.29;
2026-10-04 06:52;6223;lays-paysanne-oignon-de-roscoff-caramelise-120-g;0;out_of_stock;3.29;
2026-10-04 06:52;6235;dr.-sour-dipn-pop-24-x-20-g;0;in_stock;11.99;
2026-10-04 06:52;6246;monin-sirop-saveur-vanille-sans-sucre-70-cl;14;in_stock;15.99;
2026-10-04 06:52;6247;monin-sirop-saveur-noisette-sans-sucre-70-cl;1;in_stock;15.99;
2026-10-04 06:52;6248;monin-sirop-saveur-caramel-sans-sucre-70-cl;18;in_stock;15.99;
2026-10-04 06:52;6249;coca-cola-citron-vert-zero-250-ml;0;out_of_stock;1.50;
2026-10-04 06:52;6255;copy-hi-chew-bonbons-a-la-fraise-50-g;-5;in_stock;2.99;
2026-10-04 06:52;6256;hi-chew-bonbons-a-la-pomme-verte-50-g;-1;in_stock;2.99;
2026-10-04 06:52;6263;lollywood-batons-de-reglisse-mix-1-kg;22;in_stock;8.99;
2026-10-04 06:52;6265;gupperz-fraise-lait-splash-72-g;6;in_stock;3.99;
2026-10-04 06:52;6268;fun-rock-candy-mix-150-g;66;in_stock;1.00;
2026-10-04 06:52;6273;lollywood-brique-framboise-citrique-1-kg;6;in_stock;8.99;
2026-10-04 06:52;6275;megastar-jumbo-stick-fraise-myrtille-40-pieces;4;in_stock;15.99;
2026-10-04 06:52;6279;oyakata-nouilles-korean-barbecue-93-g;-2;in_stock;2.50;
2026-10-04 06:52;6280;fanta-citron-fleur-de-sureau-zero-330-ml;11;in_stock;2.50;
2026-10-04 06:52;6281;megastar-jumbo-stick-multicouleur-twist-40-pieces;3;in_stock;15.99;
2026-10-04 06:52;6289;frisia-ufo-tropical-36-g;1;in_stock;1.50;
2026-10-04 06:52;6290;frisia-ufo-bubblegum-36-g;2;in_stock;1.50;
2026-10-04 06:52;6291;frisia-ufo-fruit-36-g;18;in_stock;1.50;
2026-10-04 06:52;6292;frisia-ufo-coca-36-g;16;in_stock;1.50;
2026-10-04 06:52;6293;bulgari-ourson-rose-900-g;14;in_stock;9.99;
2026-10-04 06:52;6295;red-bull-ice-edition-250-ml;1372;in_stock;2.00;
2026-10-04 06:52;6298;monster-energy-ultra-fantasy-ruby-red-zero-sugar-500-ml;2;in_stock;3.00;
2026-10-04 06:52;6309;chupa-chups-cola-drink-345-ml;0;out_of_stock;2.00;
2026-10-04 06:52;6310;chupa-chups-melon-cream-drink-345-ml;0;out_of_stock;2.00;
2026-10-04 06:52;6316;skittles-citrus-136-g;8;in_stock;3.49;
2026-10-04 06:52;6317;skittles-chewies-137-g;3;in_stock;3.49;
2026-10-04 06:52;6320;chickn-gum-21-g;3;in_stock;1.00;
2026-10-04 06:52;6332;bergen-dubai-style-creme-de-noisettes-avec-kadayif-190-g;29;in_stock;6.99;
2026-10-04 06:52;6345;cachet-chocolat-au-lait-brownie-pretzel-180-g;4;in_stock;3.99;
2026-10-04 06:52;6356;buldak-ramen-cup-spicy-chicken-carbo-105-g;0;out_of_stock;4.99;
2026-10-04 06:52;6357;buldak-ramen-bowl-hot-chicken-habanero-lime-110-g;0;out_of_stock;4.99;
2026-10-04 06:52;6369;oreo-enrobe-chocolat-au-lait-246-g;15;in_stock;3.49;
2026-10-04 06:52;6371;monin-sirop-saveur-tarte-aux-pommes-70-cl;24;in_stock;13.99;
2026-10-04 06:52;6372;cote-dor-baton-lait-noisettes-44-g;231;in_stock;1.00;
2026-10-04 06:52;6373;monin-sirop-saveur-mojito-menthe-70-cl;7;in_stock;13.99;
2026-10-04 06:52;6374;monin-sirop-erable-epices-70-cl;7;in_stock;13.99;
2026-10-04 06:52;6376;monin-sirop-saveur-toffee-nut-70-cl;13;in_stock;13.99;
2026-10-04 06:52;6377;monin-sirop-saveur-mirabelle-70-cl;22;in_stock;13.99;
2026-10-04 06:52;6378;monin-sirop-saveur-anis-70-cl;16;in_stock;13.99;
2026-10-04 06:52;6379;monin-sirop-saveur-citronnelle-70-cl;20;in_stock;13.99;
2026-10-04 06:52;6380;monin-sirop-saveur-rhubarbe-70-cl;16;in_stock;13.99;
2026-10-04 06:52;6381;monin-sirop-saveur-triple-sec-curacao-70-cl;9;in_stock;13.99;
2026-10-04 06:52;6382;monin-sirop-saveur-orange-sanguine-70-cl;10;in_stock;13.99;
2026-10-04 06:52;6383;monin-sirop-saveur-airelles-70-cl;20;in_stock;13.99;
2026-10-04 06:52;6386;monin-sirop-saveur-menthe-glaciale-70-cl;26;in_stock;13.99;
2026-10-04 06:52;6387;monin-sirop-saveur-mangue-epices-70-cl;17;in_stock;13.99;
2026-10-04 06:52;6388;monin-sirop-saveur-spicy-70-cl;3;in_stock;13.99;
2026-10-04 06:52;6389;monin-sirop-saveur-rhum-des-caraibes-70-cl;12;in_stock;13.99;
2026-10-04 06:52;6390;monin-sirop-saveur-jasmin-70-cl;11;in_stock;13.99;
2026-10-04 06:52;6391;monin-sirop-saveur-orange-spritz-70-cl;7;in_stock;13.99;
2026-10-04 06:52;6392;monin-sirop-saveur-pina-colada-70-cl;29;in_stock;13.99;
2026-10-04 06:52;6393;monin-sirop-saveur-fruits-rouges-epices-70-cl;3;in_stock;12.71;
2026-10-04 06:52;6394;monin-sirop-saveur-irish-70-cl;28;in_stock;13.99;
2026-10-04 06:52;6395;monin-sirop-saveur-the-chai-70-cl;28;in_stock;13.99;
2026-10-04 06:52;6396;monin-sirop-saveur-epices-dhiver-70-cl;15;in_stock;13.99;
2026-10-04 06:52;6397;monin-coffret-sirops-pour-cocktails-5-x-5-cl;86;in_stock;17.99;
2026-10-04 06:52;6398;monin-coffret-sirops-pour-cafes-aromatises-5-x-5-cl;9;in_stock;17.99;
2026-10-04 06:52;6399;monin-sirop-saveur-curacao-bleu-70-cl;17;in_stock;13.99;
2026-10-04 06:52;6400;monin-sirop-saveur-tiramisu-70-cl;16;in_stock;13.99;
2026-10-04 06:52;6401;monin-sirop-saveur-pain-depices-70-cl;7;in_stock;13.99;
2026-10-04 06:52;6402;monin-sirop-saveur-falernum-70-cl;9;in_stock;13.99;
2026-10-04 06:52;6403;monin-sirop-saveur-bergamot-70-cl;21;in_stock;13.99;
2026-10-04 06:52;6406;monin-sirop-dagave-70-cl;9;in_stock;16.99;
2026-10-04 06:52;6407;pure-monin-concentre-menthe-non-sucre-70-cl;4;in_stock;13.99;
2026-10-04 06:52;6408;pure-monin-concentre-de-mangue-passion-non-sucre-70-cl;0;out_of_stock;13.99;
2026-10-04 06:52;6409;pure-monin-concentre-de-fruits-rouges-non-sucre-70-cl;11;in_stock;13.99;
2026-10-04 06:52;6410;pure-monin-concentre-de-peche-et-abricot-non-sucre-70-cl;5;in_stock;13.99;
2026-10-04 06:52;6411;monin-sirop-saveur-sangria-mix-70-cl;24;in_stock;13.99;
2026-10-04 06:52;6415;monin-sirop-pour-base-limonade-1-l;6;in_stock;13.99;
2026-10-04 06:52;6416;puree-de-fruit-de-monin-framboise-1-l;0;out_of_stock;19.99;
2026-10-04 06:52;6417;puree-de-fruit-de-monin-rhubarbe-1-l;5;in_stock;19.99;
2026-10-04 06:52;6418;puree-de-fruit-de-monin-fruit-de-la-passion-1-l;0;out_of_stock;19.99;
2026-10-04 06:52;6420;puree-de-fruit-monin-noix-de-coco-1-l;0;out_of_stock;19.99;
2026-10-04 06:52;6421;puree-de-fruit-monin-peche-1-l;2;in_stock;19.99;
2026-10-04 06:52;6422;puree-de-fruit-monin-kiwi-1-l;1;in_stock;19.99;
2026-10-04 06:52;6424;puree-de-fruit-monin-ananas-1-l;6;in_stock;19.99;
2026-10-04 06:52;6425;puree-de-fruit-monin-yuzu-1-l;5;in_stock;19.99;
2026-10-04 06:52;6426;puree-de-fruit-monin-cassis-1-l;2;in_stock;19.99;
2026-10-04 06:52;6427;puree-de-fruit-monin-banane-1-l;10;in_stock;19.99;
2026-10-04 06:52;6428;puree-de-fruit-monin-fraise-1-l;0;out_of_stock;19.99;
2026-10-04 06:52;6432;puree-de-fruit-monin-fruits-rouges-1-l;0;out_of_stock;19.99;
2026-10-04 06:52;6434;puree-de-fruit-monin-myrtille-1-l;2;in_stock;19.99;
2026-10-04 06:52;6438;ice-talk-blueberry-ade-230-ml;22;in_stock;2.50;
2026-10-04 06:52;6439;ice-talk-watermelon-ade-230-ml;24;in_stock;2.50;
2026-10-04 06:52;6453;love-lollies-bouquet-50-g;5;in_stock;1.50;
2026-10-04 06:52;6460;jawbreaker-blue-razz-132-g;39;in_stock;1.50;
2026-10-04 06:52;6467;triple-power-push-pop-34-g;12;in_stock;2.50;
2026-10-04 06:52;6475;poplolly-dino-36-x-16-g;39;in_stock;12.49;
2026-10-04 06:52;6502;lipton-kombucha-framboise-250-ml;0;out_of_stock;3.00;
2026-10-04 06:52;6507;sprite-the-355-ml;0;out_of_stock;2.00;
2026-10-04 06:52;6510;toffifee-chocolat-blanc-125-g;0;out_of_stock;3.99;
2026-10-04 06:52;6513;bergen-cookies-avec-cube-de-gelee-cassis-creme-au-lait-128-g;61;in_stock;2.20;
2026-10-04 06:52;6522;sac-cabas-stitch-aloha;-6;in_stock;3.00;
2026-10-04 06:52;6524;sac-cabas-minecraft;0;in_stock;3.00;
2026-10-04 06:52;6530;nerds-gummy-clusters-fruits-113-g;10;in_stock;4.00;
2026-10-04 06:52;6532;bergen-cookies-avec-cube-de-gelee-banane-et-beurre-de-cacahuete-128-g;54;in_stock;2.20;
2026-10-04 06:52;6541;frisia-mega-bbq-marshmallows-300-g;12;in_stock;3.49;
2026-10-04 06:52;6544;megastar-jumbo-stick-fraise-acidule-40-pieces;6;in_stock;15.99;
2026-10-04 06:52;6545;megastar-jumbo-stick-fraise-40-pieces;-1;out_of_stock;15.99;
2026-10-04 06:52;6546;roodthooft-mocha-caramel-200-g;-17;in_stock;3.49;
2026-10-04 06:52;6553;pringles-passport-turkish-style-kebab-165-g;2;in_stock;4.49;
2026-10-04 06:52;6555;pringles-passport-mexican-style-cheesy-jalapeno-165-g;14;in_stock;4.49;
2026-10-04 06:52;6558;dr.-sweet-tetriminos-1-kg;16;in_stock;9.99;
2026-10-04 06:52;6559;felko-mega-gummies-bear-600-g;-1;in_stock;10.49;
2026-10-04 06:52;6563;bergen-dubai-style-pralines-creme-de-pistaches-240-g;14;in_stock;5.99;
2026-10-04 06:52;6564;monster-energy-lando-norris-zero-sugar-500-ml;46;in_stock;3.00;
2026-10-04 06:52;6566;squid-game-biscuit-au-fromage-158-g;0;out_of_stock;4.49;
2026-10-04 06:52;6569;ice-talk-kiwi-ade-230-ml;34;in_stock;2.50;
2026-10-04 06:52;6570;ice-talk-raisin-vert-ade-230-ml;7;in_stock;2.50;
2026-10-04 06:52;6571;fanta-korean-melon-350-ml;7;in_stock;3.00;
2026-10-04 06:52;6576;quick-milk-forest-fruit-5-x-6-g-30-g;16;in_stock;1.50;
2026-10-04 06:52;6577;quick-milk-bubblegum-5-x-6-g-30-g;9;in_stock;1.50;
2026-10-04 06:52;6597;grand-sachet-mix-confiserie-200-g;193;in_stock;3.99;
2026-10-04 06:52;6606;trolli-halloween-mix-360-g;84;in_stock;6.49;
2026-10-04 06:52;6613;sweet-pack-montre-dextrose-100-pcs;3;in_stock;14.99;
2026-10-04 06:52;6623;ravazzi-piment-acidule-1-kg;23;in_stock;8.99;
2026-10-04 06:52;6624;lollywood-crane-bubblegum-acidule-1-kg;25;in_stock;8.99;
2026-10-04 06:52;6625;copy-lollywood-batons-de-reglisse-mix-1-kg;33;in_stock;8.99;
2026-10-04 06:52;6632;amos-gummy-dinosaur-65-g;0;out_of_stock;2.49;
2026-10-04 06:52;6637;fanta-pomme-rouge-320-ml;-14;out_of_stock;2.50;
2026-10-04 06:52;6646;pringles-sel-vinaigre-165-g;-1;out_of_stock;3.49;
2026-10-04 06:52;6650;sweet-party-spaghetti-cola-citrique-1-kg;18;in_stock;9.99;
2026-10-04 06:52;6652;frisia-cur-brise-citrique-3-kg;9;in_stock;19.99;
2026-10-04 06:52;6653;lutti-oh-la-la-mini-mix-3-kg;-5;in_stock;30.99;
2026-10-04 06:52;6656;lutti-bubblizz-balls-3kg;-1;in_stock;37.99;
2026-10-04 06:52;6674;snickers-pecan-40-g;5;in_stock;2.49;
2026-10-04 06:52;6676;kinder-crispy-14-x-34-g;39;in_stock;19.99;
2026-10-04 06:52;6679;cha-cha-maxx-343-g;1;in_stock;1.50;
2026-10-04 06:52;6683;reeses-big-cup-with-reeses-puffs-68-g;0;out_of_stock;2.99;
2026-10-04 06:52;6684;reeses-nutrageous-87-g;0;out_of_stock;2.99;
2026-10-04 06:52;6685;fanta-bouteille-japon-raisin-300-ml;11;in_stock;3.00;
2026-10-04 06:52;6686;reeses-4-white-peanut-butter-cups-79-g;0;out_of_stock;2.49;
2026-10-04 06:52;6690;bulgari-marshmallow-papillon-rose-900-g;8;in_stock;10.99;
2026-10-04 06:52;6697;roodthooft-mocha-caramel-1-kg;8;in_stock;15.99;
2026-10-04 06:52;6699;lutti-mega-bubble-bubblizz-200-pieces;27;in_stock;19.99;
2026-10-04 06:52;6700;trolli-dinorex-1-kg;15;in_stock;8.99;
2026-10-04 06:52;6701;sac-cabas-one-piece-v2;-1;out_of_stock;3.00;
2026-10-04 06:52;6708;nutella-pouch-1-kg;2;in_stock;13.99;
2026-10-04 06:52;6730;roodthooft-cafe-200-g;4;in_stock;3.49;
2026-10-04 06:52;6731;kinder-cookies-136-g;7;in_stock;5.99;
2026-10-04 06:52;6732;kinder-cards-128-g;-1;in_stock;4.99;
2026-10-04 06:52;6733;kinder-tronky-90-g;1;in_stock;3.99;
2026-10-04 06:52;6734;kinder-kinderini-250-g;9;in_stock;5.99;
2026-10-04 06:52;6737;sweet-party-batonnets-colores-4-kg;0;in_stock;29.99;
2026-10-04 06:52;6742;lutti-bubblizz-fizz-candy-paper-24-x-15-g;0;out_of_stock;27.99;
2026-10-04 06:52;6751;skeletons-candies-18-x-25-g;23;in_stock;34.99;
2026-10-04 06:52;6753;croky-patatas-fritas-paprika-100-g;9;in_stock;2.39;
2026-10-04 06:52;6756;roodthooft-mocha-caramel-3-kg;8;in_stock;53.99;
2026-10-04 06:52;6757;yippy-ice-tea-peche-330-ml;0;out_of_stock;1.59;
2026-10-04 06:52;6762;cafe-mio-cappuccino-250-ml;1;in_stock;2.50;
2026-10-04 06:52;6763;cafe-mio-macchiato-250-ml;3;in_stock;2.50;
2026-10-04 06:52;6764;cafe-mio-latte-macchiato-vanilla-250-ml;1;in_stock;2.50;
2026-10-04 06:52;6765;lutti-sucette-cerise-double-tige-75-pieces;0;out_of_stock;22.99;
2026-10-04 06:52;6766;lutti-massues-cola-100-pieces;1;in_stock;34.99;
2026-10-04 06:52;6767;joris-ourson-sans-sucre-25-kg;20;in_stock;2.49;
2026-10-04 06:52;6774;monster-munch-original-75-g;0;out_of_stock;2.50;
2026-10-04 06:52;6775;sweet-party-brique-fraise-huilee-1-kg;18;in_stock;9.99;
2026-10-04 06:52;6776;napoleon-mix-fruit-25-kg;0;out_of_stock;30.99;
2026-10-04 06:52;6781;trinketto-coca-3-x-70-ml;0;out_of_stock;1.50;
2026-10-04 06:52;6782;vidal-tranche-framboise-citrique-1-kg;-2;out_of_stock;8.99;
2026-10-04 06:52;6788;frisia-vegan-winegum-3-kg;-6;in_stock;19.99;
2026-10-04 06:52;6797;fruit-tella-garden-fruits-4-x-41-g;0;out_of_stock;2.00;
2026-10-04 06:52;6800;skittles-desserts-152-g;12;in_stock;3.49;
2026-10-04 06:52;6804;kitkat-chunky-funky-40-g;29;in_stock;2.49;
2026-10-04 06:52;6805;kitkat-chunky-funky-24-x-40-g;1;in_stock;43.99;
2026-10-04 06:52;6809;fanta-ananas-sans-cafeine-355-ml;20;in_stock;2.50;
2026-10-04 06:52;6819;airheads-sour-pasteque-punch-156-g;32;in_stock;1.00;
2026-10-04 06:52;6821;bergen-cookies-peanut-butter-cocoa-biscuit-milk-chocolate-128-g;99;in_stock;1.79;
2026-10-04 06:52;6822;lollywood-papillon-fraise-1-kg;24;in_stock;8.99;
2026-10-04 06:52;6823;geldhof-tetines-citriques-3-kg;-1;in_stock;26.99;
2026-10-04 06:52;6844;juicy-drop-gummies-12-x-57-g;2;in_stock;35.49;
2026-10-04 06:52;6878;red-bull-energy-drink-473-ml;0;out_of_stock;3.00;
2026-10-04 06:52;6888;cheetos-american-turkey-90-g;23;in_stock;2.49;
2026-10-04 06:52;6890;takis-zombie-100-g;0;out_of_stock;3.99;
2026-10-04 06:52;6902;horror-surprise-pop-15-x-10-g;10;in_stock;10.99;
2026-10-04 06:52;6904;horror-finger-dip-18-x-40-g;42;in_stock;8.99;
2026-10-04 06:52;6906;kinder-chocolat-50g;26;in_stock;1.50;
2026-10-04 06:52;6940;toastem-pop-ups-frosted-smores-288-g;0;out_of_stock;4.99;
2026-10-04 06:52;6941;toastem-pop-ups-frosted-myrtille-288-g;19;in_stock;4.99;
2026-10-04 06:52;6945;sweet-party-mignonette-3-kg;1;in_stock;20.99;
2026-10-04 06:52;6947;buenos-dias-creme-de-coco-55-g;30;in_stock;1.99;
2026-10-04 06:52;6949;lays-big-wave-hot-chicken-noodle-flavor-70-g;12;in_stock;3.29;
2026-10-04 06:52;6952;buenos-dias-creme-de-pistache-55-g;-4;out_of_stock;1.99;
2026-10-04 06:52;6954;buenos-dias-creme-de-fraise-55-g;37;in_stock;1.99;
2026-10-04 06:52;6955;buenos-dias-creme-de-speculoos-55-g;39;in_stock;1.99;
2026-10-04 06:52;6957;felko-mega-gummies-brochette-120-g;4;in_stock;2.59;
2026-10-04 06:52;6958;felko-mega-gummies-pilon-de-poulet-cola-fraise-120-g;-1;in_stock;2.59;
2026-10-04 06:52;6960;monsterz-pop-20-x-40-g;0;out_of_stock;23.49;
2026-10-04 06:52;6964;felko-mega-gummies-poisson-fraise-120-g;-17;in_stock;2.59;
2026-10-04 06:52;6965;dr.-sour-jelly-beans-x-taste-1-kg;0;in_stock;10.49;
2026-10-04 06:52;6966;geldhof-escargots-cola-citriques-3-kg;0;in_stock;26.99;
2026-10-04 06:52;6967;the-belgian-truffes-saupoudrees-de-cacao-200-g;-1;out_of_stock;4.99;
2026-10-04 06:52;6968;maison-perrier-daiquired-250-ml;1;in_stock;2.00;
2026-10-04 06:52;6969;dr.-sweet-evil-body-parts-24-x-128-g;4;in_stock;51.99;
2026-10-04 06:52;6971;dr.-sweet-evil-body-parts-128-g;20;in_stock;2.50;
2026-10-04 06:52;6977;dr.-sweet-evil-brain-sludge-60-g;60;in_stock;1.50;
2026-10-04 06:52;6982;toxic-waste-nuclear-fusion-42-g;7;in_stock;2.50;
2026-10-04 06:52;6990;ice-talk-framboise-bleue-et-citron-230-ml;30;in_stock;2.50;
2026-10-04 06:52;6991;ice-talk-passion-mangue-230-ml;13;in_stock;2.50;
2026-10-04 06:52;6992;chupa-chups-babol-tutti-frutti-276-g;15;in_stock;1.00;
2026-10-04 06:52;7006;surprise-drinks-reine-des-neiges-fraise-300-ml;109;in_stock;1.99;
2026-10-04 06:52;7010;sac-cabas-hello-kitty;0;out_of_stock;3.00;
2026-10-04 06:52;7011;monster-energy-zero-sugar-500-ml;14;in_stock;3.00;
2026-10-04 06:52;7012;kinder-country-141g;320;in_stock;2.49;
2026-10-04 06:52;7017;ravazzi-oursons-geants-1-kg;9;in_stock;7.99;
2026-10-04 06:52;7019;thijs-gomme-gin-tonic-1-kg;13;in_stock;10.79;
2026-10-04 06:52;7020;thijs-gomme-fraise-prosecco-1-kg;22;in_stock;10.79;
2026-10-04 06:52;7021;thijs-gomme-peche-bellini-1-kg;0;in_stock;10.79;
2026-10-04 06:52;7022;geldhof-bouteille-cherry-cola-citrique-3-kg;5;in_stock;26.99;
2026-10-04 06:52;7023;amos-peelerz-zombies-65-g;0;out_of_stock;1.50;
2026-10-04 06:52;7024;amos-4d-arithmetic-gummy-85-g;2;in_stock;1.50;
2026-10-04 06:52;7142;gateau-au-chocolat-et-a-la-creme-baileys-195-g;0;out_of_stock;3.49;
2026-10-04 06:52;7145;pringles-everything-bagel-158-g;0;out_of_stock;4.99;
2026-10-04 06:52;7155;lion-brownie-style-5-x-30-g;0;out_of_stock;2.49;
2026-10-04 06:52;7163;batonnets-sucres-pomme-tubo-1-kg;0;out_of_stock;5.99;
2026-10-04 06:52;7165;jimmys-pop-corn-chicago-style-caramel-cheese-110g;0;out_of_stock;3.49;
2026-10-04 06:52;7168;kinder-chocolat-200-g;0;out_of_stock;5.25;
2026-10-04 06:52;7171;pure-monin-concentre-de-citron-citron-vert-non-sucre-70-cl;0;out_of_stock;13.99;
2026-10-04 06:52;7178;amos-peelerz-gummy-trees-65-g;1;in_stock;1.50;
2026-10-04 06:52;7207;nutella-biscuits-193-g;10;in_stock;3.99;
2026-10-04 06:52;7208;the-belgian-pralines-fraise-giftbox-150-g;0;out_of_stock;4.99;
2026-10-04 06:52;7209;the-belgian-pralines-pistache-giftbox-150-g;0;out_of_stock;4.99;
2026-10-04 06:52;7211;trefin-eclair-3-kg;5;in_stock;41.49;
2026-10-04 06:52;7265;maison-perrier-chic-pina-beach-sans-alcool-250-ml;5;in_stock;2.00;
2026-10-04 06:52;7267;hot-chip-mr-twister-challenge-120-g;3;in_stock;8.99;
2026-10-04 06:52;7281;hot-chocolate-dubai-style-saveur-pistache-feuilletine-30-g;1;in_stock;3.49;
2026-10-04 06:52;7285;schweppes-agrumes-330-ml;144;in_stock;2.00;
2026-10-04 06:52;7286;kinder-delice-39-g;-2;out_of_stock;1.00;
2026-10-04 06:52;7294;pate-a-tartiner-crema-pistache-200-g;7;in_stock;6.59;
2026-10-04 06:52;7299;chupa-chups-cherry-stix-10-g;17;in_stock;0.50;
2026-10-04 06:52;7300;chupa-chups-cola-stix-10-g;-13;out_of_stock;0.50;
2026-10-04 06:52;7318;milka-max-choco-swing-300-g;0;out_of_stock;3.99;
2026-10-04 06:52;7321;chupa-chups-xxl-bubble-gum-5-x-29-g;0;out_of_stock;1.50;
2026-10-04 06:52;7324;jimmys-popcorn-sweet-salt-100-g;35;in_stock;2.49;
2026-10-04 06:52;7325;jimmys-popcorn-sweet-100-g;34;in_stock;2.49;
2026-10-04 06:52;7328;toastem-pop-ups-frosted-brown-sugar-cinnamon-288-g;0;out_of_stock;4.99;
2026-10-04 06:52;7331;royal-mini-mochi-pancake-a-lerable-40-g;16;in_stock;2.29;
2026-10-04 06:52;7332;royal-mini-mochi-vanilla-cream-40-g;7;in_stock;2.29;
2026-10-04 06:52;7333;royal-mini-mochi-tiramisu-40-g;12;in_stock;2.29;
2026-10-04 06:52;7334;royal-mini-mochi-cheesecake-fraise-40-g;5;in_stock;2.29;
2026-10-04 06:52;7336;sour-punch-ice-cream-truck-bites-105-g;9;in_stock;3.49;
2026-10-04 06:52;7344;oyakata-yakisoba-poulet-epice-fromage-97-g;20;in_stock;2.50;
2026-10-04 06:52;7345;oyakata-yakisoba-kimchi-coreen-92-g;6;in_stock;2.50;
2026-10-04 06:52;7346;oyakata-yakisoba-poulet-yakitori-93-g;26;in_stock;2.50;
2026-10-04 06:52;7353;mr-beast-feastables-2-cups-chocolat-cremeux-noisette-40-g;18;in_stock;3.99;
2026-10-04 06:52;7354;mr-beast-feastables-2-cups-beurre-de-cacahuete-cremeux-40-g;1;in_stock;3.99;
2026-10-04 06:52;7356;kitkat-citron-vert-415-g;7;in_stock;2.49;
2026-10-04 06:52;7358;twix-triple-chocolat-40-g;0;out_of_stock;2.49;
2026-10-04 06:52;7359;bounty-crispy-rolls-5-x-234-g;-4;out_of_stock;3.49;
2026-10-04 06:52;7366;pringles-black-truffle-velvet-mashed-potatoes-80-g;3;in_stock;2.99;
2026-10-04 06:52;7367;jack-links-beef-jerky-original-high-protein-40-g;0;out_of_stock;6.49;
2026-10-04 06:52;7370;twix-wafer-rolls-12-x-225-g;0;out_of_stock;13.99;
2026-10-04 06:52;7378;buldak-ramen-cup-hot-chicken-70-g;10;in_stock;3.99;
2026-10-04 06:52;7380;pocky-strawberry-peach-yogurt-38-g;0;out_of_stock;2.99;
2026-10-04 06:52;7381;harry-potter-tablette-choco-grenouille-200-g;16;in_stock;7.25;
2026-10-04 06:52;7382;fanta-banana-chocolate-500-ml;204;in_stock;3.00;
2026-10-04 06:52;7384;fanta-passion-fruit-grape-fruit-500-ml;0;out_of_stock;3.00;
2026-10-04 06:52;7385;fanta-hami-melon-500-ml;13;in_stock;3.00;
2026-10-04 06:52;7389;barre-chocolat-cadbury-oreo-35-g;0;out_of_stock;1.50;
2026-10-04 06:52;7394;carambar-caramel-320-g;0;out_of_stock;4.99;
2026-10-04 06:52;7409;the-belgian-pralines-mango-150-g;11;in_stock;4.99;
2026-10-04 06:52;7410;sweet-party-spaghetti-cola-135-kg;24;in_stock;13.99;
2026-10-04 06:52;7414;kinder-brioss-270-g;-7;out_of_stock;5.99;
2026-10-04 06:52;7415;kinder-brioss-cacao-280-g;0;out_of_stock;5.99;
2026-10-04 06:52;7418;boisson-airheads-orange-355-ml;16;in_stock;2.50;
2026-10-04 06:52;7419;boisson-airheads-fraise-355-ml;19;in_stock;2.50;
2026-10-04 06:52;7432;jimmys-popcorn-sale-17-g;0;in_stock;0.50;
2026-10-04 06:52;7434;oyakata-ramen-crevette-tempura-61-g;6;in_stock;2.00;
2026-10-04 06:52;7435;oyakata-ramen-porc-62-g;2;in_stock;2.00;
2026-10-04 06:52;7440;nerds-gummy-clusters-rainbow-85-g;0;out_of_stock;3.99;
2026-10-04 06:52;7442;lays-algues-70-g;19;in_stock;3.29;
2026-10-04 06:52;7443;lays-concombre-70-g;0;out_of_stock;3.29;
2026-10-04 06:52;7444;lays-ailes-de-poulet-rainurees-70-g;5;in_stock;3.29;
2026-10-04 06:52;7445;lays-ecrevisses-epicees-70-g;-4;out_of_stock;3.29;
2026-10-04 06:52;7453;kinder-milkredible-milk-468-g;19;in_stock;6.49;
2026-10-04 06:52;7454;kinder-milkredible-choco-milk-468-g;9;in_stock;6.49;
2026-10-04 06:52;7455;cote-dor-baton-chocolat-noir-32-x-47-g;-2;in_stock;35.99;
2026-10-04 06:52;7460;dr.-sour-jelly-beans-mix-1-kg;5;in_stock;10.49;
2026-10-04 06:52;7461;dr.-sweet-fruit-salad-1-kg;-9;in_stock;9.99;
2026-10-04 06:52;7463;lays-calamars-rainures-70-g;2;in_stock;3.29;
2026-10-04 06:52;7469;brainrot-soda-six-seven-7-250-ml;0;out_of_stock;3.00;
2026-10-04 06:52;7497;airheads-acidules-bleu-explosif-16-g;-1;out_of_stock;1.00;
2026-10-04 06:52;7505;bifi-roll-45-g;169;in_stock;1.49;
2026-10-04 06:52;7516;tic-tac-gout-ananas-et-fruit-de-la-passion-49-g;9;in_stock;2.99;
2026-10-04 06:52;7525;pocky-amande-chocolat-noir-25-g;11;in_stock;1.69;
2026-10-04 06:52;7527;milka-choco-moo-biscuits-au-chocolat-40-g;23;in_stock;1.00;
2026-10-04 06:52;7528;milka-sensations-biscuits-au-chocolat-oreo-52-g;6;in_stock;1.50;
2026-10-04 06:52;7529;milka-sensations-biscuits-au-chocolat-52-g;70;in_stock;1.50;
2026-10-04 06:52;7530;milka-choco-brookie-brownie-biscuit-au-chocolat-132-g;15;in_stock;4.99;
2026-10-04 06:52;7531;milka-nussini-barres-de-chocolat-au-lait-315-g;39;in_stock;1.50;
2026-10-04 06:52;7532;milka-choco-brownie-gateaux-50-g;69;in_stock;1.50;
2026-10-04 06:52;7533;milka-barres-de-chocolat-au-lait-25-g;0;in_stock;1.50;
2026-10-04 06:52;7534;milka-tablette-de-chocolat-au-lait-oreo-100-g;-1;in_stock;2.50;
2026-10-04 06:52;7536;copy-milka-choco-brookie-brownie-biscuit-au-chocolat-132-g;5;in_stock;3.50;
2026-10-04 06:52;7537;milka-choco-supreme-biscuits-au-chocolat-30-g;20;in_stock;1.00;
2026-10-04 06:52;7577;nerds-gummy-clusters-fruits-45-g;9;in_stock;1.99;
2026-10-04 06:52;7578;nerds-gummy-clusters-berries-45-g;26;in_stock;1.99;
2026-10-04 06:52;7603;lotus-biscoff-go-8-x45-g;2;in_stock;27.99;
2026-10-04 06:52;7606;capri-sun-cola-200-ml;-1;out_of_stock;1.00;
2026-10-04 06:52;7611;copy-papermints-cool-caps-40-billes;31;in_stock;3.99;
2026-10-04 06:52;7612;red-bull-energy-drink-original-glass-bottle-250-ml;23;in_stock;3.00;
2026-10-04 06:52;7613;red-bull-organics-fizzy-peach-330-ml;111;in_stock;3.00;
2026-10-04 06:52;7614;red-bull-organics-black-orange-330ml;158;in_stock;3.00;
2026-10-04 06:52;7615;red-bull-organics-easy-lemon-330ml;45;in_stock;3.00;
2026-10-04 06:52;7616;red-bull-organics-simply-cola-big-330ml;76;in_stock;3.00;
2026-10-04 06:52;7619;candy-amos-peelerz-gummy-carrots-easter-65g;0;out_of_stock;2.99;
2026-10-04 06:52;7625;fruit-tella-yogurt-flavour-bonbons-tendre-100-gg;0;out_of_stock;3.49;
2026-10-04 06:52;7626;sprite-raspberry-lemon-zero-china-330ml;23;in_stock;2.50;
2026-10-04 06:52;7634;milka-tender-cow-5-x-28-g-140-g;0;out_of_stock;2.49;
2026-10-04 06:52;7636;milka-choco-cookies-135-g;17;in_stock;1.99;
2026-10-04 06:52;7638;milka-choco-sticks-112-g;18;in_stock;1.99;
2026-10-04 06:52;7639;milka-sensations-cookies-oreo-creme-156g;5;in_stock;2.49;
2026-10-04 06:52;7642;milka-choco-dessert-orange-147-g;0;out_of_stock;1.99;
2026-10-04 06:52;7644;milka-tender-milk-185-g;0;out_of_stock;1.99;
2026-10-04 06:52;7665;kitkat-cookie-dough-415g;25;in_stock;2.49;
2026-10-04 06:52;7669;frisia-smiley-3-kg;1;in_stock;17.99;
2026-10-04 06:52;7671;guylian-chocolats-coquillages-65-g;-7;out_of_stock;2.49;
2026-10-04 06:52;7672;monster-energy-nitro-cosmic-peach-500-ml;-1;out_of_stock;3.00;
2026-10-04 06:52;7673;monster-energy-ultra-red-500-ml;0;out_of_stock;3.00;
2026-10-04 06:52;7678;toxic-waste-green-sour-soda-330-ml;25;in_stock;2.50;
2026-10-04 06:52;7679;toxic-waste-purple-sour-soda-330-ml;0;out_of_stock;2.50;
2026-10-04 06:52;7680;pringles-team-buffalo-chicken-wings-flavour-165-g;6;in_stock;4.99;
2026-10-04 06:52;7681;pringles-team-cheeseburger-flavour-165-g;7;in_stock;4.99;
2026-10-04 06:52;7682;pringles-team-loaded-fries-flavour-165-g;13;in_stock;4.99;
2026-10-04 06:52;7689;mms-cookie-dough-176-g;117;in_stock;4.99;
2026-10-04 06:52;7711;pops-ice-tea-saveur-mangue-passion-33-cl;10;in_stock;3.00;
2026-10-04 06:52;7713;ice-talk-saveur-grenade-230-ml;85;in_stock;2.50;
2026-10-04 06:52;7719;brainrot-soda-trippi-troppi-250-ml;16;in_stock;3.00;
2026-10-04 06:52;7720;brainrot-soda-lirili-larila-250ml;12;in_stock;3.00;
2026-10-04 06:52;7721;brainrot-soda-udin-din-din-dun-250ml;48;in_stock;3.00;
2026-10-04 06:52;7722;brainrot-soda-cappuccino-assassino-250ml;24;in_stock;3.00;
2026-10-04 06:52;7724;copy-brainrot-soda-tralalero-tralalala-250ml;51;in_stock;3.00;
2026-10-04 06:52;7725;pringles-saveur-fromage-frais-et-fines-herbes-165-g;99;in_stock;2.99;
2026-10-04 06:52;7728;kinder-kornetti-crema-al-latte-mini-croissants-fourres-a-la-creme-de-lait-252-g;-1;out_of_stock;6.99;
2026-10-04 06:52;7738;disney-wispie-drink-le-roi-lion-kiwi-pineapple-apple-450-ml;0;out_of_stock;3.00;
2026-10-04 06:52;7739;disney-wispie-drink-princesses-fraise-banane-450-ml;0;out_of_stock;3.00;
2026-10-04 06:52;7740;disney-wispie-drink-vaiana-fruit-de-la-passion-mangue-450-ml;0;out_of_stock;3.00;
2026-10-04 06:52;7741;disney-wispie-drink-toy-story-orange-ananas-450-ml;0;out_of_stock;3.00;
2026-10-04 06:52;7742;disney-wispie-drink-mickey-mouse-multifruits-450-ml;1;in_stock;3.00;
2026-10-04 06:52;7744;disney-wispie-drink-la-reine-des-neiges-pomme-ananas-450-ml;0;out_of_stock;3.00;
2026-10-04 06:52;7746;fanta-china-pineapple-330-ml;-1;out_of_stock;2.50;
2026-10-04 06:52;7755;milka-choco-grain-126-g;0;out_of_stock;1.99;
2026-10-04 06:52;7757;calypso-sunset-peach-lemonade-473-ml;2;in_stock;3.00;
2026-10-04 06:52;7759;nerds-gummy-clusters-nfl-berry-punch-rush-85-g;1;in_stock;3.99;
2026-10-04 06:52;7762;debron-ourson-reglisse-sans-sucre-1-kg;3;in_stock;14.99;
2026-10-04 06:52;7767;dr.-sour-powder-balls-citron-citron-vert-1-kg;3;in_stock;8.99;
2026-10-04 06:52;7771;milka-ufs-coque-chocolat-au-lait-136-g;0;out_of_stock;6.99;
2026-10-04 06:52;7774;croky-snackbar-fricandelle-speciale-130-g;22;in_stock;2.39;
2026-10-04 06:52;7778;mr.-mallo-mini-tubes-blanc-1-kg;1;in_stock;8.49;
2026-10-04 06:52;7779;copy-croky-snackbar-fricandelle-speciale-130-g;7;in_stock;3.49;
2026-10-04 06:52;7780;milkyway-43-g-x-30-pieces;26;in_stock;21.49;
2026-10-04 06:52;7788;quick-milk-magic-sipper-pistache-chocolat-30-g;7;in_stock;1.50;
2026-10-04 06:52;7797;dr-pepper-cream-swirl-330-ml;6;in_stock;2.00;
2026-10-04 06:52;7799;red-bull-organics-minty-blackberry-330-ml;-1;out_of_stock;3.00;
2026-10-04 06:52;7801;iconik-sweet-buenos-dias-pate-a-tartiner-aux-noisettes-350-g;4;in_stock;7.99;
2026-10-04 06:52;7804;royal-mochi-strawberry-cheesecake-120-g;10;in_stock;4.49;
2026-10-04 06:52;7807;bergen-obsession-cookies-caramel-delicacies-128-g;47;in_stock;1.99;
2026-10-04 06:52;7808;bergen-cookies-matcha-milk-glaze-strawberry-cream-128-g;82;in_stock;1.99;
2026-10-04 06:52;7823;red-bull-the-lilac-edition-boisson-energisante-250-ml;18;in_stock;2.00;
2026-10-04 06:52;7824;red-bull-zero-energy-drink-250-ml;63;in_stock;2.00;
2026-10-04 06:52;7842;fanta-china-litchi-330-ml;12;in_stock;2.50;
2026-10-04 06:52;7843;red-bull-organics-tonic-water-250-ml;-5;out_of_stock;3.00;
2026-10-04 06:52;7844;brainrot-soda-tralaleritos-250-ml;-2;out_of_stock;3.00;
2026-10-04 06:52;7846;croky-tortilla-nacho-cheese-160-g;41;in_stock;1.99;
2026-10-04 06:52;7847;croky-snackbox-sauce-sate-130-g;0;out_of_stock;2.49;
2026-10-04 06:52;7851;croky-explosions-pickles-150-g;8;in_stock;2.99;
2026-10-04 06:52;7852;croky-tortilla-paprika-160-g;62;in_stock;2.49;
2026-10-04 06:52;7853;playboy-energy-drink-razz-bunny-330-ml;-22;out_of_stock;2.00;
2026-10-04 06:52;7854;playboy-energy-drink-lovely-melons-330-ml;-21;out_of_stock;2.00;
2026-10-04 06:52;7855;playboy-energy-drink-sexy-peaches-330-ml;-36;out_of_stock;2.00;
2026-10-04 06:52;7856;playboy-energy-drink-naughty-berry-330-ml;-25;out_of_stock;2.00;
2026-10-04 06:52;7857;playboy-energy-drink-tropic-passion-330-ml;15;in_stock;2.00;
2026-10-04 06:52;7858;bomba-blue-energy-drink-250-ml;0;out_of_stock;2.00;
2026-10-04 06:52;7860;bomba-pink-energy-drink-250-ml;14;in_stock;2.00;
2026-10-04 06:52;7862;bomba-classic-energy-drink-250-ml;0;out_of_stock;2.00;
2026-10-04 06:52;7863;copy-bomba-classic-energy-drink-250-ml;14;in_stock;2.00;
2026-10-04 06:52;7864;mms-peanut-82-g;-14;out_of_stock;1.99;
2026-10-04 06:52;7865;mms-chocolate-82-g;31;in_stock;1.99;
2026-10-04 06:52;7868;mars-miniature-250p-2.5-kg;7;in_stock;83.49;
2026-10-04 06:52;7869;monster-juiced-viking-berry-500-ml;-17;out_of_stock;3.00;
2026-10-04 06:52;7870;monster-rehab-tea-peach-500-ml;-1;out_of_stock;3.00;
2026-10-04 06:52;7871;monster-energy-vr46-zero-sugar-500-ml;13;in_stock;3.00;
2026-10-04 06:52;7872;mega-monster-energy-553-ml;1;in_stock;3.00;
2026-10-04 06:52;7874;coca-cola-zero-zero-330-ml;91;in_stock;1.50;
2026-10-04 06:52;7876;croky-snackbar-boulette-apero-130-g;9;in_stock;2.49;
2026-10-04 06:52;7877;calypso-berry-bloom-sans-sucre-330-ml;8;in_stock;2.00;
2026-10-04 06:52;7878;calypso-blood-orange-breeze-sans-sucre-330-ml;4;in_stock;2.00;
2026-10-04 06:52;7879;calypso-apple-oasis-sans-sucre-330-ml;8;in_stock;2.00;
2026-10-04 06:52;7880;frisia-levres-rouges-2-kg;16;in_stock;14.99;
2026-10-04 06:52;7884;felko-mega-gummies-macaron-120-g;0;out_of_stock;2.99;
2026-10-04 06:52;7894;van-holtens-pickle-puffed-snacks-saveur-ail-garlic-joe-90-g;-1;out_of_stock;3.99;
2026-10-04 06:52;7895;van-holtens-pickle-puffed-snacks-saveur-cornichon-aneth-big-papa-90-g;-1;out_of_stock;3.99;
2026-10-04 06:52;7896;van-holtens-pickle-puffed-snacks-saveur-cornichon-piquant-hot-mama-90-g;3;in_stock;3.99;
2026-10-04 06:52;7897;kinder-maxi-42-g;19;in_stock;1.49;
2026-10-04 06:52;7901;maxi-rainbow-pops-sucettes-100-p-2-kg;0;out_of_stock;45.99;
2026-10-04 06:52;7905;nestle-nesquik-barre-gaufrette-chocolat-26-g;16;in_stock;0.99;
2026-10-04 06:52;7906;dr-fire-flamin-dragon-chips-piquantes-80-g;0;out_of_stock;3.49;
2026-10-04 06:52;7907;dr-fire-after-burner-chips-extra-piquantes-80-g;0;out_of_stock;3.49;
2026-10-04 06:52;7908;dr-fire-cheesy-jalapeno-chips-fromage-piment-80-g;-1;out_of_stock;3.49;
2026-10-04 06:52;7910;pringles-classic-m5-saveur-steak-et-foie-gras-80-g;9;in_stock;4.99;
2026-10-04 06:52;7914;felko-mega-gummies-petit-dejeuner-anglais-bonbons-120-g;9;in_stock;2.99;
2026-10-04 06:52;7917;capri-sun-ice-pops-fruit-mix-10-x-40-ml;110;in_stock;3.99;
2026-10-04 06:52;7928;mega-moustache-lollipops-15-g;25;in_stock;0.99;
2026-10-04 06:52;7929;candy-fountain-gel-candy-51-g-x-12;1;in_stock;10.99;
2026-10-04 06:52;7930;candy-fountain-gel-candy-51-g;15;in_stock;0.99;
2026-10-04 06:52;7931;screamers-gummy-shake-snack-70-g-x-12;19;in_stock;22.49;
2026-10-04 06:52;7932;screamers-gummy-shake-snack-70-g;1;in_stock;1.99;
2026-10-04 06:52;7933;hot-rage-bonbons-assortis-50-g-x-24;-4;out_of_stock;20.49;
2026-10-04 06:52;7937;copy-hot-rage-bonbons-assortis-50-g-x-24;-2;out_of_stock;14.99;
2026-10-04 06:52;7939;pop-gun-lollipop-5-g-x-16;-3;out_of_stock;9.99;
2026-10-04 06:52;7941;jelly-gum-bubble-gum-gel-50-g-x-16;1;in_stock;11.49;
2026-10-04 06:52;7943;funny-candy-mallow-cream-35-g-x-12;3;in_stock;10.49;
2026-10-04 06:52;7945;myphone-candy-14-g-x-12;9;in_stock;10.49;
2026-10-04 06:52;7951;carambar-sucettes-156-g;16;in_stock;2.49;
2026-10-04 06:52;7957;milka-choco-biscuits-150-g;10;in_stock;2.49;
2026-10-04 06:52;7958;milka-choco-wafer-150-g;7;in_stock;3.49;
2026-10-04 06:52;7959;lutti-balls-fizz-2-kg;4;in_stock;19.49;
2026-10-04 06:52;7960;display-joris-curix-13-g-x-42;4;in_stock;92.99;
2026-10-04 06:52;7961;brets-chips-bbq-a-la-mexicaine-125-g;19;in_stock;2.69;
2026-10-04 06:52;7962;brets-chips-bbq-jalapeno-125-g;28;in_stock;2.69;
2026-10-04 06:52;7964;chips-brets-camembert-truffe-125-g;3;in_stock;2.69;
2026-10-04 06:52;7965;chips-brets-tajine-de-poulet-aux-epices-125-g;10;in_stock;2.69;
2026-10-04 06:52;7966;copy-chips-brets-tajine-de-poulet-aux-epices-125-g;35;in_stock;2.69;
2026-10-04 06:52;7967;mini-sucettes-fruits-lollywood-4-g-x-500;2;in_stock;30.99;
2026-10-04 06:52;7972;boite-jeu-stitch-avec-biscuits-pepites-de-chocolat-10-g;18;in_stock;3.99;
2026-10-04 06:52;7973;capsule-surprise-stitch-avec-biscuits-x2-11-g;7;in_stock;2.99;
2026-10-04 06:52;7974;copy-capsule-surprise-stitch-avec-biscuits-x2-11-g;1;in_stock;1.99;
2026-10-04 06:52;7979;dr-pepper-strawberries-cream-330-ml;0;out_of_stock;1.50;
2026-10-04 06:52;7980;batman-soda-drink-sour-green-apple-250-ml;38;in_stock;2.00;
2026-10-04 06:52;7983;superman-soda-drink-sour-blue-raspberry-250-ml;0;out_of_stock;2.00;
2026-10-04 06:52;7984;matchami-berry-berry-lady-250-ml;18;in_stock;3.50;
2026-10-04 06:52;7985;matchami-matcha-matcha-250-ml;14;in_stock;3.50;
2026-10-04 06:52;7986;estathe-peach-tea-330-ml;6;in_stock;2.00;
2026-10-04 06:52;7987;estathe-peche-400-ml;4;in_stock;4.00;
2026-10-04 06:52;7988;coca-pear-blossom-flavour-400-ml;15;in_stock;2.50;
2026-10-04 06:52;7991;buenos-dias-pate-a-tartiner-aux-noisettes-200-g;0;out_of_stock;4.49;
2026-10-04 06:52;7994;omg-bubble-tea-dragon-fruit-mood-mango-bubbles-265-ml;0;out_of_stock;3.99;
2026-10-04 06:52;7996;capri-sun-electrolytes-mango-peche-330-ml;-15;out_of_stock;2.50;
2026-10-04 06:52;7997;capri-sun-electrolytes-mure-framboise-330-ml;-17;out_of_stock;2.50;
2026-10-04 06:52;8002;tangle-garlic-oil-pasta-100-g;-1;out_of_stock;2.49;
2026-10-04 06:52;8003;tangle-creamy-bulgogi-flavour-pasta-105-g;0;out_of_stock;2.49;
2026-10-04 06:52;8004;tangle-creamy-mushroom-flavour-pasta-105-g;0;out_of_stock;2.49;
2026-10-04 06:52;8005;tangle-chunky-tomato-pasta-105-g;0;out_of_stock;2.49;
2026-10-04 06:52;8006;samyang-buldak-nouilles-plates-original-1555-g;0;out_of_stock;4.99;
2026-10-04 06:52;8009;ollys-sweet-chilli-pretzel-thins-140-g;0;out_of_stock;3.49;
2026-10-04 06:52;8011;ollys-sour-cream-onion-pretzel-thins-140-g;0;out_of_stock;3.49;
2026-10-04 06:52;8012;lays-fresh-baked-rice-cracker-original-80-g;2;in_stock;3.49;
2026-10-04 06:52;8014;lays-deep-squid-70-g;15;in_stock;3.49;
2026-10-04 06:52;8016;reeses-chocolate-lava-big-cup-16-x-79-g-1.27-kg;0;in_stock;58.49;
2026-10-04 06:52;8017;reeses-big-cup-strawberry-pbj-16-x-79-g-1.27-kg;0;in_stock;58.49;
2026-10-04 06:52;8018;reeses-chocolate-lava-big-cup-79-g;4;in_stock;3.49;
2026-10-04 06:52;8020;mms-peanut-200-g;-3;out_of_stock;1.99;
2026-10-04 06:52;8023;iconiksweet-pop-in-chicken-chocolate-saveur-pistache-50-g;1;in_stock;3.49;
2026-10-04 06:52;8024;iconiksweet-pop-in-chicken-chocolate-saveur-fraise-50-g;-10;out_of_stock;3.49;
2026-10-04 06:52;8026;hitschies-hitschies-original-mix-150-g;0;out_of_stock;3.49;
2026-10-04 06:52;8027;nippers-sour-candy-crunch-grape-cherry-50-g;184;in_stock;1.49;
2026-10-04 06:52;8029;bardollini-matcha-rolls-green-tea-flavour-120-g;13;in_stock;2.99;
2026-10-04 06:52;8034;bazooka-juicy-drop-gummies-xtreme-sour-gel-57g;21;in_stock;3.99;
2026-10-04 06:52;8037;copy-ovidias-assortiment-de-pralines-belges-edition-printemps-250-g;38;in_stock;7.99;
2026-10-04 06:52;8039;pops-ice-tea-saveur-goyave-330-ml;29;in_stock;3.00;
2026-10-04 06:52;8047;red-bull-the-summer-edition-sudachi-citron-vert-250-ml;-19;out_of_stock;2.00;
2026-10-04 06:52;8052;copy-sweet-party-spaghetti-cola-citrique-1-kg;15;in_stock;9.99;
2026-10-04 06:52;8053;vidal-tranches-kiwi-reglisse-1-kg;-1;in_stock;6.99;
2026-10-04 06:52;8055;croky-explosions-paprika-40-g;11;in_stock;0.99;
2026-10-04 06:52;8058;lollywood-papillons-fraise-550-g;4;in_stock;10.49;
2026-10-04 06:52;8059;cote-dor-baton-double-lait-32-x-46-g;2;in_stock;44.99;
2026-10-04 06:52;8060;cote-dor-baton-chocolat-au-lait-noisette-entiere-32-x-45-g;0;in_stock;50.49;
2026-10-04 06:52;8061;cote-dor-baton-chocolat-au-lait-32-x-47-g;-1;in_stock;44.99;
2026-10-04 06:52;8063;cote-dor-baton-chocolat-au-lait-banane-32-x-475-g;1;in_stock;44.99;
2026-10-04 06:52;8065;cote-dor-baton-chocolat-noir-noisette-32-x-45-g;0;in_stock;50.49;
2026-10-04 06:52;8066;cote-dor-baton-chocolat-blanc-praline-32-x-46-g;0;in_stock;44.99;
2026-10-04 06:52;8067;cote-dor-baton-chocolat-lait-coco-32-x-44-g;0;in_stock;44.99;
2026-10-04 06:52;8068;cote-dor-baton-chocolat-lait-noisettes-32-x-45-g;1;in_stock;44.99;
2026-10-04 06:52;8069;bifi-roll-24-x-45-g;-2;in_stock;35.49;
2026-10-04 06:52;8072;bifi-the-original-20-g;91;in_stock;0.99;
2026-10-04 06:52;8073;bifi-the-original-40-x-20-g;-3;in_stock;30.99;
2026-10-04 06:52;8074;pringles-cheese-onion-165-g;42;in_stock;3.49;
2026-10-04 06:52;8075;hitschies-blue-sour-1-kg;33;in_stock;15.49;
2026-10-04 06:52;8076;carlier-nougat-aux-pistaches-12-x-100-g;4;in_stock;35.49;
2026-10-04 06:52;8078;milka-choco-cow-120-g;0;out_of_stock;1.99;
2026-10-04 06:52;8080;doritos-mexican-style-taco-flavour-170-g;5;in_stock;2.99;
2026-10-04 06:52;8081;feastables-cookies-creme-60-g;-7;in_stock;2.99;
2026-10-04 06:52;8082;feastables-cookies-creme-10-x-60-g;1;in_stock;26.99;
2026-10-04 06:52;8083;feastables-caramel-10-x-60-g;4;in_stock;26.99;
2026-10-04 06:52;8085;feastables-milk-chocolate-10-x-60-g;5;in_stock;26.99;
2026-10-04 06:52;8086;feastables-milk-chocolate-60-g;14;in_stock;2.99;
2026-10-04 06:52;8087;pringles-burger-king-chicken-royale-165-g;-4;out_of_stock;5.99;
2026-10-04 06:52;8088;pringles-burger-king-bacon-double-cheese-xl-165-g;4;in_stock;5.99;
2026-10-04 06:52;8089;copy-samyang-buldak-nouilles-plates-original-1555-g;0;out_of_stock;3.49;
2026-10-04 06:52;8092;pringles-original-40-g;0;out_of_stock;1.50;
2026-10-04 06:52;8093;pringles-texas-bbq-sauce-40-g;0;out_of_stock;1.50;
2026-10-04 06:52;8095;pringles-sour-cream-onion-40-g;0;out_of_stock;1.50;
2026-10-04 06:52;8096;pringles-hot-spicy-40-g;1;in_stock;1.50;
2026-10-04 06:52;8097;kinder-bueno-dark-30-x-43-g;0;out_of_stock;64.99;
2026-10-04 06:52;8098;kinder-bueno-dark-43-g;21;in_stock;2.49;
2026-10-04 06:52;8100;frisia-bouteille-cola-citrique-1.5-kg;32;in_stock;10.49;
2026-10-04 06:52;8106;copy-sakura-latte-cherry-blossom-flavour-90-g;18;in_stock;4.49;
2026-10-04 06:52;8112;arizona-spicy-mucho-mango-with-mikes-hot-honey-650-ml;0;out_of_stock;3.49;
2026-10-04 06:52;8116;schweppes-virgin-orange-spritz-330-ml;4;in_stock;2.00;
2026-10-04 06:52;8118;fanta-orange-500-ml;58;in_stock;3.00;
2026-10-04 06:52;8122;schweppes-grenade-300-ml;-3;out_of_stock;3.00;
2026-10-04 06:52;8123;kitkat-chunky-caramel-24-x-40-g;24;in_stock;51.49;
2026-10-04 06:52;8124;kitkat-chunky-caramel-40-g;1;in_stock;2.49;
2026-10-04 06:52;8125;cadbury-dairy-milk-biscoff-more-195-g;1;in_stock;5.49;
2026-10-04 06:52;8137;milka-choco-creme-260-g;12;in_stock;2.99;
2026-10-04 06:52;8141;frisk-pastilles-sans-sucre-gout-menthe-poivree-35-g;-4;out_of_stock;2.49;
2026-10-04 06:52;8147;frisk-defense-clean-breath-orange-mint-zinc-vitamin-c-12-x-35-g;2;in_stock;27.00;
2026-10-04 06:52;8148;frisk-defense-clean-breath-orange-mint-zinc-vitamin-c-35-g;-1;out_of_stock;2.99;
2026-10-04 06:52;8149;sweet-party-barbe-a-papa-20-g;-1;in_stock;0.99;
2026-10-04 06:52;8150;snickers-creamy-peanut-butter-24-x-365-g;4;in_stock;21.99;
2026-10-04 06:52;8151;coca-cola-cherry-float-330-ml;-48;out_of_stock;2.00;
2026-10-04 06:52;8152;capri-sun-cherry-pomegranate-330-ml;42;in_stock;2.50;
2026-10-04 06:52;8153;capri-sun-mango-maracuja-330-ml;39;in_stock;2.50;
2026-10-04 06:52;8155;sour-patch-kids-original-99-g;1;in_stock;3.49;
2026-10-04 06:52;8156;caraibos-lychee-33-cl;12;in_stock;2.50;
2026-10-04 06:52;8157;caraibos-banana-33-cl;20;in_stock;2.50;
2026-10-04 06:52;8158;royal-family-mochi-chocolate-flavor-120-g;10;in_stock;4.99;
2026-10-04 06:52;8163;brainrot-soda-ballerina-cappuccina-250-ml;26;in_stock;3.00;
2026-10-04 06:52;8170;copy-kitkat-chunky-white---40-g;3;in_stock;33.99;
2026-10-04 06:52;8174;carlier-nougat-amande-noisette-12-x-100-g;1;in_stock;35.49;
2026-10-04 06:52;8177;nutella-biscuits-10-x-193-g;0;in_stock;41.49;
2026-10-04 06:52;8178;kinder-tronky-20-x-90-g;1;in_stock;63.49;
2026-10-04 06:52;8179;kinder-cards-30-x-256-g;1;in_stock;25.99;
2026-10-04 06:52;8182;cote-dor-bouchee-lait-48-x-25-g;-2;in_stock;76.49;
2026-10-04 06:52;8183;copy-mms-chocolate-82-g;0;in_stock;42.99;
2026-10-04 06:52;8187;tic-tac-two-framboise-citron-16-x-385-g;0;in_stock;55.49;
2026-10-04 06:52;8188;tic-tac-gout-ananas-et-fruit-de-la-passion-16-x-49-g;0;in_stock;41.49;
2026-10-04 06:52;8189;tic-tac-orange-16-x-49-g;17;in_stock;41.49;
2026-10-04 06:52;8190;tic-tac-festival-16-x-49-g;0;in_stock;41.49;
2026-10-04 06:52;8191;tic-tac-menthe-16-x-49-g;0;in_stock;41.49;
2026-10-04 06:52;8192;tic-tac-menthe-intense-16-x-49-g;0;in_stock;55.49;
2026-10-04 06:52;8193;bebeto-bonbons-banane-halal-2-kg;28;in_stock;5.99;
2026-10-04 06:52;8202;felko-mega-gummies-pilon-de-poulet-cola-fraise-10-x-120-g;0;out_of_stock;26.99;
2026-10-04 06:52;8205;felko-mega-gummies-hot-dog-13-x-120-g;0;in_stock;35.49;
2026-10-04 06:52;8206;felko-mega-gummies-american-donut-13-x-120-g;0;in_stock;35.49;
2026-10-04 06:52;8207;felko-mega-gummies-french-croissant-11-x-120-g;0;in_stock;29.99;
2026-10-04 06:52;8208;felko-mega-gummies-american-milkshake-9-x-120-g;0;in_stock;24.49;
2026-10-04 06:52;8209;felko-mega-gummies-poisson-fraise-14-x-120-g;0;in_stock;37.99;
2026-10-04 06:52;8210;felko-mega-gummies-bubble-tea-12-x-120-g;0;in_stock;32.49;
2026-10-04 06:52;8211;felko-mega-gummies-ice-cream-17-x-120-g;0;in_stock;45.99;
2026-10-04 06:52;8213;felko-mega-gummies-noodles-10-x-120-g;0;in_stock;26.99;
2026-10-04 06:52;8214;felko-mega-gummies-english-breakfast-candy-13-x-120-g;0;in_stock;35.49;
2026-10-04 06:52;8215;felko-mega-gummies-macaron-13-x-120-g;0;in_stock;35.49;
2026-10-04 06:52;8216;felko-holland-mega-gummies-american-fries-11-x-120-g;0;in_stock;29.99;
2026-10-04 06:52;8219;felko-mega-gummies-japanese-sushi-13-x-120-g;0;in_stock;35.49;
2026-10-04 06:52;8221;dr.-sour-shock-balls-24-x-72-g;1;in_stock;54.49;
2026-10-04 06:52;8222;felko-dinosaur-lollipop-24-x-50-g;1;in_stock;41.99;
2026-10-04 06:52;8224;felko-sucette-emoji-24-x-40-g;0;in_stock;30.49;
2026-10-04 06:52;8225;felko-sucette-pasteque-24-x-50-g;0;in_stock;35.49;
2026-10-04 06:52;8226;felko-multicolored-poo-lollipop-16-x-65-g;0;in_stock;27.99;
2026-10-04 06:52;8233;trolli-big-burger-180-x-50-g;4;in_stock;232.99;
2026-10-04 06:52;8235;joris-carre-menthe-16-x-125-g;3;in_stock;21.49;
2026-10-04 06:52;8236;joris-souris-16-x-125-g;16;in_stock;21.49;
2026-10-04 06:52;8237;joris-souris-noire-16-x-125-g;1;in_stock;21.49;
2026-10-04 06:52;8238;joris-belga-16-x-130-g;1;in_stock;21.49;
2026-10-04 06:52;8242;debron-winegums-sans-sucres-1-kg;9;in_stock;14.99;
2026-10-04 06:52;8248;bubs-skalle-framboise-acide-90-g;21;in_stock;2.99;
2026-10-04 06:52;8249;bubs-ovals-acides-gout-fraise-vanille-90-g;15;in_stock;2.99;
2026-10-04 06:52;8250;bubs-skalle-acidule-saveurs-citronnees-fruitees-90-g;7;in_stock;2.99;
2026-10-04 06:52;8251;bubs-skalle-acidule-framboise-reglisse-salee-90-g;16;in_stock;2.99;
2026-10-04 06:52;8253;chupa-chups-the-best-of-sucettes-assorties-120-g;3;in_stock;1.99;
2026-10-04 06:52;8257;mega-gummies-colossal-cola-2-kg;0;in_stock;23.49;
2026-10-04 06:52;8262;capri-sun-monster-alarm-sour-soft-chews-147-g;0;out_of_stock;4.99;
2026-10-04 06:52;8263;capri-sun-soft-chews-fruit-mix-147-g;0;out_of_stock;4.99;
2026-10-04 06:52;8264;nippers-bonbon-croquant-acidule-pasteque-fraise-50-g;167;in_stock;1.49;
2026-10-04 06:52;8265;nerds-juicy-gummy-clusters-punch-a-la-fraise-75-g;0;out_of_stock;3.99;
2026-10-04 06:52;8267;cote-dor-mignonnette-mix-3-kg;-1;out_of_stock;37.09;
2026-10-04 06:52;8268;cote-dor-mignonnette-lait-3-kg;-8;out_of_stock;34.99;
2026-10-04 06:52;8269;vidal-tranches-de-pasteque-sucrees-1-kg;33;in_stock;8.99;
2026-10-04 06:52;8270;capri-sun-mystic-dragon-200-ml;6;in_stock;1.00;
2026-10-04 06:52;8271;capri-sun-orange-200-ml;3;in_stock;1.00;
2026-10-04 06:52;8272;milka-choco-moo-biscuits-au-chocolat-24-x-40-g;0;in_stock;26.49;
2026-10-04 06:52;8275;brets-la-chips-de-crepes-nature-50-g;0;out_of_stock;2.99;
2026-10-04 06:52;8284;lays-creamy-forest-mushroom-130-g;0;out_of_stock;2.99;
2026-10-04 06:52;8288;estathe-limone-330-ml;18;in_stock;2.00;
2026-10-04 06:52;8290;royal-mochi-peanut-butter-120-g;-1;out_of_stock;4.99;
2026-10-04 06:52;8291;copy-royal-mochi-caramel-beurre-sale-180-g;3;in_stock;5.99;
2026-10-04 06:52;8321;hitschies-langues-de-dragon-acidulees-crispies-270-g;0;out_of_stock;3.99;
2026-10-04 06:52;8326;fanta-mango-330-ml;20;in_stock;2.00;
2026-10-04 06:52;8327;matcha-coconut-90-g;16;in_stock;4.49;
2026-10-04 06:52;8328;matcha-latte-classic-90-g;14;in_stock;4.49;
2026-10-04 06:52;8330;kinder-milkredible-chocolate-234-g;0;out_of_stock;2.99;
2026-10-04 06:52;8331;kinder-milkredible-white-234-g;0;out_of_stock;2.99;
2026-10-04 06:52;8335;lays-ondulees-saveur-steak-grille-a-la-flamme-120-g;9;in_stock;2.99;
2026-10-04 06:52;8336;lays-saveur-poulet-au-thym-inspiration-france-120-g;6;in_stock;2.99;
2026-10-04 06:52;8337;lays-saveur-poulet-frit-inspiree-par-kfc-120-g;35;in_stock;2.99;
2026-10-04 06:52;8338;lays-saveur-pizza-pepperoni-inspiree-par-pizza-hut-120-g;2;in_stock;2.99;
2026-10-04 06:52;8346;frisia-yeux-bleus-15-kg;-1;in_stock;9.99;
2026-10-04 06:52;8347;haribo-big-bag-passion-fruit-party-1-kg;26;in_stock;9.99;
2026-10-04 06:52;8348;frisia-sour-cola-briquettes-2-kg;5;in_stock;14.99;
2026-10-04 06:52;8349;frisia-strawberry-briquettes-2-kg;6;in_stock;14.99;
2026-10-04 06:52;8404;the-organics-by-red-bull-tonic-water-250-ml;0;out_of_stock;3.50;
2026-10-04 06:52;8405;copy-the-organics-by-red-bull-tonic-water-250-ml;-2;out_of_stock;3.50;
2026-10-04 06:52;8409;kitkat-the-hero-tutti-frutti-415-g;-1;out_of_stock;2.49;
2026-10-04 06:52;8411;nerds-gummy-clusters-cerise-framboise-touchdown-113-g;10;in_stock;3.49;
2026-10-04 06:52;8412;mississippi-belle-original-all-american-pancake-mix-454-g;-1;out_of_stock;5.99;
2026-10-04 06:52;8417;football-candy-clap-12-x-15-g;3;in_stock;9.99;
2026-10-04 06:52;8418;football-candy-clap-15-g;7;in_stock;1.49;
2026-10-04 06:52;8419;yoyo-candy-12-x-26-g;4;in_stock;17.99;
2026-10-04 06:52;8420;yoyo-candy-26-g;11;in_stock;1.49;
2026-10-04 06:52;8421;football-spray-12-x-30-ml;1;in_stock;18.49;
2026-10-04 06:52;8423;copy-frisia-strawberry-briquettes-2-kg;9;in_stock;14.99;
2026-10-04 06:52;8426;brets-ail-confit-et-herbes-de-provence-125g;36;in_stock;2.69;
2026-10-04 06:52;8427;brets-oignons-caramelises-et-vinaigre-balsamique-125-g;14;in_stock;2.69;
2026-10-04 06:52;8430;fanta-mango-500-ml;25;in_stock;3.00;
2026-10-04 06:52;8431;fanta-fruit-twist-500-ml;6;in_stock;3.00;
2026-10-04 06:52;8432;san-pellegrino-ciao-pesca-33-cl;23;in_stock;2.00;
2026-10-04 06:52;8434;snickers-mousse-de-maracuja-42-g;16;in_stock;2.49;
2026-10-04 06:52;8435;croky-explosions-sel-poivre-40-g;26;in_stock;0.99;
2026-10-04 06:52;8436;doritos-bits-gout-pizza-pepperoni-35-g;88;in_stock;0.99;
2026-10-04 06:52;8437;sweet-party-barbe-a-papa-bubble-gum-40-g;-13;in_stock;1.99;
2026-10-04 06:52;8438;dr-pepper-zero-sugar-33-cl;80;in_stock;1.50;
2026-10-04 06:52;8439;crispy-noodle-snacks-curry-ramen-flavour-60-g;10;in_stock;2.49;
2026-10-04 06:52;8447;krusty-krunch-popcorn-crushed-coconut-140-g;6;in_stock;4.99;
2026-10-04 06:52;8449;krusty-krunch-popcorn-krispy-peanut-140-g;17;in_stock;4.99;
2026-10-04 06:52;8450;krusty-krunch-popcorn-classic-caramel-120-g;5;in_stock;4.99;
2026-10-04 06:52;8451;krusty-krunch-popcorn-smashed-strawberry-140-g;21;in_stock;4.99;
2026-10-04 06:52;8459;tokimeki-peelable-fluffy-bread-banane-65-g;-2;in_stock;3.49;
2026-10-04 06:52;8460;tokimeki-peelable-fluffy-bread-mango-flavour-50-g;5;in_stock;3.49;
2026-10-04 06:52;8467;lays-chips-gout-kumquat-56-g;7;in_stock;3.49;
2026-10-04 06:52;8469;rituel-saveur-peche-33-cl;13;in_stock;5.99;
2026-10-04 06:52;8470;rituel-framboise-33-cl;17;in_stock;5.99;
2026-10-04 06:52;8471;rituel-blanche-originale-33-cl;26;in_stock;5.99;
2026-10-04 06:52;8472;rituel-gingembre-33-cl;28;in_stock;5.99;
2026-10-04 06:52;8475;mountain-dew-pitch-black-330-ml;22;in_stock;2.50;
2026-10-04 06:52;8476;omg-bubble-tea-bubble-gum-sour-blast-lychee-bubbles-265-ml;8;in_stock;3.99;
2026-10-04 06:52;8477;omg-bubble-tea-passion-fruit-popping-apple-flavour-bubbles-270-ml;19;in_stock;3.99;
2026-10-04 06:52;8478;skittles-flavour-flip-136-g;6;in_stock;3.49;
2026-10-04 06:52;8480;copy-oreo-cup-30-g;17;in_stock;2.49;
2026-10-04 06:52;8491;lutti-party-toppers-1-kg;3;in_stock;7.99;
2026-10-04 06:52;8493;frisia-sour-cola-skulls-2-kg;11;in_stock;14.99;
2026-10-04 06:52;8495;frisia-sour-bubblegum-skulls-2-kg;9;in_stock;14.99;
2026-10-04 06:52;8497;frisia-sour-tunes-2-kg;17;in_stock;14.99;
2026-10-04 06:52;8502;frisia-sour-mini-ufo-1.25-kg;16;in_stock;9.99;
2026-10-04 06:52;8504;frisia-outils-en-reglisse-3-kg;-2;in_stock;19.99;
2026-10-04 06:52;8506;yippy-fraise-330-ml;-43;in_stock;2.00;
2026-10-04 06:52;8509;monin-saveur-chocolat-ruby-70-cl;34;in_stock;13.99;
2026-10-04 06:52;8518;copy-joris-meli-melo-blanc-ananas-25-kg;6;in_stock;18.49;
2026-10-04 06:52;8519;roothooft-candy-coffee-1-kg;3;in_stock;15.99;
2026-10-04 06:52;8521;vidal-bombes-acidulees-framboise-bleue-1-kg;-6;in_stock;7.99;
2026-10-04 06:52;8523;reeses-miniature-cups-131-g;2;in_stock;5.49;
2026-10-04 06:52;8524;dulceplus-outils-bleus-super-acides-1-kg;-2;out_of_stock;6.99;
2026-10-04 06:52;8525;croky-bolognese-40-g;-81;in_stock;0.99;
2026-10-04 06:52;8526;croky-pickles-40-g;-9;in_stock;0.99;
2026-10-04 06:52;8527;croky-ketchup-40-g;-22;in_stock;0.99;
2026-10-04 06:52;8528;croky-bicky-40-g;-23;in_stock;0.99;
2026-10-04 06:52;8530;croky-paprika-40-g;-21;in_stock;0.99;
2026-10-04 06:52;8533;7-stick-jellies-ananas-sucres-1-kg;3;in_stock;6.99;
2026-10-04 06:52;8534;7-stick-jellies-dents-1-kg;5;in_stock;6.99;
2026-10-04 06:52;8535;7-stick-jellies-dents-de-dracula-1-kg;7;in_stock;6.99;
2026-10-04 06:52;8538;frisk-fresh-effect-strong-menthol-35-g;17;in_stock;2.49;
2026-10-04 06:52;8539;coca-cola-original-taste-500-ml;42;in_stock;2.50;
2026-10-04 06:52;8540;coca-cola-zero-sugar-500-ml;3;in_stock;2.50;
2026-10-04 06:52;8543;schweppes-orange-passion-330-ml;34;in_stock;1.50;
2026-10-04 06:52;8547;vidal-tranches-de-reglisse-au-fruit-de-la-passion-1-kg;12;in_stock;6.99;
2026-10-04 06:52;8555;sprite-zero-sugar-mint-330-ml;16;in_stock;2.00;
2026-10-04 06:52;8556;lays-saveur-barbecue-ribs-inspiration-etats-unis-120-g;7;in_stock;2.99;
2026-10-04 06:52;8558;robot-pop-12-x-10-g;1;in_stock;10.99;
2026-10-04 06:52;8559;mentos-pure-fresh-mini-strawberry-24-g;1;in_stock;1.49;
2026-10-04 06:52;8563;durkee-fluff-marshmallow-213g;20;in_stock;4.49;
2026-10-04 06:52;8564;skittles-baies-sauvages-136-g;-4;out_of_stock;3.49;
2026-10-04 06:52;8565;skittles-tropical-136-g;11;in_stock;3.49;
2026-10-04 06:52;8566;cornets-gaufres-fourres-au-chocolat-noir-120-g;5;in_stock;3.99;
2026-10-04 06:52;8568;haribo-starmix-175-g;0;in_stock;2.99;
2026-10-04 06:52;8570;vidal-bonbons-gelifies-piments-1-kg;17;in_stock;7.49;
2026-10-04 06:52;8571;american-style-barbecue-marshmallows-300-g;2;in_stock;4.49;
2026-10-04 06:52;8574;moloko-mango-kalamansi-250-g;93;in_stock;1.50;
2026-10-04 06:52;8575;moloko-lemonade-250-ml;42;in_stock;1.50;
2026-10-04 06:52;8576;nippers-sour-candy-crunch-blue-razz-purple-razz-50-g;181;in_stock;1.49;
2026-10-04 06:52;8585;milka-xl-choco-cookies-184-g;0;out_of_stock;2.49;
2026-10-04 06:52;8586;trefin-cristal-3-kg;1;in_stock;35.99;
2026-10-04 06:52;8587;milka-choco-mini-stars-150-g;10;in_stock;1.49;
2026-10-04 06:52;8595;florbu-cookies-citron-130-g;16;in_stock;1.99;
2026-10-04 06:52;8596;florbu-mix-assortis-270-g;12;in_stock;4.49;
2026-10-04 06:52;8597;florbu-wafer-mix-270-g;14;in_stock;4.49;
2026-10-04 06:52;8605;gullon-gaufrettes-saveur-vanille-sans-sucres-ajoutes-180-g;25;in_stock;1.49;
2026-10-04 06:52;8608;gullon-zero-sandwich-fourre-saveur-yaourt-aux-cereales-completes-220-g;4;in_stock;2.49;
2026-10-04 06:52;8610;gullon-zero-biscuits-ronditas-enrobes-de-chocolat-noir-186-g;48;in_stock;2.49;
2026-10-04 06:52;8614;zero-no-sugar-added-twins-cocoa-sandwich-with-filling-210-g;19;in_stock;2.49;
2026-10-04 06:52;8615;choco-bom-cacao-chips-sans-gluten-120-g;8;in_stock;2.49;
2026-10-04 06:52;8617;mms-crispy-340-g;1;in_stock;8.99;
2026-10-04 06:52;8620;cookies-au-cacao-avec-pepites-de-chocolat-sans-gluten-200-g;5;in_stock;2.99;
2026-10-04 06:52;8621;copy-cookies-au-cacao-avec-pepites-de-chocolat-sans-gluten-200-g;4;in_stock;2.49;
2026-10-04 06:52;8628;bifi-hot-20-g;202;in_stock;0.99;
2026-10-04 06:52;8629;mms-minis-chocolat-176-g;56;in_stock;6.49;
2026-10-04 06:52;8631;dulceplus-outils-rouge-super-acide-1-kg;2;in_stock;6.99;
2026-10-04 06:52;8633;arizona-rizzler-berry-650-ml;17;in_stock;3.50;
2026-10-04 06:52;8634;arizona-cherry-lime-rickey-650-ml;20;in_stock;3.50;
2026-10-04 06:52;8635;arizona-apple-lime-rickey-650-ml;23;in_stock;3.50;
2026-10-04 06:52;8636;bubs-ovales-sucres-gout-banane-caramel-90-g;36;in_stock;2.99;
2026-10-04 06:52;8638;toppie-bonbon-en-cire-ours-fraise-40-g;10;in_stock;3.99;
2026-10-04 06:52;8641;long-chips-snack-de-pommes-de-terre-saveur-piment-ardent-75-g;67;in_stock;1.99;
2026-10-04 06:52;8642;long-chips-snack-de-pommes-de-terre-saveur-bacon-75-g;27;in_stock;1.99;
2026-10-04 06:52;8643;long-chips-snack-de-pommes-de-terre-saveur-creme-fraiche-oignon-75-g;57;in_stock;1.99;
2026-10-04 06:52;8644;long-chips-snack-de-pommes-de-terre-saveur-paprika-grille-75-g;79;in_stock;1.99;
2026-10-04 06:52;8645;long-chips-snack-de-pommes-de-terre-saveur-cornichon-aigre-doux-75-g;33;in_stock;1.99;
2026-10-04 06:52;8646;long-chips-snack-de-pommes-de-terre-saveur-crabe-75-g;50;in_stock;1.99;
2026-10-04 06:52;8647;long-chips-snack-de-pommes-de-terre-saveur-pizza-salami-75-g;49;in_stock;1.99;
2026-10-04 06:52;8648;long-chips-snack-de-pommes-de-terre-saveur-shish-kebab-75-g;68;in_stock;1.99;
2026-10-04 06:52;8649;long-chips-snack-de-pommes-de-terre-honey-bbq-75-g;62;in_stock;1.99;
2026-10-04 06:52;8650;long-chips-snack-de-pommes-de-terre-creamy-mushroom-75-g;39;in_stock;1.99;
2026-10-04 06:52;8651;vidal-bombes-pasteques-acidulees-1-kg;8;in_stock;7.99;
2026-10-04 06:52;8652;croky-ketchup-200-g;-13;in_stock;2.49;
2026-10-04 06:52;8655;sprite-china-the-citron-330-ml;25;in_stock;2.00;
2026-10-04 06:52;8656;omg-bubble-tea-raspberry-blueberry-flavor-bubbles-270-ml;14;in_stock;3.99;
2026-10-04 06:52;8657;royal-mochi-creme-vanille-120-g;19;in_stock;4.99;
2026-10-04 06:52;8658;royal-mochi-creamy-coconut-120-g;12;in_stock;4.99;
2026-10-04 06:52;8660;pringles-saveur-de-sauce-chili-douce-156-g;19;in_stock;5.49;
2026-10-04 06:52;8662;stitch-biscuits-fourres-saveur-fraise-50-g;39;in_stock;2.99;
2026-10-04 06:52;8663;stitch-biscuits-fourres-saveur-chocolat-50-g;36;in_stock;2.99;
2026-10-04 06:52;8665;trolli-wow-lactes-aux-fruits-1-kg;13;in_stock;8.99;
2026-10-04 06:52;8666;copy-trolli-wow-lactes-aux-fruits-1-kg;8;in_stock;8.99;
2026-10-04 06:52;8667;bifi-roll-xxl-poulet-70-g;92;in_stock;1.99;
2026-10-04 06:52;8669;coca-cola-vanille-500-ml;34;in_stock;2.50;
2026-10-04 06:52;8670;coca-cola-zero-sugar-lemon-taste-500-ml;15;in_stock;2.50;
2026-10-04 06:52;8671;coca-cola-cherry-taste-500-ml;-13;in_stock;2.50;
2026-10-04 06:52;8672;coca-cola-zero-zero-500-ml;-30;in_stock;2.50;
2026-10-04 06:52;8679;vitago-magic-fraise-200-ml;46;in_stock;1.00;
2026-10-04 06:52;8680;cornets-de-gaufrette-fourres-au-chocolat-blanc-a-la-fraise-120-g;12;in_stock;3.99;
2026-10-04 06:52;8683;cornets-de-gaufrette-fourres-a-la-creme-de-noisette-et-au-chocolat-au-lait-120-g;1;in_stock;3.99;
2026-10-04 06:52;8684;cornets-de-gaufrette-fourres-au-beurre-de-cacahuete-et-au-chocolat-au-lait-120-g;1;in_stock;3.99;
2026-10-04 06:52;8685;cornets-de-gaufrette-fourres-au-caramel-et-au-chocolat-au-lait-120-g;25;in_stock;3.99;
2026-10-04 06:52;8690;copy-sprite-lemon-lime-500-ml;22;in_stock;2.50;
2026-10-04 06:52;8691;copy-haribo-chamallows-rainbollows-175-g;6;in_stock;2.99;
2026-10-04 06:52;8692;haribo-marshmallow-rubino-175g;16;in_stock;2.99;
2026-10-04 06:52;8693;bifi-ranger-60-g;13;in_stock;1.99;
2026-10-04 06:52;8694;bifi-currywurst-60-g;28;in_stock;1.99;
2026-10-04 06:52;8695;bifi-chorizo-xl-26-g;55;in_stock;1.49;
2026-10-04 06:52;8696;bifi-original-xxl-40-g;112;in_stock;1.49;
2026-10-04 06:52;8697;twix-noisette-xtra-75-g;226;in_stock;1.49;
2026-10-04 06:52;8698;bifi-tasty-bites-thai-hot-chili-salami-50-g;13;in_stock;3.99;
2026-10-04 06:52;8699;copy-bifi-tasty-bites-thai-hot-chili-salami-50-g;32;in_stock;3.99;
2026-10-04 06:52;8700;bifi-tasty-bites-italian-parmesan-thyme-chicken-50-g;-7;in_stock;3.99;
2026-10-04 06:52;8708;bounty-secret-centre-biscuit-132-g;27;in_stock;4.49;
2026-10-04 06:52;8714;lays-algues-grillees-de-kyushu-59-g;1;in_stock;3.49;
2026-10-04 06:52;8726;frisia-vegan-foam-smiles-pomme-1.25-k;8;in_stock;9.99;
2026-10-04 06:52;8727;frisia-vegan-foam-smiles-framboise-vanille-125-kg;-1;in_stock;9.99;
2026-10-04 06:52;8728;nutella-biscuits-tube-166-g;13;in_stock;5.99;
2026-10-04 06:52;8729;carlier-nougat-amandes-50-g;32;in_stock;1.99;
2026-10-04 06:52;8730;frisk-peppermint-sugar-free-21-g;51;in_stock;2.49;
2026-10-04 06:52;8731;frisk-cleanbreath-peppermint-2-heures-35-g;16;in_stock;2.49;
2026-10-04 06:52;8732;copy-frisk-cleanbreath-peppermint-2-heures-35-g;11;in_stock;2.49;
2026-10-04 06:52;8734;buldak-ramen-3x-hot-chicken-140-g;6;in_stock;2.50;
2026-10-04 06:52;8735;buldak-ramen-quattro-cheese-hot-chicken-flavor-110-g;-16;out_of_stock;4.99;
2026-10-04 06:52;8736;temole-avocat-chips-sel-de-mer-40-g;9;in_stock;2.99;
2026-10-04 06:52;8738;matecito-framboise-menthe-330-ml;-2;in_stock;3.50;
2026-10-04 06:52;8741;stimorol-foil-original-14-g;29;in_stock;1.00;
2026-10-04 06:52;8742;stimorol-bubble-mint-14-g;27;in_stock;1.00;
2026-10-04 06:52;8743;warheads-sour-wheel-51-g;22;in_stock;1.49;
2026-10-04 06:52;8744;pate-a-tartiner-bounty-200-g;9;in_stock;3.99;
2026-10-04 06:52;8746;trefin-hopjes-3-kg;4;in_stock;34.99;
2026-10-04 06:52;8747;trefin-orfina-3-kg;3;in_stock;41.99;
2026-10-04 06:52;8748;trefin-cafina-3-kg;4;in_stock;34.99;
2026-10-04 06:52;8749;cornets-de-gaufrette-fourres-au-chocolat-au-lait-120-g;0;out_of_stock;3.99;
2026-10-04 06:52;8751;cornets-de-gaufrette-fourre-au-chocolat-blanc-120-g;-5;out_of_stock;3.99;
2026-10-04 06:52;8752;cornets-de-gaufrette-fourre-au-marshmallow-et-au-chocolat-lait-120-g;0;out_of_stock;3.99;
2026-10-04 06:52;8753;pocky-milk-flavour-40-g;23;in_stock;2.99;
2026-10-04 06:52;8754;pocky-milk-chocolat-au-lait-39-g;8;in_stock;2.99;
2026-10-04 06:52;8755;caraibos-ananas-33-cl;16;in_stock;2.50;
2026-10-04 06:52;8756;caraibos-mangue-33-cl;16;in_stock;2.50;
2026-10-04 06:52;8757;caraibos-tropical-33-cl;18;in_stock;2.50;
2026-10-04 06:52;8758;caraibos-goyave-33-cl;20;in_stock;2.50;
2026-10-04 06:52;8759;caraibos-coco-33-cl;8;in_stock;2.50;
2026-10-04 06:52;8762;jelly-pop-mr.-twister-challenge-60-g;-5;out_of_stock;4.99;
2026-10-04 06:52;8767;yopokki-carbonara-topokki-120-g;10;in_stock;2.99;
2026-10-04 06:52;8768;kitkat-ball-140-g;-3;in_stock;3.99;
2026-10-04 06:52;8771;frisia-ufo-300-g;-40;in_stock;4.99;
2026-10-04 06:52;8772;pringles-italian-style-pesto-165-g;19;in_stock;4.49;
2026-10-04 06:52;8773;pringles-mexican-style-spicy-salsa-165-g;29;in_stock;4.49;
2026-10-04 06:52;8774;pringles-canadian-style-sweet-smoky-bbq-165-g;24;in_stock;4.49;
2026-10-04 06:52;8781;pictolin-fresh-vitamine-c-sans-sucre-65-g;23;in_stock;1.49;
2026-10-04 06:52;8782;pictolin-cerise-creme-sans-sucre-65-g;19;in_stock;1.49;
2026-10-04 06:52;8785;copy-copy-lutti-dents-dracula-citrique---3-kg;2;in_stock;25.99;
2026-10-04 06:52;8788;bergen-cookies-japanese-cheesecake-128-g;38;in_stock;1.99;
2026-10-04 06:52;8791;trefin-vienna-3-kg;1;in_stock;32.99;
2026-10-04 06:52;8792;lutti-scoubidou-100-g;6;in_stock;1.99;
2026-10-04 06:52;8795;bounty-trio-85-g;63;in_stock;2.00;
2026-10-04 06:52;8797;fini-mini-mochis-90-g;-1;in_stock;1.49;
2026-10-04 06:52;8798;doritos-dinamita-flamin-hot-85-g;10;in_stock;1.99;
2026-10-04 06:52;8799;nescafe-americano-250-ml;68;in_stock;2.00;
2026-10-04 06:52;8816;trefin-ochok-3kg;3;in_stock;41.49;
2026-10-04 06:52;8820;nutella-peanut-375-g;168;in_stock;9.99;
2026-10-04 06:52;8832;vitago-airborne-bananepomme-200-ml;14;in_stock;1.00;
2026-10-04 06:52;8833;delief-rabokki-sweet-and-spicy-165-g;21;in_stock;3.99;
2026-10-04 06:52;8834;skittles-fruits-136-g;10;in_stock;3.49;
2026-10-04 06:52;8835;lays-buggles-cheese-snackbox-135-g;21;in_stock;4.99;
2026-10-04 06:52;8837;doritos-nacho-cheese-snackbox-140-g;24;in_stock;4.99;
2026-10-04 06:52;8839;capri-sun-multi-vitamines-330-ml;44;in_stock;2.50;
2026-10-04 06:52;8840;smarties-38-g;42;in_stock;1.49;
2026-10-04 06:52;8881;copy-kitkat-chunky-24-x-40-g;44;in_stock;1.49;
2026-10-04 06:52;8882;trolli-octopus-spicy-1-kg;19;in_stock;8.99;
2026-10-04 06:52;8883;copy-lutti-balls-fizz-2-kg;10;in_stock;17.99;
2026-10-04 06:52;8885;copy-copy-horror-finger-dip-18-x-40-g;23;in_stock;1.49;
2026-10-04 06:52;8886;copy-xl-gumball-machine-bubble-gum-12-x-120-g;4;in_stock;12.99;
2026-10-04 06:52;8891;long-chips-snack-de-pommes-de-terre-truffle-75-g;7;in_stock;1.99;
2026-10-04 06:52;8892;long-chips-snack-de-pommes-de-terre-chili-lime-and-seasalt-75-g;14;in_stock;1.99;
2026-10-04 06:52;8895;twix-crispy-rolls-5-x-225-g;-11;out_of_stock;3.99;
2026-10-04 06:52;8896;milkyway-crispy-rolls-5-x-225-g;-2;out_of_stock;3.99;
2026-10-04 06:52;8897;buldak-hot-sauce-extremely-spicy-165-ml;10;in_stock;5.99;
2026-10-04 06:52;8898;buldak-hot-sauce-carbonara-165-ml;8;in_stock;5.99;
2026-10-04 06:52;8904;dr-pepper-vanilla-float-en-verre-275-ml;5;in_stock;2.50;
2026-10-04 06:52;8905;lays-hot-chili-squid-90-g;14;in_stock;4.99;
2026-10-04 06:52;8907;croky-bolognese-rings-75-g;48;in_stock;1.99;
2026-10-04 06:52;8908;croky-barbecue-rings-75-g;32;in_stock;1.99;
2026-10-04 06:52;8910;choco-prince-gout-vanille-57-g;17;in_stock;1.49;
2026-10-04 06:52;8912;kinder-schokobons-300-g;131;in_stock;4.99;
2026-10-04 06:52;8914;copy-kinder-joy-one-piece-20-g;238;in_stock;3.49;
2026-10-04 06:52;8917;milka-leo-12-x-333-g;220;in_stock;4.99;
2026-10-04 06:52;8919;dr.-sweet-fingerfood-8-x-90-g;15;in_stock;16.99;
2026-10-04 06:52;8920;dr.-sweet-fingerfood-90-g;-5;out_of_stock;2.49;
2026-10-04 06:52;8921;copy-kinder-chocolat-20-x-50-g;91;in_stock;3.99;
2026-10-04 06:52;8922;copy-kinder-bueno-white---39-g-x-30-pices;151;in_stock;2.79;
2026-10-04 06:52;8924;kinder-maxi-10-x-21-g;321;in_stock;3.69;
2026-10-04 06:52;8925;milka-leo-chocolat-blanc-12-x-333-g;268;in_stock;5.99;
2026-10-04 06:52;8926;copy-milka-leo-go-48-g;275;in_stock;5.99;
2026-10-04 06:52;8927;kinder-surprise-fille-3-x-20-g;422;in_stock;2.99;
2026-10-04 06:52;8929;kinder-bueno-4-x-43-g;160;in_stock;2.79;
2026-10-04 06:52;8932;samyang-buldak-swisy-sweet-spicy-130-g;36;in_stock;3.49;
2026-10-04 06:52;8936;milka-mmmax-cachuete-caramel-46-g;32;in_stock;1.49;
2026-10-04 06:52;8951;snickers-duo-80-g;-1;in_stock;1.49;
2026-10-04 06:52;8952;twix-xtra-75-g;-1;in_stock;1.49;
2026-10-04 06:52;8956;copy-etna-assortis-guimauve-1.5-kg;99;in_stock;5.99;
2026-10-04 06:52;8958;copy-mars-pate-a-tartiner-200-g;-2;out_of_stock;5.49;
2026-10-04 06:52;8962;valise-halloween-aleatoire-mix-bonbons-250-g;33;in_stock;6.49;
2026-10-04 06:52;8963;copy-cornets-de-gaufrette-fourres-au-chocolat-au-lait-120-g;12;in_stock;3.99;
2026-10-04 06:52;8964;chocolas-chips-crispy-caramel-125-g;9;in_stock;3.99;
2026-10-04 06:52;8965;copy-chocolas-chips-crispy-caramel-125-g;11;in_stock;3.99;
2026-10-04 06:52;8966;copy-copy-chocolas-chips-crispy-caramel-125-g;10;in_stock;3.99;
2026-10-04 06:52;8967;chocolas-chips-crispy-nut-125-g;10;in_stock;3.99;
2026-10-04 06:52;8968;chocolas-chips-crispy-cacao-125-g;11;in_stock;3.99;
2026-10-04 06:52;8971;joris-souris-sans-sucre-130-g;13;in_stock;2.49;
2026-10-04 06:52;8974;florbu-gaufres-citron-150-g;11;in_stock;1.99;
2026-10-04 06:52;8975;florbu-gaufres-coco-150-g;9;in_stock;1.99;
2026-10-04 06:52;8979;gullon-digestive-choco-270-g;15;in_stock;2.99;
2026-10-04 06:52;8980;gullon-digestive-breakfast-216-g;13;in_stock;1.99;
2026-10-04 06:52;8981;gullon-sandwich-yogurt-220-g;16;in_stock;2.49;
2026-10-04 06:52;8988;valor-70-cacao-orange-100-g;14;in_stock;3.99;
2026-10-04 06:52;8989;copy-valor-70-cacao-orange-100-g;12;in_stock;3.99;
2026-10-04 06:52;8999;les-bonbons-delisabeth-gomme-violette-180-g;5;in_stock;2.99;
2026-10-04 06:52;9000;copy-copy-kitkat-chunky-24-x-40-g;23;in_stock;1.49;
2026-10-04 06:52;9001;coca-cola-light-330-ml;24;in_stock;2.00;
2026-10-04 11:52;326;dulceplus-ananas---1-kg;2;in_stock;6.99;
2026-10-04 11:52;329;dulceplus-banane-sucree---1-kg;0;out_of_stock;6.99;
2026-10-04 11:52;350;dulceplus-cerise---1-kg;0;out_of_stock;6.99;
2026-10-04 11:52;398;dulceplus-mini-bton-multicolore;-1;out_of_stock;6.99;
2026-10-04 11:52;404;dulceplus-mini-cble-fraise-crme---1-kg;2;in_stock;6.99;
2026-10-04 11:52;406;dulceplus-mix-fiesta-sucr---1-kg;2;in_stock;6.99;
2026-10-04 11:52;416;dulceplus-pomme-sucree---1-kg;9;in_stock;6.99;
2026-10-04 11:52;436;frisia-champignon-fruit---1250-kg;13;in_stock;9.99;
2026-10-04 11:52;438;frisia-bouteille-cola---15-kg;26;in_stock;10.99;
2026-10-04 11:52;441;frisia-bouteille-bubblegum-citrique---15-kg;12;in_stock;10.99;
2026-10-04 11:52;442;frisia-briquette-citrique---125-kg;14;in_stock;9.99;
2026-10-04 11:52;444;frisia-ttine-bleue-citrique---125-kg;-17;in_stock;9.99;
2026-10-04 11:52;445;frisia-stick-citrique---15-kg;8;in_stock;10.99;
2026-10-04 11:52;447;frisia-mini-langue-citrique---15-kg;18;in_stock;10.99;
2026-10-04 11:52;454;frisia-confetti---15-kg;-4;in_stock;10.99;
2026-10-04 11:52;458;frisia-fraise-sucree-15-kg;14;in_stock;10.99;
2026-10-04 11:52;459;frisia-fruit-sans-sucre---15-kg;7;in_stock;14.99;
2026-10-04 11:52;461;frisia-hot-lips-lvres---15-kg;4;in_stock;10.99;
2026-10-04 11:52;462;frisia-langue-cola---125-kg;10;in_stock;9.99;
2026-10-04 11:52;466;frisia-langue-fruits---125-kg;-12;in_stock;9.99;
2026-10-04 11:52;469;frisia-monstre---1250-kg;11;in_stock;9.99;
2026-10-04 11:52;471;frisia-ourson-sans-sucre-15-kg;7;in_stock;15.49;
2026-10-04 11:52;473;frisia-pinceaux---150-kg;10;in_stock;10.99;
2026-10-04 11:52;474;frisia-rocket-balls-fraise---200-picess;4;in_stock;14.49;
2026-10-04 11:52;477;frisia-rocket-balls-mre---200-pices;2;in_stock;14.49;
2026-10-04 11:52;479;frisia-rocket-balls-pastque---200-pices;13;in_stock;14.49;
2026-10-04 11:52;480;frisia-rocket-balls-pomme---200-pices;12;in_stock;14.49;
2026-10-04 11:52;482;frisia-serpent---15-kg;6;in_stock;10.99;
2026-10-04 11:52;488;frisia-souris---15-kg;8;in_stock;10.99;
2026-10-04 11:52;489;frisia-tortue---15-kg;1;in_stock;10.99;
2026-10-04 11:52;491;frisia-winegum---15-kg;6;in_stock;10.99;
2026-10-04 11:52;501;frisia-orque---15-kg;21;in_stock;10.99;
2026-10-04 11:52;508;frisia-cerise-citrique---15-kg;20;in_stock;10.99;
2026-10-04 11:52;517;arizona-green-tea-pomegranate---500-ml;19;in_stock;3.00;
2026-10-04 11:52;532;haribo-ourson-dor---1-kg;14;in_stock;8.99;
2026-10-04 11:52;536;haribo-pico-balla---1-kg;-25;in_stock;8.99;
2026-10-04 11:52;537;haribo-happy-cola-mini---1-kg;-10;in_stock;8.99;
2026-10-04 11:52;538;haribo-happy-cola-grand---1-kg;7;in_stock;8.99;
2026-10-04 11:52;554;vidal-anacondas---1-kg;0;in_stock;8.99;
2026-10-04 11:52;556;haribo-vers-luisants---1-kg;4;in_stock;8.99;
2026-10-04 11:52;558;haribo-balla-balla-red---1-kg;4;in_stock;8.99;
2026-10-04 11:52;559;haribo-croco;-34;in_stock;8.99;
2026-10-04 11:52;560;vidal-cerveau---1-kg;56;in_stock;8.99;
2026-10-04 11:52;562;vidal-citrouille---1-kg;43;in_stock;8.99;
2026-10-04 11:52;563;vidal-crne-mauve---1-kg;51;in_stock;8.99;
2026-10-04 11:52;567;vidal-jelly-creepy-11-x-6-pices;26;in_stock;19.99;
2026-10-04 11:52;568;haribo-rotella-fruit---1-kg;-3;in_stock;8.99;
2026-10-04 11:52;569;vidal-jelly-dino-11-x-6-pices;25;in_stock;19.99;
2026-10-04 11:52;571;vidal-jelly-ocean---11-x-6-pices;18;in_stock;19.99;
2026-10-04 11:52;572;haribo-grenouille---1-kg;8;in_stock;8.99;
2026-10-04 11:52;573;vidal-licorne---1-kg;8;in_stock;8.99;
2026-10-04 11:52;574;haribo-cerise-double---1-kg;-18;in_stock;8.99;
2026-10-04 11:52;575;vidal-os---1-kg;27;in_stock;8.99;
2026-10-04 11:52;576;haribo-maoam-kracher-fruit---1-kg;-13;out_of_stock;8.99;
2026-10-04 11:52;577;vidal-pirate---250-pices---15-kg;40;in_stock;12.99;
2026-10-04 11:52;584;vidal-yeux---1-kg;13;in_stock;8.99;
2026-10-04 11:52;596;verquin-souris-caramel---2-kg;7;in_stock;38.99;
2026-10-04 11:52;600;frisia-ufo-tubo---125-g;273;in_stock;3.99;
2026-10-04 11:52;601;twix-shake---350-ml;7;in_stock;2.50;
2026-10-04 11:52;606;twist-and-drink-framboise---20-cl;64;in_stock;1.49;
2026-10-04 11:52;607;twist-and-drink-fruits-des-bois---200-ml;3;in_stock;1.49;
2026-10-04 11:52;612;trolli-vache---1-kg;26;in_stock;8.99;
2026-10-04 11:52;613;trolli-twist-vers-enlacs---1-kg;-3;in_stock;8.99;
2026-10-04 11:52;614;trolli-souris---1-kg;3;in_stock;8.99;
2026-10-04 11:52;617;trolli-pieuvre---1-kg;-9;in_stock;8.99;
2026-10-04 11:52;618;trolli-pop-eye---4-pices---75-g;715;in_stock;2.49;
2026-10-04 11:52;621;trolli-pingouin---1-kg;12;in_stock;8.99;
2026-10-04 11:52;625;trolli-mini-burger---80-pices---800-g;15;in_stock;20.49;
2026-10-04 11:52;632;trolli-luciole-citrique---1-kg;4;in_stock;8.99;
2026-10-04 11:52;633;trolli-big-burger---50-g;-564;in_stock;1.50;
2026-10-04 11:52;634;trolli-fraise-en-mousse---1-kg;8;in_stock;8.99;
2026-10-04 11:52;635;trolli-dracula---1-kg;-8;in_stock;8.99;
2026-10-04 11:52;636;trolli-cerise---1-kg;8;in_stock;8.99;
2026-10-04 11:52;638;trolli-anneau-pomme---1-kg;-1;in_stock;8.99;
2026-10-04 11:52;639;trolli-anneau-pche---1-kg;13;in_stock;8.99;
2026-10-04 11:52;641;trolli-dinorex-citrique---150-g;0;out_of_stock;1.50;
2026-10-04 11:52;642;trolli-pizza---1-kg;17;in_stock;8.99;
2026-10-04 11:52;643;trolli-funiverse-sour-mix---1-kg;7;in_stock;8.99;
2026-10-04 11:52;647;trinketto---24-x-70-ml;330;in_stock;8.99;
2026-10-04 11:52;653;trefin-hartmint---200-g;15;in_stock;2.85;
2026-10-04 11:52;654;trefin-hartmint---3-kg;3;in_stock;32.79;
2026-10-04 11:52;655;trefin-eucalypto---175-g;4;in_stock;2.85;
2026-10-04 11:52;656;trefin-eclair---150-g;30;in_stock;2.85;
2026-10-04 11:52;658;trefin-cafina-175-g;-7;out_of_stock;2.99;
2026-10-04 11:52;660;warheads-sour-soda-pomme-verte---355-ml;11;in_stock;2.50;
2026-10-04 11:52;661;warheads-sour-soda-framboise-bleue---355-ml;-3;in_stock;2.50;
2026-10-04 11:52;665;tic-tac-menthe---49-g;7;in_stock;2.99;
2026-10-04 11:52;667;tic-tac-orange---49-g;-8;in_stock;2.99;
2026-10-04 11:52;678;lollywood-elphant-bleu---1-kg;34;in_stock;10.99;
2026-10-04 11:52;681;lollywood-btonnet-blancs-fraise---1-kg;5;in_stock;8.99;
2026-10-04 11:52;682;lollywood-btonnets-fraise---1-kg;23;in_stock;8.99;
2026-10-04 11:52;684;lollywood-btonnets-pomme---1-kg;18;in_stock;8.99;
2026-10-04 11:52;685;haribo-balla-balla-red-fizz---1-kg;15;in_stock;8.99;
2026-10-04 11:52;687;lollywood-btonnets-pomme-citrique---1-kg;9;in_stock;8.99;
2026-10-04 11:52;688;haribo-love-fizz---1-kg;5;in_stock;8.99;
2026-10-04 11:52;689;lollywood-btonnets-fraise-citrique---1-kg;12;in_stock;8.99;
2026-10-04 11:52;691;lollywood-btonnets-mix-citrique---1-kg;13;in_stock;8.99;
2026-10-04 11:52;698;frisia-bouteille-cola-citrique---3-kg;9;in_stock;19.99;
2026-10-04 11:52;702;haribo-rainbow-pixel-fizz---1-kg;15;in_stock;8.99;
2026-10-04 11:52;705;frisia-ourson-citrique---3-kg;-3;in_stock;19.99;
2026-10-04 11:52;707;haribo-cool-bananas---1-kg;11;in_stock;8.99;
2026-10-04 11:52;708;lollywood-dino---1-kg;-2;in_stock;10.99;
2026-10-04 11:52;710;frisia-bouteille-cherry-cola-citrique---3-kg;0;in_stock;19.99;
2026-10-04 11:52;711;lollywood-lacet-cola-citrique---1-kg;12;in_stock;8.99;
2026-10-04 11:52;713;haribo-coeur-framboise---1-kg;-6;in_stock;8.99;
2026-10-04 11:52;714;frisia-bouteille-milkshake---2-kg;6;in_stock;15.99;
2026-10-04 11:52;716;haribo-happy-cherry-fizz---1-kg;8;in_stock;8.99;
2026-10-04 11:52;717;lollywood-lacet-fraise-citrique---1-kg;6;in_stock;8.99;
2026-10-04 11:52;719;lollywood-lacet-framboise-citrique---1-kg;20;in_stock;8.99;
2026-10-04 11:52;720;frisia-vers-multicolore-citrique---3-kg;9;in_stock;19.99;
2026-10-04 11:52;722;lollywood-lacet-pomme-citrique---1-kg;-3;in_stock;8.99;
2026-10-04 11:52;724;frisia-bouteille-jumbo-bubblegum-citrique---3-kg;-8;in_stock;19.99;
2026-10-04 11:52;725;lollywood-revolvers-fruits---1-kg;7;in_stock;8.99;
2026-10-04 11:52;728;frisia-ttine-cola-citrique---3-kg;-3;in_stock;19.99;
2026-10-04 11:52;731;haribo-pasta-frutta---1-kg;20;in_stock;8.99;
2026-10-04 11:52;733;frisia-ttine-tropicale-citrique---3-kg;-2;in_stock;19.99;
2026-10-04 11:52;735;frisia-langue-bleue---3-kg;33;in_stock;19.99;
2026-10-04 11:52;737;fini-coeur-tricolore---1-kg;9;in_stock;9.99;
2026-10-04 11:52;739;frisia-fraise-sucre---3-kg;4;in_stock;19.99;
2026-10-04 11:52;741;haribo-pamplemousse---1-kg;-14;in_stock;8.99;
2026-10-04 11:52;742;haribo-croco-pik---2-kg;5;in_stock;20.49;
2026-10-04 11:52;747;haribo-dragibus---2-kg;195;in_stock;19.49;
2026-10-04 11:52;750;lollywood-mlange-rouge---1-kg;5;in_stock;8.99;
2026-10-04 11:52;751;haribo-fraizibus---2-kg;9;in_stock;19.49;
2026-10-04 11:52;754;haribo-cherry-pik---2-kg;6;in_stock;20.49;
2026-10-04 11:52;756;lollywood-chewing-gum-melon-acidul---1-kg;8;in_stock;10.99;
2026-10-04 11:52;758;lollywood-stick-citrique---1-kg;8;in_stock;10.99;
2026-10-04 11:52;759;haribo-banane-dure---15-kg;-4;in_stock;15.99;
2026-10-04 11:52;761;lutti-arlequin---1-kg;5;in_stock;11.99;
2026-10-04 11:52;763;haribo-pche---3-kg;10;in_stock;25.99;
2026-10-04 11:52;766;lutti-arlequin-fizz---1-kg;28;in_stock;20.99;
2026-10-04 11:52;767;frisia-frite-citrique---3-kg;17;in_stock;19.99;
2026-10-04 11:52;770;lutti-bubblizz---2-kg;-3;in_stock;20.99;
2026-10-04 11:52;773;frisia-uf-au-plat---3-kg;12;in_stock;19.99;
2026-10-04 11:52;774;lutti-dents-dracula---3-kg;11;in_stock;25.99;
2026-10-04 11:52;775;frisia-agent-mauve-violette---3-kg;-6;in_stock;19.99;
2026-10-04 11:52;776;lutti-fraise-sucre---3-kg;2;in_stock;25.99;
2026-10-04 11:52;778;frisia-pche---3-kg;6;in_stock;19.99;
2026-10-04 11:52;779;frisia-ttine-fruits-citrique---3-kg;-3;in_stock;19.99;
2026-10-04 11:52;782;haribo-fraise-tagada---15-kg;12;in_stock;15.99;
2026-10-04 11:52;784;frisia-cerise-lave---3-kg;-5;in_stock;19.99;
2026-10-04 11:52;787;frisia-ttine-pastque-citrique---3-kg;11;in_stock;19.99;
2026-10-04 11:52;789;lutti-poisson-tropical---3-kg;7;in_stock;25.99;
2026-10-04 11:52;793;frisia-grenouille---3-kg;1;in_stock;19.99;
2026-10-04 11:52;794;lutti-dents-dracula-citrique---3-kg;36;in_stock;25.99;
2026-10-04 11:52;801;haribo-schtroumpf---3-kg;-1;in_stock;25.99;
2026-10-04 11:52;804;frisia-pomme-citrique---3-kg;3;in_stock;19.99;
2026-10-04 11:52;809;matthijs-quequette-couleur---1-kg;11;in_stock;12.49;
2026-10-04 11:52;846;haribo-bouteille-cherry-cola;3;in_stock;25.99;
2026-10-04 11:52;847;frisia-souris-noire---3-kg;-19;in_stock;19.99;
2026-10-04 11:52;849;copy-frisia-winegum---15-kg;9;in_stock;19.99;
2026-10-04 11:52;852;thijs-etoile---1-kg;6;in_stock;10.79;
2026-10-04 11:52;858;thijs-grand-cur---1-kg;30;in_stock;10.79;
2026-10-04 11:52;862;thijs-oursons---1-kg;13;in_stock;10.79;
2026-10-04 11:52;863;thijs-pyramide---1-kg;-4;in_stock;10.79;
2026-10-04 11:52;864;frisia-ttine-bubblegum-citrique---3-kg;-2;in_stock;19.99;
2026-10-04 11:52;866;gicopa-fleur-violette---1-kg;-90;in_stock;10.99;
2026-10-04 11:52;874;haribo-ttine---3-kg;9;in_stock;25.99;
2026-10-04 11:52;875;gicopa-fleurs-assorties---1-kg;-5;in_stock;10.99;
2026-10-04 11:52;877;etna-vierge-guimauve---15-kg;-3;in_stock;15.99;
2026-10-04 11:52;880;frisia-space-mix---3-kg;12;in_stock;19.99;
2026-10-04 11:52;881;haribo-carensac---2-kg;-1;in_stock;20.49;
2026-10-04 11:52;884;frisia-anneau-fruit-citrique---3-kg;1;in_stock;19.99;
2026-10-04 11:52;888;haribo-mini-cocobat---2-kg;-18;in_stock;20.49;
2026-10-04 11:52;893;jelly-beans---1-kg;-1;in_stock;11.99;
2026-10-04 11:52;906;haribo-marshmallow-rubino---1-kg;0;in_stock;10.99;
2026-10-04 11:52;917;bulgari-balle-de-golf-noire-marshmallow-vanille---900-g;9;in_stock;9.99;
2026-10-04 11:52;930;frisia-fraise-gante---3-kg;7;in_stock;19.99;
2026-10-04 11:52;932;frisia-ttine-colore-citrique---3-kg;4;in_stock;19.99;
2026-10-04 11:52;936;frisia-famous-fruit-3-kg;10;in_stock;19.99;
2026-10-04 11:52;963;joris-meli-melo---1-kg;-12;in_stock;9.99;
2026-10-04 11:52;964;joris-souris-noire---1-kg;0;out_of_stock;9.99;
2026-10-04 11:52;966;joris-souris---1kg;-26;in_stock;9.99;
2026-10-04 11:52;967;joris-citros---1-kg;4;in_stock;18.99;
2026-10-04 11:52;968;joris-ourson---1-kg;12;in_stock;9.99;
2026-10-04 11:52;969;joris-belga---1-kg;2;in_stock;18.99;
2026-10-04 11:52;970;joris-mandarine---1-kg;6;in_stock;9.99;
2026-10-04 11:52;971;joris-cerise-tendre---1-kg;8;in_stock;9.99;
2026-10-04 11:52;973;joris-cerise-lavee---1-kg;3;in_stock;18.99;
2026-10-04 11:52;974;joris-carre-menthe---1-kg;14;in_stock;9.99;
2026-10-04 11:52;975;joris-briquette-verte---1-kg;0;in_stock;18.99;
2026-10-04 11:52;976;joris-gomme-anis---1-kg;1;in_stock;9.99;
2026-10-04 11:52;977;joris-ourson-cola---1-kg;4;in_stock;9.99;
2026-10-04 11:52;978;joris-fleur-violette-sucree---1-kg;6;in_stock;9.99;
2026-10-04 11:52;979;joris-briquette-menthol---1-kg;11;in_stock;18.99;
2026-10-04 11:52;980;joris-agent-mauve-violette---1-kg;8;in_stock;18.99;
2026-10-04 11:52;982;joris-gomme-verte---1-kg;-2;in_stock;18.99;
2026-10-04 11:52;983;joris-boules-assorties---1-kg;2;in_stock;18.99;
2026-10-04 11:52;984;joris-bouteille-cola---1-kg;3;in_stock;18.99;
2026-10-04 11:52;997;carambar-barbe-papa---180-pices;4;in_stock;24.99;
2026-10-04 11:52;1014;carambar-cola---180-pices;4;in_stock;24.99;
2026-10-04 11:52;1021;carambar-caranougat---180-pices;0;out_of_stock;26.99;
2026-10-04 11:52;1030;malabar-fraise---200-pices;8;in_stock;29.99;
2026-10-04 11:52;1038;malabar-tutti-frutti---200-pices;7;in_stock;29.99;
2026-10-04 11:52;1042;ttes-brles-bille-framboise---300-pices---870-g;10;in_stock;15.49;
2026-10-04 11:52;1048;ttes-brles-bille-cola---300-pices---870-g;0;out_of_stock;15.49;
2026-10-04 11:52;1050;ttes-brles-bille-fraise---300-pices---870-g;-2;out_of_stock;15.49;
2026-10-04 11:52;1052;jawbreaker-fireball---40-pices---1320-g;16;in_stock;14.99;
2026-10-04 11:52;1054;ttes-brles-barre-cola---150-pices---15-kg;16;in_stock;20.49;
2026-10-04 11:52;1057;copy-jawbreaker-watermelon---40-pices---1320-g;63;in_stock;0.50;
2026-10-04 11:52;1058;jawbreaker-sour-apple---40-pices---1320-g;20;in_stock;14.99;
2026-10-04 11:52;1059;ttes-brles-barre-fraise---150-pices---15-kg;3;in_stock;20.49;
2026-10-04 11:52;1063;jawbreaker-strawberry---40-pices---1320-g;9;in_stock;14.99;
2026-10-04 11:52;1065;jawbreaker-on-a-stick---15-pices---900-g;0;out_of_stock;16.99;
2026-10-04 11:52;1068;ttes-brles-barre-de-feu---150-pices---15-kg;9;in_stock;20.49;
2026-10-04 11:52;1072;ttes-brles-barre-pomme---150-pices---15-kg;13;in_stock;20.49;
2026-10-04 11:52;1073;mammouth-jawbreaker---18-pices---1470-g;261;in_stock;22.49;
2026-10-04 11:52;1078;jawbreaker-tropical---40-pices---1320-g;27;in_stock;14.99;
2026-10-04 11:52;1080;joris-zout---1-kg;9;in_stock;18.99;
2026-10-04 11:52;1081;joris-gomme-pectorale-assortie---1-kg;1;in_stock;18.99;
2026-10-04 11:52;1083;ttes-brles-barre-de-feu-x-5-pices;36;in_stock;1.09;
2026-10-04 11:52;1087;ttes-brles-barre-framboise---150-pices;7;in_stock;20.49;
2026-10-04 11:52;1095;jawbreaker-jumbo-flavour-frenzy---1634-g;15;in_stock;19.99;
2026-10-04 11:52;1099;haribo-mega-roulette---40-pices---18-kg;63;in_stock;21.49;
2026-10-04 11:52;1100;haribo-mega-roulette---45-g;-52;in_stock;1.00;
2026-10-04 11:52;1102;haribo-mega-roulette-sour---40-pices---18-kg;144;in_stock;21.49;
2026-10-04 11:52;1103;haribo-mega-roulette-sour---45-g;21;in_stock;1.00;
2026-10-04 11:52;1132;haribo-cool-bananas---100g;-54;in_stock;1.99;
2026-10-04 11:52;1134;crazy-dips-sucette-cola---14-g;-220;in_stock;0.50;
2026-10-04 11:52;1163;crazy-dips-sucette-fraise-ddm-1125-24-pieces-336-g;4;in_stock;11.99;
2026-10-04 11:52;1176;crazy-dips-sucette-fraise---24-pieces---14-g;-391;in_stock;0.50;
2026-10-04 11:52;1177;frizzy-pazzy-fraise-chewing-gum---50-pieces---350-g;33;in_stock;21.49;
2026-10-04 11:52;1178;frizzy-pazzy-fraise-chewing-gum---7-g;-503;in_stock;0.50;
2026-10-04 11:52;1183;joris-menthol---1-kg;7;in_stock;18.99;
2026-10-04 11:52;1185;mentos-fruit---40-pices---375-g;7;in_stock;39.99;
2026-10-04 11:52;1189;joris-bouteille-cola-sans-sucre---1-kg;4;in_stock;16.49;
2026-10-04 11:52;1193;lutti-tubble-gum-color-framboise---35-g;-65;in_stock;1.00;
2026-10-04 11:52;1197;lutti-tubble-gum-tutti-frutti---36-pieces---1260-g;12;in_stock;32.49;
2026-10-04 11:52;1198;lutti-tubble-gum-tutti-frutti---35-g;-102;in_stock;1.00;
2026-10-04 11:52;1201;joris-ours-sans-sucre---1-kg;5;in_stock;16.49;
2026-10-04 11:52;1203;lutti-roll-up-fraise---29-g;11;in_stock;1.25;
2026-10-04 11:52;1204;joris-souris-sans-sucre---1-kg;-4;in_stock;16.49;
2026-10-04 11:52;1206;lutti-roll-up-tutti-frutti---29-g;0;out_of_stock;1.25;
2026-10-04 11:52;1208;joris-cerise-lavee-sans-sucre---1-kg;-2;in_stock;16.49;
2026-10-04 11:52;1263;cuberdon-ananas---2-kg;-1;out_of_stock;27.99;
2026-10-04 11:52;1269;cuberdon-cerise---2-kg;-1;out_of_stock;27.99;
2026-10-04 11:52;1270;cuberdon-citron---2-kg;-2;out_of_stock;27.99;
2026-10-04 11:52;1272;fini-booom-vampire-bubble-gum---200-pices;9;in_stock;16.99;
2026-10-04 11:52;1274;cuberdon-framboise---2-kg;9;in_stock;27.99;
2026-10-04 11:52;1284;cuberdon-pomme---2-kg;0;out_of_stock;27.99;
2026-10-04 11:52;1285;cuberdon-violette---2-kg;9;in_stock;27.99;
2026-10-04 11:52;1295;geldhof-grand-cuberdon-framboise---2-kg;4;in_stock;36.99;
2026-10-04 11:52;1319;haribo-grenouille-tubo---150-pieces---105-kg;57;in_stock;11.99;
2026-10-04 11:52;1320;haribo-happy-cola-tubo---150-pieces---12-kg;8;in_stock;11.99;
2026-10-04 11:52;1323;haribo-nains-tubo---150-pieces---135-kg;7;in_stock;11.99;
2026-10-04 11:52;1324;joris-coeur-rouge---1-kg;-5;in_stock;14.99;
2026-10-04 11:52;1327;haribo-rotella-fruit-tubo---150-pieces---12-kg;3;in_stock;11.99;
2026-10-04 11:52;1329;haribo-happy-cherries-tubo---150-pieces---12-kg;3;in_stock;11.99;
2026-10-04 11:52;1335;haribo-happy-peaches-tubo---150-pieces---135-kg;2;in_stock;11.99;
2026-10-04 11:52;1336;joris-meli-melo-sucre-orange---1-kg;1;in_stock;13.99;
2026-10-04 11:52;1337;haribo-cherry-cola-tubo---150-pieces---135-kg;6;in_stock;11.99;
2026-10-04 11:52;1342;joris-meli-melo-sucre-mauve---1-kg;0;in_stock;13.99;
2026-10-04 11:52;1343;joris-meli-melo-sucre-vert---1-kg;5;in_stock;13.99;
2026-10-04 11:52;1345;joris-ours-acidule---800-g;-3;in_stock;13.99;
2026-10-04 11:52;1346;lollywood-tapis-citrique-pomme-tubo---172-kg;-14;out_of_stock;17.69;
2026-10-04 11:52;1362;lollywood-tapis-citrique-cola-tubo---172-kg;-6;out_of_stock;17.69;
2026-10-04 11:52;1363;lollywood-tapis-citrique-framboise-tubo---172-kg;14;in_stock;17.69;
2026-10-04 11:52;1365;lollywood-tapis-citrique-fraise-tubo---172-kg;4;in_stock;17.69;
2026-10-04 11:52;1419;fruit-tella-summer-fruits---3-kg;2;in_stock;34.99;
2026-10-04 11:52;1438;sweet-party-tapis-fraise-citrique---200-pices;-9;in_stock;13.99;
2026-10-04 11:52;1453;napoleon-citron---1-kg;11;in_stock;15.49;
2026-10-04 11:52;1457;napoleon-framboise---1-kg;17;in_stock;15.49;
2026-10-04 11:52;1458;napoleon-mix-fruit---1-kg;7;in_stock;15.49;
2026-10-04 11:52;1461;napoleon-tropical---1-kg;0;in_stock;15.49;
2026-10-04 11:52;1471;dr-toms-eucalytus-menthol---1-kg;41;in_stock;14.49;
2026-10-04 11:52;1479;damel-jumbo-stick-fraise-citrique-tubo---30-pieces;8;in_stock;13.99;
2026-10-04 11:52;1521;sucette-swigle-pop-bubble-gum---50-pieces---600-g;5;in_stock;12.99;
2026-10-04 11:52;1534;sucette-swigle-pop-fruit---50-pieces---600-g;2;in_stock;12.99;
2026-10-04 11:52;1543;holland-foodz---sucette-fruit---200-pieces;4;in_stock;12.99;
2026-10-04 11:52;1544;sucette-swigle-pop-pink-lemonade---50-pieces---600-g;20;in_stock;12.99;
2026-10-04 11:52;1548;sucette-swigle-pop-watermelon---50-pieces---600-g;24;in_stock;12.99;
2026-10-04 11:52;1550;sucette-swigle-pop-hearts---50-pieces---600-g;6;in_stock;12.99;
2026-10-04 11:52;1554;sucette-swigle-stick-watermelon---50-pieces---500-g;16;in_stock;9.99;
2026-10-04 11:52;1557;sucette-swigle-stick-strawberry---50-pieces---500-g;13;in_stock;9.99;
2026-10-04 11:52;1563;joris-ours-acidule---100-g;29;in_stock;1.79;
2026-10-04 11:52;1564;joris-meli-melo---125-g;84;in_stock;1.79;
2026-10-04 11:52;1565;joris-ourson---125-g;8;in_stock;1.79;
2026-10-04 11:52;1566;joris-cerise-lavee---130-g;49;in_stock;2.39;
2026-10-04 11:52;1567;joris-gomme-verte---130-g;13;in_stock;2.39;
2026-10-04 11:52;1568;joris-belga---130-g;-3;in_stock;2.39;
2026-10-04 11:52;1569;joris-souris---125-g;67;in_stock;1.79;
2026-10-04 11:52;1570;joris-menthol---130-g;13;in_stock;2.39;
2026-10-04 11:52;1571;joris-carre-menthe---125-g;80;in_stock;1.79;
2026-10-04 11:52;1572;sucette-swigle-stick-pink-lemonade---50-pieces---500-g;44;in_stock;9.99;
2026-10-04 11:52;1578;sucette-swigle-stick-bubble-gum---50-pieces---500-g;21;in_stock;9.99;
2026-10-04 11:52;1591;sucette-swigle-stick-fruit---50-pieces---500-g;4;in_stock;9.99;
2026-10-04 11:52;1593;joris-souris-noire---125-g;85;in_stock;1.79;
2026-10-04 11:52;1607;lollywood-sucette-massue-cola---100-pieces;5;in_stock;18.99;
2026-10-04 11:52;1609;joris-pector-brun---130-g;21;in_stock;2.39;
2026-10-04 11:52;1648;sucette-swigle-pop-torsade---1-piece---125-g;74;in_stock;2.50;
2026-10-04 11:52;1663;joris-curix---13-g;-312;in_stock;2.39;
2026-10-04 11:52;1666;fresquito-dip-lick-cerise-1-piece-17-g;-109;in_stock;0.50;
2026-10-04 11:52;1756;gicopa-cannelle---100-g;-61;in_stock;1.30;
2026-10-04 11:52;1758;gicopa-cerise-citrique---100-g;-92;out_of_stock;1.30;
2026-10-04 11:52;1763;gicopa-framboise---100-g;-39;out_of_stock;1.30;
2026-10-04 11:52;1764;gicopa-glaon-ligeois---100-g;35;in_stock;1.30;
2026-10-04 11:52;1765;gicopa-fleur-violette---100-g;19;in_stock;1.30;
2026-10-04 11:52;1786;haribo-happy-cola-75-g-x-28-pieces;0;out_of_stock;25.99;
2026-10-04 11:52;1788;haribo-happy-cherries-fizz---70-g-x-28-pieces;3;in_stock;27.99;
2026-10-04 11:52;1790;haribo-grenouilles---75-g-x-28-pieces;-2;in_stock;25.99;
2026-10-04 11:52;1807;haribo-starmix---75-g-x-28-pieces;-1;in_stock;25.99;
2026-10-04 11:52;1809;haribo-tangfastics---75-g-x-28-pieces;0;out_of_stock;25.99;
2026-10-04 11:52;1811;haribo-pasta-frutta---70-g-x-28-pieces;0;out_of_stock;27.99;
2026-10-04 11:52;1815;haribo-sghetti-red-fizz---70-g-x-28-pieces;3;in_stock;27.99;
2026-10-04 11:52;1817;haribo-schtroumpfs---75-g-x-28-pieces;-1;in_stock;25.99;
2026-10-04 11:52;1834;mms-peanuts---90-g;0;out_of_stock;1.20;
2026-10-04 11:52;1836;cte-dor-chokotoff-noir---25-kg;16;in_stock;55.99;
2026-10-04 11:52;1838;cte-dor-nougatti---30-g-x-24-pices;11;in_stock;28.49;
2026-10-04 11:52;1842;cte-dor-btons-assortis---46-g-x-56-pices;1;in_stock;73.99;
2026-10-04 11:52;1845;kinder-maxi---21-g-x-36-pieces;-5;in_stock;15.49;
2026-10-04 11:52;1846;kinder-country-235-g-x-40-pieces;0;in_stock;26.99;
2026-10-04 11:52;1885;trolli-funiverse-sour-mix---100g;-3;in_stock;1.99;
2026-10-04 11:52;1888;kinder-bueno---43-g-x-30-pices;-3;in_stock;30.99;
2026-10-04 11:52;1889;kinder-bueno-white---39-g-x-30-pices;2;in_stock;30.99;
2026-10-04 11:52;1890;mini-kinder-bueno---108-g;217;in_stock;2.99;
2026-10-04 11:52;1891;bounty-57-g-x-24-pices;11;in_stock;18.99;
2026-10-04 11:52;1892;lion---42-g-x-24-pices;6;in_stock;18.49;
2026-10-04 11:52;1897;cha-cha---27-g-x-50-pices;2;in_stock;40.99;
2026-10-04 11:52;1899;milkyway---43-g-x-28-pices;7;in_stock;20.99;
2026-10-04 11:52;1900;lollywood-sucette-cerise-double-tige---75-pices;-5;out_of_stock;18.99;
2026-10-04 11:52;1902;lollywood-sucettes-fruit---200-pices;-14;in_stock;12.49;
2026-10-04 11:52;1905;sucettes-piccolos---200-pices;8;in_stock;14.99;
2026-10-04 11:52;1907;milka-leo---333-g-x-32-pices;1;in_stock;24.49;
2026-10-04 11:52;1908;milka-leo-chocolat-blanc---333-g;44;in_stock;1.00;
2026-10-04 11:52;1909;bonbon-caramel-chocolat-caf-crme-sans-sucre---1-kg;5;in_stock;18.99;
2026-10-04 11:52;1911;maltesers-37-g-x-25-pices;0;in_stock;19.49;
2026-10-04 11:52;1917;mms-peanuts---45-g-x-24-pices;3;in_stock;18.99;
2026-10-04 11:52;1918;mms-chocolat---45-g-x-24-pices;1;in_stock;18.99;
2026-10-04 11:52;1919;royco-cacao---20-pices;0;out_of_stock;15.49;
2026-10-04 11:52;1922;thijs-mix-sucette-nougat-au-chocolat-blanclait---120-pices;0;out_of_stock;20.99;
2026-10-04 11:52;1923;seau-de-barbe-papa---150-g;136;in_stock;6.99;
2026-10-04 11:52;1926;seau-chupa-chups-fruit---150-pices---18-kg;103;in_stock;24.99;
2026-10-04 11:52;1932;carlier-nougat-vanille---1-kg;-4;in_stock;13.99;
2026-10-04 11:52;1937;milka-favourites---108-pices---1-kg;8;in_stock;17.99;
2026-10-04 11:52;1941;nutella---3-kg;6;in_stock;33.99;
2026-10-04 11:52;1953;pictolin-jelly-fruit-sans-sucre---1-kg;0;out_of_stock;15.99;
2026-10-04 11:52;1954;kubli-delice-cacahuete---3-kg;1;in_stock;39.99;
2026-10-04 11:52;1956;cte-dor-mignonnette-au-lait---10-g-x-120-pices;80;in_stock;16.99;
2026-10-04 11:52;1959;confiserie-2000-fruit-turc---3-kg;0;in_stock;29.99;
2026-10-04 11:52;1987;jelly-belly-american-classic---70-g;13;in_stock;2.69;
2026-10-04 11:52;1994;jelly-belly-cocktail-classics---70-g;13;in_stock;2.69;
2026-10-04 11:52;1996;jelly-belly-cotton-candy---70-g;0;out_of_stock;2.69;
2026-10-04 11:52;2027;lutti-bubblizz---100g;-122;in_stock;1.99;
2026-10-04 11:52;2030;monster-energy-juiced-monarch---500-ml;14;in_stock;3.00;
2026-10-04 11:52;2032;monster-energy-ultra-watermelon-zero-sugar-500-ml;0;in_stock;3.00;
2026-10-04 11:52;2035;monster-energy-zero-sugar---500-ml;7;in_stock;3.00;
2026-10-04 11:52;2060;jelly-belly-very-cherry---70-g;14;in_stock;2.69;
2026-10-04 11:52;2070;jelly-belly-cocktail-classics---125-g;37;in_stock;7.49;
2026-10-04 11:52;2159;mms-crispy---36-g-x-24-pices;6;in_stock;18.99;
2026-10-04 11:52;2187;gicopa-cannelle---24-pices---24-kg;2;in_stock;30.49;
2026-10-04 11:52;2189;gicopa-cerise-citrique---24-pices---24-kg;3;in_stock;30.49;
2026-10-04 11:52;2194;gicopa-framboise---24-pices---24-kg;13;in_stock;30.49;
2026-10-04 11:52;2196;gicopa-fleur-violette---24-pices---24-kg;12;in_stock;30.49;
2026-10-04 11:52;2207;haribo-ourson-dor-tubo---100-mini-sachets---980-g;5;in_stock;15.49;
2026-10-04 11:52;2209;haribo-acidofilo-tagada-pik-tubo---300-pieces---18-kg;8;in_stock;17.99;
2026-10-04 11:52;2210;hitschies-sour-mix---1-kg;-17;in_stock;14.69;
2026-10-04 11:52;2211;hitschies-mix-original---1-kg;-11;in_stock;14.69;
2026-10-04 11:52;2224;cupcake-candy---12-pices;5;in_stock;9.99;
2026-10-04 11:52;2226;double-sour-dip---12-pices;0;out_of_stock;13.99;
2026-10-04 11:52;2230;gullon-chocolate-wafer-sans-sucre---180-g;6;in_stock;1.79;
2026-10-04 11:52;2235;gullon-twins-sans-sucre---210-g;8;in_stock;2.49;
2026-10-04 11:52;2236;gullon-sable-nappe-chocolat-sans-sucre---270-g;1;in_stock;2.49;
2026-10-04 11:52;2237;gullon-fibre-sans-sucre---170-g;4;in_stock;1.79;
2026-10-04 11:52;2258;funny-candy-splash-pop---12-x-72-g;-3;out_of_stock;10.99;
2026-10-04 11:52;2264;mentos-chewing-gum-pure-fresh-menthe-frache-sans-sucre---60-g;33;in_stock;2.99;
2026-10-04 11:52;2265;mentos-chewing-gum-pure-fresh-winter-green-sans-sucre---60-g;-4;out_of_stock;2.99;
2026-10-04 11:52;2266;mentos-chewing-gum-white-sweet-mint-sans-sucre---60-g;10;in_stock;2.99;
2026-10-04 11:52;2267;mentos-chewing-gum-white-green-mint-sans-sucre---60-g;3;in_stock;2.99;
2026-10-04 11:52;2275;kizandy-strawberry-sours-sans-sucre---35-g;-1;in_stock;3.99;
2026-10-04 11:52;2276;kizandy-watermelon-sours-sans-sucre---35-g;4;in_stock;3.99;
2026-10-04 11:52;2279;jelly-belly-20-flavors---250-g;8;in_stock;11.99;
2026-10-04 11:52;2281;harry-potter-bertie-botts-beans---54-g;68;in_stock;4.99;
2026-10-04 11:52;2285;frisia-rocket-balls-mre---33-g;37;in_stock;0.50;
2026-10-04 11:52;2294;brets-fromage-fraise-fines-herbes---125-g;9;in_stock;2.69;
2026-10-04 11:52;2295;brets-bacon-grill---125-g;2;in_stock;2.69;
2026-10-04 11:52;2296;brets-poivrons-grills-chorizo---125-g;103;in_stock;2.69;
2026-10-04 11:52;2297;harry-potter-chocolate-frog---15-g;11;in_stock;3.99;
2026-10-04 11:52;2299;brets-poulet-brais---125-g;6;in_stock;2.69;
2026-10-04 11:52;2303;brets-sel-vinaigre---125-g;28;in_stock;2.69;
2026-10-04 11:52;2305;brets-sauce-barbecue---125-g;30;in_stock;2.69;
2026-10-04 11:52;2307;brets-tartiflette---125-g;15;in_stock;2.69;
2026-10-04 11:52;2313;brets-fromage-du-jura---125-g;58;in_stock;2.69;
2026-10-04 11:52;2315;brets-bleu-dauvergne-aop---125-g;26;in_stock;2.69;
2026-10-04 11:52;2321;brets-frites-mayonnaise---125-g;-10;in_stock;2.69;
2026-10-04 11:52;2322;brets-miel-moutarde---125-g;2;in_stock;2.69;
2026-10-04 11:52;2327;croky-patatas-fritas-ketchup---100-g;27;in_stock;2.39;
2026-10-04 11:52;2328;croky-patatas-fritas-pickles---100-g;5;in_stock;2.39;
2026-10-04 11:52;2329;croky-tubes-sweet-chili---100-g;4;in_stock;2.39;
2026-10-04 11:52;2330;croky-tubes-nacho-cheese---100-g;-5;in_stock;2.39;
2026-10-04 11:52;2335;freez-mix-pinacolada---275-ml;17;in_stock;2.00;
2026-10-04 11:52;2336;freez-mix-mangue-peche---275-ml;13;in_stock;2.00;
2026-10-04 11:52;2338;maison-perrier-lemonjito-sans-alcool---250-ml;48;in_stock;2.00;
2026-10-04 11:52;2343;fanta-white-peach-japan---300-ml;24;in_stock;3.00;
2026-10-04 11:52;2345;brets-tomates-sches-vinaigre-balsamique---125-g;0;out_of_stock;2.69;
2026-10-04 11:52;2346;brets-aoli---125-g;35;in_stock;2.69;
2026-10-04 11:52;2350;brets-cheddar-oignon-de-roscoff---125-g;37;in_stock;2.69;
2026-10-04 11:52;2351;brets-camembert---125-g;62;in_stock;2.69;
2026-10-04 11:52;2352;brets-pesto-mozzarella---125-g;52;in_stock;2.69;
2026-10-04 11:52;2353;brets-pizza---125-g;109;in_stock;2.69;
2026-10-04 11:52;2355;brets-cheddar-piment-jalapeo---125-g;18;in_stock;2.69;
2026-10-04 11:52;2359;croky-explosions-hot-spicy-sriracha--150-g;6;in_stock;2.39;
2026-10-04 11:52;2363;haribo-happy-cola-grand--100g;-57;in_stock;1.99;
2026-10-04 11:52;2366;haribo-croco---100g;0;out_of_stock;1.99;
2026-10-04 11:52;2375;croky-explosions-sweet-chili---150-g;-8;in_stock;2.39;
2026-10-04 11:52;2381;potion-du-centaure---330-ml;-1;out_of_stock;6.99;
2026-10-04 11:52;2385;potion-du-loup-garou---33-cl;30;in_stock;6.99;
2026-10-04 11:52;2391;pate-a-tartiner-bounty-350-g;-1;out_of_stock;5.99;
2026-10-04 11:52;2392;pte-tartiner-twix---350-g;-2;out_of_stock;5.99;
2026-10-04 11:52;2393;pate-tartiner-mms-crispy---350-g;0;out_of_stock;5.99;
2026-10-04 11:52;2396;fluff-marshmallow-fraise---213-g;17;in_stock;4.49;
2026-10-04 11:52;2397;fluff-marshmallow-caramel---213-g;0;out_of_stock;4.99;
2026-10-04 11:52;2398;candy-pop-popcorn-mms-mini---149-g;13;in_stock;7.49;
2026-10-04 11:52;2400;candy-pop-popcorn-snickers---149-g;22;in_stock;7.49;
2026-10-04 11:52;2401;candy-pop-popcorn-twix---149-g;18;in_stock;7.49;
2026-10-04 11:52;2406;haribo-abc---3-kg;6;in_stock;25.99;
2026-10-04 11:52;2407;haribo-dragibus-soft---2-kg;-30;in_stock;19.49;
2026-10-04 11:52;2408;haribo-rotella-rglisse---3-kg;-3;in_stock;25.99;
2026-10-04 11:52;2417;cacao-mochi-chocolat---80-g;55;in_stock;3.49;
2026-10-04 11:52;2421;pods-mars---8-x-15-g;8;in_stock;5.49;
2026-10-04 11:52;2422;pods-milkyway---8-x-15-g;18;in_stock;5.49;
2026-10-04 11:52;2428;cacao-mochi-banane---80-g;0;out_of_stock;3.49;
2026-10-04 11:52;2435;hot-chocolate-mars---140-g;7;in_stock;2.99;
2026-10-04 11:52;2437;nesquik-fraise---300-g;14;in_stock;5.99;
2026-10-04 11:52;2438;nesquik-banane---300-g;23;in_stock;5.99;
2026-10-04 11:52;2439;mini-mochi-fruit-tropical---120-g;0;out_of_stock;3.99;
2026-10-04 11:52;2440;werthers-original-caramel-popcorn-classic---140-g;-6;in_stock;4.99;
2026-10-04 11:52;2442;chupa-chups-popcorn-cola---135-g;0;in_stock;3.99;
2026-10-04 11:52;2447;jimmys-popcorn-sucr---140-g;64;in_stock;2.99;
2026-10-04 11:52;2448;jimmys-popcorn-sal---90-g;22;in_stock;2.59;
2026-10-04 11:52;2454;pocky-matcha---33-g;5;in_stock;2.99;
2026-10-04 11:52;2455;pocky-fraise---45-g;17;in_stock;2.99;
2026-10-04 11:52;2464;oreo-wafer-roll-vanille---54-g;2;in_stock;2.29;
2026-10-04 11:52;2465;oreo-wafer-roll-chocolat---54-g;12;in_stock;2.29;
2026-10-04 11:52;2473;reeses-creamy-peanut-butter---510-g;11;in_stock;9.99;
2026-10-04 11:52;2483;krambals-bruschetta-champignons-sauvages-beurre---70-g;10;in_stock;1.00;
2026-10-04 11:52;2487;krambals-bruschetta-creamy-cheese---70-g;-5;in_stock;1.00;
2026-10-04 11:52;2489;gullon-sandwich-chocolate-sans-gluten---225-g;2;in_stock;2.69;
2026-10-04 11:52;2490;gulln-pastas-gluten-free---200-g;33;in_stock;2.00;
2026-10-04 11:52;2491;jack-links-beef-jerky-original---25-g;0;out_of_stock;2.99;
2026-10-04 11:52;2500;jimmys-popcorn-chocolat-au-lait---65-g;0;out_of_stock;1.50;
2026-10-04 11:52;2503;flipz-pretzel-chocolat-au-lait---90-g;3;in_stock;3.39;
2026-10-04 11:52;2504;flipz-pretzel-caramel-sal---90-g;15;in_stock;2.99;
2026-10-04 11:52;2506;flipz-pretzel-peanut-butter---90-g;1;in_stock;2.99;
2026-10-04 11:52;2507;oreo-crunchies---110-g;0;in_stock;3.49;
2026-10-04 11:52;2510;mike-ike-original-fruits-120-g;0;out_of_stock;3.39;
2026-10-04 11:52;2513;nerds-fruits---1417-g;-8;in_stock;3.49;
2026-10-04 11:52;2517;skittles-squishy-cloudz-fruits---94-g;19;in_stock;3.49;
2026-10-04 11:52;2519;skittles-fruits---45-g;41;in_stock;1.50;
2026-10-04 11:52;2521;nerds-watermelon-cherry---467-g;94;in_stock;2.29;
2026-10-04 11:52;2522;nerds-grape-strawberry---467-g;48;in_stock;2.29;
2026-10-04 11:52;2523;reeses-dipped-pretzels---120-g;4;in_stock;4.49;
2026-10-04 11:52;2524;pop-rocks-popping-candy-green-apple---95-g;0;out_of_stock;1.50;
2026-10-04 11:52;2532;laffy-taffy-pomme-verte---23-g;16;in_stock;1.00;
2026-10-04 11:52;2535;reeses-nutrageous---47-g;-15;out_of_stock;1.59;
2026-10-04 11:52;2536;reeses-big-cup-king-size---79-g;-21;in_stock;4.29;
2026-10-04 11:52;2538;reeses-big-cup---39-g;-26;out_of_stock;1.59;
2026-10-04 11:52;2540;reeses-sticks-42-g;12;in_stock;1.59;
2026-10-04 11:52;2543;kitkat-lemon-crisp---42-g;0;out_of_stock;2.49;
2026-10-04 11:52;2546;oreo-enrobed-chocolat-au-lait---41-g;119;in_stock;0.89;
2026-10-04 11:52;2552;lion-peanut---41-g;-11;out_of_stock;1.50;
2026-10-04 11:52;2553;lion-white---42-g;-24;out_of_stock;1.50;
2026-10-04 11:52;2554;lion-brownie-style---40-g;0;out_of_stock;1.50;
2026-10-04 11:52;2556;snickers-creamy-peanut-butter---365-g;-19;in_stock;2.00;
2026-10-04 11:52;2557;snickers-maracuja---42-g;9;in_stock;2.49;
2026-10-04 11:52;2561;lucky-charms-crales-grilles-avec-marshmallows---297-g;0;out_of_stock;10.99;
2026-10-04 11:52;2562;non-stop-mini-cookie-caramel---125-g;26;in_stock;2.29;
2026-10-04 11:52;2564;non-stop-mini-cookie-cappucino---125-g;8;in_stock;2.29;
2026-10-04 11:52;2568;non-stop-mini-cookie-double-chocolat---125-g;1;in_stock;2.29;
2026-10-04 11:52;2573;pringles-sour-cream-onion---165-g;105;in_stock;4.29;
2026-10-04 11:52;2579;pringles-enchilada-adobada---158-g;0;out_of_stock;4.99;
2026-10-04 11:52;2581;pringles-hot-mexican-chilli-lime---160-g;27;in_stock;3.99;
2026-10-04 11:52;2604;bergen-cookies-bubble-gum---128-g;6;in_stock;1.79;
2026-10-04 11:52;2605;bergen-cookies-chocolat-blanc-eclats-de-red-velvet---128-g;28;in_stock;1.79;
2026-10-04 11:52;2606;pretzel-pete-miel-moutarde-oignons---160-g;0;out_of_stock;4.49;
2026-10-04 11:52;2608;pretzel-pete-jalapeo---160-g;0;out_of_stock;4.49;
2026-10-04 11:52;2612;pretzel-pete-bacon-cheddar---160-g;0;out_of_stock;4.49;
2026-10-04 11:52;2615;mms-peanut-butter---462-g;12;in_stock;2.99;
2026-10-04 11:52;2627;carlier-nougat-fruits-des-bois---100-g;42;in_stock;3.50;
2026-10-04 11:52;2633;milkyway-minis---227-g;12;in_stock;3.49;
2026-10-04 11:52;2638;bounty-soft-baked-cookies---180-g;21;in_stock;3.99;
2026-10-04 11:52;2640;maltesers-biscuits---110-g;8;in_stock;2.99;
2026-10-04 11:52;2642;kitkat-minis---200-g;-1;out_of_stock;2.99;
2026-10-04 11:52;2643;twix-cookies-caramel---144-g;10;in_stock;3.59;
2026-10-04 11:52;2644;tic-tac-got-agrumes---49-g;35;in_stock;2.99;
2026-10-04 11:52;2650;the-belgian-truffes-noisette---200-g;5;in_stock;4.99;
2026-10-04 11:52;2651;mms-crispy---170-g;1;in_stock;6.49;
2026-10-04 11:52;2656;werthers-original---175-g;0;in_stock;3.50;
2026-10-04 11:52;2658;the-belgian-truffes-chocolat-au-lait---145-g;0;out_of_stock;4.99;
2026-10-04 11:52;2663;cachet-bio-chocolat-noir-amandes-et-cerises-57-cacao---100-g;0;out_of_stock;2.99;
2026-10-04 11:52;2670;mentos-fruit---375-g;33;in_stock;1.00;
2026-10-04 11:52;2672;fritt-orange---70-g;155;in_stock;1.00;
2026-10-04 11:52;2673;fritt-framboise---70-g;42;in_stock;1.00;
2026-10-04 11:52;2674;fritt-cerise---70-g;-55;out_of_stock;1.00;
2026-10-04 11:52;2676;fritt-citron---70-g;213;in_stock;1.00;
2026-10-04 11:52;2677;fritt-fraise---70-g;125;in_stock;1.00;
2026-10-04 11:52;2684;dr-sour-gummies-pastque---200-g;1;in_stock;2.49;
2026-10-04 11:52;2689;dr-sour-shock-balls---72-g;-10;in_stock;2.79;
2026-10-04 11:52;2694;dr-sweet-fruit-smackers---50-g;3;in_stock;1.00;
2026-10-04 11:52;2696;look-o-look-mini-candy-pizza---85-g;0;out_of_stock;4.99;
2026-10-04 11:52;2717;quick-milk-chocolat---5-x-6-g---30-g;31;in_stock;1.50;
2026-10-04 11:52;2718;quick-milk-fraise---5-x-6-g---30-g;171;in_stock;1.50;
2026-10-04 11:52;2719;quick-milk-banane---5-x-6-g---30-g;13;in_stock;1.50;
2026-10-04 11:52;2722;quick-milk-vanille---5-x-6-g---30-g;22;in_stock;1.50;
2026-10-04 11:52;2723;les-anis-de-flavigny-rose---50-g;131;in_stock;2.99;
2026-10-04 11:52;2724;les-anis-de-flavigny-citron-edition-limite--50-g;89;in_stock;2.99;
2026-10-04 11:52;2725;les-anis-de-flavigny-caf---50-g;114;in_stock;2.99;
2026-10-04 11:52;2726;les-anis-de-flavigny-cassis---50-g;48;in_stock;2.99;
2026-10-04 11:52;2728;les-anis-de-flavigny-citron---50-g;49;in_stock;2.99;
2026-10-04 11:52;2729;les-anis-de-flavigny---50-g;4;in_stock;2.99;
2026-10-04 11:52;2730;les-anis-de-flavigny-fleur-doranger---50-g;7;in_stock;2.99;
2026-10-04 11:52;2747;haribo-super-party---480-g;29;in_stock;9.49;
2026-10-04 11:52;2804;cachet-chocolat-au-lait-caramel-et-sel-marin---100-g;13;in_stock;2.99;
2026-10-04 11:52;2851;cachet-chocolat-noir-cerise---100-g;5;in_stock;2.99;
2026-10-04 11:52;2856;cachet-chocolat-noir-amande-poire-57-cacao---100-g;-2;out_of_stock;2.99;
2026-10-04 11:52;2860;cachet-chocolat-au-lait-mas-grill-sal---100-g;38;in_stock;2.99;
2026-10-04 11:52;2861;cachet-chocolat-au-lait-noisette---100-g;24;in_stock;2.99;
2026-10-04 11:52;2866;the-belgian-coeur-en-chocolat-au-brownie-sal---65-g;-1;out_of_stock;2.49;
2026-10-04 11:52;2869;the-belgian-fruits-de-mer-chocolat-au-lait---65-g;2;in_stock;2.49;
2026-10-04 11:52;2872;milka-melo-cakes---500-g;0;out_of_stock;7.99;
2026-10-04 11:52;2875;dulceplus-tarte-framboise-sucre---1-kg;9;in_stock;6.99;
2026-10-04 11:52;2880;cote-dor-double-lait---46-g;94;in_stock;1.00;
2026-10-04 11:52;2882;cote-dor-chocolat-au-lait-noisette---45-g;-36;out_of_stock;1.50;
2026-10-04 11:52;2883;dulceplus-mre-blanche---1-kg;0;out_of_stock;7.99;
2026-10-04 11:52;2884;dulceplus-toile-twist-bleue-sucre---1-kg;-3;out_of_stock;6.99;
2026-10-04 11:52;2885;cte-dor-chocolat-au-lait---47-g;-102;out_of_stock;1.50;
2026-10-04 11:52;2889;cte-dor-chocolat-au-lait-banane---475-g;109;in_stock;1.00;
2026-10-04 11:52;2891;cte-dor-chocolat-noir---47-g;90;in_stock;1.50;
2026-10-04 11:52;2895;cte-dor-chocolat-blanc-pralin---46-g;-319;out_of_stock;1.50;
2026-10-04 11:52;2897;kinder-bueno---43-g;119;in_stock;1.50;
2026-10-04 11:52;2898;dulceplus-mille-pattes---1-kg;8;in_stock;6.99;
2026-10-04 11:52;2900;kinder-bueno-white---39-g;-42;in_stock;1.50;
2026-10-04 11:52;2902;kinder-schokobons---200-g;67;in_stock;4.99;
2026-10-04 11:52;2903;kinder-schokobons-white---200-g;259;in_stock;3.99;
2026-10-04 11:52;2911;sweet-pack-tetine-100-pcs;-2;out_of_stock;13.99;
2026-10-04 11:52;2914;sweet-party-collier-dextrose---100-x-20-g---2-kg;16;in_stock;20.99;
2026-10-04 11:52;2930;les-bonbons-delisabeth-seau-de-violette---1-kg;2;in_stock;10.99;
2026-10-04 11:52;3026;snickers-shake---350-ml;0;in_stock;2.50;
2026-10-04 11:52;3030;ccmel-canette---250-ml;20;in_stock;1.75;
2026-10-04 11:52;3038;nescaf-ice-coffee-latte---250-ml;59;in_stock;2.00;
2026-10-04 11:52;3039;nescaf-ice-coffee-caramel---250-ml;68;in_stock;2.00;
2026-10-04 11:52;3041;nescaf-ice-coffee-cappuccino---250-ml;70;in_stock;2.00;
2026-10-04 11:52;3042;wycams-arrache-toux---195-g;3;in_stock;4.49;
2026-10-04 11:52;3061;sweet-cuberdons-box-de-16-cuberdons-fruits---224-g;0;out_of_stock;7.99;
2026-10-04 11:52;3071;sweet-cuberdons-box-de-5-cuberdons-original---70-g;120;in_stock;2.99;
2026-10-04 11:52;3073;sweet-cuberdons-box-de-16-cuberdons-traditionnels---224-g;0;out_of_stock;7.99;
2026-10-04 11:52;3141;disney-mug-blanc-frozen-2-groupe;12;in_stock;4.99;
2026-10-04 11:52;3146;batman-mug-noir-logo;14;in_stock;4.99;
2026-10-04 11:52;3147;mercredi-addams-mug-blanc-noir-teenage-purgatory;18;in_stock;4.99;
2026-10-04 11:52;3183;peterman-violette---700-ml;19;in_stock;17.99;
2026-10-04 11:52;3187;peterman-fruits-des-bois---700-ml;17;in_stock;17.99;
2026-10-04 11:52;3217;krambals-bruschetta-garden-grill-70-g;15;in_stock;1.00;
2026-10-04 11:52;3228;saint-ange-pastille-de-fraise---50-g;1;in_stock;2.99;
2026-10-04 11:52;3232;copy-saint-ange-pastille-de-violette---50-g;7;in_stock;2.99;
2026-10-04 11:52;3234;saint-ange-pastille-bassin-de-vichy---50-g;7;in_stock;2.99;
2026-10-04 11:52;3239;saint-ange-pastille-miel-lavande---50-g;4;in_stock;2.99;
2026-10-04 11:52;3250;capri-sun-fairy-drink---200-ml;-21;out_of_stock;1.00;
2026-10-04 11:52;3251;capri-sun-monster-alarm---200-ml;-19;out_of_stock;1.00;
2026-10-04 11:52;3252;copy-mms-crunchy-cookies---40-g;0;out_of_stock;2.99;
2026-10-04 11:52;3260;werthers-original-caramel-bites---140-g;55;in_stock;3.49;
2026-10-04 11:52;3266;pocky-double-choco---47-g;5;in_stock;1.99;
2026-10-04 11:52;3324;samyang-ramen-spicy-chicken-jjajang---140-g;19;in_stock;2.50;
2026-10-04 11:52;3325;samyang-ramen-spicy-chicken-kimchi---135-g;0;out_of_stock;2.50;
2026-10-04 11:52;3327;samyang-ramen-hot-chicken-cheese---140-g;67;in_stock;2.50;
2026-10-04 11:52;3328;samyang-ramen-spicy-chicken-carbo---130-g;-10;out_of_stock;2.50;
2026-10-04 11:52;3329;samyang-ramen-hot-chicken---140-g;-2;out_of_stock;2.50;
2026-10-04 11:52;3330;samyang-ramen-bowl-hot-chicken---105-g;2;in_stock;4.99;
2026-10-04 11:52;3361;jimmys-popcorn-sweet-chili-bbq-tabasco---90-g;-1;in_stock;1.99;
2026-10-04 11:52;3367;pocky-almond-crush-46-g;5;in_stock;4.29;
2026-10-04 11:52;3394;chupa-chups-melody-pops-strawberry---4-x-15-g;16;in_stock;2.00;
2026-10-04 11:52;3397;chupa-chups-mini---20-pcs---120-g;3;in_stock;2.00;
2026-10-04 11:52;3398;ricola-alpin-fresh-sans-sucre---50-g;15;in_stock;2.49;
2026-10-04 11:52;3400;ricola-th-vert-citron-vert-sans-sucre---50-g;0;in_stock;2.49;
2026-10-04 11:52;3402;ricola-rglisse-sans-sucre---50-g;51;in_stock;2.49;
2026-10-04 11:52;3403;ricola-fleurs-de-sureau-sans-sucre---50-g;8;in_stock;2.49;
2026-10-04 11:52;3405;ricola-orange-menthe-sans-sucre---50-g;9;in_stock;2.49;
2026-10-04 11:52;3409;cachet-costa-rica-71-cacao---100-g;26;in_stock;2.99;
2026-10-04 11:52;3412;fishermans-friend-anis---25-g;7;in_stock;2.00;
2026-10-04 11:52;3413;fishermans-friend-mint---25-g;22;in_stock;2.00;
2026-10-04 11:52;3416;cachet-peru-chocolat-noir-64-cacao---100-g;13;in_stock;2.99;
2026-10-04 11:52;3417;ricola-framboise-menthe-sans-sucre---50-g;6;in_stock;2.49;
2026-10-04 11:52;3419;chupa-chups-the-best-of-10-x-12-g;112;in_stock;2.00;
2026-10-04 11:52;3422;coca-cola-china-strawberry---330-ml;15;in_stock;2.50;
2026-10-04 11:52;3423;cheese-zip-cheddar-original---227-g;-2;out_of_stock;7.99;
2026-10-04 11:52;3425;la-vritable-couille-de-singe---100-g;121;in_stock;2.99;
2026-10-04 11:52;3429;harry-potter-bertie-botts-beans---125-g;72;in_stock;10.99;
2026-10-04 11:52;3430;felko-holland-fruit-splash---310-g;-47;out_of_stock;4.99;
2026-10-04 11:52;3432;chupa-chups-xxl---25-x-29-g;-2;out_of_stock;10.99;
2026-10-04 11:52;3436;chewing-gum-balls-medium---16mm---25-kg;-1;out_of_stock;17.99;
2026-10-04 11:52;3441;damel-jumbo-stick-twist-tutti-frutti-tubo---30-pices;19;in_stock;13.99;
2026-10-04 11:52;3456;milka-leo-cubes---150-g;34;in_stock;5.99;
2026-10-04 11:52;3458;bubblicious-ultimate-original---38-g;12;in_stock;1.25;
2026-10-04 11:52;3459;bubblicious-fraise---38-g;15;in_stock;1.25;
2026-10-04 11:52;3460;bubblicious-cola---38-g;0;in_stock;1.25;
2026-10-04 11:52;3466;lollywood-nuage-bleu-dextrose-tubo---850-g;3;in_stock;14.99;
2026-10-04 11:52;3467;lollywood-cur-blanc-dextrose-tubo---850-g;3;in_stock;14.99;
2026-10-04 11:52;3470;lollywood-sucette-blanche-dextrose-tubo---500-g;5;in_stock;10.99;
2026-10-04 11:52;3471;lollywood-sucette-bleue-dextrose-tubo---500-g;5;in_stock;10.99;
2026-10-04 11:52;3476;trolli-anneau-fruit-rouge---1-kg;15;in_stock;8.99;
2026-10-04 11:52;3477;trolli-fraise-sucre---1-kg;4;in_stock;8.99;
2026-10-04 11:52;3478;trolli-tranche-pastque-sucre---1-kg;8;in_stock;8.99;
2026-10-04 11:52;3480;lollywood-foam-baby-mix-rose-blanc---800-g;1;in_stock;12.99;
2026-10-04 11:52;3486;brets-truffe-dt---125-g;0;out_of_stock;4.99;
2026-10-04 11:52;3488;jimmys-popcorn-sucr---27-g;0;out_of_stock;0.75;
2026-10-04 11:52;3498;frugo-energy-pastque-fraise---330-ml;0;out_of_stock;1.20;
2026-10-04 11:52;3500;red-bull-energy-drink---250-ml;24;in_stock;2.00;
2026-10-04 11:52;3502;red-bull-green-edition-fruit-du-cactus---250-ml;-37;out_of_stock;1.50;
2026-10-04 11:52;3503;red-bull-apricot-edition-abricot-fraise---250-ml;-45;out_of_stock;2.00;
2026-10-04 11:52;3505;airheads-pastque---156-g;19;in_stock;1.00;
2026-10-04 11:52;3506;airheads-framboise-bleue---156-g;-19;out_of_stock;1.00;
2026-10-04 11:52;3507;airheads-cerise---156-g;61;in_stock;1.00;
2026-10-04 11:52;3508;airheads-blanc-mystre---156-g;3;in_stock;1.00;
2026-10-04 11:52;3513;guylian-the-original-seashells---250-g;23;in_stock;9.99;
2026-10-04 11:52;3514;guylian-fruit-de-mer-dark-pralin---225-g;0;out_of_stock;7.99;
2026-10-04 11:52;3516;thijs-bouteilles-colacitron---1-kg;-2;in_stock;10.79;
2026-10-04 11:52;3517;thijs-gomme-tricolore-fraise---1-kg;3;in_stock;10.79;
2026-10-04 11:52;3532;orangina-rouge---330-ml;5;in_stock;2.00;
2026-10-04 11:52;3535;tic-tac-menthe-intense---49-g;0;in_stock;2.99;
2026-10-04 11:52;3536;tic-tac-citron-vert-orange---49-g;-18;in_stock;2.99;
2026-10-04 11:52;3538;kitkat-chunky-white---40-g;15;in_stock;1.50;
2026-10-04 11:52;3543;croky-explosions-thai-curry---150-g;14;in_stock;2.39;
2026-10-04 11:52;3545;pocky-cookies-cream---40-g;9;in_stock;2.99;
2026-10-04 11:52;3547;fanta-china-peach---330-ml;7;in_stock;2.50;
2026-10-04 11:52;3550;oreo-original---154-g;124;in_stock;2.50;
2026-10-04 11:52;3555;fanta-jasmin-peche---500-ml;0;out_of_stock;3.00;
2026-10-04 11:52;3564;lutti-scoubidou---180-g;28;in_stock;3.00;
2026-10-04 11:52;3566;copy-lutti-bubblizz---250-g;30;in_stock;2.00;
2026-10-04 11:52;3567;lutti-candy-lace---200-g;15;in_stock;2.50;
2026-10-04 11:52;3570;lutti-fraise---175-g;27;in_stock;2.50;
2026-10-04 11:52;3571;lutti-long-fizz---200-g;-3;out_of_stock;2.50;
2026-10-04 11:52;3573;felko-mega-gummies-bear-on-a-stick---120-g;0;in_stock;3.00;
2026-10-04 11:52;3574;felko-mega-gummies-cola---600-g;0;in_stock;12.49;
2026-10-04 11:52;3575;felko-mega-gummies-unicorn---600-g;3;in_stock;12.49;
2026-10-04 11:52;3577;felko-mega-gummies-mini-ourson---350-g;0;in_stock;5.99;
2026-10-04 11:52;3579;felko-mega-gummies-hot-dog---120-g;-13;in_stock;3.00;
2026-10-04 11:52;3580;felko-holland-mega-gummies-cherry-cola---120-g;-1;in_stock;3.00;
2026-10-04 11:52;3582;felko-mega-gummies-ice-cream---120-g;-2;in_stock;2.00;
2026-10-04 11:52;3598;cheetos-japanese-steak---90-g;-1;out_of_stock;2.49;
2026-10-04 11:52;3606;cachet-chocolat-noir-intense-90-cacao---100-g;1;in_stock;2.99;
2026-10-04 11:52;3613;hubba-bubba-cola---56-g;-2;in_stock;2.50;
2026-10-04 11:52;3617;grab-pop---12-pices;1;in_stock;13.99;
2026-10-04 11:52;3623;haribo-bretzel-sal-rglisse-tubo---150-pices---105-kg;16;in_stock;11.99;
2026-10-04 11:52;3625;haribo-demi-lune-rglisse-tubo---150-pices---135-kg;13;in_stock;11.99;
2026-10-04 11:52;3627;haribo-camlons---1-kg;10;in_stock;8.99;
2026-10-04 11:52;3637;laffy-taffy-fraise---23-g;18;in_stock;1.00;
2026-10-04 11:52;3638;laffy-taffy-banane---23-g;11;in_stock;1.00;
2026-10-04 11:52;3639;laffy-taffy-cerise---23-g;0;out_of_stock;1.00;
2026-10-04 11:52;3641;lays-china-braised-pork---90-g;12;in_stock;3.99;
2026-10-04 11:52;3642;lollywood-sucette-rose-dextrose-tubo---500-g;6;in_stock;10.99;
2026-10-04 11:52;3645;lollywood-instrument-de-musique---1-kg;5;in_stock;10.99;
2026-10-04 11:52;3651;monster-juiced-mango-loco---500-ml;-2;in_stock;3.00;
2026-10-04 11:52;3652;lutti-fraise---80-g;-1;in_stock;1.50;
2026-10-04 11:52;3653;monster-punch-mixxd---500-ml;-4;in_stock;3.00;
2026-10-04 11:52;3669;red-bull-white-edition-noix-de-coco-myrtille---250-ml;-40;in_stock;2.00;
2026-10-04 11:52;3670;red-bull-yellow-edition-tropical---250-ml;0;out_of_stock;2.00;
2026-10-04 11:52;3671;rolo---52-g;10;in_stock;1.50;
2026-10-04 11:52;3686;monster-energy-ultra-zero-sugar---500-ml;13;in_stock;3.00;
2026-10-04 11:52;3695;oasis-th-pche--33-cl;45;in_stock;2.00;
2026-10-04 11:52;3696;snickers-berry-whip---40-g;13;in_stock;2.49;
2026-10-04 11:52;3700;snickers-morango---42-g;-19;out_of_stock;2.49;
2026-10-04 11:52;3701;oreo-original---66-g;35;in_stock;1.99;
2026-10-04 11:52;3709;takis-blue-heat-100-g;10;in_stock;4.49;
2026-10-04 11:52;3716;twist-and-drink-bubble-gum---200-ml;42;in_stock;1.49;
2026-10-04 11:52;3738;copy-mars---51-g-x-32-pices;-9;out_of_stock;3.49;
2026-10-04 11:52;3746;felko-holland-mega-gummies-pastque---120-g;0;in_stock;3.00;
2026-10-04 11:52;3749;red-bull-peach-edition---250-ml;0;out_of_stock;2.00;
2026-10-04 11:52;3843;copy-cachet-chocolat-extra-noir-85-cacao---100-g;-47;in_stock;2.99;
2026-10-04 11:52;3870;sweet-party-papier-hostie---16-g;-381;in_stock;1.50;
2026-10-04 11:52;3888;dr-sour-sludge-got-alatoire---32-g;0;in_stock;1.00;
2026-10-04 11:52;3974;vidal-doigt-citrique---1-kg;13;in_stock;8.99;
2026-10-04 11:52;3976;bello-dolce-balle-de-golf-noire-marshmallow-vanille---900-g;-1;out_of_stock;9.99;
2026-10-04 11:52;3977;bulgari-balle-de-golf-orange-marshmallow-peche-900-g;10;in_stock;9.99;
2026-10-04 11:52;3982;bounty-wafer-rolls---225-g;12;in_stock;1.50;
2026-10-04 11:52;3985;fini-booom-vampire---75-g;29;in_stock;2.00;
2026-10-04 11:52;3987;vidal-jelly-monster---11-x-6-pices;6;in_stock;19.99;
2026-10-04 11:52;3995;frisia-chauve-souris---3-kg;3;in_stock;19.99;
2026-10-04 11:52;4006;screamers-dip-lick---40-g;2;in_stock;1.00;
2026-10-04 11:52;4008;haribo-bouteille-cola-citrique-tubo---135-kg;44;in_stock;11.99;
2026-10-04 11:52;4012;haribo-souris-blanche-tubo---105-kg;1;in_stock;11.99;
2026-10-04 11:52;4018;coris-sonomanma-chewing-gum-monstre---14-g;1;in_stock;1.29;
2026-10-04 11:52;4033;pickle-in-a-pouch-garlic-joe---306-g;37;in_stock;3.49;
2026-10-04 11:52;4034;pickle-in-a-pouch-hot-mama---306-g;23;in_stock;3.49;
2026-10-04 11:52;4035;pickle-in-a-pouch-sour-sis---306-g;85;in_stock;3.49;
2026-10-04 11:52;4071;hitschies-berry-mix---1-kg;-11;in_stock;14.69;
2026-10-04 11:52;4073;frisia-ttine-cola---3-kg;0;out_of_stock;19.99;
2026-10-04 11:52;4120;monin-sirop-saveur-violette---70-cl;20;in_stock;13.99;
2026-10-04 11:52;4123;monin-concentr-saveur-th-pche---70-cl;-7;out_of_stock;15.99;
2026-10-04 11:52;4125;sweet-party-barbe-papa-coco-choco---40-g;8;in_stock;2.00;
2026-10-04 11:52;4157;pringles-desi-masala-tadka---107-g;0;out_of_stock;3.49;
2026-10-04 11:52;4160;cte-dor-bton-lait-coco---44-g;-255;out_of_stock;1.50;
2026-10-04 11:52;4164;kinder-schoko-bons-crispy---672-g;-26;out_of_stock;5.99;
2026-10-04 11:52;4190;maltesers---175-g;0;out_of_stock;3.99;
2026-10-04 11:52;4213;red-bull-winter-edition-mre-givre-vanille---250-ml;-5;out_of_stock;2.00;
2026-10-04 11:52;4222;mentos-strawberry-mix---375-g;2;in_stock;1.25;
2026-10-04 11:52;4223;mentos-mint---38-g;89;in_stock;1.25;
2026-10-04 11:52;4224;mentos-fruit---3-x-375-g;0;out_of_stock;2.00;
2026-10-04 11:52;4225;mentos-rainbow---375-g;15;in_stock;1.25;
2026-10-04 11:52;4226;lion---42-g;7;in_stock;1.00;
2026-10-04 11:52;4227;copy-copy-mars---51-g-x-32-pices;10;in_stock;1.00;
2026-10-04 11:52;4228;kinder-country---235-g;150;in_stock;1.00;
2026-10-04 11:52;4231;haribo-chispacola-pika---100-g;0;out_of_stock;1.50;
2026-10-04 11:52;4233;crack-ups-popping-candy---275-g;31;in_stock;1.50;
2026-10-04 11:52;4242;maoam-bloxx---220-g;0;out_of_stock;2.50;
2026-10-04 11:52;4251;copy-cachet-chocolat-noir-amande-poire-57-cacao---100-g;20;in_stock;2.99;
2026-10-04 11:52;4262;mrbeast-feastables-lait-amandes---60-g;5;in_stock;4.49;
2026-10-04 11:52;4263;mrbeast-feastables-lait---60-g;-30;out_of_stock;4.49;
2026-10-04 11:52;4264;mrbeast-feastables-lait-peanut-butter---60-g;34;in_stock;4.49;
2026-10-04 11:52;4322;ferrero-rocher-t16---200-g;0;out_of_stock;7.49;
2026-10-04 11:52;4323;ferrero-rocher-tablette-chocolat-blanc-noisettes---90-g;0;out_of_stock;3.49;
2026-10-04 11:52;4325;ferrero-rocher-tablette-chocolat-noir-55-noisettes---90-g;12;in_stock;3.49;
2026-10-04 11:52;4370;sac-cabas---harry-potter;26;in_stock;3.00;
2026-10-04 11:52;4371;sac-cabas---one-piece;44;in_stock;3.00;
2026-10-04 11:52;4405;monster-energy-ultra-peachy-keen---500-ml;-4;in_stock;3.00;
2026-10-04 11:52;4431;trolli-tarentule-lisse---1-kg;11;in_stock;8.99;
2026-10-04 11:52;4447;bergen-cookies-chocolat-blanc-barbe-papa---128-g;47;in_stock;1.79;
2026-10-04 11:52;4457;sucre-dorge---12-pices;-10;out_of_stock;2.69;
2026-10-04 11:52;4468;ravazzi-joystick-bubblegum---1-kg;-1;in_stock;8.99;
2026-10-04 11:52;4471;ravazzi-ballon-de-foot---1-kg;8;in_stock;8.99;
2026-10-04 11:52;4478;hersheys-cookie-n-creme---43-g;0;out_of_stock;1.49;
2026-10-04 11:52;4487;ravazzi-trophe---1-kg;26;in_stock;8.99;
2026-10-04 11:52;4501;sweet-party-barbe-papa---40-g;10;in_stock;2.00;
2026-10-04 11:52;4502;fanta-tropical---500-ml;37;in_stock;3.00;
2026-10-04 11:52;4504;monin-concentr-saveur-rantcho-citron---70-cl;3;in_stock;11.99;
2026-10-04 11:52;4506;monin-sirop-saveur-macaron---70-cl;16;in_stock;13.99;
2026-10-04 11:52;4507;monin-sirop-saveur-gingembre---70-cl;29;in_stock;13.99;
2026-10-04 11:52;4508;monin-sirop-saveur-miel---70-cl;19;in_stock;13.99;
2026-10-04 11:52;4509;monin-sirop-saveur-hibiscus---70-cl;9;in_stock;13.99;
2026-10-04 11:52;4510;monin-sirop-saveur-concombre---70-cl;25;in_stock;13.99;
2026-10-04 11:52;4511;monin-sirop-saveur-basilic---70-cl;21;in_stock;13.99;
2026-10-04 11:52;4512;monin-sirop-saveur-crme-brule---70-cl;3;in_stock;13.99;
2026-10-04 11:52;4520;tapis-sucre-multicolore-tubo-1-kg;-2;out_of_stock;5.99;
2026-10-04 11:52;4528;twix-wafer-rolls---225-g;-1;out_of_stock;1.30;
2026-10-04 11:52;4534;trolli-pieuvre-citrique---1-kg;6;in_stock;8.99;
2026-10-04 11:52;4541;cte-dor-tablette-blanc-pralin---200-g;0;in_stock;8.99;
2026-10-04 11:52;4548;cte-dor-tablette-noir---2-x-200-g;0;in_stock;4.99;
2026-10-04 11:52;4554;the-belgian-fruits-de-mer---250-g;-1;in_stock;5.99;
2026-10-04 11:52;4566;zip-zap-boules-coco---180-g;197;in_stock;2.99;
2026-10-04 11:52;4587;squid-game-dalgona-biscuits-vanille---140-g;0;out_of_stock;3.99;
2026-10-04 11:52;4594;haribo-schtroumpf-franais---2-kg;11;in_stock;20.49;
2026-10-04 11:52;4600;monin-sirop-saveur-pche---70-cl;11;in_stock;13.99;
2026-10-04 11:52;4601;frisia-race-cars---15-kg;2;in_stock;10.99;
2026-10-04 11:52;4602;frisia-ttine-vegan-fruits-citrique---3-kg;-1;in_stock;19.99;
2026-10-04 11:52;4604;trolli-centipde-citrique---1-kg;23;in_stock;8.99;
2026-10-04 11:52;4610;copy-dulceplus-caprice-tutti-citrique---200-g;13;in_stock;6.99;
2026-10-04 11:52;4612;trolli-the-squiggles---1-kg;74;in_stock;8.99;
2026-10-04 11:52;4613;trolli-the-squiggles---100g;-3;in_stock;1.99;
2026-10-04 11:52;4616;bulgari-cup-cake-marshmallow---900-g;15;in_stock;10.99;
2026-10-04 11:52;4618;bulgari-balle-de-golf-blanche---900-g;7;in_stock;9.99;
2026-10-04 11:52;4625;flipz-pretzel-cinnamon-bun---90-g;0;out_of_stock;2.99;
2026-10-04 11:52;4627;mars-51-g-x-32-pices;3;in_stock;24.99;
2026-10-04 11:52;4628;juicy-drop-mallows-cola---100-g;1;in_stock;2.59;
2026-10-04 11:52;4633;football-surprise-pop-10-g;4;in_stock;1.50;
2026-10-04 11:52;4650;lutti-bubblizz-tropical---25-kg;21;in_stock;24.99;
2026-10-04 11:52;4653;fanta-zero-sugar-pineapple-grapefruit---330-ml;35;in_stock;2.50;
2026-10-04 11:52;4655;brets-carbonnade-flamande---125-g;25;in_stock;2.69;
2026-10-04 11:52;4658;skittles-tropical---45-g;14;in_stock;1.50;
2026-10-04 11:52;4659;nerds-grape-strawberry---141-g;0;out_of_stock;3.49;
2026-10-04 11:52;4660;copy-nerds-grape-strawberry---141-g;1;in_stock;3.49;
2026-10-04 11:52;4665;tablette-chocolat-jack-daniels-tenesse-fire---100-g;-20;in_stock;6.29;
2026-10-04 11:52;4687;jelly-belly-bubble-tea---125-g;12;in_stock;7.49;
2026-10-04 11:52;4691;the-belgian-fruits-de-mer-crme-vanille---65-g;0;in_stock;2.49;
2026-10-04 11:52;4700;chupa-chups-best-of-display---200-pices;2;in_stock;42.99;
2026-10-04 11:52;4703;copy-cachet-chocolat-extra-noir-tanzania-72---100-g;11;in_stock;2.99;
2026-10-04 11:52;4704;copy-copy-cachet-chocolat-extra-noir-tanzania-72---100-g;17;in_stock;2.99;
2026-10-04 11:52;4706;copy-copy-copy-cachet-chocolat-extra-noir-tanzania-72---100-g;15;in_stock;2.99;
2026-10-04 11:52;4709;monin-sirop-saveur-caramel-sal---70-cl;24;in_stock;13.99;
2026-10-04 11:52;4710;monin-sirop-saveur-amaretto---70-cl;25;in_stock;13.99;
2026-10-04 11:52;4711;monin-sirop-saveur-chocolat-cookie---70-cl;10;in_stock;13.99;
2026-10-04 11:52;4712;monin-sirop-saveur-brownie---70-cl;15;in_stock;13.99;
2026-10-04 11:52;4714;monin-sirop-saveur-marshmallow-grill---70-cl;20;in_stock;13.99;
2026-10-04 11:52;4715;monin-sirop-glasco-citron---70-cl;13;in_stock;13.99;
2026-10-04 11:52;4717;reeses-2-peanut-butter-cups-white-39.5-g;1;in_stock;2.99;
2026-10-04 11:52;4718;candy-fizz-trio---24-x-21-g;-4;out_of_stock;14.49;
2026-10-04 11:52;4720;yummers-crales-squid-game-marshmallow---300-g;0;out_of_stock;5.99;
2026-10-04 11:52;4721;yummers-crales-squid-game-pistache---300-g;0;out_of_stock;5.99;
2026-10-04 11:52;4728;harry-potter-butterbeer-chewy-candy---59-g;0;out_of_stock;3.49;
2026-10-04 11:52;4732;brochette-lard-rose-et-blanche-70-g;9;in_stock;2.49;
2026-10-04 11:52;4733;twix-white---46-g;-22;in_stock;1.00;
2026-10-04 11:52;4735;milka-leo---333-g;-10;in_stock;1.00;
2026-10-04 11:52;4736;milka-leo-white-chocolate---333-g-x-32-pieces;3;in_stock;24.49;
2026-10-04 11:52;4737;milka-barre-noisette---45-g;10;in_stock;1.80;
2026-10-04 11:52;4738;mms-peanuts---45-g;-78;in_stock;1.00;
2026-10-04 11:52;4739;mms-chocolat---45-g;-6;in_stock;1.00;
2026-10-04 11:52;4740;mms-crispy---36-g;-26;in_stock;1.00;
2026-10-04 11:52;4741;maltesers-37-g;-28;in_stock;1.00;
2026-10-04 11:52;4742;bounty-57-g;-26;in_stock;1.00;
2026-10-04 11:52;4743;snickers---50-g;0;in_stock;1.00;
2026-10-04 11:52;4744;kinder-maxi---21-g;37;in_stock;1.00;
2026-10-04 11:52;4745;copy-cha-cha---27-g-x-50-pices;67;in_stock;1.00;
2026-10-04 11:52;4746;copy-cte-dor-nougatti---30-g-x-24-pices;-34;in_stock;1.50;
2026-10-04 11:52;4801;doritos-nacho-cheese-flavour---170-g;13;in_stock;3.99;
2026-10-04 11:52;4803;doritos-sweet-chilli-pepper---170-g;16;in_stock;3.99;
2026-10-04 11:52;4806;werthers-original-caramel-popcorn-salted-caramel---140-g;12;in_stock;4.99;
2026-10-04 11:52;4807;bitecone-mini-cne-chocolat-noisette---100-g;0;out_of_stock;4.49;
2026-10-04 11:52;4837;4d-blocks-gummy---72-g;0;out_of_stock;2.49;
2026-10-04 11:52;4963;red-bull-spring-edition-woodruff-et-pink-grapefruit---250-ml;-4;out_of_stock;2.00;
2026-10-04 11:52;4991;karabool-pomme---3-kg;34;in_stock;38.99;
2026-10-04 11:52;5023;buldak-nouilles-piquantes-au-poulet-140-g;6;in_stock;3.50;
2026-10-04 11:52;5026;haribo-chamallows-rainbollows-175-g;0;out_of_stock;1.99;
2026-10-04 11:52;5027;trolli-banane-1-kg;10;in_stock;8.99;
2026-10-04 11:52;5036;bulgari-balle-de-golf-bleu-fonce-900-g;5;in_stock;9.99;
2026-10-04 11:52;5038;papermints-cool-caps-18-billes;45;in_stock;1.99;
2026-10-04 11:52;5046;gullon-barre-chocolat-et-soja-144-g;30;in_stock;1.79;
2026-10-04 11:52;5053;trolli-cola-club-100-g;6;in_stock;1.20;
2026-10-04 11:52;5055;trolli-classic-bears-100-g;54;in_stock;1.20;
2026-10-04 11:52;5076;felko-holland-mega-gummies-american-fries-120-g-600-g;-6;in_stock;3.49;
2026-10-04 11:52;5078;quick-milk-cookies-cream-5-x-6-g-30-g;37;in_stock;1.50;
2026-10-04 11:52;5080;lollywood-sucette-rock-tubo-100-pieces;11;in_stock;24.99;
2026-10-04 11:52;5083;joris-meli-melo-tubo-1-kg;-6;out_of_stock;13.99;
2026-10-04 11:52;5086;papermints-cool-caps-40-billes;29;in_stock;3.49;
2026-10-04 11:52;5087;red-bull-summer-edition-peche-blanche-250-ml;21;in_stock;2.00;
2026-10-04 11:52;5094;lotus-biscoff-go-45-g;0;out_of_stock;3.49;
2026-10-04 11:52;5099;pringles-butter-caramel-sweet-flavour-110-g;0;out_of_stock;4.99;
2026-10-04 11:52;5103;felko-mega-gummies-japanese-sushi-120-g;0;in_stock;3.49;
2026-10-04 11:52;5104;felko-mega-gummies-american-donut-120-g;3;in_stock;3.49;
2026-10-04 11:52;5109;cheetos-goals-cheese-flavour-100-g;0;out_of_stock;3.49;
2026-10-04 11:52;5115;krambals-bruschetta-garden-grill-140-g;0;out_of_stock;2.49;
2026-10-04 11:52;5126;sweet-party-lacet-fraise-tubo-1350-kg;-5;out_of_stock;13.99;
2026-10-04 11:52;5148;nerds-rope-fruit-26-g;7;in_stock;2.99;
2026-10-04 11:52;5150;hersheys-cookie-chocolat-25-g;17;in_stock;1.99;
2026-10-04 11:52;5157;croky-explosions-paprika-150-g;12;in_stock;2.39;
2026-10-04 11:52;5166;skittles-giants-gooey-125-g;20;in_stock;3.49;
2026-10-04 11:52;5170;snickers-wafer-roll-225-g;1;in_stock;1.79;
2026-10-04 11:52;5175;crack-ups-super-sour-popping-candy-120-g;17;in_stock;3.99;
2026-10-04 11:52;5177;dr.-sour-slimy-mega-sour-50-g;-24;in_stock;1.49;
2026-10-04 11:52;5180;sour-patch-kids-fraise-102-g;0;out_of_stock;1.50;
2026-10-04 11:52;5182;sour-patch-kids-peche-101-g;-1;in_stock;1.50;
2026-10-04 11:52;5184;milkyway-43-g;35;in_stock;1.00;
2026-10-04 11:52;5187;milka-leo-go-48-g-x-32-pieces;4;in_stock;37.49;
2026-10-04 11:52;5188;milka-leo-go-48-g;-17;in_stock;1.50;
2026-10-04 11:52;5191;maltesers-teasers-35-g-x-24-pieces;5;in_stock;21.99;
2026-10-04 11:52;5193;maltesers-teasers-35-g;-50;in_stock;1.00;
2026-10-04 11:52;5198;fanta-orange-sanguine-330-ml;0;out_of_stock;2.50;
2026-10-04 11:52;5205;freez-mix-mojito-fraise-275-ml;3;in_stock;2.00;
2026-10-04 11:52;5206;lipton-ice-tea-framboise-330-ml;12;in_stock;2.00;
2026-10-04 11:52;5207;lipton-ice-tea-pasteque-menthe-330-ml;3;in_stock;2.00;
2026-10-04 11:52;5209;mini-oreo-115-g;9;in_stock;2.99;
2026-10-04 11:52;5211;bergen-rings-coconut-caramel-128-g;29;in_stock;1.79;
2026-10-04 11:52;5212;bergen-rings-peanut-caramel-128-g;14;in_stock;1.79;
2026-10-04 11:52;5213;bergen-baileys-biscuit-chocolat-au-lait-128-g;68;in_stock;1.99;
2026-10-04 11:52;5219;felko-mega-gummies-american-hamburger-120-g;0;in_stock;3.49;
2026-10-04 11:52;5228;oreo-crunchies-enrobe-chocolat-au-lait-110-g;11;in_stock;3.49;
2026-10-04 11:52;5234;pringles-crevette-cocktail-165-g;0;out_of_stock;4.49;
2026-10-04 11:52;5239;assortiment-de-confiseries-a-partager-400-g;0;out_of_stock;3.99;
2026-10-04 11:52;5241;mms-minis-cookies-180-g;17;in_stock;4.49;
2026-10-04 11:52;5243;mentos-rainbow-375-g-x-40;4;in_stock;39.99;
2026-10-04 11:52;5244;mentos-mint-38-g-x-40;1;in_stock;39.99;
2026-10-04 11:52;5245;mentos-pomme-verte-375-g-x-40-pieces;3;in_stock;39.99;
2026-10-04 11:52;5247;mentos-discovery-14-gouts-375-g-x-40-pieces;4;in_stock;39.99;
2026-10-04 11:52;5248;copy-mentos-discovery-14-gouts-375-g-x-40-pieces;23;in_stock;1.25;
2026-10-04 11:52;5267;ricola-eucalyptus-50-g;24;in_stock;2.49;
2026-10-04 11:52;5268;ricola-mountain-mint-50-g;68;in_stock;2.49;
2026-10-04 11:52;5270;dr.-sour-freeze-balls-75-g;3;in_stock;2.49;
2026-10-04 11:52;5271;barre-chocolat-milka-oreo-37-g;-3;out_of_stock;1.25;
2026-10-04 11:52;5282;dr.-fire-blast-balls-75-g;52;in_stock;2.49;
2026-10-04 11:52;5295;quick-milk-caramel-5-x-6-g-30-g;53;in_stock;1.50;
2026-10-04 11:52;5301;doritos-salsa-epicee-sauce-280-g;11;in_stock;4.99;
2026-10-04 11:52;5303;pringles-street-taco-156-g;0;out_of_stock;4.49;
2026-10-04 11:52;5304;brets-cepes-125-g;10;in_stock;2.69;
2026-10-04 11:52;5310;the-belgian-praline-cafe-latte-200-g;6;in_stock;5.99;
2026-10-04 11:52;5314;balisto-cereales-2-x-185-g;-7;in_stock;1.00;
2026-10-04 11:52;5315;balisto-cereales-20-x-37-g;2;in_stock;17.99;
2026-10-04 11:52;5316;rolo-36-x-52-g;6;in_stock;42.49;
2026-10-04 11:52;5318;toffifee-125-g;0;in_stock;3.49;
2026-10-04 11:52;5321;coca-cola-citron-zero-330-ml;28;in_stock;2.00;
2026-10-04 11:52;5322;fuze-tea-black-tea-peach-hibiscus-330-ml;17;in_stock;2.00;
2026-10-04 11:52;5323;fuze-tea-green-tea-mango-chamomile-330-ml;0;in_stock;2.00;
2026-10-04 11:52;5324;lutti-mega-bubble-tutti-85-g;25;in_stock;2.49;
2026-10-04 11:52;5325;fuze-tea-lemon-black-tea-petillant-330-ml;28;in_stock;2.00;
2026-10-04 11:52;5326;lutti-mega-bubble-bubblizz-85-g;59;in_stock;2.49;
2026-10-04 11:52;5327;lutti-peachfizz-80-g;5;in_stock;1.50;
2026-10-04 11:52;5333;nutella-go-52-g;4;in_stock;1.79;
2026-10-04 11:52;5334;kizandy-raspberry-sours-sans-sucre-35-g;16;in_stock;3.99;
2026-10-04 11:52;5335;nutella-b-ready-44-g;11;in_stock;1.49;
2026-10-04 11:52;5336;kizandy-pomegranate-sours-sans-sucre-35-g;6;in_stock;3.99;
2026-10-04 11:52;5337;kizandy-lemon-sours-sans-sucre-35-g;18;in_stock;3.99;
2026-10-04 11:52;5338;kizandy-green-apple-sours-sans-sucre-35-g;5;in_stock;3.99;
2026-10-04 11:52;5340;kizandy-peach-sours-sans-sucre-35-g;0;in_stock;3.99;
2026-10-04 11:52;5342;carlier-nougat-pistache-100-g;-9;out_of_stock;2.99;
2026-10-04 11:52;5349;kitkat-415-g;77;in_stock;1.50;
2026-10-04 11:52;5350;kitkat-36-x-415-g;8;in_stock;31.99;
2026-10-04 11:52;5351;haribo-chamallows-speckies-175-g;4;in_stock;2.99;
2026-10-04 11:52;5352;dr.-sour-cubes-90-g;75;in_stock;2.49;
2026-10-04 11:52;5354;dr.-fire-chili-peppers-gummies-80-g;3;in_stock;2.49;
2026-10-04 11:52;5355;dr.-sour-dipn-pop-20-g;-3;in_stock;0.60;
2026-10-04 11:52;5357;pringles-cheesy-cheese-165-g;78;in_stock;3.49;
2026-10-04 11:52;5368;non-stop-mini-cookie-double-chocolat-65-g;0;out_of_stock;1.50;
2026-10-04 11:52;5387;les-anis-de-flavigny-rose-recharge-250-g;0;out_of_stock;7.99;
2026-10-04 11:52;5388;les-anis-de-flavigny-violette-recharge-250-g;0;out_of_stock;7.99;
2026-10-04 11:52;5389;les-anis-de-flavigny-recharge-250-g;0;out_of_stock;7.99;
2026-10-04 11:52;5391;les-anis-de-flavigny-citron-recharge-250-g;3;in_stock;7.99;
2026-10-04 11:52;5401;bergen-cookies-brownie-chocolate-130-g;13;in_stock;1.79;
2026-10-04 11:52;5409;capri-sun-cerise-200-ml;-10;out_of_stock;1.00;
2026-10-04 11:52;5411;lays-pizza-hut-marguerita-150-g;0;out_of_stock;4.49;
2026-10-04 11:52;5412;lays-subway-teryaki-150-g;0;out_of_stock;4.49;
2026-10-04 11:52;5413;brets-carbonara-125-g;-21;out_of_stock;2.69;
2026-10-04 11:52;5414;brets-aligot-125-g;0;out_of_stock;2.69;
2026-10-04 11:52;5415;brets-cheddar-biere-125-g;14;in_stock;2.69;
2026-10-04 11:52;5417;brets-falafels-a-la-libanaise-125-g;18;in_stock;2.69;
2026-10-04 11:52;5422;kinder-cards-256-g;70;in_stock;1.20;
2026-10-04 11:52;5440;monin-sauce-chocolat-blanc-500-ml;-7;out_of_stock;13.99;
2026-10-04 11:52;5442;monin-sirop-saveur-cannelle-70-cl;22;in_stock;13.99;
2026-10-04 11:52;5443;monin-sauce-chocolat-noir-500-ml;40;in_stock;13.99;
2026-10-04 11:52;5444;monin-sauce-caramel-beurre-sale-500-ml;10;in_stock;13.99;
2026-10-04 11:52;5446;taiwan-dessert-mochi-sesame-210-g;0;out_of_stock;4.49;
2026-10-04 11:52;5447;oasis-ice-tea-the-mangue-passion-330-ml;33;in_stock;2.00;
2026-10-04 11:52;5448;dr-pepper-creamy-blackberry-355-ml;0;out_of_stock;2.50;
2026-10-04 11:52;5450;amos-peelerz-mango-85-g;0;out_of_stock;2.49;
2026-10-04 11:52;5463;kitkat-chunky-white-lotus-42-g;0;out_of_stock;2.49;
2026-10-04 11:52;5467;coris-diy-chocolate-banana-soft-candy-36-g;1;in_stock;2.99;
2026-10-04 11:52;5469;american-bakery-cookies-peanut-96-g;0;out_of_stock;2.50;
2026-10-04 11:52;5471;fuze-tea-fraise-melon-330-ml;0;out_of_stock;2.50;
2026-10-04 11:52;5486;trolli-all-in-one-1-kg;-6;in_stock;10.99;
2026-10-04 11:52;5490;peelable-gummies-mix-fruit-60-g;0;out_of_stock;2.49;
2026-10-04 11:52;5492;millions-tube-iron-brew-55-g;92;in_stock;2.29;
2026-10-04 11:52;5493;skittles-giants-3x-bigger-132-g;10;in_stock;3.49;
2026-10-04 11:52;5496;reeses-pieces-90-g;0;out_of_stock;4.49;
2026-10-04 11:52;5497;oreo-coca-cola-119-g;0;out_of_stock;3.49;
2026-10-04 11:52;5498;pepsi-strawberries-n-cream-zero-330-ml;-28;out_of_stock;2.50;
2026-10-04 11:52;5499;pepsi-cream-zero-330-ml;6;in_stock;2.50;
2026-10-04 11:52;5501;damel-jumbo-stick-pasteque-acidulee-tubo-30-pieces;0;out_of_stock;13.99;
2026-10-04 11:52;5510;jelly-belly-bean-boozled-45-g;-1;out_of_stock;3.50;
2026-10-04 11:52;5514;brets-la-bretonne-125-g;0;out_of_stock;2.69;
2026-10-04 11:52;5516;buldak-ramen-2x-hot-chicken-140-g;0;out_of_stock;2.50;
2026-10-04 11:52;5520;carambar-minis-mix-1-kg;-1;out_of_stock;18.99;
2026-10-04 11:52;5521;carambar-minis-caramel-1-kg;-2;out_of_stock;18.99;
2026-10-04 11:52;5531;fanta-japan-melon-25-cl;0;out_of_stock;2.50;
2026-10-04 11:52;5534;sweet-party-lacet-coca-tubo-1350-kg;1;in_stock;13.99;
2026-10-04 11:52;5537;bergen-cookies-creme-a-la-pistache-dans-du-lait-128-g;0;out_of_stock;2.20;
2026-10-04 11:52;5538;gupperz-popping-pickles-72-g;29;in_stock;3.99;
2026-10-04 11:52;5543;gupperz-sour-squirt-grenades-72-g;-8;out_of_stock;3.99;
2026-10-04 11:52;5546;candy-pop-popcorn-beurre-de-cacahuetes-et-fraise-149-g;0;out_of_stock;6.49;
2026-10-04 11:52;5548;jelly-belly-harry-potter-35-g;0;out_of_stock;3.99;
2026-10-04 11:52;5564;freez-mix-bleu-hawai-275-ml;16;in_stock;2.50;
2026-10-04 11:52;5565;freez-mix-fraise-275-ml;13;in_stock;2.50;
2026-10-04 11:52;5566;freez-mix-kiwi-citron-275-ml;8;in_stock;2.50;
2026-10-04 11:52;5567;freez-mix-grenadine-275-ml;22;in_stock;2.00;
2026-10-04 11:52;5569;freez-mix-pommeraisin-275-ml;-7;in_stock;2.00;
2026-10-04 11:52;5571;freez-mix-citron-gingembre-275-ml;2;in_stock;2.00;
2026-10-04 11:52;5572;pringles-passport-thai-style-green-curry-165-g;0;out_of_stock;4.49;
2026-10-04 11:52;5573;buldak-ramen-quattro-cheese-hot-chicken-flavor-145-g;47;in_stock;2.50;
2026-10-04 11:52;5574;reeses-4-peanut-butter-cups-79-g;42;in_stock;3.99;
2026-10-04 11:52;5576;copy-fanta-tropical---500-ml;61;in_stock;3.00;
2026-10-04 11:52;5577;the-belgian-pralines-tiramisu-200-g;2;in_stock;6.49;
2026-10-04 11:52;5579;monin-fraise-des-bois-70-cl;26;in_stock;13.99;
2026-10-04 11:52;5588;geldhof-nez-citrique-3-kg;-8;in_stock;26.99;
2026-10-04 11:52;5590;geldhof-avion-citrique-3-kg;0;in_stock;26.99;
2026-10-04 11:52;5591;geldhof-poire-citrique-3-kg;0;in_stock;26.99;
2026-10-04 11:52;5592;geldhof-tortue-citrique-3-kg;1;in_stock;26.99;
2026-10-04 11:52;5593;geldhof-tranche-dananas-sucree-3-kg;0;out_of_stock;26.99;
2026-10-04 11:52;5600;lollywood-baton-pomme-citrique-xl-1-kg;26;in_stock;8.99;
2026-10-04 11:52;5606;bulgari-marshmallow-fraise-1080-kg;1;in_stock;17.99;
2026-10-04 11:52;5608;bulgari-etoile-bleu-900-g;9;in_stock;9.99;
2026-10-04 11:52;5611;sweet-party-spaghetti-framboise-citrique-1-kg;20;in_stock;9.99;
2026-10-04 11:52;5614;sweet-party-chewing-gum-watermelon-2-kg;5;in_stock;19.99;
2026-10-04 11:52;5615;sweet-party-spirale-fraise-huile-1-kg;0;out_of_stock;9.99;
2026-10-04 11:52;5616;sweet-party-mini-cable-fraise-huile-1-kg;20;in_stock;8.99;
2026-10-04 11:52;5617;sweet-party-chewing-gum-mix-fruit-2-kg;8;in_stock;19.99;
2026-10-04 11:52;5619;ravazzi-ufs-1-kg;45;in_stock;7.99;
2026-10-04 11:52;5622;ravazzi-grenouilles-geantes-1-kg;0;in_stock;7.99;
2026-10-04 11:52;5633;geldhof-grenouille-citrique-3-kg;2;in_stock;26.99;
2026-10-04 11:52;5634;unicorn-poo-10-g;13;in_stock;1.00;
2026-10-04 11:52;5636;debron-poker-fruit-1-kg;7;in_stock;13.99;
2026-10-04 11:52;5641;debron-eucamint-1-kg;3;in_stock;13.99;
2026-10-04 11:52;5642;haribo-langue-fizz-185-g;0;in_stock;3.99;
2026-10-04 11:52;5645;haribo-happy-cola-185-g;13;in_stock;2.49;
2026-10-04 11:52;5646;haribo-happy-cherries-fizz-200-g;40;in_stock;3.99;
2026-10-04 11:52;5650;pedro-smileys-1-kg;14;in_stock;8.99;
2026-10-04 11:52;5652;pedro-singes-bananes-1-kg;34;in_stock;8.99;
2026-10-04 11:52;5669;vidal-fondant-fraise-1-kg;5;in_stock;8.99;
2026-10-04 11:52;5678;lard-anversois-blanc-rose-3-kg;0;in_stock;44.99;
2026-10-04 11:52;5682;lollywood-baton-framboise-citrique-xl-1-kg;8;in_stock;8.99;
2026-10-04 11:52;5713;dr.-sour-powder-balls-cola-1000-g;25;in_stock;7.99;
2026-10-04 11:52;5715;dr.-sour-powder-balls-fraise-1000-g;18;in_stock;7.99;
2026-10-04 11:52;5716;fanta-raisin-330-ml;6;in_stock;2.50;
2026-10-04 11:52;5717;dr.-sour-powder-balls-pasteque-1000-g;4;in_stock;7.99;
2026-10-04 11:52;5763;fini-bananes-gelifiees-1-kg;-1;in_stock;9.99;
2026-10-04 11:52;5766;lacet-sucre-cola-tubo-1-kg;6;in_stock;5.99;
2026-10-04 11:52;5769;tapis-sucre-fruite-4-couleurs-tubo-1-kg;-8;out_of_stock;5.99;
2026-10-04 11:52;5770;fuze-tea-pasteque-330-ml;0;out_of_stock;2.50;
2026-10-04 11:52;5772;sweet-party-tapis-pomme-citrique-17-kg;7;in_stock;13.99;
2026-10-04 11:52;5773;sweet-party-tapis-coca-citrique-17-kg;1;in_stock;13.99;
2026-10-04 11:52;5790;coca-cola-vanille-zero-330-ml;-12;in_stock;2.50;
2026-10-04 11:52;5791;grain-de-cafe-chocolat-noir-1-kg;7;in_stock;27.99;
2026-10-04 11:52;5796;brets-kebab-125-g;14;in_stock;2.69;
2026-10-04 11:52;5797;sac-cabas-stitch-sweet-thing;0;in_stock;3.00;
2026-10-04 11:52;5800;lipton-ice-tea-original-zero-330-ml;49;in_stock;2.00;
2026-10-04 11:52;5804;coca-cola-peche-330-ml;5;in_stock;2.50;
2026-10-04 11:52;5806;bergen-cookies-chocolat-vanille-128-g;68;in_stock;1.99;
2026-10-04 11:52;5809;sweet-party-spaghetti-pomme-citrique-1-kg;13;in_stock;9.99;
2026-10-04 11:52;5812;lipton-ice-tea-tropical-330-ml;-5;out_of_stock;2.50;
2026-10-04 11:52;5828;lays-paysanne-ossau-iraty-et-tomates-sechees-120-g;0;out_of_stock;3.29;
2026-10-04 11:52;5830;sac-cabas-stitch-scrump;7;in_stock;3.00;
2026-10-04 11:52;5831;mms-gelee-au-beurre-de-cacahuete-46-g;-17;out_of_stock;2.99;
2026-10-04 11:52;5833;kitkat-duos-menthe-chocolat-noir-42-g;-2;out_of_stock;2.49;
2026-10-04 11:52;5835;potion-du-cerf-blanc-litchi-330-ml;20;in_stock;6.99;
2026-10-04 11:52;5838;biscuit-lotte-koala-fraise-48-g;0;out_of_stock;2.49;
2026-10-04 11:52;5842;hello-panda-caramel-42-g;17;in_stock;2.49;
2026-10-04 11:52;5844;mars-secret-centre-biscuits-132-g;33;in_stock;4.49;
2026-10-04 11:52;5864;fanta-japan-raisin-dore-500-ml;0;out_of_stock;3.00;
2026-10-04 11:52;5874;monin-saveur-the-citron-concentre-100-cl;18;in_stock;18.99;
2026-10-04 11:52;5875;monin-sirop-saveur-the-vert-matcha-70-cl;12;in_stock;15.99;
2026-10-04 11:52;5881;monin-sauce-caramel-500-ml;-14;out_of_stock;13.99;
2026-10-04 11:52;5885;galler-chocolat-noir-framboise-70-g;0;out_of_stock;3.00;
2026-10-04 11:52;5900;pizza-chocolat-assortie-44-g;0;in_stock;2.49;
2026-10-04 11:52;5921;tablette-chocolat-au-lait-avec-caramel-et-amandes-85-g;0;in_stock;3.29;
2026-10-04 11:52;5923;sweet-party-tapis-framboise-citrique-17-kg;-6;in_stock;13.99;
2026-10-04 11:52;5924;papermints-cool-caps-fraise-18-billes;21;in_stock;1.99;
2026-10-04 11:52;5932;fanta-rich-apple-500-ml;0;out_of_stock;3.00;
2026-10-04 11:52;5942;buldak-ramen-cup-hot-chicken-cheese-70-g;13;in_stock;3.99;
2026-10-04 11:52;5952;skittles-crazy-sours-giants-3x-bigger-132-g;5;in_stock;3.49;
2026-10-04 11:52;5953;dr-pepper-cherry-crush-zero-330-ml;-2;out_of_stock;2.50;
2026-10-04 11:52;5961;kubli-bonbons-violette-130-g;0;out_of_stock;3.49;
2026-10-04 11:52;5965;sweet-party-lacet-pomme-135-kg;9;in_stock;13.99;
2026-10-04 11:52;5974;ultra-ice-tea-peche-naruto-sasuke-33-cl;0;out_of_stock;2.00;
2026-10-04 11:52;5987;monin-sirop-saveur-the-framboise-70-cl;24;in_stock;15.99;
2026-10-04 11:52;6025;harry-potter-biscuit-avec-chocolat-au-lait-126-g;0;out_of_stock;3.99;
2026-10-04 11:52;6026;bergen-dubai-cookies-creme-a-la-pistache-au-chocolat-au-lait-128-g;58;in_stock;2.99;
2026-10-04 11:52;6029;monster-energy-rio-punch-500-ml;11;in_stock;3.00;
2026-10-04 11:52;6031;monster-energy-white-pineapple-500-ml;11;in_stock;3.00;
2026-10-04 11:52;6033;snickers-wafer-roll-12-x-24-g;1;in_stock;15.99;
2026-10-04 11:52;6043;mms-crispy-77-g-x-16-pieces;42;in_stock;37.99;
2026-10-04 11:52;6046;mms-chocolat-90-g;-10;in_stock;2.99;
2026-10-04 11:52;6048;american-bakery-caramel-cones-112-g;0;out_of_stock;2.50;
2026-10-04 11:52;6054;buldak-ramen-bowl-2x-hot-chicken-105-g;0;out_of_stock;4.99;
2026-10-04 11:52;6055;buldak-ramen-cup-hot-chicken-cheese-105-g;0;out_of_stock;5.99;
2026-10-04 11:52;6057;snickers-pods-160-g;0;out_of_stock;5.49;
2026-10-04 11:52;6059;mars-pods-160-g;2;in_stock;5.49;
2026-10-04 11:52;6060;chiclets-menthe-fraiche-sans-sucre-168-g;68;in_stock;1.99;
2026-10-04 11:52;6061;chiclets-fraise-sans-sucre-168-g;61;in_stock;1.99;
2026-10-04 11:52;6062;chiclets-menthe-verte-sans-sucre-168-g;20;in_stock;1.99;
2026-10-04 11:52;6072;sweet-party-mini-tapis-citrique-assortis-1-kg;9;in_stock;9.99;
2026-10-04 11:52;6075;gicopa-gomme-mix-fruits-170-g;22;in_stock;2.50;
2026-10-04 11:52;6080;cachet-chocolat-au-lait-caramel-et-sel-marin-180-g;-2;out_of_stock;3.99;
2026-10-04 11:52;6081;haribo-pasteque-sucree-1-kg;2;in_stock;10.99;
2026-10-04 11:52;6091;dulceplus-citron-sucre-1-kg;4;in_stock;6.99;
2026-10-04 11:52;6092;dulceplus-fleur-sucree-assortie-1-kg;15;in_stock;6.99;
2026-10-04 11:52;6099;dulceplus-coeur-de-peche-sucre-1-kg;0;out_of_stock;6.99;
2026-10-04 11:52;6108;dulceplus-anneau-pomme-acidule-1-kg;14;in_stock;6.99;
2026-10-04 11:52;6111;reeses-pieces-peanut-butter-box-113-g;0;out_of_stock;4.49;
2026-10-04 11:52;6126;copy-dulceplus-vers-huiles-1-kg;26;in_stock;6.99;
2026-10-04 11:52;6136;dulceplus-bisou-coca-twist-1-kg;6;in_stock;6.99;
2026-10-04 11:52;6138;dulceplus-crane-acidule-1-kg;28;in_stock;6.99;
2026-10-04 11:52;6140;dulceplus-banane-verte-sucree-1-kg;-2;out_of_stock;6.99;
2026-10-04 11:52;6182;mr.bite-pixel-lait-chocolate-et-creme-de-pistache-10-x-28-g;9;in_stock;1.50;
2026-10-04 11:52;6192;takis-intense-nacho-100-g;52;in_stock;3.49;
2026-10-04 11:52;6200;fini-petit-mix-acidule-1-kg;0;out_of_stock;9.99;
2026-10-04 11:52;6202;mms-peanut-400-g;0;out_of_stock;9.99;
2026-10-04 11:52;6206;royal-mochi-menthe-aux-pepites-de-chocolat-180-g;0;out_of_stock;5.99;
2026-10-04 11:52;6207;royal-mochi-beurre-de-cacahuetes-180-g;0;out_of_stock;5.99;
2026-10-04 11:52;6208;royal-mochi-caramel-beurre-sale-180-g;8;in_stock;5.99;
2026-10-04 11:52;6209;royal-mochi-pancake-sirop-derable-180-g;1;in_stock;5.99;
2026-10-04 11:52;6210;royal-mochi-creme-vanille-180-g;0;out_of_stock;5.99;
2026-10-04 11:52;6211;royal-mochi-tiramisu-creme-180-g;0;out_of_stock;5.99;
2026-10-04 11:52;6212;royal-mochi-matcha-180-g;13;in_stock;5.99;
2026-10-04 11:52;6215;royal-mochi-cheesecake-fraise-180-g;1;in_stock;5.99;
2026-10-04 11:52;6220;buldak-ramen-cup-spicy-chicken-carbo-80-g;1;in_stock;2.50;
2026-10-04 11:52;6221;lays-paysanne-moutarde-de-dijon-poulet-et-miel-120-g;0;out_of_stock;3.29;
2026-10-04 11:52;6222;lays-paysanne-fromage-frais-120-g;0;in_stock;3.29;
2026-10-04 11:52;6223;lays-paysanne-oignon-de-roscoff-caramelise-120-g;0;out_of_stock;3.29;
2026-10-04 11:52;6235;dr.-sour-dipn-pop-24-x-20-g;0;in_stock;11.99;
2026-10-04 11:52;6246;monin-sirop-saveur-vanille-sans-sucre-70-cl;14;in_stock;15.99;
2026-10-04 11:52;6247;monin-sirop-saveur-noisette-sans-sucre-70-cl;1;in_stock;15.99;
2026-10-04 11:52;6248;monin-sirop-saveur-caramel-sans-sucre-70-cl;18;in_stock;15.99;
2026-10-04 11:52;6249;coca-cola-citron-vert-zero-250-ml;0;out_of_stock;1.50;
2026-10-04 11:52;6255;copy-hi-chew-bonbons-a-la-fraise-50-g;-5;in_stock;2.99;
2026-10-04 11:52;6256;hi-chew-bonbons-a-la-pomme-verte-50-g;-1;in_stock;2.99;
2026-10-04 11:52;6263;lollywood-batons-de-reglisse-mix-1-kg;22;in_stock;8.99;
2026-10-04 11:52;6265;gupperz-fraise-lait-splash-72-g;6;in_stock;3.99;
2026-10-04 11:52;6268;fun-rock-candy-mix-150-g;66;in_stock;1.00;
2026-10-04 11:52;6273;lollywood-brique-framboise-citrique-1-kg;6;in_stock;8.99;
2026-10-04 11:52;6275;megastar-jumbo-stick-fraise-myrtille-40-pieces;4;in_stock;15.99;
2026-10-04 11:52;6279;oyakata-nouilles-korean-barbecue-93-g;-2;in_stock;2.50;
2026-10-04 11:52;6280;fanta-citron-fleur-de-sureau-zero-330-ml;11;in_stock;2.50;
2026-10-04 11:52;6281;megastar-jumbo-stick-multicouleur-twist-40-pieces;3;in_stock;15.99;
2026-10-04 11:52;6289;frisia-ufo-tropical-36-g;1;in_stock;1.50;
2026-10-04 11:52;6290;frisia-ufo-bubblegum-36-g;2;in_stock;1.50;
2026-10-04 11:52;6291;frisia-ufo-fruit-36-g;18;in_stock;1.50;
2026-10-04 11:52;6292;frisia-ufo-coca-36-g;15;in_stock;1.50;
2026-10-04 11:52;6293;bulgari-ourson-rose-900-g;14;in_stock;9.99;
2026-10-04 11:52;6295;red-bull-ice-edition-250-ml;1372;in_stock;2.00;
2026-10-04 11:52;6298;monster-energy-ultra-fantasy-ruby-red-zero-sugar-500-ml;2;in_stock;3.00;
2026-10-04 11:52;6309;chupa-chups-cola-drink-345-ml;0;out_of_stock;2.00;
2026-10-04 11:52;6310;chupa-chups-melon-cream-drink-345-ml;0;out_of_stock;2.00;
2026-10-04 11:52;6316;skittles-citrus-136-g;7;in_stock;3.49;
2026-10-04 11:52;6317;skittles-chewies-137-g;3;in_stock;3.49;
2026-10-04 11:52;6320;chickn-gum-21-g;3;in_stock;1.00;
2026-10-04 11:52;6332;bergen-dubai-style-creme-de-noisettes-avec-kadayif-190-g;29;in_stock;6.99;
2026-10-04 11:52;6345;cachet-chocolat-au-lait-brownie-pretzel-180-g;4;in_stock;3.99;
2026-10-04 11:52;6356;buldak-ramen-cup-spicy-chicken-carbo-105-g;0;out_of_stock;4.99;
2026-10-04 11:52;6357;buldak-ramen-bowl-hot-chicken-habanero-lime-110-g;0;out_of_stock;4.99;
2026-10-04 11:52;6369;oreo-enrobe-chocolat-au-lait-246-g;15;in_stock;3.49;
2026-10-04 11:52;6371;monin-sirop-saveur-tarte-aux-pommes-70-cl;24;in_stock;13.99;
2026-10-04 11:52;6372;cote-dor-baton-lait-noisettes-44-g;224;in_stock;1.00;
2026-10-04 11:52;6373;monin-sirop-saveur-mojito-menthe-70-cl;7;in_stock;13.99;
2026-10-04 11:52;6374;monin-sirop-erable-epices-70-cl;7;in_stock;13.99;
2026-10-04 11:52;6376;monin-sirop-saveur-toffee-nut-70-cl;13;in_stock;13.99;
2026-10-04 11:52;6377;monin-sirop-saveur-mirabelle-70-cl;22;in_stock;13.99;
2026-10-04 11:52;6378;monin-sirop-saveur-anis-70-cl;16;in_stock;13.99;
2026-10-04 11:52;6379;monin-sirop-saveur-citronnelle-70-cl;20;in_stock;13.99;
2026-10-04 11:52;6380;monin-sirop-saveur-rhubarbe-70-cl;16;in_stock;13.99;
2026-10-04 11:52;6381;monin-sirop-saveur-triple-sec-curacao-70-cl;9;in_stock;13.99;
2026-10-04 11:52;6382;monin-sirop-saveur-orange-sanguine-70-cl;10;in_stock;13.99;
2026-10-04 11:52;6383;monin-sirop-saveur-airelles-70-cl;20;in_stock;13.99;
2026-10-04 11:52;6386;monin-sirop-saveur-menthe-glaciale-70-cl;26;in_stock;13.99;
2026-10-04 11:52;6387;monin-sirop-saveur-mangue-epices-70-cl;17;in_stock;13.99;
2026-10-04 11:52;6388;monin-sirop-saveur-spicy-70-cl;3;in_stock;13.99;
2026-10-04 11:52;6389;monin-sirop-saveur-rhum-des-caraibes-70-cl;12;in_stock;13.99;
2026-10-04 11:52;6390;monin-sirop-saveur-jasmin-70-cl;11;in_stock;13.99;
2026-10-04 11:52;6391;monin-sirop-saveur-orange-spritz-70-cl;7;in_stock;13.99;
2026-10-04 11:52;6392;monin-sirop-saveur-pina-colada-70-cl;29;in_stock;13.99;
2026-10-04 11:52;6393;monin-sirop-saveur-fruits-rouges-epices-70-cl;3;in_stock;12.71;
2026-10-04 11:52;6394;monin-sirop-saveur-irish-70-cl;28;in_stock;13.99;
2026-10-04 11:52;6395;monin-sirop-saveur-the-chai-70-cl;28;in_stock;13.99;
2026-10-04 11:52;6396;monin-sirop-saveur-epices-dhiver-70-cl;15;in_stock;13.99;
2026-10-04 11:52;6397;monin-coffret-sirops-pour-cocktails-5-x-5-cl;86;in_stock;17.99;
2026-10-04 11:52;6398;monin-coffret-sirops-pour-cafes-aromatises-5-x-5-cl;9;in_stock;17.99;
2026-10-04 11:52;6399;monin-sirop-saveur-curacao-bleu-70-cl;17;in_stock;13.99;
2026-10-04 11:52;6400;monin-sirop-saveur-tiramisu-70-cl;16;in_stock;13.99;
2026-10-04 11:52;6401;monin-sirop-saveur-pain-depices-70-cl;6;in_stock;13.99;
2026-10-04 11:52;6402;monin-sirop-saveur-falernum-70-cl;9;in_stock;13.99;
2026-10-04 11:52;6403;monin-sirop-saveur-bergamot-70-cl;21;in_stock;13.99;
2026-10-04 11:52;6406;monin-sirop-dagave-70-cl;9;in_stock;16.99;
2026-10-04 11:52;6407;pure-monin-concentre-menthe-non-sucre-70-cl;4;in_stock;13.99;
2026-10-04 11:52;6408;pure-monin-concentre-de-mangue-passion-non-sucre-70-cl;0;out_of_stock;13.99;
2026-10-04 11:52;6409;pure-monin-concentre-de-fruits-rouges-non-sucre-70-cl;11;in_stock;13.99;
2026-10-04 11:52;6410;pure-monin-concentre-de-peche-et-abricot-non-sucre-70-cl;5;in_stock;13.99;
2026-10-04 11:52;6411;monin-sirop-saveur-sangria-mix-70-cl;24;in_stock;13.99;
2026-10-04 11:52;6415;monin-sirop-pour-base-limonade-1-l;6;in_stock;13.99;
2026-10-04 11:52;6416;puree-de-fruit-de-monin-framboise-1-l;0;out_of_stock;19.99;
2026-10-04 11:52;6417;puree-de-fruit-de-monin-rhubarbe-1-l;5;in_stock;19.99;
2026-10-04 11:52;6418;puree-de-fruit-de-monin-fruit-de-la-passion-1-l;0;out_of_stock;19.99;
2026-10-04 11:52;6420;puree-de-fruit-monin-noix-de-coco-1-l;0;out_of_stock;19.99;
2026-10-04 11:52;6421;puree-de-fruit-monin-peche-1-l;2;in_stock;19.99;
2026-10-04 11:52;6422;puree-de-fruit-monin-kiwi-1-l;1;in_stock;19.99;
2026-10-04 11:52;6424;puree-de-fruit-monin-ananas-1-l;6;in_stock;19.99;
2026-10-04 11:52;6425;puree-de-fruit-monin-yuzu-1-l;5;in_stock;19.99;
2026-10-04 11:52;6426;puree-de-fruit-monin-cassis-1-l;2;in_stock;19.99;
2026-10-04 11:52;6427;puree-de-fruit-monin-banane-1-l;10;in_stock;19.99;
2026-10-04 11:52;6428;puree-de-fruit-monin-fraise-1-l;0;out_of_stock;19.99;
2026-10-04 11:52;6432;puree-de-fruit-monin-fruits-rouges-1-l;0;out_of_stock;19.99;
2026-10-04 11:52;6434;puree-de-fruit-monin-myrtille-1-l;2;in_stock;19.99;
2026-10-04 11:52;6438;ice-talk-blueberry-ade-230-ml;22;in_stock;2.50;
2026-10-04 11:52;6439;ice-talk-watermelon-ade-230-ml;24;in_stock;2.50;
2026-10-04 11:52;6453;love-lollies-bouquet-50-g;5;in_stock;1.50;
2026-10-04 11:52;6460;jawbreaker-blue-razz-132-g;39;in_stock;1.50;
2026-10-04 11:52;6467;triple-power-push-pop-34-g;12;in_stock;2.50;
2026-10-04 11:52;6475;poplolly-dino-36-x-16-g;39;in_stock;12.49;
2026-10-04 11:52;6502;lipton-kombucha-framboise-250-ml;0;out_of_stock;3.00;
2026-10-04 11:52;6507;sprite-the-355-ml;0;out_of_stock;2.00;
2026-10-04 11:52;6510;toffifee-chocolat-blanc-125-g;0;out_of_stock;3.99;
2026-10-04 11:52;6513;bergen-cookies-avec-cube-de-gelee-cassis-creme-au-lait-128-g;61;in_stock;2.20;
2026-10-04 11:52;6522;sac-cabas-stitch-aloha;-6;in_stock;3.00;
2026-10-04 11:52;6524;sac-cabas-minecraft;0;in_stock;3.00;
2026-10-04 11:52;6530;nerds-gummy-clusters-fruits-113-g;10;in_stock;4.00;
2026-10-04 11:52;6532;bergen-cookies-avec-cube-de-gelee-banane-et-beurre-de-cacahuete-128-g;54;in_stock;2.20;
2026-10-04 11:52;6541;frisia-mega-bbq-marshmallows-300-g;12;in_stock;3.49;
2026-10-04 11:52;6544;megastar-jumbo-stick-fraise-acidule-40-pieces;6;in_stock;15.99;
2026-10-04 11:52;6545;megastar-jumbo-stick-fraise-40-pieces;-1;out_of_stock;15.99;
2026-10-04 11:52;6546;roodthooft-mocha-caramel-200-g;-17;in_stock;3.49;
2026-10-04 11:52;6553;pringles-passport-turkish-style-kebab-165-g;2;in_stock;4.49;
2026-10-04 11:52;6555;pringles-passport-mexican-style-cheesy-jalapeno-165-g;14;in_stock;4.49;
2026-10-04 11:52;6558;dr.-sweet-tetriminos-1-kg;16;in_stock;9.99;
2026-10-04 11:52;6559;felko-mega-gummies-bear-600-g;-1;in_stock;10.49;
2026-10-04 11:52;6563;bergen-dubai-style-pralines-creme-de-pistaches-240-g;14;in_stock;5.99;
2026-10-04 11:52;6564;monster-energy-lando-norris-zero-sugar-500-ml;46;in_stock;3.00;
2026-10-04 11:52;6566;squid-game-biscuit-au-fromage-158-g;0;out_of_stock;4.49;
2026-10-04 11:52;6569;ice-talk-kiwi-ade-230-ml;33;in_stock;2.50;
2026-10-04 11:52;6570;ice-talk-raisin-vert-ade-230-ml;7;in_stock;2.50;
2026-10-04 11:52;6571;fanta-korean-melon-350-ml;7;in_stock;3.00;
2026-10-04 11:52;6576;quick-milk-forest-fruit-5-x-6-g-30-g;16;in_stock;1.50;
2026-10-04 11:52;6577;quick-milk-bubblegum-5-x-6-g-30-g;9;in_stock;1.50;
2026-10-04 11:52;6597;grand-sachet-mix-confiserie-200-g;193;in_stock;3.99;
2026-10-04 11:52;6606;trolli-halloween-mix-360-g;84;in_stock;6.49;
2026-10-04 11:52;6613;sweet-pack-montre-dextrose-100-pcs;3;in_stock;14.99;
2026-10-04 11:52;6623;ravazzi-piment-acidule-1-kg;23;in_stock;8.99;
2026-10-04 11:52;6624;lollywood-crane-bubblegum-acidule-1-kg;25;in_stock;8.99;
2026-10-04 11:52;6625;copy-lollywood-batons-de-reglisse-mix-1-kg;33;in_stock;8.99;
2026-10-04 11:52;6632;amos-gummy-dinosaur-65-g;0;out_of_stock;2.49;
2026-10-04 11:52;6637;fanta-pomme-rouge-320-ml;-14;out_of_stock;2.50;
2026-10-04 11:52;6646;pringles-sel-vinaigre-165-g;-1;out_of_stock;3.49;
2026-10-04 11:52;6650;sweet-party-spaghetti-cola-citrique-1-kg;18;in_stock;9.99;
2026-10-04 11:52;6652;frisia-cur-brise-citrique-3-kg;9;in_stock;19.99;
2026-10-04 11:52;6653;lutti-oh-la-la-mini-mix-3-kg;-5;in_stock;30.99;
2026-10-04 11:52;6656;lutti-bubblizz-balls-3kg;-1;in_stock;37.99;
2026-10-04 11:52;6674;snickers-pecan-40-g;5;in_stock;2.49;
2026-10-04 11:52;6676;kinder-crispy-14-x-34-g;39;in_stock;19.99;
2026-10-04 11:52;6679;cha-cha-maxx-343-g;1;in_stock;1.50;
2026-10-04 11:52;6683;reeses-big-cup-with-reeses-puffs-68-g;0;out_of_stock;2.99;
2026-10-04 11:52;6684;reeses-nutrageous-87-g;0;out_of_stock;2.99;
2026-10-04 11:52;6685;fanta-bouteille-japon-raisin-300-ml;9;in_stock;3.00;
2026-10-04 11:52;6686;reeses-4-white-peanut-butter-cups-79-g;0;out_of_stock;2.49;
2026-10-04 11:52;6690;bulgari-marshmallow-papillon-rose-900-g;8;in_stock;10.99;
2026-10-04 11:52;6697;roodthooft-mocha-caramel-1-kg;8;in_stock;15.99;
2026-10-04 11:52;6699;lutti-mega-bubble-bubblizz-200-pieces;27;in_stock;19.99;
2026-10-04 11:52;6700;trolli-dinorex-1-kg;15;in_stock;8.99;
2026-10-04 11:52;6701;sac-cabas-one-piece-v2;-1;out_of_stock;3.00;
2026-10-04 11:52;6708;nutella-pouch-1-kg;2;in_stock;13.99;
2026-10-04 11:52;6730;roodthooft-cafe-200-g;4;in_stock;3.49;
2026-10-04 11:52;6731;kinder-cookies-136-g;7;in_stock;5.99;
2026-10-04 11:52;6732;kinder-cards-128-g;-1;in_stock;4.99;
2026-10-04 11:52;6733;kinder-tronky-90-g;1;in_stock;3.99;
2026-10-04 11:52;6734;kinder-kinderini-250-g;8;in_stock;5.99;
2026-10-04 11:52;6737;sweet-party-batonnets-colores-4-kg;0;in_stock;29.99;
2026-10-04 11:52;6742;lutti-bubblizz-fizz-candy-paper-24-x-15-g;0;out_of_stock;27.99;
2026-10-04 11:52;6751;skeletons-candies-18-x-25-g;23;in_stock;34.99;
2026-10-04 11:52;6753;croky-patatas-fritas-paprika-100-g;9;in_stock;2.39;
2026-10-04 11:52;6756;roodthooft-mocha-caramel-3-kg;8;in_stock;53.99;
2026-10-04 11:52;6757;yippy-ice-tea-peche-330-ml;0;out_of_stock;1.59;
2026-10-04 11:52;6762;cafe-mio-cappuccino-250-ml;1;in_stock;2.50;
2026-10-04 11:52;6763;cafe-mio-macchiato-250-ml;3;in_stock;2.50;
2026-10-04 11:52;6764;cafe-mio-latte-macchiato-vanilla-250-ml;1;in_stock;2.50;
2026-10-04 11:52;6765;lutti-sucette-cerise-double-tige-75-pieces;0;out_of_stock;22.99;
2026-10-04 11:52;6766;lutti-massues-cola-100-pieces;1;in_stock;34.99;
2026-10-04 11:52;6767;joris-ourson-sans-sucre-25-kg;20;in_stock;2.49;
2026-10-04 11:52;6774;monster-munch-original-75-g;0;out_of_stock;2.50;
2026-10-04 11:52;6775;sweet-party-brique-fraise-huilee-1-kg;18;in_stock;9.99;
2026-10-04 11:52;6776;napoleon-mix-fruit-25-kg;0;out_of_stock;30.99;
2026-10-04 11:52;6781;trinketto-coca-3-x-70-ml;0;out_of_stock;1.50;
2026-10-04 11:52;6782;vidal-tranche-framboise-citrique-1-kg;-2;out_of_stock;8.99;
2026-10-04 11:52;6788;frisia-vegan-winegum-3-kg;-6;in_stock;19.99;
2026-10-04 11:52;6797;fruit-tella-garden-fruits-4-x-41-g;0;out_of_stock;2.00;
2026-10-04 11:52;6800;skittles-desserts-152-g;12;in_stock;3.49;
2026-10-04 11:52;6804;kitkat-chunky-funky-40-g;29;in_stock;2.49;
2026-10-04 11:52;6805;kitkat-chunky-funky-24-x-40-g;1;in_stock;43.99;
2026-10-04 11:52;6809;fanta-ananas-sans-cafeine-355-ml;20;in_stock;2.50;
2026-10-04 11:52;6819;airheads-sour-pasteque-punch-156-g;32;in_stock;1.00;
2026-10-04 11:52;6821;bergen-cookies-peanut-butter-cocoa-biscuit-milk-chocolate-128-g;99;in_stock;1.79;
2026-10-04 11:52;6822;lollywood-papillon-fraise-1-kg;24;in_stock;8.99;
2026-10-04 11:52;6823;geldhof-tetines-citriques-3-kg;-1;in_stock;26.99;
2026-10-04 11:52;6844;juicy-drop-gummies-12-x-57-g;2;in_stock;35.49;
2026-10-04 11:52;6878;red-bull-energy-drink-473-ml;0;out_of_stock;3.00;
2026-10-04 11:52;6888;cheetos-american-turkey-90-g;23;in_stock;2.49;
2026-10-04 11:52;6890;takis-zombie-100-g;0;out_of_stock;3.99;
2026-10-04 11:52;6902;horror-surprise-pop-15-x-10-g;10;in_stock;10.99;
2026-10-04 11:52;6904;horror-finger-dip-18-x-40-g;42;in_stock;8.99;
2026-10-04 11:52;6906;kinder-chocolat-50g;25;in_stock;1.50;
2026-10-04 11:52;6940;toastem-pop-ups-frosted-smores-288-g;0;out_of_stock;4.99;
2026-10-04 11:52;6941;toastem-pop-ups-frosted-myrtille-288-g;19;in_stock;4.99;
2026-10-04 11:52;6945;sweet-party-mignonette-3-kg;1;in_stock;20.99;
2026-10-04 11:52;6947;buenos-dias-creme-de-coco-55-g;30;in_stock;1.99;
2026-10-04 11:52;6949;lays-big-wave-hot-chicken-noodle-flavor-70-g;11;in_stock;3.29;
2026-10-04 11:52;6952;buenos-dias-creme-de-pistache-55-g;-4;out_of_stock;1.99;
2026-10-04 11:52;6954;buenos-dias-creme-de-fraise-55-g;37;in_stock;1.99;
2026-10-04 11:52;6955;buenos-dias-creme-de-speculoos-55-g;39;in_stock;1.99;
2026-10-04 11:52;6957;felko-mega-gummies-brochette-120-g;4;in_stock;2.59;
2026-10-04 11:52;6958;felko-mega-gummies-pilon-de-poulet-cola-fraise-120-g;-1;in_stock;2.59;
2026-10-04 11:52;6960;monsterz-pop-20-x-40-g;0;out_of_stock;23.49;
2026-10-04 11:52;6964;felko-mega-gummies-poisson-fraise-120-g;-17;in_stock;2.59;
2026-10-04 11:52;6965;dr.-sour-jelly-beans-x-taste-1-kg;0;in_stock;10.49;
2026-10-04 11:52;6966;geldhof-escargots-cola-citriques-3-kg;0;in_stock;26.99;
2026-10-04 11:52;6967;the-belgian-truffes-saupoudrees-de-cacao-200-g;-1;out_of_stock;4.99;
2026-10-04 11:52;6968;maison-perrier-daiquired-250-ml;1;in_stock;2.00;
2026-10-04 11:52;6969;dr.-sweet-evil-body-parts-24-x-128-g;4;in_stock;51.99;
2026-10-04 11:52;6971;dr.-sweet-evil-body-parts-128-g;19;in_stock;2.50;
2026-10-04 11:52;6977;dr.-sweet-evil-brain-sludge-60-g;59;in_stock;1.50;
2026-10-04 11:52;6982;toxic-waste-nuclear-fusion-42-g;7;in_stock;2.50;
2026-10-04 11:52;6990;ice-talk-framboise-bleue-et-citron-230-ml;29;in_stock;2.50;
2026-10-04 11:52;6991;ice-talk-passion-mangue-230-ml;13;in_stock;2.50;
2026-10-04 11:52;6992;chupa-chups-babol-tutti-frutti-276-g;15;in_stock;1.00;
2026-10-04 11:52;7006;surprise-drinks-reine-des-neiges-fraise-300-ml;109;in_stock;1.99;
2026-10-04 11:52;7010;sac-cabas-hello-kitty;0;out_of_stock;3.00;
2026-10-04 11:52;7011;monster-energy-zero-sugar-500-ml;14;in_stock;3.00;
2026-10-04 11:52;7012;kinder-country-141g;318;in_stock;2.49;
2026-10-04 11:52;7017;ravazzi-oursons-geants-1-kg;9;in_stock;7.99;
2026-10-04 11:52;7019;thijs-gomme-gin-tonic-1-kg;13;in_stock;10.79;
2026-10-04 11:52;7020;thijs-gomme-fraise-prosecco-1-kg;22;in_stock;10.79;
2026-10-04 11:52;7021;thijs-gomme-peche-bellini-1-kg;0;in_stock;10.79;
2026-10-04 11:52;7022;geldhof-bouteille-cherry-cola-citrique-3-kg;5;in_stock;26.99;
2026-10-04 11:52;7023;amos-peelerz-zombies-65-g;0;out_of_stock;1.50;
2026-10-04 11:52;7024;amos-4d-arithmetic-gummy-85-g;2;in_stock;1.50;
2026-10-04 11:52;7142;gateau-au-chocolat-et-a-la-creme-baileys-195-g;0;out_of_stock;3.49;
2026-10-04 11:52;7145;pringles-everything-bagel-158-g;0;out_of_stock;4.99;
2026-10-04 11:52;7155;lion-brownie-style-5-x-30-g;0;out_of_stock;2.49;
2026-10-04 11:52;7163;batonnets-sucres-pomme-tubo-1-kg;0;out_of_stock;5.99;
2026-10-04 11:52;7165;jimmys-pop-corn-chicago-style-caramel-cheese-110g;0;out_of_stock;3.49;
2026-10-04 11:52;7168;kinder-chocolat-200-g;0;out_of_stock;5.25;
2026-10-04 11:52;7171;pure-monin-concentre-de-citron-citron-vert-non-sucre-70-cl;0;out_of_stock;13.99;
2026-10-04 11:52;7178;amos-peelerz-gummy-trees-65-g;1;in_stock;1.50;
2026-10-04 11:52;7207;nutella-biscuits-193-g;10;in_stock;3.99;
2026-10-04 11:52;7208;the-belgian-pralines-fraise-giftbox-150-g;0;out_of_stock;4.99;
2026-10-04 11:52;7209;the-belgian-pralines-pistache-giftbox-150-g;0;out_of_stock;4.99;
2026-10-04 11:52;7211;trefin-eclair-3-kg;5;in_stock;41.49;
2026-10-04 11:52;7265;maison-perrier-chic-pina-beach-sans-alcool-250-ml;5;in_stock;2.00;
2026-10-04 11:52;7267;hot-chip-mr-twister-challenge-120-g;2;in_stock;8.99;
2026-10-04 11:52;7281;hot-chocolate-dubai-style-saveur-pistache-feuilletine-30-g;1;in_stock;3.49;
2026-10-04 11:52;7285;schweppes-agrumes-330-ml;144;in_stock;2.00;
2026-10-04 11:52;7286;kinder-delice-39-g;-3;out_of_stock;1.00;
2026-10-04 11:52;7294;pate-a-tartiner-crema-pistache-200-g;7;in_stock;6.59;
2026-10-04 11:52;7299;chupa-chups-cherry-stix-10-g;17;in_stock;0.50;
2026-10-04 11:52;7300;chupa-chups-cola-stix-10-g;-13;out_of_stock;0.50;
2026-10-04 11:52;7318;milka-max-choco-swing-300-g;0;out_of_stock;3.99;
2026-10-04 11:52;7321;chupa-chups-xxl-bubble-gum-5-x-29-g;0;out_of_stock;1.50;
2026-10-04 11:52;7324;jimmys-popcorn-sweet-salt-100-g;35;in_stock;2.49;
2026-10-04 11:52;7325;jimmys-popcorn-sweet-100-g;34;in_stock;2.49;
2026-10-04 11:52;7328;toastem-pop-ups-frosted-brown-sugar-cinnamon-288-g;0;out_of_stock;4.99;
2026-10-04 11:52;7331;royal-mini-mochi-pancake-a-lerable-40-g;16;in_stock;2.29;
2026-10-04 11:52;7332;royal-mini-mochi-vanilla-cream-40-g;7;in_stock;2.29;
2026-10-04 11:52;7333;royal-mini-mochi-tiramisu-40-g;10;in_stock;2.29;
2026-10-04 11:52;7334;royal-mini-mochi-cheesecake-fraise-40-g;5;in_stock;2.29;
2026-10-04 11:52;7336;sour-punch-ice-cream-truck-bites-105-g;9;in_stock;3.49;
2026-10-04 11:52;7344;oyakata-yakisoba-poulet-epice-fromage-97-g;20;in_stock;2.50;
2026-10-04 11:52;7345;oyakata-yakisoba-kimchi-coreen-92-g;6;in_stock;2.50;
2026-10-04 11:52;7346;oyakata-yakisoba-poulet-yakitori-93-g;26;in_stock;2.50;
2026-10-04 11:52;7353;mr-beast-feastables-2-cups-chocolat-cremeux-noisette-40-g;18;in_stock;3.99;
2026-10-04 11:52;7354;mr-beast-feastables-2-cups-beurre-de-cacahuete-cremeux-40-g;1;in_stock;3.99;
2026-10-04 11:52;7356;kitkat-citron-vert-415-g;7;in_stock;2.49;
2026-10-04 11:52;7358;twix-triple-chocolat-40-g;0;out_of_stock;2.49;
2026-10-04 11:52;7359;bounty-crispy-rolls-5-x-234-g;-6;out_of_stock;3.49;
2026-10-04 11:52;7366;pringles-black-truffle-velvet-mashed-potatoes-80-g;2;in_stock;2.99;
2026-10-04 11:52;7367;jack-links-beef-jerky-original-high-protein-40-g;0;out_of_stock;6.49;
2026-10-04 11:52;7370;twix-wafer-rolls-12-x-225-g;0;out_of_stock;13.99;
2026-10-04 11:52;7378;buldak-ramen-cup-hot-chicken-70-g;10;in_stock;3.99;
2026-10-04 11:52;7380;pocky-strawberry-peach-yogurt-38-g;0;out_of_stock;2.99;
2026-10-04 11:52;7381;harry-potter-tablette-choco-grenouille-200-g;16;in_stock;7.25;
2026-10-04 11:52;7382;fanta-banana-chocolate-500-ml;204;in_stock;3.00;
2026-10-04 11:52;7384;fanta-passion-fruit-grape-fruit-500-ml;0;out_of_stock;3.00;
2026-10-04 11:52;7385;fanta-hami-melon-500-ml;13;in_stock;3.00;
2026-10-04 11:52;7389;barre-chocolat-cadbury-oreo-35-g;0;out_of_stock;1.50;
2026-10-04 11:52;7394;carambar-caramel-320-g;0;out_of_stock;4.99;
2026-10-04 11:52;7409;the-belgian-pralines-mango-150-g;11;in_stock;4.99;
2026-10-04 11:52;7410;sweet-party-spaghetti-cola-135-kg;24;in_stock;13.99;
2026-10-04 11:52;7414;kinder-brioss-270-g;-7;out_of_stock;5.99;
2026-10-04 11:52;7415;kinder-brioss-cacao-280-g;0;out_of_stock;5.99;
2026-10-04 11:52;7418;boisson-airheads-orange-355-ml;16;in_stock;2.50;
2026-10-04 11:52;7419;boisson-airheads-fraise-355-ml;19;in_stock;2.50;
2026-10-04 11:52;7432;jimmys-popcorn-sale-17-g;0;in_stock;0.50;
2026-10-04 11:52;7434;oyakata-ramen-crevette-tempura-61-g;6;in_stock;2.00;
2026-10-04 11:52;7435;oyakata-ramen-porc-62-g;2;in_stock;2.00;
2026-10-04 11:52;7440;nerds-gummy-clusters-rainbow-85-g;0;out_of_stock;3.99;
2026-10-04 11:52;7442;lays-algues-70-g;19;in_stock;3.29;
2026-10-04 11:52;7443;lays-concombre-70-g;0;out_of_stock;3.29;
2026-10-04 11:52;7444;lays-ailes-de-poulet-rainurees-70-g;5;in_stock;3.29;
2026-10-04 11:52;7445;lays-ecrevisses-epicees-70-g;-4;out_of_stock;3.29;
2026-10-04 11:52;7453;kinder-milkredible-milk-468-g;19;in_stock;6.49;
2026-10-04 11:52;7454;kinder-milkredible-choco-milk-468-g;9;in_stock;6.49;
2026-10-04 11:52;7455;cote-dor-baton-chocolat-noir-32-x-47-g;-2;in_stock;35.99;
2026-10-04 11:52;7460;dr.-sour-jelly-beans-mix-1-kg;5;in_stock;10.49;
2026-10-04 11:52;7461;dr.-sweet-fruit-salad-1-kg;-9;in_stock;9.99;
2026-10-04 11:52;7463;lays-calamars-rainures-70-g;2;in_stock;3.29;
2026-10-04 11:52;7469;brainrot-soda-six-seven-7-250-ml;0;out_of_stock;3.00;
2026-10-04 11:52;7497;airheads-acidules-bleu-explosif-16-g;-1;out_of_stock;1.00;
2026-10-04 11:52;7505;bifi-roll-45-g;169;in_stock;1.49;
2026-10-04 11:52;7516;tic-tac-gout-ananas-et-fruit-de-la-passion-49-g;9;in_stock;2.99;
2026-10-04 11:52;7525;pocky-amande-chocolat-noir-25-g;11;in_stock;1.69;
2026-10-04 11:52;7527;milka-choco-moo-biscuits-au-chocolat-40-g;23;in_stock;1.00;
2026-10-04 11:52;7528;milka-sensations-biscuits-au-chocolat-oreo-52-g;6;in_stock;1.50;
2026-10-04 11:52;7529;milka-sensations-biscuits-au-chocolat-52-g;70;in_stock;1.50;
2026-10-04 11:52;7530;milka-choco-brookie-brownie-biscuit-au-chocolat-132-g;15;in_stock;4.99;
2026-10-04 11:52;7531;milka-nussini-barres-de-chocolat-au-lait-315-g;39;in_stock;1.50;
2026-10-04 11:52;7532;milka-choco-brownie-gateaux-50-g;69;in_stock;1.50;
2026-10-04 11:52;7533;milka-barres-de-chocolat-au-lait-25-g;0;in_stock;1.50;
2026-10-04 11:52;7534;milka-tablette-de-chocolat-au-lait-oreo-100-g;-1;in_stock;2.50;
2026-10-04 11:52;7536;copy-milka-choco-brookie-brownie-biscuit-au-chocolat-132-g;5;in_stock;3.50;
2026-10-04 11:52;7537;milka-choco-supreme-biscuits-au-chocolat-30-g;20;in_stock;1.00;
2026-10-04 11:52;7577;nerds-gummy-clusters-fruits-45-g;9;in_stock;1.99;
2026-10-04 11:52;7578;nerds-gummy-clusters-berries-45-g;26;in_stock;1.99;
2026-10-04 11:52;7603;lotus-biscoff-go-8-x45-g;2;in_stock;27.99;
2026-10-04 11:52;7606;capri-sun-cola-200-ml;-3;out_of_stock;1.00;
2026-10-04 11:52;7611;copy-papermints-cool-caps-40-billes;31;in_stock;3.99;
2026-10-04 11:52;7612;red-bull-energy-drink-original-glass-bottle-250-ml;23;in_stock;3.00;
2026-10-04 11:52;7613;red-bull-organics-fizzy-peach-330-ml;111;in_stock;3.00;
2026-10-04 11:52;7614;red-bull-organics-black-orange-330ml;158;in_stock;3.00;
2026-10-04 11:52;7615;red-bull-organics-easy-lemon-330ml;45;in_stock;3.00;
2026-10-04 11:52;7616;red-bull-organics-simply-cola-big-330ml;76;in_stock;3.00;
2026-10-04 11:52;7619;candy-amos-peelerz-gummy-carrots-easter-65g;0;out_of_stock;2.99;
2026-10-04 11:52;7625;fruit-tella-yogurt-flavour-bonbons-tendre-100-gg;0;out_of_stock;3.49;
2026-10-04 11:52;7626;sprite-raspberry-lemon-zero-china-330ml;23;in_stock;2.50;
2026-10-04 11:52;7634;milka-tender-cow-5-x-28-g-140-g;0;out_of_stock;2.49;
2026-10-04 11:52;7636;milka-choco-cookies-135-g;17;in_stock;1.99;
2026-10-04 11:52;7638;milka-choco-sticks-112-g;18;in_stock;1.99;
2026-10-04 11:52;7639;milka-sensations-cookies-oreo-creme-156g;5;in_stock;2.49;
2026-10-04 11:52;7642;milka-choco-dessert-orange-147-g;0;out_of_stock;1.99;
2026-10-04 11:52;7644;milka-tender-milk-185-g;0;out_of_stock;1.99;
2026-10-04 11:52;7665;kitkat-cookie-dough-415g;25;in_stock;2.49;
2026-10-04 11:52;7669;frisia-smiley-3-kg;1;in_stock;17.99;
2026-10-04 11:52;7671;guylian-chocolats-coquillages-65-g;-7;out_of_stock;2.49;
2026-10-04 11:52;7672;monster-energy-nitro-cosmic-peach-500-ml;-1;out_of_stock;3.00;
2026-10-04 11:52;7673;monster-energy-ultra-red-500-ml;0;out_of_stock;3.00;
2026-10-04 11:52;7678;toxic-waste-green-sour-soda-330-ml;25;in_stock;2.50;
2026-10-04 11:52;7679;toxic-waste-purple-sour-soda-330-ml;0;out_of_stock;2.50;
2026-10-04 11:52;7680;pringles-team-buffalo-chicken-wings-flavour-165-g;6;in_stock;4.99;
2026-10-04 11:52;7681;pringles-team-cheeseburger-flavour-165-g;7;in_stock;4.99;
2026-10-04 11:52;7682;pringles-team-loaded-fries-flavour-165-g;13;in_stock;4.99;
2026-10-04 11:52;7689;mms-cookie-dough-176-g;116;in_stock;4.99;
2026-10-04 11:52;7711;pops-ice-tea-saveur-mangue-passion-33-cl;9;in_stock;3.00;
2026-10-04 11:52;7713;ice-talk-saveur-grenade-230-ml;85;in_stock;2.50;
2026-10-04 11:52;7719;brainrot-soda-trippi-troppi-250-ml;16;in_stock;3.00;
2026-10-04 11:52;7720;brainrot-soda-lirili-larila-250ml;12;in_stock;3.00;
2026-10-04 11:52;7721;brainrot-soda-udin-din-din-dun-250ml;48;in_stock;3.00;
2026-10-04 11:52;7722;brainrot-soda-cappuccino-assassino-250ml;24;in_stock;3.00;
2026-10-04 11:52;7724;copy-brainrot-soda-tralalero-tralalala-250ml;51;in_stock;3.00;
2026-10-04 11:52;7725;pringles-saveur-fromage-frais-et-fines-herbes-165-g;99;in_stock;2.99;
2026-10-04 11:52;7728;kinder-kornetti-crema-al-latte-mini-croissants-fourres-a-la-creme-de-lait-252-g;-1;out_of_stock;6.99;
2026-10-04 11:52;7738;disney-wispie-drink-le-roi-lion-kiwi-pineapple-apple-450-ml;0;out_of_stock;3.00;
2026-10-04 11:52;7739;disney-wispie-drink-princesses-fraise-banane-450-ml;0;out_of_stock;3.00;
2026-10-04 11:52;7740;disney-wispie-drink-vaiana-fruit-de-la-passion-mangue-450-ml;0;out_of_stock;3.00;
2026-10-04 11:52;7741;disney-wispie-drink-toy-story-orange-ananas-450-ml;0;out_of_stock;3.00;
2026-10-04 11:52;7742;disney-wispie-drink-mickey-mouse-multifruits-450-ml;1;in_stock;3.00;
2026-10-04 11:52;7744;disney-wispie-drink-la-reine-des-neiges-pomme-ananas-450-ml;0;out_of_stock;3.00;
2026-10-04 11:52;7746;fanta-china-pineapple-330-ml;-1;out_of_stock;2.50;
2026-10-04 11:52;7755;milka-choco-grain-126-g;0;out_of_stock;1.99;
2026-10-04 11:52;7757;calypso-sunset-peach-lemonade-473-ml;2;in_stock;3.00;
2026-10-04 11:52;7759;nerds-gummy-clusters-nfl-berry-punch-rush-85-g;1;in_stock;3.99;
2026-10-04 11:52;7762;debron-ourson-reglisse-sans-sucre-1-kg;3;in_stock;14.99;
2026-10-04 11:52;7767;dr.-sour-powder-balls-citron-citron-vert-1-kg;3;in_stock;8.99;
2026-10-04 11:52;7771;milka-ufs-coque-chocolat-au-lait-136-g;0;out_of_stock;6.99;
2026-10-04 11:52;7774;croky-snackbar-fricandelle-speciale-130-g;19;in_stock;2.39;
2026-10-04 11:52;7778;mr.-mallo-mini-tubes-blanc-1-kg;1;in_stock;8.49;
2026-10-04 11:52;7779;copy-croky-snackbar-fricandelle-speciale-130-g;7;in_stock;3.49;
2026-10-04 11:52;7780;milkyway-43-g-x-30-pieces;26;in_stock;21.49;
2026-10-04 11:52;7788;quick-milk-magic-sipper-pistache-chocolat-30-g;6;in_stock;1.50;
2026-10-04 11:52;7797;dr-pepper-cream-swirl-330-ml;6;in_stock;2.00;
2026-10-04 11:52;7799;red-bull-organics-minty-blackberry-330-ml;-1;out_of_stock;3.00;
2026-10-04 11:52;7801;iconik-sweet-buenos-dias-pate-a-tartiner-aux-noisettes-350-g;4;in_stock;7.99;
2026-10-04 11:52;7804;royal-mochi-strawberry-cheesecake-120-g;10;in_stock;4.49;
2026-10-04 11:52;7807;bergen-obsession-cookies-caramel-delicacies-128-g;46;in_stock;1.99;
2026-10-04 11:52;7808;bergen-cookies-matcha-milk-glaze-strawberry-cream-128-g;82;in_stock;1.99;
2026-10-04 11:52;7823;red-bull-the-lilac-edition-boisson-energisante-250-ml;18;in_stock;2.00;
2026-10-04 11:52;7824;red-bull-zero-energy-drink-250-ml;63;in_stock;2.00;
2026-10-04 11:52;7842;fanta-china-litchi-330-ml;12;in_stock;2.50;
2026-10-04 11:52;7843;red-bull-organics-tonic-water-250-ml;-5;out_of_stock;3.00;
2026-10-04 11:52;7844;brainrot-soda-tralaleritos-250-ml;-2;out_of_stock;3.00;
2026-10-04 11:52;7846;croky-tortilla-nacho-cheese-160-g;41;in_stock;1.99;
2026-10-04 11:52;7847;croky-snackbox-sauce-sate-130-g;0;out_of_stock;2.49;
2026-10-04 11:52;7851;croky-explosions-pickles-150-g;8;in_stock;2.99;
2026-10-04 11:52;7852;croky-tortilla-paprika-160-g;62;in_stock;2.49;
2026-10-04 11:52;7853;playboy-energy-drink-razz-bunny-330-ml;-22;out_of_stock;2.00;
2026-10-04 11:52;7854;playboy-energy-drink-lovely-melons-330-ml;-21;out_of_stock;2.00;
2026-10-04 11:52;7855;playboy-energy-drink-sexy-peaches-330-ml;-36;out_of_stock;2.00;
2026-10-04 11:52;7856;playboy-energy-drink-naughty-berry-330-ml;-25;out_of_stock;2.00;
2026-10-04 11:52;7857;playboy-energy-drink-tropic-passion-330-ml;15;in_stock;2.00;
2026-10-04 11:52;7858;bomba-blue-energy-drink-250-ml;0;out_of_stock;2.00;
2026-10-04 11:52;7860;bomba-pink-energy-drink-250-ml;14;in_stock;2.00;
2026-10-04 11:52;7862;bomba-classic-energy-drink-250-ml;0;out_of_stock;2.00;
2026-10-04 11:52;7863;copy-bomba-classic-energy-drink-250-ml;14;in_stock;2.00;
2026-10-04 11:52;7864;mms-peanut-82-g;-14;out_of_stock;1.99;
2026-10-04 11:52;7865;mms-chocolate-82-g;31;in_stock;1.99;
2026-10-04 11:52;7868;mars-miniature-250p-2.5-kg;7;in_stock;83.49;
2026-10-04 11:52;7869;monster-juiced-viking-berry-500-ml;-17;out_of_stock;3.00;
2026-10-04 11:52;7870;monster-rehab-tea-peach-500-ml;-1;out_of_stock;3.00;
2026-10-04 11:52;7871;monster-energy-vr46-zero-sugar-500-ml;13;in_stock;3.00;
2026-10-04 11:52;7872;mega-monster-energy-553-ml;1;in_stock;3.00;
2026-10-04 11:52;7874;coca-cola-zero-zero-330-ml;91;in_stock;1.50;
2026-10-04 11:52;7876;croky-snackbar-boulette-apero-130-g;5;in_stock;2.49;
2026-10-04 11:52;7877;calypso-berry-bloom-sans-sucre-330-ml;8;in_stock;2.00;
2026-10-04 11:52;7878;calypso-blood-orange-breeze-sans-sucre-330-ml;4;in_stock;2.00;
2026-10-04 11:52;7879;calypso-apple-oasis-sans-sucre-330-ml;8;in_stock;2.00;
2026-10-04 11:52;7880;frisia-levres-rouges-2-kg;16;in_stock;14.99;
2026-10-04 11:52;7884;felko-mega-gummies-macaron-120-g;0;out_of_stock;2.99;
2026-10-04 11:52;7894;van-holtens-pickle-puffed-snacks-saveur-ail-garlic-joe-90-g;-1;out_of_stock;3.99;
2026-10-04 11:52;7895;van-holtens-pickle-puffed-snacks-saveur-cornichon-aneth-big-papa-90-g;-1;out_of_stock;3.99;
2026-10-04 11:52;7896;van-holtens-pickle-puffed-snacks-saveur-cornichon-piquant-hot-mama-90-g;3;in_stock;3.99;
2026-10-04 11:52;7897;kinder-maxi-42-g;19;in_stock;1.49;
2026-10-04 11:52;7901;maxi-rainbow-pops-sucettes-100-p-2-kg;0;out_of_stock;45.99;
2026-10-04 11:52;7905;nestle-nesquik-barre-gaufrette-chocolat-26-g;15;in_stock;0.99;
2026-10-04 11:52;7906;dr-fire-flamin-dragon-chips-piquantes-80-g;0;out_of_stock;3.49;
2026-10-04 11:52;7907;dr-fire-after-burner-chips-extra-piquantes-80-g;0;out_of_stock;3.49;
2026-10-04 11:52;7908;dr-fire-cheesy-jalapeno-chips-fromage-piment-80-g;-1;out_of_stock;3.49;
2026-10-04 11:52;7910;pringles-classic-m5-saveur-steak-et-foie-gras-80-g;9;in_stock;4.99;
2026-10-04 11:52;7914;felko-mega-gummies-petit-dejeuner-anglais-bonbons-120-g;9;in_stock;2.99;
2026-10-04 11:52;7917;capri-sun-ice-pops-fruit-mix-10-x-40-ml;109;in_stock;3.99;
2026-10-04 11:52;7928;mega-moustache-lollipops-15-g;25;in_stock;0.99;
2026-10-04 11:52;7929;candy-fountain-gel-candy-51-g-x-12;1;in_stock;10.99;
2026-10-04 11:52;7930;candy-fountain-gel-candy-51-g;15;in_stock;0.99;
2026-10-04 11:52;7931;screamers-gummy-shake-snack-70-g-x-12;19;in_stock;22.49;
2026-10-04 11:52;7932;screamers-gummy-shake-snack-70-g;1;in_stock;1.99;
2026-10-04 11:52;7933;hot-rage-bonbons-assortis-50-g-x-24;-4;out_of_stock;20.49;
2026-10-04 11:52;7937;copy-hot-rage-bonbons-assortis-50-g-x-24;-2;out_of_stock;14.99;
2026-10-04 11:52;7939;pop-gun-lollipop-5-g-x-16;-3;out_of_stock;9.99;
2026-10-04 11:52;7941;jelly-gum-bubble-gum-gel-50-g-x-16;1;in_stock;11.49;
2026-10-04 11:52;7943;funny-candy-mallow-cream-35-g-x-12;3;in_stock;10.49;
2026-10-04 11:52;7945;myphone-candy-14-g-x-12;9;in_stock;10.49;
2026-10-04 11:52;7951;carambar-sucettes-156-g;16;in_stock;2.49;
2026-10-04 11:52;7957;milka-choco-biscuits-150-g;10;in_stock;2.49;
2026-10-04 11:52;7958;milka-choco-wafer-150-g;7;in_stock;3.49;
2026-10-04 11:52;7959;lutti-balls-fizz-2-kg;4;in_stock;19.49;
2026-10-04 11:52;7960;display-joris-curix-13-g-x-42;4;in_stock;92.99;
2026-10-04 11:52;7961;brets-chips-bbq-a-la-mexicaine-125-g;19;in_stock;2.69;
2026-10-04 11:52;7962;brets-chips-bbq-jalapeno-125-g;28;in_stock;2.69;
2026-10-04 11:52;7964;chips-brets-camembert-truffe-125-g;3;in_stock;2.69;
2026-10-04 11:52;7965;chips-brets-tajine-de-poulet-aux-epices-125-g;9;in_stock;2.69;
2026-10-04 11:52;7966;copy-chips-brets-tajine-de-poulet-aux-epices-125-g;35;in_stock;2.69;
2026-10-04 11:52;7967;mini-sucettes-fruits-lollywood-4-g-x-500;2;in_stock;30.99;
2026-10-04 11:52;7972;boite-jeu-stitch-avec-biscuits-pepites-de-chocolat-10-g;18;in_stock;3.99;
2026-10-04 11:52;7973;capsule-surprise-stitch-avec-biscuits-x2-11-g;7;in_stock;2.99;
2026-10-04 11:52;7974;copy-capsule-surprise-stitch-avec-biscuits-x2-11-g;1;in_stock;1.99;
2026-10-04 11:52;7979;dr-pepper-strawberries-cream-330-ml;0;out_of_stock;1.50;
2026-10-04 11:52;7980;batman-soda-drink-sour-green-apple-250-ml;37;in_stock;2.00;
2026-10-04 11:52;7983;superman-soda-drink-sour-blue-raspberry-250-ml;0;out_of_stock;2.00;
2026-10-04 11:52;7984;matchami-berry-berry-lady-250-ml;18;in_stock;3.50;
2026-10-04 11:52;7985;matchami-matcha-matcha-250-ml;14;in_stock;3.50;
2026-10-04 11:52;7986;estathe-peach-tea-330-ml;5;in_stock;2.00;
2026-10-04 11:52;7987;estathe-peche-400-ml;4;in_stock;4.00;
2026-10-04 11:52;7988;coca-pear-blossom-flavour-400-ml;14;in_stock;2.50;
2026-10-04 11:52;7991;buenos-dias-pate-a-tartiner-aux-noisettes-200-g;0;out_of_stock;4.49;
2026-10-04 11:52;7994;omg-bubble-tea-dragon-fruit-mood-mango-bubbles-265-ml;-2;out_of_stock;3.99;
2026-10-04 11:52;7996;capri-sun-electrolytes-mango-peche-330-ml;-15;out_of_stock;2.50;
2026-10-04 11:52;7997;capri-sun-electrolytes-mure-framboise-330-ml;-17;out_of_stock;2.50;
2026-10-04 11:52;8002;tangle-garlic-oil-pasta-100-g;-1;out_of_stock;2.49;
2026-10-04 11:52;8003;tangle-creamy-bulgogi-flavour-pasta-105-g;0;out_of_stock;2.49;
2026-10-04 11:52;8004;tangle-creamy-mushroom-flavour-pasta-105-g;0;out_of_stock;2.49;
2026-10-04 11:52;8005;tangle-chunky-tomato-pasta-105-g;0;out_of_stock;2.49;
2026-10-04 11:52;8006;samyang-buldak-nouilles-plates-original-1555-g;0;out_of_stock;4.99;
2026-10-04 11:52;8009;ollys-sweet-chilli-pretzel-thins-140-g;0;out_of_stock;3.49;
2026-10-04 11:52;8011;ollys-sour-cream-onion-pretzel-thins-140-g;0;out_of_stock;3.49;
2026-10-04 11:52;8012;lays-fresh-baked-rice-cracker-original-80-g;2;in_stock;3.49;
2026-10-04 11:52;8014;lays-deep-squid-70-g;15;in_stock;3.49;
2026-10-04 11:52;8016;reeses-chocolate-lava-big-cup-16-x-79-g-1.27-kg;0;in_stock;58.49;
2026-10-04 11:52;8017;reeses-big-cup-strawberry-pbj-16-x-79-g-1.27-kg;0;in_stock;58.49;
2026-10-04 11:52;8018;reeses-chocolate-lava-big-cup-79-g;4;in_stock;3.49;
2026-10-04 11:52;8020;mms-peanut-200-g;-3;out_of_stock;1.99;
2026-10-04 11:52;8023;iconiksweet-pop-in-chicken-chocolate-saveur-pistache-50-g;1;in_stock;3.49;
2026-10-04 11:52;8024;iconiksweet-pop-in-chicken-chocolate-saveur-fraise-50-g;-10;out_of_stock;3.49;
2026-10-04 11:52;8026;hitschies-hitschies-original-mix-150-g;0;out_of_stock;3.49;
2026-10-04 11:52;8027;nippers-sour-candy-crunch-grape-cherry-50-g;184;in_stock;1.49;
2026-10-04 11:52;8029;bardollini-matcha-rolls-green-tea-flavour-120-g;13;in_stock;2.99;
2026-10-04 11:52;8034;bazooka-juicy-drop-gummies-xtreme-sour-gel-57g;21;in_stock;3.99;
2026-10-04 11:52;8037;copy-ovidias-assortiment-de-pralines-belges-edition-printemps-250-g;38;in_stock;7.99;
2026-10-04 11:52;8039;pops-ice-tea-saveur-goyave-330-ml;29;in_stock;3.00;
2026-10-04 11:52;8047;red-bull-the-summer-edition-sudachi-citron-vert-250-ml;-19;out_of_stock;2.00;
2026-10-04 11:52;8052;copy-sweet-party-spaghetti-cola-citrique-1-kg;15;in_stock;9.99;
2026-10-04 11:52;8053;vidal-tranches-kiwi-reglisse-1-kg;-1;in_stock;6.99;
2026-10-04 11:52;8055;croky-explosions-paprika-40-g;11;in_stock;0.99;
2026-10-04 11:52;8058;lollywood-papillons-fraise-550-g;4;in_stock;10.49;
2026-10-04 11:52;8059;cote-dor-baton-double-lait-32-x-46-g;2;in_stock;44.99;
2026-10-04 11:52;8060;cote-dor-baton-chocolat-au-lait-noisette-entiere-32-x-45-g;0;in_stock;50.49;
2026-10-04 11:52;8061;cote-dor-baton-chocolat-au-lait-32-x-47-g;-1;in_stock;44.99;
2026-10-04 11:52;8063;cote-dor-baton-chocolat-au-lait-banane-32-x-475-g;1;in_stock;44.99;
2026-10-04 11:52;8065;cote-dor-baton-chocolat-noir-noisette-32-x-45-g;0;in_stock;50.49;
2026-10-04 11:52;8066;cote-dor-baton-chocolat-blanc-praline-32-x-46-g;0;in_stock;44.99;
2026-10-04 11:52;8067;cote-dor-baton-chocolat-lait-coco-32-x-44-g;0;in_stock;44.99;
2026-10-04 11:52;8068;cote-dor-baton-chocolat-lait-noisettes-32-x-45-g;1;in_stock;44.99;
2026-10-04 11:52;8069;bifi-roll-24-x-45-g;-2;in_stock;35.49;
2026-10-04 11:52;8072;bifi-the-original-20-g;90;in_stock;0.99;
2026-10-04 11:52;8073;bifi-the-original-40-x-20-g;-3;in_stock;30.99;
2026-10-04 11:52;8074;pringles-cheese-onion-165-g;42;in_stock;3.49;
2026-10-04 11:52;8075;hitschies-blue-sour-1-kg;33;in_stock;15.49;
2026-10-04 11:52;8076;carlier-nougat-aux-pistaches-12-x-100-g;4;in_stock;35.49;
2026-10-04 11:52;8078;milka-choco-cow-120-g;0;out_of_stock;1.99;
2026-10-04 11:52;8080;doritos-mexican-style-taco-flavour-170-g;5;in_stock;2.99;
2026-10-04 11:52;8081;feastables-cookies-creme-60-g;-7;in_stock;2.99;
2026-10-04 11:52;8082;feastables-cookies-creme-10-x-60-g;1;in_stock;26.99;
2026-10-04 11:52;8083;feastables-caramel-10-x-60-g;4;in_stock;26.99;
2026-10-04 11:52;8085;feastables-milk-chocolate-10-x-60-g;5;in_stock;26.99;
2026-10-04 11:52;8086;feastables-milk-chocolate-60-g;14;in_stock;2.99;
2026-10-04 11:52;8087;pringles-burger-king-chicken-royale-165-g;-5;out_of_stock;5.99;
2026-10-04 11:52;8088;pringles-burger-king-bacon-double-cheese-xl-165-g;4;in_stock;5.99;
2026-10-04 11:52;8089;copy-samyang-buldak-nouilles-plates-original-1555-g;0;out_of_stock;3.49;
2026-10-04 11:52;8092;pringles-original-40-g;0;out_of_stock;1.50;
2026-10-04 11:52;8093;pringles-texas-bbq-sauce-40-g;0;out_of_stock;1.50;
2026-10-04 11:52;8095;pringles-sour-cream-onion-40-g;0;out_of_stock;1.50;
2026-10-04 11:52;8096;pringles-hot-spicy-40-g;1;in_stock;1.50;
2026-10-04 11:52;8097;kinder-bueno-dark-30-x-43-g;0;out_of_stock;64.99;
2026-10-04 11:52;8098;kinder-bueno-dark-43-g;21;in_stock;2.49;
2026-10-04 11:52;8100;frisia-bouteille-cola-citrique-1.5-kg;32;in_stock;10.49;
2026-10-04 11:52;8106;copy-sakura-latte-cherry-blossom-flavour-90-g;18;in_stock;4.49;
2026-10-04 11:52;8112;arizona-spicy-mucho-mango-with-mikes-hot-honey-650-ml;0;out_of_stock;3.49;
2026-10-04 11:52;8116;schweppes-virgin-orange-spritz-330-ml;4;in_stock;2.00;
2026-10-04 11:52;8118;fanta-orange-500-ml;58;in_stock;3.00;
2026-10-04 11:52;8122;schweppes-grenade-300-ml;-3;out_of_stock;3.00;
2026-10-04 11:52;8123;kitkat-chunky-caramel-24-x-40-g;24;in_stock;51.49;
2026-10-04 11:52;8124;kitkat-chunky-caramel-40-g;1;in_stock;2.49;
2026-10-04 11:52;8125;cadbury-dairy-milk-biscoff-more-195-g;1;in_stock;5.49;
2026-10-04 11:52;8137;milka-choco-creme-260-g;12;in_stock;2.99;
2026-10-04 11:52;8141;frisk-pastilles-sans-sucre-gout-menthe-poivree-35-g;-4;out_of_stock;2.49;
2026-10-04 11:52;8147;frisk-defense-clean-breath-orange-mint-zinc-vitamin-c-12-x-35-g;2;in_stock;27.00;
2026-10-04 11:52;8148;frisk-defense-clean-breath-orange-mint-zinc-vitamin-c-35-g;-1;out_of_stock;2.99;
2026-10-04 11:52;8149;sweet-party-barbe-a-papa-20-g;-1;in_stock;0.99;
2026-10-04 11:52;8150;snickers-creamy-peanut-butter-24-x-365-g;4;in_stock;21.99;
2026-10-04 11:52;8151;coca-cola-cherry-float-330-ml;-48;out_of_stock;2.00;
2026-10-04 11:52;8152;capri-sun-cherry-pomegranate-330-ml;42;in_stock;2.50;
2026-10-04 11:52;8153;capri-sun-mango-maracuja-330-ml;39;in_stock;2.50;
2026-10-04 11:52;8155;sour-patch-kids-original-99-g;1;in_stock;3.49;
2026-10-04 11:52;8156;caraibos-lychee-33-cl;12;in_stock;2.50;
2026-10-04 11:52;8157;caraibos-banana-33-cl;20;in_stock;2.50;
2026-10-04 11:52;8158;royal-family-mochi-chocolate-flavor-120-g;10;in_stock;4.99;
2026-10-04 11:52;8163;brainrot-soda-ballerina-cappuccina-250-ml;26;in_stock;3.00;
2026-10-04 11:52;8170;copy-kitkat-chunky-white---40-g;3;in_stock;33.99;
2026-10-04 11:52;8174;carlier-nougat-amande-noisette-12-x-100-g;1;in_stock;35.49;
2026-10-04 11:52;8177;nutella-biscuits-10-x-193-g;0;in_stock;41.49;
2026-10-04 11:52;8178;kinder-tronky-20-x-90-g;1;in_stock;63.49;
2026-10-04 11:52;8179;kinder-cards-30-x-256-g;1;in_stock;25.99;
2026-10-04 11:52;8182;cote-dor-bouchee-lait-48-x-25-g;-2;in_stock;76.49;
2026-10-04 11:52;8183;copy-mms-chocolate-82-g;0;in_stock;42.99;
2026-10-04 11:52;8187;tic-tac-two-framboise-citron-16-x-385-g;0;in_stock;55.49;
2026-10-04 11:52;8188;tic-tac-gout-ananas-et-fruit-de-la-passion-16-x-49-g;0;in_stock;41.49;
2026-10-04 11:52;8189;tic-tac-orange-16-x-49-g;17;in_stock;41.49;
2026-10-04 11:52;8190;tic-tac-festival-16-x-49-g;0;in_stock;41.49;
2026-10-04 11:52;8191;tic-tac-menthe-16-x-49-g;0;in_stock;41.49;
2026-10-04 11:52;8192;tic-tac-menthe-intense-16-x-49-g;0;in_stock;55.49;
2026-10-04 11:52;8193;bebeto-bonbons-banane-halal-2-kg;28;in_stock;5.99;
2026-10-04 11:52;8202;felko-mega-gummies-pilon-de-poulet-cola-fraise-10-x-120-g;0;out_of_stock;26.99;
2026-10-04 11:52;8205;felko-mega-gummies-hot-dog-13-x-120-g;0;in_stock;35.49;
2026-10-04 11:52;8206;felko-mega-gummies-american-donut-13-x-120-g;0;in_stock;35.49;
2026-10-04 11:52;8207;felko-mega-gummies-french-croissant-11-x-120-g;0;in_stock;29.99;
2026-10-04 11:52;8208;felko-mega-gummies-american-milkshake-9-x-120-g;0;in_stock;24.49;
2026-10-04 11:52;8209;felko-mega-gummies-poisson-fraise-14-x-120-g;0;in_stock;37.99;
2026-10-04 11:52;8210;felko-mega-gummies-bubble-tea-12-x-120-g;0;in_stock;32.49;
2026-10-04 11:52;8211;felko-mega-gummies-ice-cream-17-x-120-g;0;in_stock;45.99;
2026-10-04 11:52;8213;felko-mega-gummies-noodles-10-x-120-g;0;in_stock;26.99;
2026-10-04 11:52;8214;felko-mega-gummies-english-breakfast-candy-13-x-120-g;0;in_stock;35.49;
2026-10-04 11:52;8215;felko-mega-gummies-macaron-13-x-120-g;0;in_stock;35.49;
2026-10-04 11:52;8216;felko-holland-mega-gummies-american-fries-11-x-120-g;0;in_stock;29.99;
2026-10-04 11:52;8219;felko-mega-gummies-japanese-sushi-13-x-120-g;0;in_stock;35.49;
2026-10-04 11:52;8221;dr.-sour-shock-balls-24-x-72-g;1;in_stock;54.49;
2026-10-04 11:52;8222;felko-dinosaur-lollipop-24-x-50-g;1;in_stock;41.99;
2026-10-04 11:52;8224;felko-sucette-emoji-24-x-40-g;0;in_stock;30.49;
2026-10-04 11:52;8225;felko-sucette-pasteque-24-x-50-g;0;in_stock;35.49;
2026-10-04 11:52;8226;felko-multicolored-poo-lollipop-16-x-65-g;0;in_stock;27.99;
2026-10-04 11:52;8233;trolli-big-burger-180-x-50-g;4;in_stock;232.99;
2026-10-04 11:52;8235;joris-carre-menthe-16-x-125-g;3;in_stock;21.49;
2026-10-04 11:52;8236;joris-souris-16-x-125-g;16;in_stock;21.49;
2026-10-04 11:52;8237;joris-souris-noire-16-x-125-g;1;in_stock;21.49;
2026-10-04 11:52;8238;joris-belga-16-x-130-g;1;in_stock;21.49;
2026-10-04 11:52;8242;debron-winegums-sans-sucres-1-kg;9;in_stock;14.99;
2026-10-04 11:52;8248;bubs-skalle-framboise-acide-90-g;21;in_stock;2.99;
2026-10-04 11:52;8249;bubs-ovals-acides-gout-fraise-vanille-90-g;15;in_stock;2.99;
2026-10-04 11:52;8250;bubs-skalle-acidule-saveurs-citronnees-fruitees-90-g;7;in_stock;2.99;
2026-10-04 11:52;8251;bubs-skalle-acidule-framboise-reglisse-salee-90-g;16;in_stock;2.99;
2026-10-04 11:52;8253;chupa-chups-the-best-of-sucettes-assorties-120-g;3;in_stock;1.99;
2026-10-04 11:52;8257;mega-gummies-colossal-cola-2-kg;0;in_stock;23.49;
2026-10-04 11:52;8262;capri-sun-monster-alarm-sour-soft-chews-147-g;0;out_of_stock;4.99;
2026-10-04 11:52;8263;capri-sun-soft-chews-fruit-mix-147-g;0;out_of_stock;4.99;
2026-10-04 11:52;8264;nippers-bonbon-croquant-acidule-pasteque-fraise-50-g;167;in_stock;1.49;
2026-10-04 11:52;8265;nerds-juicy-gummy-clusters-punch-a-la-fraise-75-g;0;out_of_stock;3.99;
2026-10-04 11:52;8267;cote-dor-mignonnette-mix-3-kg;-1;out_of_stock;37.09;
2026-10-04 11:52;8268;cote-dor-mignonnette-lait-3-kg;-8;out_of_stock;34.99;
2026-10-04 11:52;8269;vidal-tranches-de-pasteque-sucrees-1-kg;33;in_stock;8.99;
2026-10-04 11:52;8270;capri-sun-mystic-dragon-200-ml;6;in_stock;1.00;
2026-10-04 11:52;8271;capri-sun-orange-200-ml;3;in_stock;1.00;
2026-10-04 11:52;8272;milka-choco-moo-biscuits-au-chocolat-24-x-40-g;0;in_stock;26.49;
2026-10-04 11:52;8275;brets-la-chips-de-crepes-nature-50-g;0;out_of_stock;2.99;
2026-10-04 11:52;8284;lays-creamy-forest-mushroom-130-g;0;out_of_stock;2.99;
2026-10-04 11:52;8288;estathe-limone-330-ml;18;in_stock;2.00;
2026-10-04 11:52;8290;royal-mochi-peanut-butter-120-g;-1;out_of_stock;4.99;
2026-10-04 11:52;8291;copy-royal-mochi-caramel-beurre-sale-180-g;3;in_stock;5.99;
2026-10-04 11:52;8321;hitschies-langues-de-dragon-acidulees-crispies-270-g;0;out_of_stock;3.99;
2026-10-04 11:52;8326;fanta-mango-330-ml;20;in_stock;2.00;
2026-10-04 11:52;8327;matcha-coconut-90-g;16;in_stock;4.49;
2026-10-04 11:52;8328;matcha-latte-classic-90-g;14;in_stock;4.49;
2026-10-04 11:52;8330;kinder-milkredible-chocolate-234-g;0;out_of_stock;2.99;
2026-10-04 11:52;8331;kinder-milkredible-white-234-g;0;out_of_stock;2.99;
2026-10-04 11:52;8335;lays-ondulees-saveur-steak-grille-a-la-flamme-120-g;9;in_stock;2.99;
2026-10-04 11:52;8336;lays-saveur-poulet-au-thym-inspiration-france-120-g;6;in_stock;2.99;
2026-10-04 11:52;8337;lays-saveur-poulet-frit-inspiree-par-kfc-120-g;35;in_stock;2.99;
2026-10-04 11:52;8338;lays-saveur-pizza-pepperoni-inspiree-par-pizza-hut-120-g;2;in_stock;2.99;
2026-10-04 11:52;8346;frisia-yeux-bleus-15-kg;-1;in_stock;9.99;
2026-10-04 11:52;8347;haribo-big-bag-passion-fruit-party-1-kg;26;in_stock;9.99;
2026-10-04 11:52;8348;frisia-sour-cola-briquettes-2-kg;5;in_stock;14.99;
2026-10-04 11:52;8349;frisia-strawberry-briquettes-2-kg;6;in_stock;14.99;
2026-10-04 11:52;8404;the-organics-by-red-bull-tonic-water-250-ml;0;out_of_stock;3.50;
2026-10-04 11:52;8405;copy-the-organics-by-red-bull-tonic-water-250-ml;-2;out_of_stock;3.50;
2026-10-04 11:52;8409;kitkat-the-hero-tutti-frutti-415-g;-1;out_of_stock;2.49;
2026-10-04 11:52;8411;nerds-gummy-clusters-cerise-framboise-touchdown-113-g;10;in_stock;3.49;
2026-10-04 11:52;8412;mississippi-belle-original-all-american-pancake-mix-454-g;-1;out_of_stock;5.99;
2026-10-04 11:52;8417;football-candy-clap-12-x-15-g;3;in_stock;9.99;
2026-10-04 11:52;8418;football-candy-clap-15-g;7;in_stock;1.49;
2026-10-04 11:52;8419;yoyo-candy-12-x-26-g;4;in_stock;17.99;
2026-10-04 11:52;8420;yoyo-candy-26-g;11;in_stock;1.49;
2026-10-04 11:52;8421;football-spray-12-x-30-ml;1;in_stock;18.49;
2026-10-04 11:52;8423;copy-frisia-strawberry-briquettes-2-kg;9;in_stock;14.99;
2026-10-04 11:52;8426;brets-ail-confit-et-herbes-de-provence-125g;36;in_stock;2.69;
2026-10-04 11:52;8427;brets-oignons-caramelises-et-vinaigre-balsamique-125-g;13;in_stock;2.69;
2026-10-04 11:52;8430;fanta-mango-500-ml;25;in_stock;3.00;
2026-10-04 11:52;8431;fanta-fruit-twist-500-ml;6;in_stock;3.00;
2026-10-04 11:52;8432;san-pellegrino-ciao-pesca-33-cl;23;in_stock;2.00;
2026-10-04 11:52;8434;snickers-mousse-de-maracuja-42-g;16;in_stock;2.49;
2026-10-04 11:52;8435;croky-explosions-sel-poivre-40-g;26;in_stock;0.99;
2026-10-04 11:52;8436;doritos-bits-gout-pizza-pepperoni-35-g;88;in_stock;0.99;
2026-10-04 11:52;8437;sweet-party-barbe-a-papa-bubble-gum-40-g;-13;in_stock;1.99;
2026-10-04 11:52;8438;dr-pepper-zero-sugar-33-cl;80;in_stock;1.50;
2026-10-04 11:52;8439;crispy-noodle-snacks-curry-ramen-flavour-60-g;10;in_stock;2.49;
2026-10-04 11:52;8447;krusty-krunch-popcorn-crushed-coconut-140-g;6;in_stock;4.99;
2026-10-04 11:52;8449;krusty-krunch-popcorn-krispy-peanut-140-g;17;in_stock;4.99;
2026-10-04 11:52;8450;krusty-krunch-popcorn-classic-caramel-120-g;5;in_stock;4.99;
2026-10-04 11:52;8451;krusty-krunch-popcorn-smashed-strawberry-140-g;21;in_stock;4.99;
2026-10-04 11:52;8459;tokimeki-peelable-fluffy-bread-banane-65-g;-2;in_stock;3.49;
2026-10-04 11:52;8460;tokimeki-peelable-fluffy-bread-mango-flavour-50-g;5;in_stock;3.49;
2026-10-04 11:52;8467;lays-chips-gout-kumquat-56-g;7;in_stock;3.49;
2026-10-04 11:52;8469;rituel-saveur-peche-33-cl;13;in_stock;5.99;
2026-10-04 11:52;8470;rituel-framboise-33-cl;17;in_stock;5.99;
2026-10-04 11:52;8471;rituel-blanche-originale-33-cl;26;in_stock;5.99;
2026-10-04 11:52;8472;rituel-gingembre-33-cl;28;in_stock;5.99;
2026-10-04 11:52;8475;mountain-dew-pitch-black-330-ml;22;in_stock;2.50;
2026-10-04 11:52;8476;omg-bubble-tea-bubble-gum-sour-blast-lychee-bubbles-265-ml;6;in_stock;3.99;
2026-10-04 11:52;8477;omg-bubble-tea-passion-fruit-popping-apple-flavour-bubbles-270-ml;19;in_stock;3.99;
2026-10-04 11:52;8478;skittles-flavour-flip-136-g;6;in_stock;3.49;
2026-10-04 11:52;8480;copy-oreo-cup-30-g;17;in_stock;2.49;
2026-10-04 11:52;8491;lutti-party-toppers-1-kg;3;in_stock;7.99;
2026-10-04 11:52;8493;frisia-sour-cola-skulls-2-kg;11;in_stock;14.99;
2026-10-04 11:52;8495;frisia-sour-bubblegum-skulls-2-kg;9;in_stock;14.99;
2026-10-04 11:52;8497;frisia-sour-tunes-2-kg;17;in_stock;14.99;
2026-10-04 11:52;8502;frisia-sour-mini-ufo-1.25-kg;16;in_stock;9.99;
2026-10-04 11:52;8504;frisia-outils-en-reglisse-3-kg;-2;in_stock;19.99;
2026-10-04 11:52;8506;yippy-fraise-330-ml;-43;in_stock;2.00;
2026-10-04 11:52;8509;monin-saveur-chocolat-ruby-70-cl;34;in_stock;13.99;
2026-10-04 11:52;8518;copy-joris-meli-melo-blanc-ananas-25-kg;6;in_stock;18.49;
2026-10-04 11:52;8519;roothooft-candy-coffee-1-kg;3;in_stock;15.99;
2026-10-04 11:52;8521;vidal-bombes-acidulees-framboise-bleue-1-kg;-6;in_stock;7.99;
2026-10-04 11:52;8523;reeses-miniature-cups-131-g;1;in_stock;5.49;
2026-10-04 11:52;8524;dulceplus-outils-bleus-super-acides-1-kg;-2;out_of_stock;6.99;
2026-10-04 11:52;8525;croky-bolognese-40-g;-81;in_stock;0.99;
2026-10-04 11:52;8526;croky-pickles-40-g;-9;in_stock;0.99;
2026-10-04 11:52;8527;croky-ketchup-40-g;-22;in_stock;0.99;
2026-10-04 11:52;8528;croky-bicky-40-g;-23;in_stock;0.99;
2026-10-04 11:52;8530;croky-paprika-40-g;-21;in_stock;0.99;
2026-10-04 11:52;8533;7-stick-jellies-ananas-sucres-1-kg;3;in_stock;6.99;
2026-10-04 11:52;8534;7-stick-jellies-dents-1-kg;5;in_stock;6.99;
2026-10-04 11:52;8535;7-stick-jellies-dents-de-dracula-1-kg;7;in_stock;6.99;
2026-10-04 11:52;8538;frisk-fresh-effect-strong-menthol-35-g;17;in_stock;2.49;
2026-10-04 11:52;8539;coca-cola-original-taste-500-ml;42;in_stock;2.50;
2026-10-04 11:52;8540;coca-cola-zero-sugar-500-ml;3;in_stock;2.50;
2026-10-04 11:52;8543;schweppes-orange-passion-330-ml;34;in_stock;1.50;
2026-10-04 11:52;8547;vidal-tranches-de-reglisse-au-fruit-de-la-passion-1-kg;12;in_stock;6.99;
2026-10-04 11:52;8555;sprite-zero-sugar-mint-330-ml;16;in_stock;2.00;
2026-10-04 11:52;8556;lays-saveur-barbecue-ribs-inspiration-etats-unis-120-g;7;in_stock;2.99;
2026-10-04 11:52;8558;robot-pop-12-x-10-g;1;in_stock;10.99;
2026-10-04 11:52;8559;mentos-pure-fresh-mini-strawberry-24-g;1;in_stock;1.49;
2026-10-04 11:52;8563;durkee-fluff-marshmallow-213g;20;in_stock;4.49;
2026-10-04 11:52;8564;skittles-baies-sauvages-136-g;-4;out_of_stock;3.49;
2026-10-04 11:52;8565;skittles-tropical-136-g;11;in_stock;3.49;
2026-10-04 11:52;8566;cornets-gaufres-fourres-au-chocolat-noir-120-g;5;in_stock;3.99;
2026-10-04 11:52;8568;haribo-starmix-175-g;0;in_stock;2.99;
2026-10-04 11:52;8570;vidal-bonbons-gelifies-piments-1-kg;17;in_stock;7.49;
2026-10-04 11:52;8571;american-style-barbecue-marshmallows-300-g;2;in_stock;4.49;
2026-10-04 11:52;8574;moloko-mango-kalamansi-250-g;93;in_stock;1.50;
2026-10-04 11:52;8575;moloko-lemonade-250-ml;42;in_stock;1.50;
2026-10-04 11:52;8576;nippers-sour-candy-crunch-blue-razz-purple-razz-50-g;181;in_stock;1.49;
2026-10-04 11:52;8585;milka-xl-choco-cookies-184-g;0;out_of_stock;2.49;
2026-10-04 11:52;8586;trefin-cristal-3-kg;1;in_stock;35.99;
2026-10-04 11:52;8587;milka-choco-mini-stars-150-g;10;in_stock;1.49;
2026-10-04 11:52;8595;florbu-cookies-citron-130-g;16;in_stock;1.99;
2026-10-04 11:52;8596;florbu-mix-assortis-270-g;12;in_stock;4.49;
2026-10-04 11:52;8597;florbu-wafer-mix-270-g;14;in_stock;4.49;
2026-10-04 11:52;8605;gullon-gaufrettes-saveur-vanille-sans-sucres-ajoutes-180-g;25;in_stock;1.49;
2026-10-04 11:52;8608;gullon-zero-sandwich-fourre-saveur-yaourt-aux-cereales-completes-220-g;4;in_stock;2.49;
2026-10-04 11:52;8610;gullon-zero-biscuits-ronditas-enrobes-de-chocolat-noir-186-g;48;in_stock;2.49;
2026-10-04 11:52;8614;zero-no-sugar-added-twins-cocoa-sandwich-with-filling-210-g;19;in_stock;2.49;
2026-10-04 11:52;8615;choco-bom-cacao-chips-sans-gluten-120-g;8;in_stock;2.49;
2026-10-04 11:52;8617;mms-crispy-340-g;1;in_stock;8.99;
2026-10-04 11:52;8620;cookies-au-cacao-avec-pepites-de-chocolat-sans-gluten-200-g;5;in_stock;2.99;
2026-10-04 11:52;8621;copy-cookies-au-cacao-avec-pepites-de-chocolat-sans-gluten-200-g;4;in_stock;2.49;
2026-10-04 11:52;8628;bifi-hot-20-g;202;in_stock;0.99;
2026-10-04 11:52;8629;mms-minis-chocolat-176-g;56;in_stock;6.49;
2026-10-04 11:52;8631;dulceplus-outils-rouge-super-acide-1-kg;2;in_stock;6.99;
2026-10-04 11:52;8633;arizona-rizzler-berry-650-ml;17;in_stock;3.50;
2026-10-04 11:52;8634;arizona-cherry-lime-rickey-650-ml;20;in_stock;3.50;
2026-10-04 11:52;8635;arizona-apple-lime-rickey-650-ml;23;in_stock;3.50;
2026-10-04 11:52;8636;bubs-ovales-sucres-gout-banane-caramel-90-g;36;in_stock;2.99;
2026-10-04 11:52;8638;toppie-bonbon-en-cire-ours-fraise-40-g;10;in_stock;3.99;
2026-10-04 11:52;8641;long-chips-snack-de-pommes-de-terre-saveur-piment-ardent-75-g;67;in_stock;1.99;
2026-10-04 11:52;8642;long-chips-snack-de-pommes-de-terre-saveur-bacon-75-g;27;in_stock;1.99;
2026-10-04 11:52;8643;long-chips-snack-de-pommes-de-terre-saveur-creme-fraiche-oignon-75-g;57;in_stock;1.99;
2026-10-04 11:52;8644;long-chips-snack-de-pommes-de-terre-saveur-paprika-grille-75-g;79;in_stock;1.99;
2026-10-04 11:52;8645;long-chips-snack-de-pommes-de-terre-saveur-cornichon-aigre-doux-75-g;33;in_stock;1.99;
2026-10-04 11:52;8646;long-chips-snack-de-pommes-de-terre-saveur-crabe-75-g;49;in_stock;1.99;
2026-10-04 11:52;8647;long-chips-snack-de-pommes-de-terre-saveur-pizza-salami-75-g;49;in_stock;1.99;
2026-10-04 11:52;8648;long-chips-snack-de-pommes-de-terre-saveur-shish-kebab-75-g;68;in_stock;1.99;
2026-10-04 11:52;8649;long-chips-snack-de-pommes-de-terre-honey-bbq-75-g;62;in_stock;1.99;
2026-10-04 11:52;8650;long-chips-snack-de-pommes-de-terre-creamy-mushroom-75-g;39;in_stock;1.99;
2026-10-04 11:52;8651;vidal-bombes-pasteques-acidulees-1-kg;8;in_stock;7.99;
2026-10-04 11:52;8652;croky-ketchup-200-g;-13;in_stock;2.49;
2026-10-04 11:52;8655;sprite-china-the-citron-330-ml;25;in_stock;2.00;
2026-10-04 11:52;8656;omg-bubble-tea-raspberry-blueberry-flavor-bubbles-270-ml;14;in_stock;3.99;
2026-10-04 11:52;8657;royal-mochi-creme-vanille-120-g;19;in_stock;4.99;
2026-10-04 11:52;8658;royal-mochi-creamy-coconut-120-g;12;in_stock;4.99;
2026-10-04 11:52;8660;pringles-saveur-de-sauce-chili-douce-156-g;19;in_stock;5.49;
2026-10-04 11:52;8662;stitch-biscuits-fourres-saveur-fraise-50-g;39;in_stock;2.99;
2026-10-04 11:52;8663;stitch-biscuits-fourres-saveur-chocolat-50-g;36;in_stock;2.99;
2026-10-04 11:52;8665;trolli-wow-lactes-aux-fruits-1-kg;13;in_stock;8.99;
2026-10-04 11:52;8666;copy-trolli-wow-lactes-aux-fruits-1-kg;8;in_stock;8.99;
2026-10-04 11:52;8667;bifi-roll-xxl-poulet-70-g;91;in_stock;1.99;
2026-10-04 11:52;8669;coca-cola-vanille-500-ml;34;in_stock;2.50;
2026-10-04 11:52;8670;coca-cola-zero-sugar-lemon-taste-500-ml;15;in_stock;2.50;
2026-10-04 11:52;8671;coca-cola-cherry-taste-500-ml;-13;in_stock;2.50;
2026-10-04 11:52;8672;coca-cola-zero-zero-500-ml;-30;in_stock;2.50;
2026-10-04 11:52;8679;vitago-magic-fraise-200-ml;46;in_stock;1.00;
2026-10-04 11:52;8680;cornets-de-gaufrette-fourres-au-chocolat-blanc-a-la-fraise-120-g;12;in_stock;3.99;
2026-10-04 11:52;8683;cornets-de-gaufrette-fourres-a-la-creme-de-noisette-et-au-chocolat-au-lait-120-g;1;in_stock;3.99;
2026-10-04 11:52;8684;cornets-de-gaufrette-fourres-au-beurre-de-cacahuete-et-au-chocolat-au-lait-120-g;1;in_stock;3.99;
2026-10-04 11:52;8685;cornets-de-gaufrette-fourres-au-caramel-et-au-chocolat-au-lait-120-g;25;in_stock;3.99;
2026-10-04 11:52;8690;copy-sprite-lemon-lime-500-ml;22;in_stock;2.50;
2026-10-04 11:52;8691;copy-haribo-chamallows-rainbollows-175-g;6;in_stock;2.99;
2026-10-04 11:52;8692;haribo-marshmallow-rubino-175g;16;in_stock;2.99;
2026-10-04 11:52;8693;bifi-ranger-60-g;13;in_stock;1.99;
2026-10-04 11:52;8694;bifi-currywurst-60-g;28;in_stock;1.99;
2026-10-04 11:52;8695;bifi-chorizo-xl-26-g;55;in_stock;1.49;
2026-10-04 11:52;8696;bifi-original-xxl-40-g;111;in_stock;1.49;
2026-10-04 11:52;8697;twix-noisette-xtra-75-g;226;in_stock;1.49;
2026-10-04 11:52;8698;bifi-tasty-bites-thai-hot-chili-salami-50-g;13;in_stock;3.99;
2026-10-04 11:52;8699;copy-bifi-tasty-bites-thai-hot-chili-salami-50-g;32;in_stock;3.99;
2026-10-04 11:52;8700;bifi-tasty-bites-italian-parmesan-thyme-chicken-50-g;-7;in_stock;3.99;
2026-10-04 11:52;8708;bounty-secret-centre-biscuit-132-g;27;in_stock;4.49;
2026-10-04 11:52;8714;lays-algues-grillees-de-kyushu-59-g;1;in_stock;3.49;
2026-10-04 11:52;8726;frisia-vegan-foam-smiles-pomme-1.25-k;8;in_stock;9.99;
2026-10-04 11:52;8727;frisia-vegan-foam-smiles-framboise-vanille-125-kg;-1;in_stock;9.99;
2026-10-04 11:52;8728;nutella-biscuits-tube-166-g;13;in_stock;5.99;
2026-10-04 11:52;8729;carlier-nougat-amandes-50-g;32;in_stock;1.99;
2026-10-04 11:52;8730;frisk-peppermint-sugar-free-21-g;51;in_stock;2.49;
2026-10-04 11:52;8731;frisk-cleanbreath-peppermint-2-heures-35-g;16;in_stock;2.49;
2026-10-04 11:52;8732;copy-frisk-cleanbreath-peppermint-2-heures-35-g;11;in_stock;2.49;
2026-10-04 11:52;8734;buldak-ramen-3x-hot-chicken-140-g;5;in_stock;2.50;
2026-10-04 11:52;8735;buldak-ramen-quattro-cheese-hot-chicken-flavor-110-g;-16;out_of_stock;4.99;
2026-10-04 11:52;8736;temole-avocat-chips-sel-de-mer-40-g;9;in_stock;2.99;
2026-10-04 11:52;8738;matecito-framboise-menthe-330-ml;-2;in_stock;3.50;
2026-10-04 11:52;8741;stimorol-foil-original-14-g;29;in_stock;1.00;
2026-10-04 11:52;8742;stimorol-bubble-mint-14-g;27;in_stock;1.00;
2026-10-04 11:52;8743;warheads-sour-wheel-51-g;22;in_stock;1.49;
2026-10-04 11:52;8744;pate-a-tartiner-bounty-200-g;9;in_stock;3.99;
2026-10-04 11:52;8746;trefin-hopjes-3-kg;4;in_stock;34.99;
2026-10-04 11:52;8747;trefin-orfina-3-kg;3;in_stock;41.99;
2026-10-04 11:52;8748;trefin-cafina-3-kg;4;in_stock;34.99;
2026-10-04 11:52;8749;cornets-de-gaufrette-fourres-au-chocolat-au-lait-120-g;0;out_of_stock;3.99;
2026-10-04 11:52;8751;cornets-de-gaufrette-fourre-au-chocolat-blanc-120-g;-5;out_of_stock;3.99;
2026-10-04 11:52;8752;cornets-de-gaufrette-fourre-au-marshmallow-et-au-chocolat-lait-120-g;0;out_of_stock;3.99;
2026-10-04 11:52;8753;pocky-milk-flavour-40-g;23;in_stock;2.99;
2026-10-04 11:52;8754;pocky-milk-chocolat-au-lait-39-g;8;in_stock;2.99;
2026-10-04 11:52;8755;caraibos-ananas-33-cl;16;in_stock;2.50;
2026-10-04 11:52;8756;caraibos-mangue-33-cl;16;in_stock;2.50;
2026-10-04 11:52;8757;caraibos-tropical-33-cl;18;in_stock;2.50;
2026-10-04 11:52;8758;caraibos-goyave-33-cl;20;in_stock;2.50;
2026-10-04 11:52;8759;caraibos-coco-33-cl;8;in_stock;2.50;
2026-10-04 11:52;8762;jelly-pop-mr.-twister-challenge-60-g;-5;out_of_stock;4.99;
2026-10-04 11:52;8767;yopokki-carbonara-topokki-120-g;10;in_stock;2.99;
2026-10-04 11:52;8768;kitkat-ball-140-g;-3;in_stock;3.99;
2026-10-04 11:52;8771;frisia-ufo-300-g;-40;in_stock;4.99;
2026-10-04 11:52;8772;pringles-italian-style-pesto-165-g;19;in_stock;4.49;
2026-10-04 11:52;8773;pringles-mexican-style-spicy-salsa-165-g;29;in_stock;4.49;
2026-10-04 11:52;8774;pringles-canadian-style-sweet-smoky-bbq-165-g;24;in_stock;4.49;
2026-10-04 11:52;8781;pictolin-fresh-vitamine-c-sans-sucre-65-g;23;in_stock;1.49;
2026-10-04 11:52;8782;pictolin-cerise-creme-sans-sucre-65-g;19;in_stock;1.49;
2026-10-04 11:52;8785;copy-copy-lutti-dents-dracula-citrique---3-kg;2;in_stock;25.99;
2026-10-04 11:52;8788;bergen-cookies-japanese-cheesecake-128-g;38;in_stock;1.99;
2026-10-04 11:52;8791;trefin-vienna-3-kg;1;in_stock;32.99;
2026-10-04 11:52;8792;lutti-scoubidou-100-g;6;in_stock;1.99;
2026-10-04 11:52;8795;bounty-trio-85-g;63;in_stock;2.00;
2026-10-04 11:52;8797;fini-mini-mochis-90-g;-1;in_stock;1.49;
2026-10-04 11:52;8798;doritos-dinamita-flamin-hot-85-g;10;in_stock;1.99;
2026-10-04 11:52;8799;nescafe-americano-250-ml;68;in_stock;2.00;
2026-10-04 11:52;8816;trefin-ochok-3kg;3;in_stock;41.49;
2026-10-04 11:52;8820;nutella-peanut-375-g;168;in_stock;9.99;
2026-10-04 11:52;8832;vitago-airborne-bananepomme-200-ml;14;in_stock;1.00;
2026-10-04 11:52;8833;delief-rabokki-sweet-and-spicy-165-g;21;in_stock;3.99;
2026-10-04 11:52;8834;skittles-fruits-136-g;10;in_stock;3.49;
2026-10-04 11:52;8835;lays-buggles-cheese-snackbox-135-g;21;in_stock;4.99;
2026-10-04 11:52;8837;doritos-nacho-cheese-snackbox-140-g;24;in_stock;4.99;
2026-10-04 11:52;8839;capri-sun-multi-vitamines-330-ml;44;in_stock;2.50;
2026-10-04 11:52;8840;smarties-38-g;42;in_stock;1.49;
2026-10-04 11:52;8881;copy-kitkat-chunky-24-x-40-g;44;in_stock;1.49;
2026-10-04 11:52;8882;trolli-octopus-spicy-1-kg;19;in_stock;8.99;
2026-10-04 11:52;8883;copy-lutti-balls-fizz-2-kg;10;in_stock;17.99;
2026-10-04 11:52;8885;copy-copy-horror-finger-dip-18-x-40-g;23;in_stock;1.49;
2026-10-04 11:52;8886;copy-xl-gumball-machine-bubble-gum-12-x-120-g;4;in_stock;12.99;
2026-10-04 11:52;8891;long-chips-snack-de-pommes-de-terre-truffle-75-g;7;in_stock;1.99;
2026-10-04 11:52;8892;long-chips-snack-de-pommes-de-terre-chili-lime-and-seasalt-75-g;14;in_stock;1.99;
2026-10-04 11:52;8895;twix-crispy-rolls-5-x-225-g;-12;out_of_stock;3.99;
2026-10-04 11:52;8896;milkyway-crispy-rolls-5-x-225-g;-2;out_of_stock;3.99;
2026-10-04 11:52;8897;buldak-hot-sauce-extremely-spicy-165-ml;10;in_stock;5.99;
2026-10-04 11:52;8898;buldak-hot-sauce-carbonara-165-ml;8;in_stock;5.99;
2026-10-04 11:52;8904;dr-pepper-vanilla-float-en-verre-275-ml;5;in_stock;2.50;
2026-10-04 11:52;8905;lays-hot-chili-squid-90-g;14;in_stock;4.99;
2026-10-04 11:52;8907;croky-bolognese-rings-75-g;48;in_stock;1.99;
2026-10-04 11:52;8908;croky-barbecue-rings-75-g;32;in_stock;1.99;
2026-10-04 11:52;8910;choco-prince-gout-vanille-57-g;17;in_stock;1.49;
2026-10-04 11:52;8912;kinder-schokobons-300-g;131;in_stock;4.99;
2026-10-04 11:52;8914;copy-kinder-joy-one-piece-20-g;237;in_stock;3.49;
2026-10-04 11:52;8917;milka-leo-12-x-333-g;216;in_stock;4.99;
2026-10-04 11:52;8919;dr.-sweet-fingerfood-8-x-90-g;15;in_stock;16.99;
2026-10-04 11:52;8920;dr.-sweet-fingerfood-90-g;-5;out_of_stock;2.49;
2026-10-04 11:52;8921;copy-kinder-chocolat-20-x-50-g;90;in_stock;3.99;
2026-10-04 11:52;8922;copy-kinder-bueno-white---39-g-x-30-pices;148;in_stock;2.79;
2026-10-04 11:52;8924;kinder-maxi-10-x-21-g;321;in_stock;3.69;
2026-10-04 11:52;8925;milka-leo-chocolat-blanc-12-x-333-g;268;in_stock;5.99;
2026-10-04 11:52;8926;copy-milka-leo-go-48-g;275;in_stock;5.99;
2026-10-04 11:52;8927;kinder-surprise-fille-3-x-20-g;420;in_stock;2.99;
2026-10-04 11:52;8929;kinder-bueno-4-x-43-g;159;in_stock;2.79;
2026-10-04 11:52;8932;samyang-buldak-swisy-sweet-spicy-130-g;33;in_stock;3.49;
2026-10-04 11:52;8936;milka-mmmax-cachuete-caramel-46-g;32;in_stock;1.49;
2026-10-04 11:52;8951;snickers-duo-80-g;-1;in_stock;1.49;
2026-10-04 11:52;8952;twix-xtra-75-g;-1;in_stock;1.49;
2026-10-04 11:52;8956;copy-etna-assortis-guimauve-1.5-kg;99;in_stock;5.99;
2026-10-04 11:52;8958;copy-mars-pate-a-tartiner-200-g;-2;out_of_stock;5.49;
2026-10-04 11:52;8962;valise-halloween-aleatoire-mix-bonbons-250-g;33;in_stock;6.49;
2026-10-04 11:52;8963;copy-cornets-de-gaufrette-fourres-au-chocolat-au-lait-120-g;12;in_stock;3.99;
2026-10-04 11:52;8964;chocolas-chips-crispy-caramel-125-g;9;in_stock;3.99;
2026-10-04 11:52;8965;copy-chocolas-chips-crispy-caramel-125-g;11;in_stock;3.99;
2026-10-04 11:52;8966;copy-copy-chocolas-chips-crispy-caramel-125-g;10;in_stock;3.99;
2026-10-04 11:52;8967;chocolas-chips-crispy-nut-125-g;10;in_stock;3.99;
2026-10-04 11:52;8968;chocolas-chips-crispy-cacao-125-g;11;in_stock;3.99;
2026-10-04 11:52;8971;joris-souris-sans-sucre-130-g;13;in_stock;2.49;
2026-10-04 11:52;8974;florbu-gaufres-citron-150-g;11;in_stock;1.99;
2026-10-04 11:52;8975;florbu-gaufres-coco-150-g;8;in_stock;1.99;
2026-10-04 11:52;8979;gullon-digestive-choco-270-g;15;in_stock;2.99;
2026-10-04 11:52;8980;gullon-digestive-breakfast-216-g;13;in_stock;1.99;
2026-10-04 11:52;8981;gullon-sandwich-yogurt-220-g;16;in_stock;2.49;
2026-10-04 11:52;8988;valor-70-cacao-orange-100-g;14;in_stock;3.99;
2026-10-04 11:52;8989;copy-valor-70-cacao-orange-100-g;12;in_stock;3.99;
2026-10-04 11:52;8999;les-bonbons-delisabeth-gomme-violette-180-g;5;in_stock;2.99;
2026-10-04 11:52;9000;copy-copy-kitkat-chunky-24-x-40-g;23;in_stock;1.49;
2026-10-04 11:52;9001;coca-cola-light-330-ml;24;in_stock;2.00;
